solid inlet
 facet normal  0.000000e+00 -1.000000e+00  0.000000e+00
   outer loop
     vertex  5.000000e-01 -6.000000e-01 -3.401472e-19
     vertex  4.984636e-01 -6.000000e-01  3.916697e-02
     vertex  4.505789e-01 -6.000000e-01  2.273955e-02
   endloop
 endfacet
 facet normal  0.000000e+00 -1.000000e+00  0.000000e+00
   outer loop
     vertex  4.887160e-01 -6.000000e-01  1.056251e-01
     vertex  4.689103e-01 -6.000000e-01  1.735601e-01
     vertex  4.276202e-01 -6.000000e-01  1.307396e-01
   endloop
 endfacet
 facet normal  0.000000e+00 -1.000000e+00  0.000000e+00
   outer loop
     vertex  4.689103e-01 -6.000000e-01  1.735601e-01
     vertex  4.322475e-01 -6.000000e-01  2.513207e-01
     vertex  4.026150e-01 -6.000000e-01  1.904865e-01
   endloop
 endfacet
 facet normal -0.000000e+00 -1.000000e+00  0.000000e+00
   outer loop
     vertex  4.322475e-01 -6.000000e-01  2.513207e-01
     vertex  3.924393e-01 -6.000000e-01  3.098248e-01
     vertex  3.694234e-01 -6.000000e-01  2.482802e-01
   endloop
 endfacet
 facet normal -0.000000e+00 -1.000000e+00  0.000000e+00
   outer loop
     vertex  3.924393e-01 -6.000000e-01  3.098248e-01
     vertex  3.447706e-01 -6.000000e-01  3.621232e-01
     vertex  3.298938e-01 -6.000000e-01  3.000629e-01
   endloop
 endfacet
 facet normal -0.000000e+00 -1.000000e+00  0.000000e+00
   outer loop
     vertex  3.447706e-01 -6.000000e-01  3.621232e-01
     vertex  2.891346e-01 -6.000000e-01  4.079230e-01
     vertex  2.831895e-01 -6.000000e-01  3.451347e-01
   endloop
 endfacet
 facet normal -0.000000e+00 -1.000000e+00  0.000000e+00
   outer loop
     vertex  2.891346e-01 -6.000000e-01  4.079230e-01
     vertex  2.286518e-01 -6.000000e-01  4.446553e-01
     vertex  2.307897e-01 -6.000000e-01  3.822672e-01
   endloop
 endfacet
 facet normal -0.000000e+00 -1.000000e+00  0.000000e+00
   outer loop
     vertex  2.286518e-01 -6.000000e-01  4.446553e-01
     vertex  1.635892e-01 -6.000000e-01  4.724813e-01
     vertex  1.749457e-01 -6.000000e-01  4.117752e-01
   endloop
 endfacet
 facet normal -0.000000e+00 -1.000000e+00  0.000000e+00
   outer loop
     vertex  1.635892e-01 -6.000000e-01  4.724813e-01
     vertex  9.524993e-02 -6.000000e-01  4.908436e-01
     vertex  1.156634e-01 -6.000000e-01  4.332839e-01
   endloop
 endfacet
 facet normal -0.000000e+00 -1.000000e+00  0.000000e+00
   outer loop
     vertex  9.524993e-02 -6.000000e-01  4.908436e-01
     vertex  2.500286e-02 -6.000000e-01  4.993745e-01
     vertex  5.381336e-02 -6.000000e-01  4.453297e-01
   endloop
 endfacet
 facet normal  0.000000e+00 -1.000000e+00  0.000000e+00
   outer loop
     vertex  2.500286e-02 -6.000000e-01  4.993745e-01
     vertex -4.574501e-02 -6.000000e-01  4.979030e-01
     vertex -9.175387e-03 -6.000000e-01  4.480915e-01
   endloop
 endfacet
 facet normal  0.000000e+00 -1.000000e+00  0.000000e+00
   outer loop
     vertex -4.574501e-02 -6.000000e-01  4.979030e-01
     vertex -1.155766e-01 -6.000000e-01  4.864587e-01
     vertex -7.255624e-02 -6.000000e-01  4.419650e-01
   endloop
 endfacet
 facet normal  0.000000e+00 -1.000000e+00  0.000000e+00
   outer loop
     vertex -1.155766e-01 -6.000000e-01  4.864587e-01
     vertex -1.830933e-01 -6.000000e-01  4.652707e-01
     vertex -1.347546e-01 -6.000000e-01  4.264932e-01
   endloop
 endfacet
 facet normal  0.000000e+00 -1.000000e+00  0.000000e+00
   outer loop
     vertex -1.830933e-01 -6.000000e-01  4.652707e-01
     vertex -2.481307e-01 -6.000000e-01  4.340866e-01
     vertex -1.947401e-01 -6.000000e-01  4.019452e-01
   endloop
 endfacet
 facet normal  0.000000e+00 -1.000000e+00  0.000000e+00
   outer loop
     vertex -2.481307e-01 -6.000000e-01  4.340866e-01
     vertex -3.129885e-01 -6.000000e-01  3.899208e-01
     vertex -2.521079e-01 -6.000000e-01  3.683239e-01
   endloop
 endfacet
 facet normal  0.000000e+00 -1.000000e+00 -0.000000e+00
   outer loop
     vertex -3.129885e-01 -6.000000e-01  3.899208e-01
     vertex -3.698622e-01 -6.000000e-01  3.364550e-01
     vertex -3.046874e-01 -6.000000e-01  3.259120e-01
   endloop
 endfacet
 facet normal  0.000000e+00 -1.000000e+00 -0.000000e+00
   outer loop
     vertex -3.698622e-01 -6.000000e-01  3.364550e-01
     vertex -4.136560e-01 -6.000000e-01  2.808714e-01
     vertex -3.497648e-01 -6.000000e-01  2.768413e-01
   endloop
 endfacet
 facet normal  0.000000e+00 -1.000000e+00 -0.000000e+00
   outer loop
     vertex -4.136560e-01 -6.000000e-01  2.808714e-01
     vertex -4.521260e-01 -6.000000e-01  2.134996e-01
     vertex -3.872714e-01 -6.000000e-01  2.222103e-01
   endloop
 endfacet
 facet normal  0.000000e+00 -1.000000e+00 -0.000000e+00
   outer loop
     vertex -4.521260e-01 -6.000000e-01  2.134996e-01
     vertex -4.777381e-01 -6.000000e-01  1.475341e-01
     vertex -4.159891e-01 -6.000000e-01  1.626276e-01
   endloop
 endfacet
 facet normal  0.000000e+00 -1.000000e+00 -0.000000e+00
   outer loop
     vertex -4.777381e-01 -6.000000e-01  1.475341e-01
     vertex -4.945736e-01 -6.000000e-01  7.346382e-02
     vertex -4.356294e-01 -6.000000e-01  9.988933e-02
   endloop
 endfacet
 facet normal  0.000000e+00 -1.000000e+00 -0.000000e+00
   outer loop
     vertex -4.945736e-01 -6.000000e-01  7.346382e-02
     vertex -4.999915e-01 -6.000000e-01  2.908360e-03
     vertex -4.454170e-01 -6.000000e-01  3.524362e-02
   endloop
 endfacet
 facet normal  0.000000e+00 -1.000000e+00  0.000000e+00
   outer loop
     vertex -4.999915e-01 -6.000000e-01  2.908360e-03
     vertex -4.953948e-01 -6.000000e-01 -6.770536e-02
     vertex -4.458452e-01 -6.000000e-01 -2.915023e-02
   endloop
 endfacet
 facet normal  0.000000e+00 -1.000000e+00  0.000000e+00
   outer loop
     vertex -4.953948e-01 -6.000000e-01 -6.770536e-02
     vertex -4.805170e-01 -6.000000e-01 -1.382152e-01
     vertex -4.371177e-01 -6.000000e-01 -9.308854e-02
   endloop
 endfacet
 facet normal  0.000000e+00 -1.000000e+00  0.000000e+00
   outer loop
     vertex -4.805170e-01 -6.000000e-01 -1.382152e-01
     vertex -4.561926e-01 -6.000000e-01 -2.046664e-01
     vertex -4.189844e-01 -6.000000e-01 -1.556327e-01
   endloop
 endfacet
 facet normal  0.000000e+00 -1.000000e+00  0.000000e+00
   outer loop
     vertex -4.561926e-01 -6.000000e-01 -2.046664e-01
     vertex -4.170744e-01 -6.000000e-01 -2.757697e-01
     vertex -3.911339e-01 -6.000000e-01 -2.165236e-01
   endloop
 endfacet
 facet normal  0.000000e+00 -1.000000e+00  0.000000e+00
   outer loop
     vertex -4.170744e-01 -6.000000e-01 -2.757697e-01
     vertex -3.739666e-01 -6.000000e-01 -3.318870e-01
     vertex -3.537550e-01 -6.000000e-01 -2.727165e-01
   endloop
 endfacet
 facet normal  0.000000e+00 -1.000000e+00  0.000000e+00
   outer loop
     vertex -3.739666e-01 -6.000000e-01 -3.318870e-01
     vertex -3.117511e-01 -6.000000e-01 -3.909108e-01
     vertex -3.080285e-01 -6.000000e-01 -3.236109e-01
   endloop
 endfacet
 facet normal  0.000000e+00 -1.000000e+00  0.000000e+00
   outer loop
     vertex -3.117511e-01 -6.000000e-01 -3.909108e-01
     vertex -2.534434e-01 -6.000000e-01 -4.310063e-01
     vertex -2.546970e-01 -6.000000e-01 -3.662095e-01
   endloop
 endfacet
 facet normal  0.000000e+00 -1.000000e+00  0.000000e+00
   outer loop
     vertex -2.534434e-01 -6.000000e-01 -4.310063e-01
     vertex -1.900594e-01 -6.000000e-01 -4.624688e-01
     vertex -1.977559e-01 -6.000000e-01 -3.990369e-01
   endloop
 endfacet
 facet normal  0.000000e+00 -1.000000e+00  0.000000e+00
   outer loop
     vertex -1.900594e-01 -6.000000e-01 -4.624688e-01
     vertex -1.228685e-01 -6.000000e-01 -4.846683e-01
     vertex -1.368469e-01 -6.000000e-01 -4.230470e-01
   endloop
 endfacet
 facet normal  0.000000e+00 -1.000000e+00  0.000000e+00
   outer loop
     vertex -1.228685e-01 -6.000000e-01 -4.846683e-01
     vertex -3.894970e-02 -6.000000e-01 -4.984806e-01
     vertex -7.134738e-02 -6.000000e-01 -4.388370e-01
   endloop
 endfacet
 facet normal  0.000000e+00 -1.000000e+00  0.000000e+00
   outer loop
     vertex -3.894970e-02 -6.000000e-01 -4.984806e-01
     vertex  3.181167e-02 -6.000000e-01 -4.989870e-01
     vertex -4.516325e-03 -6.000000e-01 -4.445550e-01
   endloop
 endfacet
 facet normal  0.000000e+00 -1.000000e+00  0.000000e+00
   outer loop
     vertex  3.181167e-02 -6.000000e-01 -4.989870e-01
     vertex  1.019359e-01 -6.000000e-01 -4.894988e-01
     vertex  6.022830e-02 -6.000000e-01 -4.410992e-01
   endloop
 endfacet
 facet normal  0.000000e+00 -1.000000e+00  0.000000e+00
   outer loop
     vertex  1.019359e-01 -6.000000e-01 -4.894988e-01
     vertex  1.700183e-01 -6.000000e-01 -4.702061e-01
     vertex  1.232201e-01 -6.000000e-01 -4.283242e-01
   endloop
 endfacet
 facet normal  0.000000e+00 -1.000000e+00  0.000000e+00
   outer loop
     vertex  1.700183e-01 -6.000000e-01 -4.702061e-01
     vertex  2.346953e-01 -6.000000e-01 -4.414953e-01
     vertex  1.833579e-01 -6.000000e-01 -4.068344e-01
   endloop
 endfacet
 facet normal  0.000000e+00 -1.000000e+00  0.000000e+00
   outer loop
     vertex  2.346953e-01 -6.000000e-01 -4.414953e-01
     vertex  2.979757e-01 -6.000000e-01 -4.015102e-01
     vertex  2.402049e-01 -6.000000e-01 -3.778397e-01
   endloop
 endfacet
 facet normal  0.000000e+00 -1.000000e+00  0.000000e+00
   outer loop
     vertex  2.979757e-01 -6.000000e-01 -4.015102e-01
     vertex  3.516734e-01 -6.000000e-01 -3.554235e-01
     vertex  2.922099e-01 -6.000000e-01 -3.407876e-01
   endloop
 endfacet
 facet normal  0.000000e+00 -1.000000e+00  0.000000e+00
   outer loop
     vertex  3.516734e-01 -6.000000e-01 -3.554235e-01
     vertex  3.983271e-01 -6.000000e-01 -3.022177e-01
     vertex  3.370703e-01 -6.000000e-01 -2.964759e-01
   endloop
 endfacet
 facet normal  0.000000e+00 -1.000000e+00  0.000000e+00
   outer loop
     vertex  3.983271e-01 -6.000000e-01 -3.022177e-01
     vertex  4.370025e-01 -6.000000e-01 -2.429585e-01
     vertex  3.745817e-01 -6.000000e-01 -2.464563e-01
   endloop
 endfacet
 facet normal  0.000000e+00 -1.000000e+00  0.000000e+00
   outer loop
     vertex  4.370025e-01 -6.000000e-01 -2.429585e-01
     vertex  4.669248e-01 -6.000000e-01 -1.788330e-01
     vertex  4.051815e-01 -6.000000e-01 -1.921651e-01
   endloop
 endfacet
 facet normal  0.000000e+00 -1.000000e+00  0.000000e+00
   outer loop
     vertex  4.669248e-01 -6.000000e-01 -1.788330e-01
     vertex  4.874947e-01 -6.000000e-01 -1.111255e-01
     vertex  4.279779e-01 -6.000000e-01 -1.352056e-01
   endloop
 endfacet
 facet normal  0.000000e+00 -1.000000e+00  0.000000e+00
   outer loop
     vertex  4.981152e-01 -6.000000e-01 -4.337323e-02
     vertex  5.000000e-01 -6.000000e-01 -3.401472e-19
     vertex  4.483238e-01 -6.000000e-01 -2.497907e-02
   endloop
 endfacet
 facet normal -0.000000e+00 -1.000000e+00  0.000000e+00
   outer loop
     vertex  5.000000e-01 -6.000000e-01 -3.401472e-19
     vertex  4.505789e-01 -6.000000e-01  2.273955e-02
     vertex  4.483238e-01 -6.000000e-01 -2.497907e-02
   endloop
 endfacet
 facet normal  0.000000e+00 -1.000000e+00  0.000000e+00
   outer loop
     vertex  4.984636e-01 -6.000000e-01  3.916697e-02
     vertex  4.887160e-01 -6.000000e-01  1.056251e-01
     vertex  4.453676e-01 -6.000000e-01  7.517096e-02
   endloop
 endfacet
 facet normal -0.000000e+00 -1.000000e+00  0.000000e+00
   outer loop
     vertex  4.689103e-01 -6.000000e-01  1.735601e-01
     vertex  4.026150e-01 -6.000000e-01  1.904865e-01
     vertex  4.276202e-01 -6.000000e-01  1.307396e-01
   endloop
 endfacet
 facet normal  0.000000e+00 -1.000000e+00  0.000000e+00
   outer loop
     vertex  4.322475e-01 -6.000000e-01  2.513207e-01
     vertex  3.694234e-01 -6.000000e-01  2.482802e-01
     vertex  4.026150e-01 -6.000000e-01  1.904865e-01
   endloop
 endfacet
 facet normal  0.000000e+00 -1.000000e+00  0.000000e+00
   outer loop
     vertex  3.924393e-01 -6.000000e-01  3.098248e-01
     vertex  3.298938e-01 -6.000000e-01  3.000629e-01
     vertex  3.694234e-01 -6.000000e-01  2.482802e-01
   endloop
 endfacet
 facet normal  0.000000e+00 -1.000000e+00  0.000000e+00
   outer loop
     vertex  3.447706e-01 -6.000000e-01  3.621232e-01
     vertex  2.831895e-01 -6.000000e-01  3.451347e-01
     vertex  3.298938e-01 -6.000000e-01  3.000629e-01
   endloop
 endfacet
 facet normal  0.000000e+00 -1.000000e+00  0.000000e+00
   outer loop
     vertex  2.891346e-01 -6.000000e-01  4.079230e-01
     vertex  2.307897e-01 -6.000000e-01  3.822672e-01
     vertex  2.831895e-01 -6.000000e-01  3.451347e-01
   endloop
 endfacet
 facet normal  0.000000e+00 -1.000000e+00 -0.000000e+00
   outer loop
     vertex  2.286518e-01 -6.000000e-01  4.446553e-01
     vertex  1.749457e-01 -6.000000e-01  4.117752e-01
     vertex  2.307897e-01 -6.000000e-01  3.822672e-01
   endloop
 endfacet
 facet normal  0.000000e+00 -1.000000e+00 -0.000000e+00
   outer loop
     vertex  1.635892e-01 -6.000000e-01  4.724813e-01
     vertex  1.156634e-01 -6.000000e-01  4.332839e-01
     vertex  1.749457e-01 -6.000000e-01  4.117752e-01
   endloop
 endfacet
 facet normal  0.000000e+00 -1.000000e+00 -0.000000e+00
   outer loop
     vertex  9.524993e-02 -6.000000e-01  4.908436e-01
     vertex  5.381336e-02 -6.000000e-01  4.453297e-01
     vertex  1.156634e-01 -6.000000e-01  4.332839e-01
   endloop
 endfacet
 facet normal  0.000000e+00 -1.000000e+00 -0.000000e+00
   outer loop
     vertex  2.500286e-02 -6.000000e-01  4.993745e-01
     vertex -9.175387e-03 -6.000000e-01  4.480915e-01
     vertex  5.381336e-02 -6.000000e-01  4.453297e-01
   endloop
 endfacet
 facet normal  0.000000e+00 -1.000000e+00 -0.000000e+00
   outer loop
     vertex -4.574501e-02 -6.000000e-01  4.979030e-01
     vertex -7.255624e-02 -6.000000e-01  4.419650e-01
     vertex -9.175387e-03 -6.000000e-01  4.480915e-01
   endloop
 endfacet
 facet normal  0.000000e+00 -1.000000e+00 -0.000000e+00
   outer loop
     vertex -1.155766e-01 -6.000000e-01  4.864587e-01
     vertex -1.347546e-01 -6.000000e-01  4.264932e-01
     vertex -7.255624e-02 -6.000000e-01  4.419650e-01
   endloop
 endfacet
 facet normal  0.000000e+00 -1.000000e+00 -0.000000e+00
   outer loop
     vertex -1.830933e-01 -6.000000e-01  4.652707e-01
     vertex -1.947401e-01 -6.000000e-01  4.019452e-01
     vertex -1.347546e-01 -6.000000e-01  4.264932e-01
   endloop
 endfacet
 facet normal  0.000000e+00 -1.000000e+00 -0.000000e+00
   outer loop
     vertex -2.481307e-01 -6.000000e-01  4.340866e-01
     vertex -2.521079e-01 -6.000000e-01  3.683239e-01
     vertex -1.947401e-01 -6.000000e-01  4.019452e-01
   endloop
 endfacet
 facet normal  0.000000e+00 -1.000000e+00  0.000000e+00
   outer loop
     vertex -3.129885e-01 -6.000000e-01  3.899208e-01
     vertex -3.046874e-01 -6.000000e-01  3.259120e-01
     vertex -2.521079e-01 -6.000000e-01  3.683239e-01
   endloop
 endfacet
 facet normal  0.000000e+00 -1.000000e+00  0.000000e+00
   outer loop
     vertex -3.698622e-01 -6.000000e-01  3.364550e-01
     vertex -3.497648e-01 -6.000000e-01  2.768413e-01
     vertex -3.046874e-01 -6.000000e-01  3.259120e-01
   endloop
 endfacet
 facet normal  0.000000e+00 -1.000000e+00  0.000000e+00
   outer loop
     vertex -4.136560e-01 -6.000000e-01  2.808714e-01
     vertex -3.872714e-01 -6.000000e-01  2.222103e-01
     vertex -3.497648e-01 -6.000000e-01  2.768413e-01
   endloop
 endfacet
 facet normal  0.000000e+00 -1.000000e+00  0.000000e+00
   outer loop
     vertex -4.521260e-01 -6.000000e-01  2.134996e-01
     vertex -4.159891e-01 -6.000000e-01  1.626276e-01
     vertex -3.872714e-01 -6.000000e-01  2.222103e-01
   endloop
 endfacet
 facet normal  0.000000e+00 -1.000000e+00  0.000000e+00
   outer loop
     vertex -4.777381e-01 -6.000000e-01  1.475341e-01
     vertex -4.356294e-01 -6.000000e-01  9.988933e-02
     vertex -4.159891e-01 -6.000000e-01  1.626276e-01
   endloop
 endfacet
 facet normal  0.000000e+00 -1.000000e+00  0.000000e+00
   outer loop
     vertex -4.945736e-01 -6.000000e-01  7.346382e-02
     vertex -4.454170e-01 -6.000000e-01  3.524362e-02
     vertex -4.356294e-01 -6.000000e-01  9.988933e-02
   endloop
 endfacet
 facet normal  0.000000e+00 -1.000000e+00  0.000000e+00
   outer loop
     vertex -4.999915e-01 -6.000000e-01  2.908360e-03
     vertex -4.458452e-01 -6.000000e-01 -2.915023e-02
     vertex -4.454170e-01 -6.000000e-01  3.524362e-02
   endloop
 endfacet
 facet normal  0.000000e+00 -1.000000e+00  0.000000e+00
   outer loop
     vertex -4.953948e-01 -6.000000e-01 -6.770536e-02
     vertex -4.371177e-01 -6.000000e-01 -9.308854e-02
     vertex -4.458452e-01 -6.000000e-01 -2.915023e-02
   endloop
 endfacet
 facet normal  0.000000e+00 -1.000000e+00  0.000000e+00
   outer loop
     vertex -4.805170e-01 -6.000000e-01 -1.382152e-01
     vertex -4.189844e-01 -6.000000e-01 -1.556327e-01
     vertex -4.371177e-01 -6.000000e-01 -9.308854e-02
   endloop
 endfacet
 facet normal  0.000000e+00 -1.000000e+00  0.000000e+00
   outer loop
     vertex -4.561926e-01 -6.000000e-01 -2.046664e-01
     vertex -3.911339e-01 -6.000000e-01 -2.165236e-01
     vertex -4.189844e-01 -6.000000e-01 -1.556327e-01
   endloop
 endfacet
 facet normal  0.000000e+00 -1.000000e+00  0.000000e+00
   outer loop
     vertex -4.170744e-01 -6.000000e-01 -2.757697e-01
     vertex -3.537550e-01 -6.000000e-01 -2.727165e-01
     vertex -3.911339e-01 -6.000000e-01 -2.165236e-01
   endloop
 endfacet
 facet normal  0.000000e+00 -1.000000e+00  0.000000e+00
   outer loop
     vertex -3.739666e-01 -6.000000e-01 -3.318870e-01
     vertex -3.080285e-01 -6.000000e-01 -3.236109e-01
     vertex -3.537550e-01 -6.000000e-01 -2.727165e-01
   endloop
 endfacet
 facet normal  0.000000e+00 -1.000000e+00  0.000000e+00
   outer loop
     vertex -3.117511e-01 -6.000000e-01 -3.909108e-01
     vertex -2.546970e-01 -6.000000e-01 -3.662095e-01
     vertex -3.080285e-01 -6.000000e-01 -3.236109e-01
   endloop
 endfacet
 facet normal  0.000000e+00 -1.000000e+00  0.000000e+00
   outer loop
     vertex -2.534434e-01 -6.000000e-01 -4.310063e-01
     vertex -1.977559e-01 -6.000000e-01 -3.990369e-01
     vertex -2.546970e-01 -6.000000e-01 -3.662095e-01
   endloop
 endfacet
 facet normal  0.000000e+00 -1.000000e+00  0.000000e+00
   outer loop
     vertex -1.900594e-01 -6.000000e-01 -4.624688e-01
     vertex -1.368469e-01 -6.000000e-01 -4.230470e-01
     vertex -1.977559e-01 -6.000000e-01 -3.990369e-01
   endloop
 endfacet
 facet normal  0.000000e+00 -1.000000e+00  0.000000e+00
   outer loop
     vertex -1.228685e-01 -6.000000e-01 -4.846683e-01
     vertex -7.134738e-02 -6.000000e-01 -4.388370e-01
     vertex -1.368469e-01 -6.000000e-01 -4.230470e-01
   endloop
 endfacet
 facet normal  0.000000e+00 -1.000000e+00  0.000000e+00
   outer loop
     vertex -3.894970e-02 -6.000000e-01 -4.984806e-01
     vertex -4.516325e-03 -6.000000e-01 -4.445550e-01
     vertex -7.134738e-02 -6.000000e-01 -4.388370e-01
   endloop
 endfacet
 facet normal  0.000000e+00 -1.000000e+00  0.000000e+00
   outer loop
     vertex  3.181167e-02 -6.000000e-01 -4.989870e-01
     vertex  6.022830e-02 -6.000000e-01 -4.410992e-01
     vertex -4.516325e-03 -6.000000e-01 -4.445550e-01
   endloop
 endfacet
 facet normal  0.000000e+00 -1.000000e+00  0.000000e+00
   outer loop
     vertex  1.019359e-01 -6.000000e-01 -4.894988e-01
     vertex  1.232201e-01 -6.000000e-01 -4.283242e-01
     vertex  6.022830e-02 -6.000000e-01 -4.410992e-01
   endloop
 endfacet
 facet normal  0.000000e+00 -1.000000e+00  0.000000e+00
   outer loop
     vertex  1.700183e-01 -6.000000e-01 -4.702061e-01
     vertex  1.833579e-01 -6.000000e-01 -4.068344e-01
     vertex  1.232201e-01 -6.000000e-01 -4.283242e-01
   endloop
 endfacet
 facet normal  0.000000e+00 -1.000000e+00  0.000000e+00
   outer loop
     vertex  2.346953e-01 -6.000000e-01 -4.414953e-01
     vertex  2.402049e-01 -6.000000e-01 -3.778397e-01
     vertex  1.833579e-01 -6.000000e-01 -4.068344e-01
   endloop
 endfacet
 facet normal  0.000000e+00 -1.000000e+00  0.000000e+00
   outer loop
     vertex  2.979757e-01 -6.000000e-01 -4.015102e-01
     vertex  2.922099e-01 -6.000000e-01 -3.407876e-01
     vertex  2.402049e-01 -6.000000e-01 -3.778397e-01
   endloop
 endfacet
 facet normal  0.000000e+00 -1.000000e+00  0.000000e+00
   outer loop
     vertex  3.516734e-01 -6.000000e-01 -3.554235e-01
     vertex  3.370703e-01 -6.000000e-01 -2.964759e-01
     vertex  2.922099e-01 -6.000000e-01 -3.407876e-01
   endloop
 endfacet
 facet normal  0.000000e+00 -1.000000e+00  0.000000e+00
   outer loop
     vertex  3.983271e-01 -6.000000e-01 -3.022177e-01
     vertex  3.745817e-01 -6.000000e-01 -2.464563e-01
     vertex  3.370703e-01 -6.000000e-01 -2.964759e-01
   endloop
 endfacet
 facet normal -0.000000e+00 -1.000000e+00  0.000000e+00
   outer loop
     vertex  4.370025e-01 -6.000000e-01 -2.429585e-01
     vertex  4.051815e-01 -6.000000e-01 -1.921651e-01
     vertex  3.745817e-01 -6.000000e-01 -2.464563e-01
   endloop
 endfacet
 facet normal -0.000000e+00 -1.000000e+00  0.000000e+00
   outer loop
     vertex  4.669248e-01 -6.000000e-01 -1.788330e-01
     vertex  4.279779e-01 -6.000000e-01 -1.352056e-01
     vertex  4.051815e-01 -6.000000e-01 -1.921651e-01
   endloop
 endfacet
 facet normal  0.000000e+00 -1.000000e+00  0.000000e+00
   outer loop
     vertex  4.874947e-01 -6.000000e-01 -1.111255e-01
     vertex  4.981152e-01 -6.000000e-01 -4.337323e-02
     vertex  4.424782e-01 -6.000000e-01 -7.808274e-02
   endloop
 endfacet
 facet normal  0.000000e+00 -1.000000e+00  0.000000e+00
   outer loop
     vertex  4.453676e-01 -6.000000e-01  7.517096e-02
     vertex  4.887160e-01 -6.000000e-01  1.056251e-01
     vertex  4.276202e-01 -6.000000e-01  1.307396e-01
   endloop
 endfacet
 facet normal -0.000000e+00 -1.000000e+00  0.000000e+00
   outer loop
     vertex  4.984636e-01 -6.000000e-01  3.916697e-02
     vertex  4.453676e-01 -6.000000e-01  7.517096e-02
     vertex  4.505789e-01 -6.000000e-01  2.273955e-02
   endloop
 endfacet
 facet normal -0.000000e+00 -1.000000e+00  0.000000e+00
   outer loop
     vertex  4.874947e-01 -6.000000e-01 -1.111255e-01
     vertex  4.424782e-01 -6.000000e-01 -7.808274e-02
     vertex  4.279779e-01 -6.000000e-01 -1.352056e-01
   endloop
 endfacet
 facet normal  0.000000e+00 -1.000000e+00  0.000000e+00
   outer loop
     vertex  4.424782e-01 -6.000000e-01 -7.808274e-02
     vertex  4.981152e-01 -6.000000e-01 -4.337323e-02
     vertex  4.483238e-01 -6.000000e-01 -2.497907e-02
   endloop
 endfacet
 facet normal  0.000000e+00 -1.000000e+00  0.000000e+00
   outer loop
     vertex  4.505789e-01 -6.000000e-01  2.273955e-02
     vertex  4.453676e-01 -6.000000e-01  7.517096e-02
     vertex  4.074161e-01 -6.000000e-01  4.633567e-02
   endloop
 endfacet
 facet normal  0.000000e+00 -1.000000e+00  0.000000e+00
   outer loop
     vertex  4.276202e-01 -6.000000e-01  1.307396e-01
     vertex  4.026150e-01 -6.000000e-01  1.904865e-01
     vertex  3.673098e-01 -6.000000e-01  1.407657e-01
   endloop
 endfacet
 facet normal  0.000000e+00 -1.000000e+00  0.000000e+00
   outer loop
     vertex  4.453676e-01 -6.000000e-01  7.517096e-02
     vertex  4.276202e-01 -6.000000e-01  1.307396e-01
     vertex  3.882616e-01 -6.000000e-01  8.967256e-02
   endloop
 endfacet
 facet normal  0.000000e+00 -1.000000e+00  0.000000e+00
   outer loop
     vertex  4.074161e-01 -6.000000e-01  4.633567e-02
     vertex  4.453676e-01 -6.000000e-01  7.517096e-02
     vertex  3.882616e-01 -6.000000e-01  8.967256e-02
   endloop
 endfacet
 facet normal -0.000000e+00 -1.000000e+00  0.000000e+00
   outer loop
     vertex  4.276202e-01 -6.000000e-01  1.307396e-01
     vertex  3.673098e-01 -6.000000e-01  1.407657e-01
     vertex  3.882616e-01 -6.000000e-01  8.967256e-02
   endloop
 endfacet
 facet normal  0.000000e+00 -1.000000e+00  0.000000e+00
   outer loop
     vertex  4.279779e-01 -6.000000e-01 -1.352056e-01
     vertex  4.424782e-01 -6.000000e-01 -7.808274e-02
     vertex  3.879885e-01 -6.000000e-01 -9.751388e-02
   endloop
 endfacet
 facet normal  0.000000e+00 -1.000000e+00  0.000000e+00
   outer loop
     vertex  4.026150e-01 -6.000000e-01  1.904865e-01
     vertex  3.694234e-01 -6.000000e-01  2.482802e-01
     vertex  3.417016e-01 -6.000000e-01  1.928993e-01
   endloop
 endfacet
 facet normal -0.000000e+00 -1.000000e+00  0.000000e+00
   outer loop
     vertex  3.298938e-01 -6.000000e-01  3.000629e-01
     vertex  2.831895e-01 -6.000000e-01  3.451347e-01
     vertex  2.724078e-01 -6.000000e-01  2.876789e-01
   endloop
 endfacet
 facet normal -0.000000e+00 -1.000000e+00  0.000000e+00
   outer loop
     vertex  2.307897e-01 -6.000000e-01  3.822672e-01
     vertex  1.749457e-01 -6.000000e-01  4.117752e-01
     vertex  1.781442e-01 -6.000000e-01  3.533607e-01
   endloop
 endfacet
 facet normal -0.000000e+00 -1.000000e+00  0.000000e+00
   outer loop
     vertex  1.156634e-01 -6.000000e-01  4.332839e-01
     vertex  5.381336e-02 -6.000000e-01  4.453297e-01
     vertex  7.515050e-02 -6.000000e-01  3.931572e-01
   endloop
 endfacet
 facet normal  0.000000e+00 -1.000000e+00  0.000000e+00
   outer loop
     vertex -9.175387e-03 -6.000000e-01  4.480915e-01
     vertex -7.255624e-02 -6.000000e-01  4.419650e-01
     vertex -3.584269e-02 -6.000000e-01  3.975069e-01
   endloop
 endfacet
 facet normal  0.000000e+00 -1.000000e+00  0.000000e+00
   outer loop
     vertex -1.347546e-01 -6.000000e-01  4.264932e-01
     vertex -1.947401e-01 -6.000000e-01  4.019452e-01
     vertex -1.467128e-01 -6.000000e-01  3.687170e-01
   endloop
 endfacet
 facet normal  0.000000e+00 -1.000000e+00 -0.000000e+00
   outer loop
     vertex -2.521079e-01 -6.000000e-01  3.683239e-01
     vertex -3.046874e-01 -6.000000e-01  3.259120e-01
     vertex -2.471014e-01 -6.000000e-01  3.085511e-01
   endloop
 endfacet
 facet normal  0.000000e+00 -1.000000e+00 -0.000000e+00
   outer loop
     vertex -3.497648e-01 -6.000000e-01  2.768413e-01
     vertex -3.872714e-01 -6.000000e-01  2.222103e-01
     vertex -3.271726e-01 -6.000000e-01  2.223458e-01
   endloop
 endfacet
 facet normal  0.000000e+00 -1.000000e+00 -0.000000e+00
   outer loop
     vertex -4.159891e-01 -6.000000e-01  1.626276e-01
     vertex -4.356294e-01 -6.000000e-01  9.988933e-02
     vertex -3.789672e-01 -6.000000e-01  1.175005e-01
   endloop
 endfacet
 facet normal  0.000000e+00 -1.000000e+00 -0.000000e+00
   outer loop
     vertex -4.454170e-01 -6.000000e-01  3.524362e-02
     vertex -4.458452e-01 -6.000000e-01 -2.915023e-02
     vertex -3.965657e-01 -6.000000e-01  2.888416e-03
   endloop
 endfacet
 facet normal  0.000000e+00 -1.000000e+00  0.000000e+00
   outer loop
     vertex -4.371177e-01 -6.000000e-01 -9.308854e-02
     vertex -4.189844e-01 -6.000000e-01 -1.556327e-01
     vertex -3.811722e-01 -6.000000e-01 -1.113181e-01
   endloop
 endfacet
 facet normal  0.000000e+00 -1.000000e+00  0.000000e+00
   outer loop
     vertex -3.911339e-01 -6.000000e-01 -2.165236e-01
     vertex -3.537550e-01 -6.000000e-01 -2.727165e-01
     vertex -3.314314e-01 -6.000000e-01 -2.181039e-01
   endloop
 endfacet
 facet normal  0.000000e+00 -1.000000e+00  0.000000e+00
   outer loop
     vertex -3.080285e-01 -6.000000e-01 -3.236109e-01
     vertex -2.546970e-01 -6.000000e-01 -3.662095e-01
     vertex -2.511303e-01 -6.000000e-01 -3.065087e-01
   endloop
 endfacet
 facet normal  0.000000e+00 -1.000000e+00  0.000000e+00
   outer loop
     vertex -1.977559e-01 -6.000000e-01 -3.990369e-01
     vertex -1.368469e-01 -6.000000e-01 -4.230470e-01
     vertex -1.475484e-01 -6.000000e-01 -3.645952e-01
   endloop
 endfacet
 facet normal  0.000000e+00 -1.000000e+00  0.000000e+00
   outer loop
     vertex -7.134738e-02 -6.000000e-01 -4.388370e-01
     vertex -4.516325e-03 -6.000000e-01 -4.445550e-01
     vertex -3.276309e-02 -6.000000e-01 -3.905023e-01
   endloop
 endfacet
 facet normal  0.000000e+00 -1.000000e+00  0.000000e+00
   outer loop
     vertex  6.022830e-02 -6.000000e-01 -4.410992e-01
     vertex  1.232201e-01 -6.000000e-01 -4.283242e-01
     vertex  8.316377e-02 -6.000000e-01 -3.855019e-01
   endloop
 endfacet
 facet normal  0.000000e+00 -1.000000e+00  0.000000e+00
   outer loop
     vertex  1.833579e-01 -6.000000e-01 -4.068344e-01
     vertex  2.402049e-01 -6.000000e-01 -3.778397e-01
     vertex  1.904295e-01 -6.000000e-01 -3.469928e-01
   endloop
 endfacet
 facet normal  0.000000e+00 -1.000000e+00  0.000000e+00
   outer loop
     vertex  2.922099e-01 -6.000000e-01 -3.407876e-01
     vertex  3.370703e-01 -6.000000e-01 -2.964759e-01
     vertex  2.820993e-01 -6.000000e-01 -2.852445e-01
   endloop
 endfacet
 facet normal  0.000000e+00 -1.000000e+00  0.000000e+00
   outer loop
     vertex  3.745817e-01 -6.000000e-01 -2.464563e-01
     vertex  4.051815e-01 -6.000000e-01 -1.921651e-01
     vertex  3.471303e-01 -6.000000e-01 -1.970925e-01
   endloop
 endfacet
 facet normal  0.000000e+00 -1.000000e+00  0.000000e+00
   outer loop
     vertex  4.051815e-01 -6.000000e-01 -1.921651e-01
     vertex  4.279779e-01 -6.000000e-01 -1.352056e-01
     vertex  3.708631e-01 -6.000000e-01 -1.477143e-01
   endloop
 endfacet
 facet normal  0.000000e+00 -1.000000e+00  0.000000e+00
   outer loop
     vertex  3.471303e-01 -6.000000e-01 -1.970925e-01
     vertex  4.051815e-01 -6.000000e-01 -1.921651e-01
     vertex  3.708631e-01 -6.000000e-01 -1.477143e-01
   endloop
 endfacet
 facet normal -0.000000e+00 -1.000000e+00  0.000000e+00
   outer loop
     vertex  4.279779e-01 -6.000000e-01 -1.352056e-01
     vertex  3.879885e-01 -6.000000e-01 -9.751388e-02
     vertex  3.708631e-01 -6.000000e-01 -1.477143e-01
   endloop
 endfacet
 facet normal  0.000000e+00 -1.000000e+00  0.000000e+00
   outer loop
     vertex  4.483238e-01 -6.000000e-01 -2.497907e-02
     vertex  4.505789e-01 -6.000000e-01  2.273955e-02
     vertex  4.021748e-01 -6.000000e-01  2.348677e-03
   endloop
 endfacet
 facet normal -0.000000e+00 -1.000000e+00  0.000000e+00
   outer loop
     vertex  4.505789e-01 -6.000000e-01  2.273955e-02
     vertex  4.074161e-01 -6.000000e-01  4.633567e-02
     vertex  4.021748e-01 -6.000000e-01  2.348677e-03
   endloop
 endfacet
 facet normal -0.000000e+00 -1.000000e+00  0.000000e+00
   outer loop
     vertex  4.026150e-01 -6.000000e-01  1.904865e-01
     vertex  3.417016e-01 -6.000000e-01  1.928993e-01
     vertex  3.673098e-01 -6.000000e-01  1.407657e-01
   endloop
 endfacet
 facet normal -0.000000e+00 -1.000000e+00  0.000000e+00
   outer loop
     vertex  3.694234e-01 -6.000000e-01  2.482802e-01
     vertex  3.298938e-01 -6.000000e-01  3.000629e-01
     vertex  3.107136e-01 -6.000000e-01  2.428953e-01
   endloop
 endfacet
 facet normal  0.000000e+00 -1.000000e+00  0.000000e+00
   outer loop
     vertex  3.417016e-01 -6.000000e-01  1.928993e-01
     vertex  3.694234e-01 -6.000000e-01  2.482802e-01
     vertex  3.107136e-01 -6.000000e-01  2.428953e-01
   endloop
 endfacet
 facet normal  0.000000e+00 -1.000000e+00  0.000000e+00
   outer loop
     vertex  3.298938e-01 -6.000000e-01  3.000629e-01
     vertex  2.724078e-01 -6.000000e-01  2.876789e-01
     vertex  3.107136e-01 -6.000000e-01  2.428953e-01
   endloop
 endfacet
 facet normal -0.000000e+00 -1.000000e+00  0.000000e+00
   outer loop
     vertex  2.831895e-01 -6.000000e-01  3.451347e-01
     vertex  2.307897e-01 -6.000000e-01  3.822672e-01
     vertex  2.270440e-01 -6.000000e-01  3.243988e-01
   endloop
 endfacet
 facet normal  0.000000e+00 -1.000000e+00  0.000000e+00
   outer loop
     vertex  2.724078e-01 -6.000000e-01  2.876789e-01
     vertex  2.831895e-01 -6.000000e-01  3.451347e-01
     vertex  2.270440e-01 -6.000000e-01  3.243988e-01
   endloop
 endfacet
 facet normal  0.000000e+00 -1.000000e+00  0.000000e+00
   outer loop
     vertex  2.307897e-01 -6.000000e-01  3.822672e-01
     vertex  1.781442e-01 -6.000000e-01  3.533607e-01
     vertex  2.270440e-01 -6.000000e-01  3.243988e-01
   endloop
 endfacet
 facet normal -0.000000e+00 -1.000000e+00  0.000000e+00
   outer loop
     vertex  1.749457e-01 -6.000000e-01  4.117752e-01
     vertex  1.156634e-01 -6.000000e-01  4.332839e-01
     vertex  1.286615e-01 -6.000000e-01  3.777362e-01
   endloop
 endfacet
 facet normal  0.000000e+00 -1.000000e+00  0.000000e+00
   outer loop
     vertex  1.781442e-01 -6.000000e-01  3.533607e-01
     vertex  1.749457e-01 -6.000000e-01  4.117752e-01
     vertex  1.286615e-01 -6.000000e-01  3.777362e-01
   endloop
 endfacet
 facet normal  0.000000e+00 -1.000000e+00 -0.000000e+00
   outer loop
     vertex  1.156634e-01 -6.000000e-01  4.332839e-01
     vertex  7.515050e-02 -6.000000e-01  3.931572e-01
     vertex  1.286615e-01 -6.000000e-01  3.777362e-01
   endloop
 endfacet
 facet normal -0.000000e+00 -1.000000e+00  0.000000e+00
   outer loop
     vertex  5.381336e-02 -6.000000e-01  4.453297e-01
     vertex -9.175387e-03 -6.000000e-01  4.480915e-01
     vertex  2.068552e-02 -6.000000e-01  3.985068e-01
   endloop
 endfacet
 facet normal  0.000000e+00 -1.000000e+00  0.000000e+00
   outer loop
     vertex  7.515050e-02 -6.000000e-01  3.931572e-01
     vertex  5.381336e-02 -6.000000e-01  4.453297e-01
     vertex  2.068552e-02 -6.000000e-01  3.985068e-01
   endloop
 endfacet
 facet normal  0.000000e+00 -1.000000e+00 -0.000000e+00
   outer loop
     vertex -9.175387e-03 -6.000000e-01  4.480915e-01
     vertex -3.584269e-02 -6.000000e-01  3.975069e-01
     vertex  2.068552e-02 -6.000000e-01  3.985068e-01
   endloop
 endfacet
 facet normal  0.000000e+00 -1.000000e+00  0.000000e+00
   outer loop
     vertex -7.255624e-02 -6.000000e-01  4.419650e-01
     vertex -1.347546e-01 -6.000000e-01  4.264932e-01
     vertex -9.225228e-02 -6.000000e-01  3.874664e-01
   endloop
 endfacet
 facet normal -0.000000e+00 -1.000000e+00  0.000000e+00
   outer loop
     vertex -3.584269e-02 -6.000000e-01  3.975069e-01
     vertex -7.255624e-02 -6.000000e-01  4.419650e-01
     vertex -9.225228e-02 -6.000000e-01  3.874664e-01
   endloop
 endfacet
 facet normal  0.000000e+00 -1.000000e+00 -0.000000e+00
   outer loop
     vertex -1.347546e-01 -6.000000e-01  4.264932e-01
     vertex -1.467128e-01 -6.000000e-01  3.687170e-01
     vertex -9.225228e-02 -6.000000e-01  3.874664e-01
   endloop
 endfacet
 facet normal  0.000000e+00 -1.000000e+00  0.000000e+00
   outer loop
     vertex -1.947401e-01 -6.000000e-01  4.019452e-01
     vertex -2.521079e-01 -6.000000e-01  3.683239e-01
     vertex -1.988080e-01 -6.000000e-01  3.422853e-01
   endloop
 endfacet
 facet normal -0.000000e+00 -1.000000e+00  0.000000e+00
   outer loop
     vertex -1.467128e-01 -6.000000e-01  3.687170e-01
     vertex -1.947401e-01 -6.000000e-01  4.019452e-01
     vertex -1.988080e-01 -6.000000e-01  3.422853e-01
   endloop
 endfacet
 facet normal  0.000000e+00 -1.000000e+00  0.000000e+00
   outer loop
     vertex -2.521079e-01 -6.000000e-01  3.683239e-01
     vertex -2.471014e-01 -6.000000e-01  3.085511e-01
     vertex -1.988080e-01 -6.000000e-01  3.422853e-01
   endloop
 endfacet
 facet normal  0.000000e+00 -1.000000e+00 -0.000000e+00
   outer loop
     vertex -3.046874e-01 -6.000000e-01  3.259120e-01
     vertex -3.497648e-01 -6.000000e-01  2.768413e-01
     vertex -2.902179e-01 -6.000000e-01  2.682495e-01
   endloop
 endfacet
 facet normal -0.000000e+00 -1.000000e+00  0.000000e+00
   outer loop
     vertex -2.471014e-01 -6.000000e-01  3.085511e-01
     vertex -3.046874e-01 -6.000000e-01  3.259120e-01
     vertex -2.902179e-01 -6.000000e-01  2.682495e-01
   endloop
 endfacet
 facet normal  0.000000e+00 -1.000000e+00  0.000000e+00
   outer loop
     vertex -3.497648e-01 -6.000000e-01  2.768413e-01
     vertex -3.271726e-01 -6.000000e-01  2.223458e-01
     vertex -2.902179e-01 -6.000000e-01  2.682495e-01
   endloop
 endfacet
 facet normal  0.000000e+00 -1.000000e+00 -0.000000e+00
   outer loop
     vertex -3.872714e-01 -6.000000e-01  2.222103e-01
     vertex -4.159891e-01 -6.000000e-01  1.626276e-01
     vertex -3.570231e-01 -6.000000e-01  1.718331e-01
   endloop
 endfacet
 facet normal  0.000000e+00 -1.000000e+00  0.000000e+00
   outer loop
     vertex -3.271726e-01 -6.000000e-01  2.223458e-01
     vertex -3.872714e-01 -6.000000e-01  2.222103e-01
     vertex -3.570231e-01 -6.000000e-01  1.718331e-01
   endloop
 endfacet
 facet normal  0.000000e+00 -1.000000e+00  0.000000e+00
   outer loop
     vertex -4.159891e-01 -6.000000e-01  1.626276e-01
     vertex -3.789672e-01 -6.000000e-01  1.175005e-01
     vertex -3.570231e-01 -6.000000e-01  1.718331e-01
   endloop
 endfacet
 facet normal  0.000000e+00 -1.000000e+00 -0.000000e+00
   outer loop
     vertex -4.356294e-01 -6.000000e-01  9.988933e-02
     vertex -4.454170e-01 -6.000000e-01  3.524362e-02
     vertex -3.921933e-01 -6.000000e-01  6.060661e-02
   endloop
 endfacet
 facet normal  0.000000e+00 -1.000000e+00  0.000000e+00
   outer loop
     vertex -3.789672e-01 -6.000000e-01  1.175005e-01
     vertex -4.356294e-01 -6.000000e-01  9.988933e-02
     vertex -3.921933e-01 -6.000000e-01  6.060661e-02
   endloop
 endfacet
 facet normal  0.000000e+00 -1.000000e+00  0.000000e+00
   outer loop
     vertex -4.454170e-01 -6.000000e-01  3.524362e-02
     vertex -3.965657e-01 -6.000000e-01  2.888416e-03
     vertex -3.921933e-01 -6.000000e-01  6.060661e-02
   endloop
 endfacet
 facet normal  0.000000e+00 -1.000000e+00  0.000000e+00
   outer loop
     vertex -4.458452e-01 -6.000000e-01 -2.915023e-02
     vertex -4.371177e-01 -6.000000e-01 -9.308854e-02
     vertex -3.929316e-01 -6.000000e-01 -5.452563e-02
   endloop
 endfacet
 facet normal  0.000000e+00 -1.000000e+00 -0.000000e+00
   outer loop
     vertex -3.965657e-01 -6.000000e-01  2.888416e-03
     vertex -4.458452e-01 -6.000000e-01 -2.915023e-02
     vertex -3.929316e-01 -6.000000e-01 -5.452563e-02
   endloop
 endfacet
 facet normal  0.000000e+00 -1.000000e+00  0.000000e+00
   outer loop
     vertex -4.371177e-01 -6.000000e-01 -9.308854e-02
     vertex -3.811722e-01 -6.000000e-01 -1.113181e-01
     vertex -3.929316e-01 -6.000000e-01 -5.452563e-02
   endloop
 endfacet
 facet normal  0.000000e+00 -1.000000e+00  0.000000e+00
   outer loop
     vertex -4.189844e-01 -6.000000e-01 -1.556327e-01
     vertex -3.911339e-01 -6.000000e-01 -2.165236e-01
     vertex -3.606102e-01 -6.000000e-01 -1.664415e-01
   endloop
 endfacet
 facet normal  0.000000e+00 -1.000000e+00 -0.000000e+00
   outer loop
     vertex -3.811722e-01 -6.000000e-01 -1.113181e-01
     vertex -4.189844e-01 -6.000000e-01 -1.556327e-01
     vertex -3.606102e-01 -6.000000e-01 -1.664415e-01
   endloop
 endfacet
 facet normal  0.000000e+00 -1.000000e+00  0.000000e+00
   outer loop
     vertex -3.911339e-01 -6.000000e-01 -2.165236e-01
     vertex -3.314314e-01 -6.000000e-01 -2.181039e-01
     vertex -3.606102e-01 -6.000000e-01 -1.664415e-01
   endloop
 endfacet
 facet normal  0.000000e+00 -1.000000e+00  0.000000e+00
   outer loop
     vertex -3.537550e-01 -6.000000e-01 -2.727165e-01
     vertex -3.080285e-01 -6.000000e-01 -3.236109e-01
     vertex -2.947873e-01 -6.000000e-01 -2.652156e-01
   endloop
 endfacet
 facet normal  0.000000e+00 -1.000000e+00 -0.000000e+00
   outer loop
     vertex -3.314314e-01 -6.000000e-01 -2.181039e-01
     vertex -3.537550e-01 -6.000000e-01 -2.727165e-01
     vertex -2.947873e-01 -6.000000e-01 -2.652156e-01
   endloop
 endfacet
 facet normal  0.000000e+00 -1.000000e+00  0.000000e+00
   outer loop
     vertex -3.080285e-01 -6.000000e-01 -3.236109e-01
     vertex -2.511303e-01 -6.000000e-01 -3.065087e-01
     vertex -2.947873e-01 -6.000000e-01 -2.652156e-01
   endloop
 endfacet
 facet normal  0.000000e+00 -1.000000e+00  0.000000e+00
   outer loop
     vertex -2.546970e-01 -6.000000e-01 -3.662095e-01
     vertex -1.977559e-01 -6.000000e-01 -3.990369e-01
     vertex -2.013903e-01 -6.000000e-01 -3.398831e-01
   endloop
 endfacet
 facet normal  0.000000e+00 -1.000000e+00 -0.000000e+00
   outer loop
     vertex -2.511303e-01 -6.000000e-01 -3.065087e-01
     vertex -2.546970e-01 -6.000000e-01 -3.662095e-01
     vertex -2.013903e-01 -6.000000e-01 -3.398831e-01
   endloop
 endfacet
 facet normal  0.000000e+00 -1.000000e+00  0.000000e+00
   outer loop
     vertex -1.977559e-01 -6.000000e-01 -3.990369e-01
     vertex -1.475484e-01 -6.000000e-01 -3.645952e-01
     vertex -2.013903e-01 -6.000000e-01 -3.398831e-01
   endloop
 endfacet
 facet normal  0.000000e+00 -1.000000e+00  0.000000e+00
   outer loop
     vertex -1.368469e-01 -6.000000e-01 -4.230470e-01
     vertex -7.134738e-02 -6.000000e-01 -4.388370e-01
     vertex -9.093076e-02 -6.000000e-01 -3.813186e-01
   endloop
 endfacet
 facet normal  0.000000e+00 -1.000000e+00  0.000000e+00
   outer loop
     vertex -1.475484e-01 -6.000000e-01 -3.645952e-01
     vertex -1.368469e-01 -6.000000e-01 -4.230470e-01
     vertex -9.093076e-02 -6.000000e-01 -3.813186e-01
   endloop
 endfacet
 facet normal  0.000000e+00 -1.000000e+00  0.000000e+00
   outer loop
     vertex -7.134738e-02 -6.000000e-01 -4.388370e-01
     vertex -3.276309e-02 -6.000000e-01 -3.905023e-01
     vertex -9.093076e-02 -6.000000e-01 -3.813186e-01
   endloop
 endfacet
 facet normal  0.000000e+00 -1.000000e+00  0.000000e+00
   outer loop
     vertex -4.516325e-03 -6.000000e-01 -4.445550e-01
     vertex  6.022830e-02 -6.000000e-01 -4.410992e-01
     vertex  2.551566e-02 -6.000000e-01 -3.922460e-01
   endloop
 endfacet
 facet normal  0.000000e+00 -1.000000e+00  0.000000e+00
   outer loop
     vertex -3.276309e-02 -6.000000e-01 -3.905023e-01
     vertex -4.516325e-03 -6.000000e-01 -4.445550e-01
     vertex  2.551566e-02 -6.000000e-01 -3.922460e-01
   endloop
 endfacet
 facet normal  0.000000e+00 -1.000000e+00  0.000000e+00
   outer loop
     vertex  6.022830e-02 -6.000000e-01 -4.410992e-01
     vertex  8.316377e-02 -6.000000e-01 -3.855019e-01
     vertex  2.551566e-02 -6.000000e-01 -3.922460e-01
   endloop
 endfacet
 facet normal  0.000000e+00 -1.000000e+00  0.000000e+00
   outer loop
     vertex  1.232201e-01 -6.000000e-01 -4.283242e-01
     vertex  1.833579e-01 -6.000000e-01 -4.068344e-01
     vertex  1.385846e-01 -6.000000e-01 -3.696325e-01
   endloop
 endfacet
 facet normal  0.000000e+00 -1.000000e+00  0.000000e+00
   outer loop
     vertex  8.316377e-02 -6.000000e-01 -3.855019e-01
     vertex  1.232201e-01 -6.000000e-01 -4.283242e-01
     vertex  1.385846e-01 -6.000000e-01 -3.696325e-01
   endloop
 endfacet
 facet normal  0.000000e+00 -1.000000e+00  0.000000e+00
   outer loop
     vertex  1.833579e-01 -6.000000e-01 -4.068344e-01
     vertex  1.904295e-01 -6.000000e-01 -3.469928e-01
     vertex  1.385846e-01 -6.000000e-01 -3.696325e-01
   endloop
 endfacet
 facet normal  0.000000e+00 -1.000000e+00  0.000000e+00
   outer loop
     vertex  2.402049e-01 -6.000000e-01 -3.778397e-01
     vertex  2.922099e-01 -6.000000e-01 -3.407876e-01
     vertex  2.390317e-01 -6.000000e-01 -3.206861e-01
   endloop
 endfacet
 facet normal  0.000000e+00 -1.000000e+00  0.000000e+00
   outer loop
     vertex  1.904295e-01 -6.000000e-01 -3.469928e-01
     vertex  2.402049e-01 -6.000000e-01 -3.778397e-01
     vertex  2.390317e-01 -6.000000e-01 -3.206861e-01
   endloop
 endfacet
 facet normal  0.000000e+00 -1.000000e+00  0.000000e+00
   outer loop
     vertex  2.922099e-01 -6.000000e-01 -3.407876e-01
     vertex  2.820993e-01 -6.000000e-01 -2.852445e-01
     vertex  2.390317e-01 -6.000000e-01 -3.206861e-01
   endloop
 endfacet
 facet normal  0.000000e+00 -1.000000e+00  0.000000e+00
   outer loop
     vertex  3.370703e-01 -6.000000e-01 -2.964759e-01
     vertex  3.745817e-01 -6.000000e-01 -2.464563e-01
     vertex  3.166476e-01 -6.000000e-01 -2.432722e-01
   endloop
 endfacet
 facet normal  0.000000e+00 -1.000000e+00  0.000000e+00
   outer loop
     vertex  2.820993e-01 -6.000000e-01 -2.852445e-01
     vertex  3.370703e-01 -6.000000e-01 -2.964759e-01
     vertex  3.166476e-01 -6.000000e-01 -2.432722e-01
   endloop
 endfacet
 facet normal  0.000000e+00 -1.000000e+00  0.000000e+00
   outer loop
     vertex  3.745817e-01 -6.000000e-01 -2.464563e-01
     vertex  3.471303e-01 -6.000000e-01 -1.970925e-01
     vertex  3.166476e-01 -6.000000e-01 -2.432722e-01
   endloop
 endfacet
 facet normal  0.000000e+00 -1.000000e+00  0.000000e+00
   outer loop
     vertex  4.424782e-01 -6.000000e-01 -7.808274e-02
     vertex  4.483238e-01 -6.000000e-01 -2.497907e-02
     vertex  3.980601e-01 -6.000000e-01 -4.683081e-02
   endloop
 endfacet
 facet normal  0.000000e+00 -1.000000e+00  0.000000e+00
   outer loop
     vertex  3.980601e-01 -6.000000e-01 -4.683081e-02
     vertex  4.483238e-01 -6.000000e-01 -2.497907e-02
     vertex  4.021748e-01 -6.000000e-01  2.348677e-03
   endloop
 endfacet
 facet normal -0.000000e+00 -1.000000e+00  0.000000e+00
   outer loop
     vertex  4.424782e-01 -6.000000e-01 -7.808274e-02
     vertex  3.980601e-01 -6.000000e-01 -4.683081e-02
     vertex  3.879885e-01 -6.000000e-01 -9.751388e-02
   endloop
 endfacet
 facet normal  0.000000e+00 -1.000000e+00  0.000000e+00
   outer loop
     vertex  3.879885e-01 -6.000000e-01 -9.751388e-02
     vertex  3.980601e-01 -6.000000e-01 -4.683081e-02
     vertex  3.492635e-01 -6.000000e-01 -6.365938e-02
   endloop
 endfacet
 facet normal  0.000000e+00 -1.000000e+00  0.000000e+00
   outer loop
     vertex  4.021748e-01 -6.000000e-01  2.348677e-03
     vertex  4.074161e-01 -6.000000e-01  4.633567e-02
     vertex  3.546344e-01 -6.000000e-01  3.997409e-02
   endloop
 endfacet
 facet normal  0.000000e+00 -1.000000e+00  0.000000e+00
   outer loop
     vertex  3.673098e-01 -6.000000e-01  1.407657e-01
     vertex  3.417016e-01 -6.000000e-01  1.928993e-01
     vertex  3.091914e-01 -6.000000e-01  1.429036e-01
   endloop
 endfacet
 facet normal  0.000000e+00 -1.000000e+00  0.000000e+00
   outer loop
     vertex  3.980601e-01 -6.000000e-01 -4.683081e-02
     vertex  4.021748e-01 -6.000000e-01  2.348677e-03
     vertex  3.560264e-01 -6.000000e-01 -1.452162e-02
   endloop
 endfacet
 facet normal -0.000000e+00 -1.000000e+00  0.000000e+00
   outer loop
     vertex  4.021748e-01 -6.000000e-01  2.348677e-03
     vertex  3.546344e-01 -6.000000e-01  3.997409e-02
     vertex  3.560264e-01 -6.000000e-01 -1.452162e-02
   endloop
 endfacet
 facet normal -0.000000e+00 -1.000000e+00  0.000000e+00
   outer loop
     vertex  4.074161e-01 -6.000000e-01  4.633567e-02
     vertex  3.882616e-01 -6.000000e-01  8.967256e-02
     vertex  3.546344e-01 -6.000000e-01  3.997409e-02
   endloop
 endfacet
 facet normal  0.000000e+00 -1.000000e+00  0.000000e+00
   outer loop
     vertex  3.708631e-01 -6.000000e-01 -1.477143e-01
     vertex  3.879885e-01 -6.000000e-01 -9.751388e-02
     vertex  3.341506e-01 -6.000000e-01 -1.083446e-01
   endloop
 endfacet
 facet normal -0.000000e+00 -1.000000e+00  0.000000e+00
   outer loop
     vertex  3.879885e-01 -6.000000e-01 -9.751388e-02
     vertex  3.492635e-01 -6.000000e-01 -6.365938e-02
     vertex  3.341506e-01 -6.000000e-01 -1.083446e-01
   endloop
 endfacet
 facet normal  0.000000e+00 -1.000000e+00  0.000000e+00
   outer loop
     vertex  3.166476e-01 -6.000000e-01 -2.432722e-01
     vertex  3.471303e-01 -6.000000e-01 -1.970925e-01
     vertex  2.926359e-01 -6.000000e-01 -1.962922e-01
   endloop
 endfacet
 facet normal  0.000000e+00 -1.000000e+00  0.000000e+00
   outer loop
     vertex  2.390317e-01 -6.000000e-01 -3.206861e-01
     vertex  2.820993e-01 -6.000000e-01 -2.852445e-01
     vertex  2.353855e-01 -6.000000e-01 -2.713360e-01
   endloop
 endfacet
 facet normal  0.000000e+00 -1.000000e+00  0.000000e+00
   outer loop
     vertex  1.385846e-01 -6.000000e-01 -3.696325e-01
     vertex  1.904295e-01 -6.000000e-01 -3.469928e-01
     vertex  1.475838e-01 -6.000000e-01 -3.116937e-01
   endloop
 endfacet
 facet normal  0.000000e+00 -1.000000e+00  0.000000e+00
   outer loop
     vertex  2.551566e-02 -6.000000e-01 -3.922460e-01
     vertex  8.316377e-02 -6.000000e-01 -3.855019e-01
     vertex  4.989310e-02 -6.000000e-01 -3.420024e-01
   endloop
 endfacet
 facet normal  0.000000e+00 -1.000000e+00  0.000000e+00
   outer loop
     vertex -9.093076e-02 -6.000000e-01 -3.813186e-01
     vertex -3.276309e-02 -6.000000e-01 -3.905023e-01
     vertex -5.266179e-02 -6.000000e-01 -3.368226e-01
   endloop
 endfacet
 facet normal  0.000000e+00 -1.000000e+00  0.000000e+00
   outer loop
     vertex -2.013903e-01 -6.000000e-01 -3.398831e-01
     vertex -1.475484e-01 -6.000000e-01 -3.645952e-01
     vertex -1.536003e-01 -6.000000e-01 -3.101605e-01
   endloop
 endfacet
 facet normal  0.000000e+00 -1.000000e+00  0.000000e+00
   outer loop
     vertex -2.947873e-01 -6.000000e-01 -2.652156e-01
     vertex -2.511303e-01 -6.000000e-01 -3.065087e-01
     vertex -2.418523e-01 -6.000000e-01 -2.519900e-01
   endloop
 endfacet
 facet normal  0.000000e+00 -1.000000e+00  0.000000e+00
   outer loop
     vertex -3.606102e-01 -6.000000e-01 -1.664415e-01
     vertex -3.314314e-01 -6.000000e-01 -2.181039e-01
     vertex -3.057350e-01 -6.000000e-01 -1.699503e-01
   endloop
 endfacet
 facet normal  0.000000e+00 -1.000000e+00  0.000000e+00
   outer loop
     vertex -3.929316e-01 -6.000000e-01 -5.452563e-02
     vertex -3.811722e-01 -6.000000e-01 -1.113181e-01
     vertex -3.419582e-01 -6.000000e-01 -7.295067e-02
   endloop
 endfacet
 facet normal  0.000000e+00 -1.000000e+00 -0.000000e+00
   outer loop
     vertex -3.921933e-01 -6.000000e-01  6.060661e-02
     vertex -3.965657e-01 -6.000000e-01  2.888416e-03
     vertex -3.480965e-01 -6.000000e-01  2.814206e-02
   endloop
 endfacet
 facet normal  0.000000e+00 -1.000000e+00 -0.000000e+00
   outer loop
     vertex -3.570231e-01 -6.000000e-01  1.718331e-01
     vertex -3.789672e-01 -6.000000e-01  1.175005e-01
     vertex -3.246032e-01 -6.000000e-01  1.283863e-01
   endloop
 endfacet
 facet normal  0.000000e+00 -1.000000e+00 -0.000000e+00
   outer loop
     vertex -2.902179e-01 -6.000000e-01  2.682495e-01
     vertex -3.271726e-01 -6.000000e-01  2.223458e-01
     vertex -2.713629e-01 -6.000000e-01  2.164279e-01
   endloop
 endfacet
 facet normal  0.000000e+00 -1.000000e+00 -0.000000e+00
   outer loop
     vertex -1.988080e-01 -6.000000e-01  3.422853e-01
     vertex -2.471014e-01 -6.000000e-01  3.085511e-01
     vertex -1.956092e-01 -6.000000e-01  2.866808e-01
   endloop
 endfacet
 facet normal  0.000000e+00 -1.000000e+00  0.000000e+00
   outer loop
     vertex -9.225228e-02 -6.000000e-01  3.874664e-01
     vertex -1.467128e-01 -6.000000e-01  3.687170e-01
     vertex -1.039744e-01 -6.000000e-01  3.344395e-01
   endloop
 endfacet
 facet normal  0.000000e+00 -1.000000e+00  0.000000e+00
   outer loop
     vertex  2.068552e-02 -6.000000e-01  3.985068e-01
     vertex -3.584269e-02 -6.000000e-01  3.975069e-01
     vertex -4.699304e-03 -6.000000e-01  3.528793e-01
   endloop
 endfacet
 facet normal -0.000000e+00 -1.000000e+00  0.000000e+00
   outer loop
     vertex  3.980601e-01 -6.000000e-01 -4.683081e-02
     vertex  3.560264e-01 -6.000000e-01 -1.452162e-02
     vertex  3.492635e-01 -6.000000e-01 -6.365938e-02
   endloop
 endfacet
 facet normal -0.000000e+00 -1.000000e+00  0.000000e+00
   outer loop
     vertex  2.270440e-01 -6.000000e-01  3.243988e-01
     vertex  1.781442e-01 -6.000000e-01  3.533607e-01
     vertex  1.750410e-01 -6.000000e-01  2.981200e-01
   endloop
 endfacet
 facet normal -0.000000e+00 -1.000000e+00  0.000000e+00
   outer loop
     vertex  1.286615e-01 -6.000000e-01  3.777362e-01
     vertex  7.515050e-02 -6.000000e-01  3.931572e-01
     vertex  9.010850e-02 -6.000000e-01  3.458824e-01
   endloop
 endfacet
 facet normal  0.000000e+00 -1.000000e+00  0.000000e+00
   outer loop
     vertex  3.882616e-01 -6.000000e-01  8.967256e-02
     vertex  3.673098e-01 -6.000000e-01  1.407657e-01
     vertex  3.316787e-01 -6.000000e-01  9.348755e-02
   endloop
 endfacet
 facet normal -0.000000e+00 -1.000000e+00  0.000000e+00
   outer loop
     vertex  3.673098e-01 -6.000000e-01  1.407657e-01
     vertex  3.091914e-01 -6.000000e-01  1.429036e-01
     vertex  3.316787e-01 -6.000000e-01  9.348755e-02
   endloop
 endfacet
 facet normal -0.000000e+00 -1.000000e+00  0.000000e+00
   outer loop
     vertex  3.107136e-01 -6.000000e-01  2.428953e-01
     vertex  2.724078e-01 -6.000000e-01  2.876789e-01
     vertex  2.575675e-01 -6.000000e-01  2.352759e-01
   endloop
 endfacet
 facet normal -0.000000e+00 -1.000000e+00  0.000000e+00
   outer loop
     vertex  2.724078e-01 -6.000000e-01  2.876789e-01
     vertex  2.270440e-01 -6.000000e-01  3.243988e-01
     vertex  2.196697e-01 -6.000000e-01  2.721903e-01
   endloop
 endfacet
 facet normal  0.000000e+00 -1.000000e+00  0.000000e+00
   outer loop
     vertex  2.575675e-01 -6.000000e-01  2.352759e-01
     vertex  2.724078e-01 -6.000000e-01  2.876789e-01
     vertex  2.196697e-01 -6.000000e-01  2.721903e-01
   endloop
 endfacet
 facet normal  0.000000e+00 -1.000000e+00  0.000000e+00
   outer loop
     vertex  2.270440e-01 -6.000000e-01  3.243988e-01
     vertex  1.750410e-01 -6.000000e-01  2.981200e-01
     vertex  2.196697e-01 -6.000000e-01  2.721903e-01
   endloop
 endfacet
 facet normal -0.000000e+00 -1.000000e+00  0.000000e+00
   outer loop
     vertex  1.781442e-01 -6.000000e-01  3.533607e-01
     vertex  1.286615e-01 -6.000000e-01  3.777362e-01
     vertex  1.295696e-01 -6.000000e-01  3.214744e-01
   endloop
 endfacet
 facet normal  0.000000e+00 -1.000000e+00  0.000000e+00
   outer loop
     vertex  1.750410e-01 -6.000000e-01  2.981200e-01
     vertex  1.781442e-01 -6.000000e-01  3.533607e-01
     vertex  1.295696e-01 -6.000000e-01  3.214744e-01
   endloop
 endfacet
 facet normal  0.000000e+00 -1.000000e+00 -0.000000e+00
   outer loop
     vertex  1.286615e-01 -6.000000e-01  3.777362e-01
     vertex  9.010850e-02 -6.000000e-01  3.458824e-01
     vertex  1.295696e-01 -6.000000e-01  3.214744e-01
   endloop
 endfacet
 facet normal -0.000000e+00 -1.000000e+00  0.000000e+00
   outer loop
     vertex  7.515050e-02 -6.000000e-01  3.931572e-01
     vertex  2.068552e-02 -6.000000e-01  3.985068e-01
     vertex  4.428705e-02 -6.000000e-01  3.473996e-01
   endloop
 endfacet
 facet normal  0.000000e+00 -1.000000e+00  0.000000e+00
   outer loop
     vertex  9.010850e-02 -6.000000e-01  3.458824e-01
     vertex  7.515050e-02 -6.000000e-01  3.931572e-01
     vertex  4.428705e-02 -6.000000e-01  3.473996e-01
   endloop
 endfacet
 facet normal  0.000000e+00 -1.000000e+00 -0.000000e+00
   outer loop
     vertex  2.068552e-02 -6.000000e-01  3.985068e-01
     vertex -4.699304e-03 -6.000000e-01  3.528793e-01
     vertex  4.428705e-02 -6.000000e-01  3.473996e-01
   endloop
 endfacet
 facet normal  0.000000e+00 -1.000000e+00  0.000000e+00
   outer loop
     vertex -3.584269e-02 -6.000000e-01  3.975069e-01
     vertex -9.225228e-02 -6.000000e-01  3.874664e-01
     vertex -5.577848e-02 -6.000000e-01  3.487023e-01
   endloop
 endfacet
 facet normal -0.000000e+00 -1.000000e+00  0.000000e+00
   outer loop
     vertex -4.699304e-03 -6.000000e-01  3.528793e-01
     vertex -3.584269e-02 -6.000000e-01  3.975069e-01
     vertex -5.577848e-02 -6.000000e-01  3.487023e-01
   endloop
 endfacet
 facet normal  0.000000e+00 -1.000000e+00 -0.000000e+00
   outer loop
     vertex -9.225228e-02 -6.000000e-01  3.874664e-01
     vertex -1.039744e-01 -6.000000e-01  3.344395e-01
     vertex -5.577848e-02 -6.000000e-01  3.487023e-01
   endloop
 endfacet
 facet normal  0.000000e+00 -1.000000e+00  0.000000e+00
   outer loop
     vertex -1.467128e-01 -6.000000e-01  3.687170e-01
     vertex -1.988080e-01 -6.000000e-01  3.422853e-01
     vertex -1.513369e-01 -6.000000e-01  3.139498e-01
   endloop
 endfacet
 facet normal -0.000000e+00 -1.000000e+00  0.000000e+00
   outer loop
     vertex -1.039744e-01 -6.000000e-01  3.344395e-01
     vertex -1.467128e-01 -6.000000e-01  3.687170e-01
     vertex -1.513369e-01 -6.000000e-01  3.139498e-01
   endloop
 endfacet
 facet normal  0.000000e+00 -1.000000e+00  0.000000e+00
   outer loop
     vertex -1.988080e-01 -6.000000e-01  3.422853e-01
     vertex -1.956092e-01 -6.000000e-01  2.866808e-01
     vertex -1.513369e-01 -6.000000e-01  3.139498e-01
   endloop
 endfacet
 facet normal  0.000000e+00 -1.000000e+00 -0.000000e+00
   outer loop
     vertex -2.471014e-01 -6.000000e-01  3.085511e-01
     vertex -2.902179e-01 -6.000000e-01  2.682495e-01
     vertex -2.356380e-01 -6.000000e-01  2.541721e-01
   endloop
 endfacet
 facet normal -0.000000e+00 -1.000000e+00  0.000000e+00
   outer loop
     vertex -1.956092e-01 -6.000000e-01  2.866808e-01
     vertex -2.471014e-01 -6.000000e-01  3.085511e-01
     vertex -2.356380e-01 -6.000000e-01  2.541721e-01
   endloop
 endfacet
 facet normal  0.000000e+00 -1.000000e+00  0.000000e+00
   outer loop
     vertex -2.902179e-01 -6.000000e-01  2.682495e-01
     vertex -2.713629e-01 -6.000000e-01  2.164279e-01
     vertex -2.356380e-01 -6.000000e-01  2.541721e-01
   endloop
 endfacet
 facet normal  0.000000e+00 -1.000000e+00 -0.000000e+00
   outer loop
     vertex -3.271726e-01 -6.000000e-01  2.223458e-01
     vertex -3.570231e-01 -6.000000e-01  1.718331e-01
     vertex -3.011299e-01 -6.000000e-01  1.740258e-01
   endloop
 endfacet
 facet normal -0.000000e+00 -1.000000e+00  0.000000e+00
   outer loop
     vertex -2.713629e-01 -6.000000e-01  2.164279e-01
     vertex -3.271726e-01 -6.000000e-01  2.223458e-01
     vertex -3.011299e-01 -6.000000e-01  1.740258e-01
   endloop
 endfacet
 facet normal  0.000000e+00 -1.000000e+00  0.000000e+00
   outer loop
     vertex -3.570231e-01 -6.000000e-01  1.718331e-01
     vertex -3.246032e-01 -6.000000e-01  1.283863e-01
     vertex -3.011299e-01 -6.000000e-01  1.740258e-01
   endloop
 endfacet
 facet normal  0.000000e+00 -1.000000e+00 -0.000000e+00
   outer loop
     vertex -3.789672e-01 -6.000000e-01  1.175005e-01
     vertex -3.921933e-01 -6.000000e-01  6.060661e-02
     vertex -3.408045e-01 -6.000000e-01  7.917045e-02
   endloop
 endfacet
 facet normal  0.000000e+00 -1.000000e+00  0.000000e+00
   outer loop
     vertex -3.246032e-01 -6.000000e-01  1.283863e-01
     vertex -3.789672e-01 -6.000000e-01  1.175005e-01
     vertex -3.408045e-01 -6.000000e-01  7.917045e-02
   endloop
 endfacet
 facet normal  0.000000e+00 -1.000000e+00  0.000000e+00
   outer loop
     vertex -3.921933e-01 -6.000000e-01  6.060661e-02
     vertex -3.480965e-01 -6.000000e-01  2.814206e-02
     vertex -3.408045e-01 -6.000000e-01  7.917045e-02
   endloop
 endfacet
 facet normal  0.000000e+00 -1.000000e+00  0.000000e+00
   outer loop
     vertex -3.965657e-01 -6.000000e-01  2.888416e-03
     vertex -3.929316e-01 -6.000000e-01 -5.452563e-02
     vertex -3.478415e-01 -6.000000e-01 -2.254452e-02
   endloop
 endfacet
 facet normal  0.000000e+00 -1.000000e+00 -0.000000e+00
   outer loop
     vertex -3.480965e-01 -6.000000e-01  2.814206e-02
     vertex -3.965657e-01 -6.000000e-01  2.888416e-03
     vertex -3.478415e-01 -6.000000e-01 -2.254452e-02
   endloop
 endfacet
 facet normal  0.000000e+00 -1.000000e+00  0.000000e+00
   outer loop
     vertex -3.929316e-01 -6.000000e-01 -5.452563e-02
     vertex -3.419582e-01 -6.000000e-01 -7.295067e-02
     vertex -3.478415e-01 -6.000000e-01 -2.254452e-02
   endloop
 endfacet
 facet normal  0.000000e+00 -1.000000e+00  0.000000e+00
   outer loop
     vertex -3.811722e-01 -6.000000e-01 -1.113181e-01
     vertex -3.606102e-01 -6.000000e-01 -1.664415e-01
     vertex -3.282445e-01 -6.000000e-01 -1.228747e-01
   endloop
 endfacet
 facet normal  0.000000e+00 -1.000000e+00 -0.000000e+00
   outer loop
     vertex -3.419582e-01 -6.000000e-01 -7.295067e-02
     vertex -3.811722e-01 -6.000000e-01 -1.113181e-01
     vertex -3.282445e-01 -6.000000e-01 -1.228747e-01
   endloop
 endfacet
 facet normal  0.000000e+00 -1.000000e+00  0.000000e+00
   outer loop
     vertex -3.606102e-01 -6.000000e-01 -1.664415e-01
     vertex -3.057350e-01 -6.000000e-01 -1.699503e-01
     vertex -3.282445e-01 -6.000000e-01 -1.228747e-01
   endloop
 endfacet
 facet normal  0.000000e+00 -1.000000e+00  0.000000e+00
   outer loop
     vertex -3.314314e-01 -6.000000e-01 -2.181039e-01
     vertex -2.947873e-01 -6.000000e-01 -2.652156e-01
     vertex -2.764303e-01 -6.000000e-01 -2.127989e-01
   endloop
 endfacet
 facet normal  0.000000e+00 -1.000000e+00 -0.000000e+00
   outer loop
     vertex -3.057350e-01 -6.000000e-01 -1.699503e-01
     vertex -3.314314e-01 -6.000000e-01 -2.181039e-01
     vertex -2.764303e-01 -6.000000e-01 -2.127989e-01
   endloop
 endfacet
 facet normal  0.000000e+00 -1.000000e+00  0.000000e+00
   outer loop
     vertex -2.947873e-01 -6.000000e-01 -2.652156e-01
     vertex -2.418523e-01 -6.000000e-01 -2.519900e-01
     vertex -2.764303e-01 -6.000000e-01 -2.127989e-01
   endloop
 endfacet
 facet normal  0.000000e+00 -1.000000e+00  0.000000e+00
   outer loop
     vertex -2.511303e-01 -6.000000e-01 -3.065087e-01
     vertex -2.013903e-01 -6.000000e-01 -3.398831e-01
     vertex -2.005652e-01 -6.000000e-01 -2.853978e-01
   endloop
 endfacet
 facet normal  0.000000e+00 -1.000000e+00 -0.000000e+00
   outer loop
     vertex -2.418523e-01 -6.000000e-01 -2.519900e-01
     vertex -2.511303e-01 -6.000000e-01 -3.065087e-01
     vertex -2.005652e-01 -6.000000e-01 -2.853978e-01
   endloop
 endfacet
 facet normal  0.000000e+00 -1.000000e+00  0.000000e+00
   outer loop
     vertex -2.013903e-01 -6.000000e-01 -3.398831e-01
     vertex -1.536003e-01 -6.000000e-01 -3.101605e-01
     vertex -2.005652e-01 -6.000000e-01 -2.853978e-01
   endloop
 endfacet
 facet normal  0.000000e+00 -1.000000e+00  0.000000e+00
   outer loop
     vertex -1.475484e-01 -6.000000e-01 -3.645952e-01
     vertex -9.093076e-02 -6.000000e-01 -3.813186e-01
     vertex -1.038138e-01 -6.000000e-01 -3.264889e-01
   endloop
 endfacet
 facet normal  0.000000e+00 -1.000000e+00  0.000000e+00
   outer loop
     vertex -1.536003e-01 -6.000000e-01 -3.101605e-01
     vertex -1.475484e-01 -6.000000e-01 -3.645952e-01
     vertex -1.038138e-01 -6.000000e-01 -3.264889e-01
   endloop
 endfacet
 facet normal  0.000000e+00 -1.000000e+00  0.000000e+00
   outer loop
     vertex -9.093076e-02 -6.000000e-01 -3.813186e-01
     vertex -5.266179e-02 -6.000000e-01 -3.368226e-01
     vertex -1.038138e-01 -6.000000e-01 -3.264889e-01
   endloop
 endfacet
 facet normal  0.000000e+00 -1.000000e+00  0.000000e+00
   outer loop
     vertex -3.276309e-02 -6.000000e-01 -3.905023e-01
     vertex  2.551566e-02 -6.000000e-01 -3.922460e-01
     vertex -1.079372e-03 -6.000000e-01 -3.418540e-01
   endloop
 endfacet
 facet normal  0.000000e+00 -1.000000e+00  0.000000e+00
   outer loop
     vertex -5.266179e-02 -6.000000e-01 -3.368226e-01
     vertex -3.276309e-02 -6.000000e-01 -3.905023e-01
     vertex -1.079372e-03 -6.000000e-01 -3.418540e-01
   endloop
 endfacet
 facet normal  0.000000e+00 -1.000000e+00  0.000000e+00
   outer loop
     vertex  2.551566e-02 -6.000000e-01 -3.922460e-01
     vertex  4.989310e-02 -6.000000e-01 -3.420024e-01
     vertex -1.079372e-03 -6.000000e-01 -3.418540e-01
   endloop
 endfacet
 facet normal  0.000000e+00 -1.000000e+00  0.000000e+00
   outer loop
     vertex  8.316377e-02 -6.000000e-01 -3.855019e-01
     vertex  1.385846e-01 -6.000000e-01 -3.696325e-01
     vertex  1.008113e-01 -6.000000e-01 -3.316826e-01
   endloop
 endfacet
 facet normal  0.000000e+00 -1.000000e+00  0.000000e+00
   outer loop
     vertex  4.989310e-02 -6.000000e-01 -3.420024e-01
     vertex  8.316377e-02 -6.000000e-01 -3.855019e-01
     vertex  1.008113e-01 -6.000000e-01 -3.316826e-01
   endloop
 endfacet
 facet normal  0.000000e+00 -1.000000e+00  0.000000e+00
   outer loop
     vertex  1.385846e-01 -6.000000e-01 -3.696325e-01
     vertex  1.475838e-01 -6.000000e-01 -3.116937e-01
     vertex  1.008113e-01 -6.000000e-01 -3.316826e-01
   endloop
 endfacet
 facet normal  0.000000e+00 -1.000000e+00  0.000000e+00
   outer loop
     vertex  1.904295e-01 -6.000000e-01 -3.469928e-01
     vertex  2.390317e-01 -6.000000e-01 -3.206861e-01
     vertex  1.930512e-01 -6.000000e-01 -2.895173e-01
   endloop
 endfacet
 facet normal  0.000000e+00 -1.000000e+00  0.000000e+00
   outer loop
     vertex  1.475838e-01 -6.000000e-01 -3.116937e-01
     vertex  1.904295e-01 -6.000000e-01 -3.469928e-01
     vertex  1.930512e-01 -6.000000e-01 -2.895173e-01
   endloop
 endfacet
 facet normal  0.000000e+00 -1.000000e+00  0.000000e+00
   outer loop
     vertex  2.390317e-01 -6.000000e-01 -3.206861e-01
     vertex  2.353855e-01 -6.000000e-01 -2.713360e-01
     vertex  1.930512e-01 -6.000000e-01 -2.895173e-01
   endloop
 endfacet
 facet normal  0.000000e+00 -1.000000e+00  0.000000e+00
   outer loop
     vertex  2.820993e-01 -6.000000e-01 -2.852445e-01
     vertex  3.166476e-01 -6.000000e-01 -2.432722e-01
     vertex  2.618237e-01 -6.000000e-01 -2.340490e-01
   endloop
 endfacet
 facet normal  0.000000e+00 -1.000000e+00  0.000000e+00
   outer loop
     vertex  2.353855e-01 -6.000000e-01 -2.713360e-01
     vertex  2.820993e-01 -6.000000e-01 -2.852445e-01
     vertex  2.618237e-01 -6.000000e-01 -2.340490e-01
   endloop
 endfacet
 facet normal  0.000000e+00 -1.000000e+00  0.000000e+00
   outer loop
     vertex  3.166476e-01 -6.000000e-01 -2.432722e-01
     vertex  2.926359e-01 -6.000000e-01 -1.962922e-01
     vertex  2.618237e-01 -6.000000e-01 -2.340490e-01
   endloop
 endfacet
 facet normal  0.000000e+00 -1.000000e+00  0.000000e+00
   outer loop
     vertex  3.471303e-01 -6.000000e-01 -1.970925e-01
     vertex  3.708631e-01 -6.000000e-01 -1.477143e-01
     vertex  3.176073e-01 -6.000000e-01 -1.530634e-01
   endloop
 endfacet
 facet normal  0.000000e+00 -1.000000e+00  0.000000e+00
   outer loop
     vertex  2.926359e-01 -6.000000e-01 -1.962922e-01
     vertex  3.471303e-01 -6.000000e-01 -1.970925e-01
     vertex  3.176073e-01 -6.000000e-01 -1.530634e-01
   endloop
 endfacet
 facet normal -0.000000e+00 -1.000000e+00  0.000000e+00
   outer loop
     vertex  3.708631e-01 -6.000000e-01 -1.477143e-01
     vertex  3.341506e-01 -6.000000e-01 -1.083446e-01
     vertex  3.176073e-01 -6.000000e-01 -1.530634e-01
   endloop
 endfacet
 facet normal -0.000000e+00 -1.000000e+00  0.000000e+00
   outer loop
     vertex  3.417016e-01 -6.000000e-01  1.928993e-01
     vertex  3.107136e-01 -6.000000e-01  2.428953e-01
     vertex  2.849779e-01 -6.000000e-01  1.905923e-01
   endloop
 endfacet
 facet normal  0.000000e+00 -1.000000e+00  0.000000e+00
   outer loop
     vertex  3.091914e-01 -6.000000e-01  1.429036e-01
     vertex  3.417016e-01 -6.000000e-01  1.928993e-01
     vertex  2.849779e-01 -6.000000e-01  1.905923e-01
   endloop
 endfacet
 facet normal  0.000000e+00 -1.000000e+00  0.000000e+00
   outer loop
     vertex  3.107136e-01 -6.000000e-01  2.428953e-01
     vertex  2.575675e-01 -6.000000e-01  2.352759e-01
     vertex  2.849779e-01 -6.000000e-01  1.905923e-01
   endloop
 endfacet
 facet normal  0.000000e+00 -1.000000e+00  0.000000e+00
   outer loop
     vertex  3.546344e-01 -6.000000e-01  3.997409e-02
     vertex  3.882616e-01 -6.000000e-01  8.967256e-02
     vertex  3.316787e-01 -6.000000e-01  9.348755e-02
   endloop
 endfacet
 facet normal  0.000000e+00 -1.000000e+00  0.000000e+00
   outer loop
     vertex  3.492635e-01 -6.000000e-01 -6.365938e-02
     vertex  3.560264e-01 -6.000000e-01 -1.452162e-02
     vertex  3.156761e-01 -6.000000e-01 -3.469902e-02
   endloop
 endfacet
 facet normal  0.000000e+00 -1.000000e+00  0.000000e+00
   outer loop
     vertex  3.156761e-01 -6.000000e-01 -3.469902e-02
     vertex  3.560264e-01 -6.000000e-01 -1.452162e-02
     vertex  3.091953e-01 -6.000000e-01  6.720833e-03
   endloop
 endfacet
 facet normal  0.000000e+00 -1.000000e+00  0.000000e+00
   outer loop
     vertex  3.560264e-01 -6.000000e-01 -1.452162e-02
     vertex  3.546344e-01 -6.000000e-01  3.997409e-02
     vertex  3.091953e-01 -6.000000e-01  6.720833e-03
   endloop
 endfacet
 facet normal  0.000000e+00 -1.000000e+00  0.000000e+00
   outer loop
     vertex  3.341506e-01 -6.000000e-01 -1.083446e-01
     vertex  3.492635e-01 -6.000000e-01 -6.365938e-02
     vertex  2.968451e-01 -6.000000e-01 -7.232387e-02
   endloop
 endfacet
 facet normal -0.000000e+00 -1.000000e+00  0.000000e+00
   outer loop
     vertex  3.492635e-01 -6.000000e-01 -6.365938e-02
     vertex  3.156761e-01 -6.000000e-01 -3.469902e-02
     vertex  2.968451e-01 -6.000000e-01 -7.232387e-02
   endloop
 endfacet
 facet normal -0.000000e+00 -1.000000e+00  0.000000e+00
   outer loop
     vertex  2.849779e-01 -6.000000e-01  1.905923e-01
     vertex  2.575675e-01 -6.000000e-01  2.352759e-01
     vertex  2.315837e-01 -6.000000e-01  1.876710e-01
   endloop
 endfacet
 facet normal  0.000000e+00 -1.000000e+00  0.000000e+00
   outer loop
     vertex  3.091914e-01 -6.000000e-01  1.429036e-01
     vertex  2.849779e-01 -6.000000e-01  1.905923e-01
     vertex  2.523661e-01 -6.000000e-01  1.430770e-01
   endloop
 endfacet
 facet normal  0.000000e+00 -1.000000e+00  0.000000e+00
   outer loop
     vertex  2.849779e-01 -6.000000e-01  1.905923e-01
     vertex  2.315837e-01 -6.000000e-01  1.876710e-01
     vertex  2.523661e-01 -6.000000e-01  1.430770e-01
   endloop
 endfacet
 facet normal  0.000000e+00 -1.000000e+00  0.000000e+00
   outer loop
     vertex  2.353855e-01 -6.000000e-01 -2.713360e-01
     vertex  2.618237e-01 -6.000000e-01 -2.340490e-01
     vertex  2.036573e-01 -6.000000e-01 -2.278989e-01
   endloop
 endfacet
 facet normal  0.000000e+00 -1.000000e+00  0.000000e+00
   outer loop
     vertex  1.475838e-01 -6.000000e-01 -3.116937e-01
     vertex  1.930512e-01 -6.000000e-01 -2.895173e-01
     vertex  1.536081e-01 -6.000000e-01 -2.539311e-01
   endloop
 endfacet
 facet normal  0.000000e+00 -1.000000e+00  0.000000e+00
   outer loop
     vertex  4.989310e-02 -6.000000e-01 -3.420024e-01
     vertex  1.008113e-01 -6.000000e-01 -3.316826e-01
     vertex  6.950667e-02 -6.000000e-01 -2.967603e-01
   endloop
 endfacet
 facet normal  0.000000e+00 -1.000000e+00  0.000000e+00
   outer loop
     vertex -5.266179e-02 -6.000000e-01 -3.368226e-01
     vertex -1.079372e-03 -6.000000e-01 -3.418540e-01
     vertex -2.002785e-02 -6.000000e-01 -2.902999e-01
   endloop
 endfacet
 facet normal  0.000000e+00 -1.000000e+00  0.000000e+00
   outer loop
     vertex -1.536003e-01 -6.000000e-01 -3.101605e-01
     vertex -1.038138e-01 -6.000000e-01 -3.264889e-01
     vertex -1.122017e-01 -6.000000e-01 -2.747115e-01
   endloop
 endfacet
 facet normal  0.000000e+00 -1.000000e+00  0.000000e+00
   outer loop
     vertex -2.418523e-01 -6.000000e-01 -2.519900e-01
     vertex -2.005652e-01 -6.000000e-01 -2.853978e-01
     vertex -1.955848e-01 -6.000000e-01 -2.353032e-01
   endloop
 endfacet
 facet normal  0.000000e+00 -1.000000e+00  0.000000e+00
   outer loop
     vertex -3.057350e-01 -6.000000e-01 -1.699503e-01
     vertex -2.764303e-01 -6.000000e-01 -2.127989e-01
     vertex -2.538272e-01 -6.000000e-01 -1.657995e-01
   endloop
 endfacet
 facet normal  0.000000e+00 -1.000000e+00  0.000000e+00
   outer loop
     vertex -3.419582e-01 -6.000000e-01 -7.295067e-02
     vertex -3.282445e-01 -6.000000e-01 -1.228747e-01
     vertex -2.944686e-01 -6.000000e-01 -8.518920e-02
   endloop
 endfacet
 facet normal  0.000000e+00 -1.000000e+00  0.000000e+00
   outer loop
     vertex -3.480965e-01 -6.000000e-01  2.814206e-02
     vertex -3.478415e-01 -6.000000e-01 -2.254452e-02
     vertex -3.020810e-01 -6.000000e-01  2.964992e-03
   endloop
 endfacet
 facet normal  0.000000e+00 -1.000000e+00 -0.000000e+00
   outer loop
     vertex -3.246032e-01 -6.000000e-01  1.283863e-01
     vertex -3.408045e-01 -6.000000e-01  7.917045e-02
     vertex -2.914579e-01 -6.000000e-01  9.189622e-02
   endloop
 endfacet
 facet normal  0.000000e+00 -1.000000e+00 -0.000000e+00
   outer loop
     vertex -2.713629e-01 -6.000000e-01  2.164279e-01
     vertex -3.011299e-01 -6.000000e-01  1.740258e-01
     vertex -2.489474e-01 -6.000000e-01  1.700382e-01
   endloop
 endfacet
 facet normal  0.000000e+00 -1.000000e+00 -0.000000e+00
   outer loop
     vertex -1.956092e-01 -6.000000e-01  2.866808e-01
     vertex -2.356380e-01 -6.000000e-01  2.541721e-01
     vertex -1.852061e-01 -6.000000e-01  2.345800e-01
   endloop
 endfacet
 facet normal  0.000000e+00 -1.000000e+00  0.000000e+00
   outer loop
     vertex -1.039744e-01 -6.000000e-01  3.344395e-01
     vertex -1.513369e-01 -6.000000e-01  3.139498e-01
     vertex -1.082170e-01 -6.000000e-01  2.845355e-01
   endloop
 endfacet
 facet normal  0.000000e+00 -1.000000e+00  0.000000e+00
   outer loop
     vertex -4.699304e-03 -6.000000e-01  3.528793e-01
     vertex -5.577848e-02 -6.000000e-01  3.487023e-01
     vertex -2.555680e-02 -6.000000e-01  3.130628e-01
   endloop
 endfacet
 facet normal  0.000000e+00 -1.000000e+00  0.000000e+00
   outer loop
     vertex  2.926359e-01 -6.000000e-01 -1.962922e-01
     vertex  3.176073e-01 -6.000000e-01 -1.530634e-01
     vertex  2.710188e-01 -6.000000e-01 -1.555618e-01
   endloop
 endfacet
 facet normal -0.000000e+00 -1.000000e+00  0.000000e+00
   outer loop
     vertex  4.428705e-02 -6.000000e-01  3.473996e-01
     vertex -4.699304e-03 -6.000000e-01  3.528793e-01
     vertex  1.815649e-02 -6.000000e-01  3.015438e-01
   endloop
 endfacet
 facet normal  0.000000e+00 -1.000000e+00 -0.000000e+00
   outer loop
     vertex -4.699304e-03 -6.000000e-01  3.528793e-01
     vertex -2.555680e-02 -6.000000e-01  3.130628e-01
     vertex  1.815649e-02 -6.000000e-01  3.015438e-01
   endloop
 endfacet
 facet normal -0.000000e+00 -1.000000e+00  0.000000e+00
   outer loop
     vertex  9.010850e-02 -6.000000e-01  3.458824e-01
     vertex  4.428705e-02 -6.000000e-01  3.473996e-01
     vertex  7.327685e-02 -6.000000e-01  2.926683e-01
   endloop
 endfacet
 facet normal  0.000000e+00 -1.000000e+00 -0.000000e+00
   outer loop
     vertex  4.428705e-02 -6.000000e-01  3.473996e-01
     vertex  1.815649e-02 -6.000000e-01  3.015438e-01
     vertex  7.327685e-02 -6.000000e-01  2.926683e-01
   endloop
 endfacet
 facet normal -0.000000e+00 -1.000000e+00  0.000000e+00
   outer loop
     vertex  2.353855e-01 -6.000000e-01 -2.713360e-01
     vertex  2.036573e-01 -6.000000e-01 -2.278989e-01
     vertex  1.930512e-01 -6.000000e-01 -2.895173e-01
   endloop
 endfacet
 facet normal -0.000000e+00 -1.000000e+00  0.000000e+00
   outer loop
     vertex  1.295696e-01 -6.000000e-01  3.214744e-01
     vertex  9.010850e-02 -6.000000e-01  3.458824e-01
     vertex  7.327685e-02 -6.000000e-01  2.926683e-01
   endloop
 endfacet
 facet normal -0.000000e+00 -1.000000e+00  0.000000e+00
   outer loop
     vertex  2.196697e-01 -6.000000e-01  2.721903e-01
     vertex  1.750410e-01 -6.000000e-01  2.981200e-01
     vertex  1.712510e-01 -6.000000e-01  2.459880e-01
   endloop
 endfacet
 facet normal  0.000000e+00 -1.000000e+00  0.000000e+00
   outer loop
     vertex  3.316787e-01 -6.000000e-01  9.348755e-02
     vertex  3.091914e-01 -6.000000e-01  1.429036e-01
     vertex  2.734258e-01 -6.000000e-01  9.692967e-02
   endloop
 endfacet
 facet normal -0.000000e+00 -1.000000e+00  0.000000e+00
   outer loop
     vertex  3.091914e-01 -6.000000e-01  1.429036e-01
     vertex  2.523661e-01 -6.000000e-01  1.430770e-01
     vertex  2.734258e-01 -6.000000e-01  9.692967e-02
   endloop
 endfacet
 facet normal  0.000000e+00 -1.000000e+00  0.000000e+00
   outer loop
     vertex -5.577848e-02 -6.000000e-01  3.487023e-01
     vertex -1.039744e-01 -6.000000e-01  3.344395e-01
     vertex -6.535520e-02 -6.000000e-01  2.984202e-01
   endloop
 endfacet
 facet normal -0.000000e+00 -1.000000e+00  0.000000e+00
   outer loop
     vertex -2.555680e-02 -6.000000e-01  3.130628e-01
     vertex -5.577848e-02 -6.000000e-01  3.487023e-01
     vertex -6.535520e-02 -6.000000e-01  2.984202e-01
   endloop
 endfacet
 facet normal  0.000000e+00 -1.000000e+00 -0.000000e+00
   outer loop
     vertex -1.039744e-01 -6.000000e-01  3.344395e-01
     vertex -1.082170e-01 -6.000000e-01  2.845355e-01
     vertex -6.535520e-02 -6.000000e-01  2.984202e-01
   endloop
 endfacet
 facet normal  0.000000e+00 -1.000000e+00 -0.000000e+00
   outer loop
     vertex -1.513369e-01 -6.000000e-01  3.139498e-01
     vertex -1.956092e-01 -6.000000e-01  2.866808e-01
     vertex -1.496413e-01 -6.000000e-01  2.625984e-01
   endloop
 endfacet
 facet normal -0.000000e+00 -1.000000e+00  0.000000e+00
   outer loop
     vertex -1.082170e-01 -6.000000e-01  2.845355e-01
     vertex -1.513369e-01 -6.000000e-01  3.139498e-01
     vertex -1.496413e-01 -6.000000e-01  2.625984e-01
   endloop
 endfacet
 facet normal  0.000000e+00 -1.000000e+00  0.000000e+00
   outer loop
     vertex -1.956092e-01 -6.000000e-01  2.866808e-01
     vertex -1.852061e-01 -6.000000e-01  2.345800e-01
     vertex -1.496413e-01 -6.000000e-01  2.625984e-01
   endloop
 endfacet
 facet normal  0.000000e+00 -1.000000e+00 -0.000000e+00
   outer loop
     vertex -2.356380e-01 -6.000000e-01  2.541721e-01
     vertex -2.713629e-01 -6.000000e-01  2.164279e-01
     vertex -2.194615e-01 -6.000000e-01  2.054575e-01
   endloop
 endfacet
 facet normal -0.000000e+00 -1.000000e+00  0.000000e+00
   outer loop
     vertex -1.852061e-01 -6.000000e-01  2.345800e-01
     vertex -2.356380e-01 -6.000000e-01  2.541721e-01
     vertex -2.194615e-01 -6.000000e-01  2.054575e-01
   endloop
 endfacet
 facet normal  0.000000e+00 -1.000000e+00  0.000000e+00
   outer loop
     vertex -2.713629e-01 -6.000000e-01  2.164279e-01
     vertex -2.489474e-01 -6.000000e-01  1.700382e-01
     vertex -2.194615e-01 -6.000000e-01  2.054575e-01
   endloop
 endfacet
 facet normal  0.000000e+00 -1.000000e+00 -0.000000e+00
   outer loop
     vertex -3.011299e-01 -6.000000e-01  1.740258e-01
     vertex -3.246032e-01 -6.000000e-01  1.283863e-01
     vertex -2.714205e-01 -6.000000e-01  1.316889e-01
   endloop
 endfacet
 facet normal -0.000000e+00 -1.000000e+00  0.000000e+00
   outer loop
     vertex -2.489474e-01 -6.000000e-01  1.700382e-01
     vertex -3.011299e-01 -6.000000e-01  1.740258e-01
     vertex -2.714205e-01 -6.000000e-01  1.316889e-01
   endloop
 endfacet
 facet normal  0.000000e+00 -1.000000e+00  0.000000e+00
   outer loop
     vertex -3.246032e-01 -6.000000e-01  1.283863e-01
     vertex -2.914579e-01 -6.000000e-01  9.189622e-02
     vertex -2.714205e-01 -6.000000e-01  1.316889e-01
   endloop
 endfacet
 facet normal  0.000000e+00 -1.000000e+00 -0.000000e+00
   outer loop
     vertex -3.408045e-01 -6.000000e-01  7.917045e-02
     vertex -3.480965e-01 -6.000000e-01  2.814206e-02
     vertex -3.019280e-01 -6.000000e-01  4.721151e-02
   endloop
 endfacet
 facet normal  0.000000e+00 -1.000000e+00  0.000000e+00
   outer loop
     vertex -2.914579e-01 -6.000000e-01  9.189622e-02
     vertex -3.408045e-01 -6.000000e-01  7.917045e-02
     vertex -3.019280e-01 -6.000000e-01  4.721151e-02
   endloop
 endfacet
 facet normal  0.000000e+00 -1.000000e+00  0.000000e+00
   outer loop
     vertex -3.480965e-01 -6.000000e-01  2.814206e-02
     vertex -3.020810e-01 -6.000000e-01  2.964992e-03
     vertex -3.019280e-01 -6.000000e-01  4.721151e-02
   endloop
 endfacet
 facet normal  0.000000e+00 -1.000000e+00  0.000000e+00
   outer loop
     vertex -3.478415e-01 -6.000000e-01 -2.254452e-02
     vertex -3.419582e-01 -6.000000e-01 -7.295067e-02
     vertex -2.996790e-01 -6.000000e-01 -4.116800e-02
   endloop
 endfacet
 facet normal  0.000000e+00 -1.000000e+00 -0.000000e+00
   outer loop
     vertex -3.020810e-01 -6.000000e-01  2.964992e-03
     vertex -3.478415e-01 -6.000000e-01 -2.254452e-02
     vertex -2.996790e-01 -6.000000e-01 -4.116800e-02
   endloop
 endfacet
 facet normal  0.000000e+00 -1.000000e+00  0.000000e+00
   outer loop
     vertex -3.419582e-01 -6.000000e-01 -7.295067e-02
     vertex -2.944686e-01 -6.000000e-01 -8.518920e-02
     vertex -2.996790e-01 -6.000000e-01 -4.116800e-02
   endloop
 endfacet
 facet normal  0.000000e+00 -1.000000e+00  0.000000e+00
   outer loop
     vertex -3.282445e-01 -6.000000e-01 -1.228747e-01
     vertex -3.057350e-01 -6.000000e-01 -1.699503e-01
     vertex -2.785236e-01 -6.000000e-01 -1.283629e-01
   endloop
 endfacet
 facet normal  0.000000e+00 -1.000000e+00 -0.000000e+00
   outer loop
     vertex -2.944686e-01 -6.000000e-01 -8.518920e-02
     vertex -3.282445e-01 -6.000000e-01 -1.228747e-01
     vertex -2.785236e-01 -6.000000e-01 -1.283629e-01
   endloop
 endfacet
 facet normal  0.000000e+00 -1.000000e+00  0.000000e+00
   outer loop
     vertex -3.057350e-01 -6.000000e-01 -1.699503e-01
     vertex -2.538272e-01 -6.000000e-01 -1.657995e-01
     vertex -2.785236e-01 -6.000000e-01 -1.283629e-01
   endloop
 endfacet
 facet normal  0.000000e+00 -1.000000e+00  0.000000e+00
   outer loop
     vertex -2.764303e-01 -6.000000e-01 -2.127989e-01
     vertex -2.418523e-01 -6.000000e-01 -2.519900e-01
     vertex -2.262668e-01 -6.000000e-01 -2.016749e-01
   endloop
 endfacet
 facet normal  0.000000e+00 -1.000000e+00 -0.000000e+00
   outer loop
     vertex -2.538272e-01 -6.000000e-01 -1.657995e-01
     vertex -2.764303e-01 -6.000000e-01 -2.127989e-01
     vertex -2.262668e-01 -6.000000e-01 -2.016749e-01
   endloop
 endfacet
 facet normal  0.000000e+00 -1.000000e+00  0.000000e+00
   outer loop
     vertex -2.418523e-01 -6.000000e-01 -2.519900e-01
     vertex -1.955848e-01 -6.000000e-01 -2.353032e-01
     vertex -2.262668e-01 -6.000000e-01 -2.016749e-01
   endloop
 endfacet
 facet normal  0.000000e+00 -1.000000e+00  0.000000e+00
   outer loop
     vertex -2.005652e-01 -6.000000e-01 -2.853978e-01
     vertex -1.536003e-01 -6.000000e-01 -3.101605e-01
     vertex -1.560183e-01 -6.000000e-01 -2.607837e-01
   endloop
 endfacet
 facet normal  0.000000e+00 -1.000000e+00 -0.000000e+00
   outer loop
     vertex -1.955848e-01 -6.000000e-01 -2.353032e-01
     vertex -2.005652e-01 -6.000000e-01 -2.853978e-01
     vertex -1.560183e-01 -6.000000e-01 -2.607837e-01
   endloop
 endfacet
 facet normal  0.000000e+00 -1.000000e+00  0.000000e+00
   outer loop
     vertex -1.536003e-01 -6.000000e-01 -3.101605e-01
     vertex -1.122017e-01 -6.000000e-01 -2.747115e-01
     vertex -1.560183e-01 -6.000000e-01 -2.607837e-01
   endloop
 endfacet
 facet normal  0.000000e+00 -1.000000e+00  0.000000e+00
   outer loop
     vertex -1.038138e-01 -6.000000e-01 -3.264889e-01
     vertex -5.266179e-02 -6.000000e-01 -3.368226e-01
     vertex -6.660170e-02 -6.000000e-01 -2.842258e-01
   endloop
 endfacet
 facet normal  0.000000e+00 -1.000000e+00  0.000000e+00
   outer loop
     vertex -1.122017e-01 -6.000000e-01 -2.747115e-01
     vertex -1.038138e-01 -6.000000e-01 -3.264889e-01
     vertex -6.660170e-02 -6.000000e-01 -2.842258e-01
   endloop
 endfacet
 facet normal  0.000000e+00 -1.000000e+00  0.000000e+00
   outer loop
     vertex -5.266179e-02 -6.000000e-01 -3.368226e-01
     vertex -2.002785e-02 -6.000000e-01 -2.902999e-01
     vertex -6.660170e-02 -6.000000e-01 -2.842258e-01
   endloop
 endfacet
 facet normal  0.000000e+00 -1.000000e+00  0.000000e+00
   outer loop
     vertex -1.079372e-03 -6.000000e-01 -3.418540e-01
     vertex  4.989310e-02 -6.000000e-01 -3.420024e-01
     vertex  2.642487e-02 -6.000000e-01 -2.930721e-01
   endloop
 endfacet
 facet normal  0.000000e+00 -1.000000e+00  0.000000e+00
   outer loop
     vertex -2.002785e-02 -6.000000e-01 -2.902999e-01
     vertex -1.079372e-03 -6.000000e-01 -3.418540e-01
     vertex  2.642487e-02 -6.000000e-01 -2.930721e-01
   endloop
 endfacet
 facet normal  0.000000e+00 -1.000000e+00  0.000000e+00
   outer loop
     vertex  4.989310e-02 -6.000000e-01 -3.420024e-01
     vertex  6.950667e-02 -6.000000e-01 -2.967603e-01
     vertex  2.642487e-02 -6.000000e-01 -2.930721e-01
   endloop
 endfacet
 facet normal  0.000000e+00 -1.000000e+00  0.000000e+00
   outer loop
     vertex  1.008113e-01 -6.000000e-01 -3.316826e-01
     vertex  1.475838e-01 -6.000000e-01 -3.116937e-01
     vertex  1.087148e-01 -6.000000e-01 -2.748495e-01
   endloop
 endfacet
 facet normal  0.000000e+00 -1.000000e+00  0.000000e+00
   outer loop
     vertex  6.950667e-02 -6.000000e-01 -2.967603e-01
     vertex  1.008113e-01 -6.000000e-01 -3.316826e-01
     vertex  1.087148e-01 -6.000000e-01 -2.748495e-01
   endloop
 endfacet
 facet normal  0.000000e+00 -1.000000e+00  0.000000e+00
   outer loop
     vertex  1.475838e-01 -6.000000e-01 -3.116937e-01
     vertex  1.536081e-01 -6.000000e-01 -2.539311e-01
     vertex  1.087148e-01 -6.000000e-01 -2.748495e-01
   endloop
 endfacet
 facet normal  0.000000e+00 -1.000000e+00  0.000000e+00
   outer loop
     vertex  2.618237e-01 -6.000000e-01 -2.340490e-01
     vertex  2.926359e-01 -6.000000e-01 -1.962922e-01
     vertex  2.380442e-01 -6.000000e-01 -1.857012e-01
   endloop
 endfacet
 facet normal  0.000000e+00 -1.000000e+00  0.000000e+00
   outer loop
     vertex  2.036573e-01 -6.000000e-01 -2.278989e-01
     vertex  2.618237e-01 -6.000000e-01 -2.340490e-01
     vertex  2.380442e-01 -6.000000e-01 -1.857012e-01
   endloop
 endfacet
 facet normal  0.000000e+00 -1.000000e+00  0.000000e+00
   outer loop
     vertex  2.926359e-01 -6.000000e-01 -1.962922e-01
     vertex  2.710188e-01 -6.000000e-01 -1.555618e-01
     vertex  2.380442e-01 -6.000000e-01 -1.857012e-01
   endloop
 endfacet
 facet normal -0.000000e+00 -1.000000e+00  0.000000e+00
   outer loop
     vertex  1.750410e-01 -6.000000e-01  2.981200e-01
     vertex  1.295696e-01 -6.000000e-01  3.214744e-01
     vertex  1.248381e-01 -6.000000e-01  2.666851e-01
   endloop
 endfacet
 facet normal  0.000000e+00 -1.000000e+00  0.000000e+00
   outer loop
     vertex  1.712510e-01 -6.000000e-01  2.459880e-01
     vertex  1.750410e-01 -6.000000e-01  2.981200e-01
     vertex  1.248381e-01 -6.000000e-01  2.666851e-01
   endloop
 endfacet
 facet normal  0.000000e+00 -1.000000e+00  0.000000e+00
   outer loop
     vertex  1.295696e-01 -6.000000e-01  3.214744e-01
     vertex  7.327685e-02 -6.000000e-01  2.926683e-01
     vertex  1.248381e-01 -6.000000e-01  2.666851e-01
   endloop
 endfacet
 facet normal  0.000000e+00 -1.000000e+00  0.000000e+00
   outer loop
     vertex  2.315837e-01 -6.000000e-01  1.876710e-01
     vertex  2.575675e-01 -6.000000e-01  2.352759e-01
     vertex  2.119336e-01 -6.000000e-01  2.272784e-01
   endloop
 endfacet
 facet normal  0.000000e+00 -1.000000e+00  0.000000e+00
   outer loop
     vertex  3.546344e-01 -6.000000e-01  3.997409e-02
     vertex  3.316787e-01 -6.000000e-01  9.348755e-02
     vertex  2.951193e-01 -6.000000e-01  5.209135e-02
   endloop
 endfacet
 facet normal  0.000000e+00 -1.000000e+00  0.000000e+00
   outer loop
     vertex  2.196697e-01 -6.000000e-01  2.721903e-01
     vertex  1.712510e-01 -6.000000e-01  2.459880e-01
     vertex  2.119336e-01 -6.000000e-01  2.272784e-01
   endloop
 endfacet
 facet normal  0.000000e+00 -1.000000e+00  0.000000e+00
   outer loop
     vertex  3.156761e-01 -6.000000e-01 -3.469902e-02
     vertex  3.091953e-01 -6.000000e-01  6.720833e-03
     vertex  2.694876e-01 -6.000000e-01 -3.050083e-02
   endloop
 endfacet
 facet normal  0.000000e+00 -1.000000e+00  0.000000e+00
   outer loop
     vertex  1.930512e-01 -6.000000e-01 -2.895173e-01
     vertex  2.036573e-01 -6.000000e-01 -2.278989e-01
     vertex  1.536081e-01 -6.000000e-01 -2.539311e-01
   endloop
 endfacet
 facet normal  0.000000e+00 -1.000000e+00  0.000000e+00
   outer loop
     vertex  2.119336e-01 -6.000000e-01  2.272784e-01
     vertex  2.575675e-01 -6.000000e-01  2.352759e-01
     vertex  2.196697e-01 -6.000000e-01  2.721903e-01
   endloop
 endfacet
 facet normal -0.000000e+00 -1.000000e+00  0.000000e+00
   outer loop
     vertex  3.546344e-01 -6.000000e-01  3.997409e-02
     vertex  2.951193e-01 -6.000000e-01  5.209135e-02
     vertex  3.091953e-01 -6.000000e-01  6.720833e-03
   endloop
 endfacet
 facet normal  0.000000e+00 -1.000000e+00  0.000000e+00
   outer loop
     vertex  1.536081e-01 -6.000000e-01 -2.539311e-01
     vertex  2.036573e-01 -6.000000e-01 -2.278989e-01
     vertex  1.571213e-01 -6.000000e-01 -2.014179e-01
   endloop
 endfacet
 facet normal  0.000000e+00 -1.000000e+00  0.000000e+00
   outer loop
     vertex  2.315837e-01 -6.000000e-01  1.876710e-01
     vertex  2.119336e-01 -6.000000e-01  2.272784e-01
     vertex  1.792779e-01 -6.000000e-01  1.941966e-01
   endloop
 endfacet
 facet normal -0.000000e+00 -1.000000e+00  0.000000e+00
   outer loop
     vertex  2.119336e-01 -6.000000e-01  2.272784e-01
     vertex  1.712510e-01 -6.000000e-01  2.459880e-01
     vertex  1.792779e-01 -6.000000e-01  1.941966e-01
   endloop
 endfacet
 facet normal  0.000000e+00 -1.000000e+00  0.000000e+00
   outer loop
     vertex  2.951193e-01 -6.000000e-01  5.209135e-02
     vertex  3.316787e-01 -6.000000e-01  9.348755e-02
     vertex  2.734258e-01 -6.000000e-01  9.692967e-02
   endloop
 endfacet
 facet normal  0.000000e+00 -1.000000e+00  0.000000e+00
   outer loop
     vertex  2.523661e-01 -6.000000e-01  1.430770e-01
     vertex  2.315837e-01 -6.000000e-01  1.876710e-01
     vertex  1.966792e-01 -6.000000e-01  1.459132e-01
   endloop
 endfacet
 facet normal -0.000000e+00 -1.000000e+00  0.000000e+00
   outer loop
     vertex  2.315837e-01 -6.000000e-01  1.876710e-01
     vertex  1.792779e-01 -6.000000e-01  1.941966e-01
     vertex  1.966792e-01 -6.000000e-01  1.459132e-01
   endloop
 endfacet
 facet normal  0.000000e+00 -1.000000e+00  0.000000e+00
   outer loop
     vertex  3.176073e-01 -6.000000e-01 -1.530634e-01
     vertex  3.341506e-01 -6.000000e-01 -1.083446e-01
     vertex  2.810921e-01 -6.000000e-01 -1.138581e-01
   endloop
 endfacet
 facet normal  0.000000e+00 -1.000000e+00  0.000000e+00
   outer loop
     vertex  2.710188e-01 -6.000000e-01 -1.555618e-01
     vertex  3.176073e-01 -6.000000e-01 -1.530634e-01
     vertex  2.810921e-01 -6.000000e-01 -1.138581e-01
   endloop
 endfacet
 facet normal -0.000000e+00 -1.000000e+00  0.000000e+00
   outer loop
     vertex  3.341506e-01 -6.000000e-01 -1.083446e-01
     vertex  2.968451e-01 -6.000000e-01 -7.232387e-02
     vertex  2.810921e-01 -6.000000e-01 -1.138581e-01
   endloop
 endfacet
 facet normal  0.000000e+00 -1.000000e+00  0.000000e+00
   outer loop
     vertex  2.968451e-01 -6.000000e-01 -7.232387e-02
     vertex  3.156761e-01 -6.000000e-01 -3.469902e-02
     vertex  2.694876e-01 -6.000000e-01 -3.050083e-02
   endloop
 endfacet
 facet normal  0.000000e+00 -1.000000e+00  0.000000e+00
   outer loop
     vertex  1.571213e-01 -6.000000e-01 -2.014179e-01
     vertex  2.036573e-01 -6.000000e-01 -2.278989e-01
     vertex  1.880384e-01 -6.000000e-01 -1.621178e-01
   endloop
 endfacet
 facet normal  0.000000e+00 -1.000000e+00  0.000000e+00
   outer loop
     vertex  2.036573e-01 -6.000000e-01 -2.278989e-01
     vertex  2.380442e-01 -6.000000e-01 -1.857012e-01
     vertex  1.880384e-01 -6.000000e-01 -1.621178e-01
   endloop
 endfacet
 facet normal  0.000000e+00 -1.000000e+00 -0.000000e+00
   outer loop
     vertex -2.555680e-02 -6.000000e-01  3.130628e-01
     vertex -6.535520e-02 -6.000000e-01  2.984202e-01
     vertex -2.207801e-02 -6.000000e-01  2.659536e-01
   endloop
 endfacet
 facet normal  0.000000e+00 -1.000000e+00  0.000000e+00
   outer loop
     vertex  3.091953e-01 -6.000000e-01  6.720833e-03
     vertex  2.951193e-01 -6.000000e-01  5.209135e-02
     vertex  2.623922e-01 -6.000000e-01  1.355402e-02
   endloop
 endfacet
 facet normal -0.000000e+00 -1.000000e+00  0.000000e+00
   outer loop
     vertex  1.248381e-01 -6.000000e-01  2.666851e-01
     vertex  7.327685e-02 -6.000000e-01  2.926683e-01
     vertex  7.919733e-02 -6.000000e-01  2.291155e-01
   endloop
 endfacet
 facet normal  0.000000e+00 -1.000000e+00  0.000000e+00
   outer loop
     vertex -2.555680e-02 -6.000000e-01  3.130628e-01
     vertex -2.207801e-02 -6.000000e-01  2.659536e-01
     vertex  1.815649e-02 -6.000000e-01  3.015438e-01
   endloop
 endfacet
 facet normal  0.000000e+00 -1.000000e+00  0.000000e+00
   outer loop
     vertex  6.950667e-02 -6.000000e-01 -2.967603e-01
     vertex  1.087148e-01 -6.000000e-01 -2.748495e-01
     vertex  6.312361e-02 -6.000000e-01 -2.428158e-01
   endloop
 endfacet
 facet normal  0.000000e+00 -1.000000e+00  0.000000e+00
   outer loop
     vertex -2.002785e-02 -6.000000e-01 -2.902999e-01
     vertex  2.642487e-02 -6.000000e-01 -2.930721e-01
     vertex  1.055848e-02 -6.000000e-01 -2.432625e-01
   endloop
 endfacet
 facet normal  0.000000e+00 -1.000000e+00  0.000000e+00
   outer loop
     vertex -1.122017e-01 -6.000000e-01 -2.747115e-01
     vertex -6.660170e-02 -6.000000e-01 -2.842258e-01
     vertex -7.819137e-02 -6.000000e-01 -2.332356e-01
   endloop
 endfacet
 facet normal  0.000000e+00 -1.000000e+00  0.000000e+00
   outer loop
     vertex -1.955848e-01 -6.000000e-01 -2.353032e-01
     vertex -1.560183e-01 -6.000000e-01 -2.607837e-01
     vertex -1.570477e-01 -6.000000e-01 -2.183540e-01
   endloop
 endfacet
 facet normal  0.000000e+00 -1.000000e+00  0.000000e+00
   outer loop
     vertex -2.538272e-01 -6.000000e-01 -1.657995e-01
     vertex -2.262668e-01 -6.000000e-01 -2.016749e-01
     vertex -2.048598e-01 -6.000000e-01 -1.549347e-01
   endloop
 endfacet
 facet normal  0.000000e+00 -1.000000e+00  0.000000e+00
   outer loop
     vertex -2.944686e-01 -6.000000e-01 -8.518920e-02
     vertex -2.785236e-01 -6.000000e-01 -1.283629e-01
     vertex -2.532299e-01 -6.000000e-01 -9.368888e-02
   endloop
 endfacet
 facet normal  0.000000e+00 -1.000000e+00  0.000000e+00
   outer loop
     vertex -3.020810e-01 -6.000000e-01  2.964992e-03
     vertex -2.996790e-01 -6.000000e-01 -4.116800e-02
     vertex -2.541208e-01 -6.000000e-01 -1.560842e-02
   endloop
 endfacet
 facet normal  0.000000e+00 -1.000000e+00 -0.000000e+00
   outer loop
     vertex -2.914579e-01 -6.000000e-01  9.189622e-02
     vertex -3.019280e-01 -6.000000e-01  4.721151e-02
     vertex -2.613202e-01 -6.000000e-01  6.192284e-02
   endloop
 endfacet
 facet normal  0.000000e+00 -1.000000e+00 -0.000000e+00
   outer loop
     vertex -2.489474e-01 -6.000000e-01  1.700382e-01
     vertex -2.714205e-01 -6.000000e-01  1.316889e-01
     vertex -2.185349e-01 -6.000000e-01  1.281873e-01
   endloop
 endfacet
 facet normal  0.000000e+00 -1.000000e+00 -0.000000e+00
   outer loop
     vertex -1.852061e-01 -6.000000e-01  2.345800e-01
     vertex -2.194615e-01 -6.000000e-01  2.054575e-01
     vertex -1.691267e-01 -6.000000e-01  1.849340e-01
   endloop
 endfacet
 facet normal  0.000000e+00 -1.000000e+00  0.000000e+00
   outer loop
     vertex -1.082170e-01 -6.000000e-01  2.845355e-01
     vertex -1.496413e-01 -6.000000e-01  2.625984e-01
     vertex -1.094570e-01 -6.000000e-01  2.411253e-01
   endloop
 endfacet
 facet normal -0.000000e+00 -1.000000e+00  0.000000e+00
   outer loop
     vertex  1.712510e-01 -6.000000e-01  2.459880e-01
     vertex  1.248381e-01 -6.000000e-01  2.666851e-01
     vertex  1.300401e-01 -6.000000e-01  2.103399e-01
   endloop
 endfacet
 facet normal  0.000000e+00 -1.000000e+00 -0.000000e+00
   outer loop
     vertex  1.248381e-01 -6.000000e-01  2.666851e-01
     vertex  7.919733e-02 -6.000000e-01  2.291155e-01
     vertex  1.300401e-01 -6.000000e-01  2.103399e-01
   endloop
 endfacet
 facet normal -0.000000e+00 -1.000000e+00  0.000000e+00
   outer loop
     vertex  7.327685e-02 -6.000000e-01  2.926683e-01
     vertex  1.815649e-02 -6.000000e-01  3.015438e-01
     vertex  2.686805e-02 -6.000000e-01  2.456396e-01
   endloop
 endfacet
 facet normal  0.000000e+00 -1.000000e+00  0.000000e+00
   outer loop
     vertex  7.919733e-02 -6.000000e-01  2.291155e-01
     vertex  7.327685e-02 -6.000000e-01  2.926683e-01
     vertex  2.686805e-02 -6.000000e-01  2.456396e-01
   endloop
 endfacet
 facet normal  0.000000e+00 -1.000000e+00 -0.000000e+00
   outer loop
     vertex  1.815649e-02 -6.000000e-01  3.015438e-01
     vertex -2.207801e-02 -6.000000e-01  2.659536e-01
     vertex  2.686805e-02 -6.000000e-01  2.456396e-01
   endloop
 endfacet
 facet normal  0.000000e+00 -1.000000e+00  0.000000e+00
   outer loop
     vertex  2.734258e-01 -6.000000e-01  9.692967e-02
     vertex  2.523661e-01 -6.000000e-01  1.430770e-01
     vertex  2.157710e-01 -6.000000e-01  9.735805e-02
   endloop
 endfacet
 facet normal -0.000000e+00 -1.000000e+00  0.000000e+00
   outer loop
     vertex  2.523661e-01 -6.000000e-01  1.430770e-01
     vertex  1.966792e-01 -6.000000e-01  1.459132e-01
     vertex  2.157710e-01 -6.000000e-01  9.735805e-02
   endloop
 endfacet
 facet normal -0.000000e+00 -1.000000e+00  0.000000e+00
   outer loop
     vertex  2.951193e-01 -6.000000e-01  5.209135e-02
     vertex  2.734258e-01 -6.000000e-01  9.692967e-02
     vertex  2.366331e-01 -6.000000e-01  5.068953e-02
   endloop
 endfacet
 facet normal  0.000000e+00 -1.000000e+00  0.000000e+00
   outer loop
     vertex  2.623922e-01 -6.000000e-01  1.355402e-02
     vertex  2.951193e-01 -6.000000e-01  5.209135e-02
     vertex  2.366331e-01 -6.000000e-01  5.068953e-02
   endloop
 endfacet
 facet normal -0.000000e+00 -1.000000e+00  0.000000e+00
   outer loop
     vertex  2.734258e-01 -6.000000e-01  9.692967e-02
     vertex  2.157710e-01 -6.000000e-01  9.735805e-02
     vertex  2.366331e-01 -6.000000e-01  5.068953e-02
   endloop
 endfacet
 facet normal  0.000000e+00 -1.000000e+00  0.000000e+00
   outer loop
     vertex -6.535520e-02 -6.000000e-01  2.984202e-01
     vertex -1.082170e-01 -6.000000e-01  2.845355e-01
     vertex -6.709267e-02 -6.000000e-01  2.486163e-01
   endloop
 endfacet
 facet normal -0.000000e+00 -1.000000e+00  0.000000e+00
   outer loop
     vertex -2.207801e-02 -6.000000e-01  2.659536e-01
     vertex -6.535520e-02 -6.000000e-01  2.984202e-01
     vertex -6.709267e-02 -6.000000e-01  2.486163e-01
   endloop
 endfacet
 facet normal  0.000000e+00 -1.000000e+00 -0.000000e+00
   outer loop
     vertex -1.082170e-01 -6.000000e-01  2.845355e-01
     vertex -1.094570e-01 -6.000000e-01  2.411253e-01
     vertex -6.709267e-02 -6.000000e-01  2.486163e-01
   endloop
 endfacet
 facet normal  0.000000e+00 -1.000000e+00  0.000000e+00
   outer loop
     vertex  6.950667e-02 -6.000000e-01 -2.967603e-01
     vertex  6.312361e-02 -6.000000e-01 -2.428158e-01
     vertex  2.642487e-02 -6.000000e-01 -2.930721e-01
   endloop
 endfacet
 facet normal  0.000000e+00 -1.000000e+00 -0.000000e+00
   outer loop
     vertex -1.496413e-01 -6.000000e-01  2.625984e-01
     vertex -1.852061e-01 -6.000000e-01  2.345800e-01
     vertex -1.373636e-01 -6.000000e-01  2.122896e-01
   endloop
 endfacet
 facet normal -0.000000e+00 -1.000000e+00  0.000000e+00
   outer loop
     vertex -1.094570e-01 -6.000000e-01  2.411253e-01
     vertex -1.496413e-01 -6.000000e-01  2.625984e-01
     vertex -1.373636e-01 -6.000000e-01  2.122896e-01
   endloop
 endfacet
 facet normal  0.000000e+00 -1.000000e+00  0.000000e+00
   outer loop
     vertex -1.852061e-01 -6.000000e-01  2.345800e-01
     vertex -1.691267e-01 -6.000000e-01  1.849340e-01
     vertex -1.373636e-01 -6.000000e-01  2.122896e-01
   endloop
 endfacet
 facet normal  0.000000e+00 -1.000000e+00 -0.000000e+00
   outer loop
     vertex -2.194615e-01 -6.000000e-01  2.054575e-01
     vertex -2.489474e-01 -6.000000e-01  1.700382e-01
     vertex -2.027845e-01 -6.000000e-01  1.634617e-01
   endloop
 endfacet
 facet normal -0.000000e+00 -1.000000e+00  0.000000e+00
   outer loop
     vertex -1.691267e-01 -6.000000e-01  1.849340e-01
     vertex -2.194615e-01 -6.000000e-01  2.054575e-01
     vertex -2.027845e-01 -6.000000e-01  1.634617e-01
   endloop
 endfacet
 facet normal  0.000000e+00 -1.000000e+00  0.000000e+00
   outer loop
     vertex -2.489474e-01 -6.000000e-01  1.700382e-01
     vertex -2.185349e-01 -6.000000e-01  1.281873e-01
     vertex -2.027845e-01 -6.000000e-01  1.634617e-01
   endloop
 endfacet
 facet normal  0.000000e+00 -1.000000e+00 -0.000000e+00
   outer loop
     vertex -2.714205e-01 -6.000000e-01  1.316889e-01
     vertex -2.914579e-01 -6.000000e-01  9.189622e-02
     vertex -2.401858e-01 -6.000000e-01  9.387138e-02
   endloop
 endfacet
 facet normal -0.000000e+00 -1.000000e+00  0.000000e+00
   outer loop
     vertex -2.185349e-01 -6.000000e-01  1.281873e-01
     vertex -2.714205e-01 -6.000000e-01  1.316889e-01
     vertex -2.401858e-01 -6.000000e-01  9.387138e-02
   endloop
 endfacet
 facet normal  0.000000e+00 -1.000000e+00  0.000000e+00
   outer loop
     vertex -2.914579e-01 -6.000000e-01  9.189622e-02
     vertex -2.613202e-01 -6.000000e-01  6.192284e-02
     vertex -2.401858e-01 -6.000000e-01  9.387138e-02
   endloop
 endfacet
 facet normal  0.000000e+00 -1.000000e+00 -0.000000e+00
   outer loop
     vertex -3.019280e-01 -6.000000e-01  4.721151e-02
     vertex -3.020810e-01 -6.000000e-01  2.964992e-03
     vertex -2.570220e-01 -6.000000e-01  2.435059e-02
   endloop
 endfacet
 facet normal  0.000000e+00 -1.000000e+00 -0.000000e+00
   outer loop
     vertex -2.613202e-01 -6.000000e-01  6.192284e-02
     vertex -3.019280e-01 -6.000000e-01  4.721151e-02
     vertex -2.570220e-01 -6.000000e-01  2.435059e-02
   endloop
 endfacet
 facet normal  0.000000e+00 -1.000000e+00  0.000000e+00
   outer loop
     vertex -3.020810e-01 -6.000000e-01  2.964992e-03
     vertex -2.541208e-01 -6.000000e-01 -1.560842e-02
     vertex -2.570220e-01 -6.000000e-01  2.435059e-02
   endloop
 endfacet
 facet normal  0.000000e+00 -1.000000e+00  0.000000e+00
   outer loop
     vertex -2.996790e-01 -6.000000e-01 -4.116800e-02
     vertex -2.944686e-01 -6.000000e-01 -8.518920e-02
     vertex -2.532562e-01 -6.000000e-01 -5.570708e-02
   endloop
 endfacet
 facet normal  0.000000e+00 -1.000000e+00 -0.000000e+00
   outer loop
     vertex -2.541208e-01 -6.000000e-01 -1.560842e-02
     vertex -2.996790e-01 -6.000000e-01 -4.116800e-02
     vertex -2.532562e-01 -6.000000e-01 -5.570708e-02
   endloop
 endfacet
 facet normal  0.000000e+00 -1.000000e+00  0.000000e+00
   outer loop
     vertex -2.944686e-01 -6.000000e-01 -8.518920e-02
     vertex -2.532299e-01 -6.000000e-01 -9.368888e-02
     vertex -2.532562e-01 -6.000000e-01 -5.570708e-02
   endloop
 endfacet
 facet normal  0.000000e+00 -1.000000e+00  0.000000e+00
   outer loop
     vertex -2.785236e-01 -6.000000e-01 -1.283629e-01
     vertex -2.538272e-01 -6.000000e-01 -1.657995e-01
     vertex -2.293992e-01 -6.000000e-01 -1.229166e-01
   endloop
 endfacet
 facet normal  0.000000e+00 -1.000000e+00 -0.000000e+00
   outer loop
     vertex -2.532299e-01 -6.000000e-01 -9.368888e-02
     vertex -2.785236e-01 -6.000000e-01 -1.283629e-01
     vertex -2.293992e-01 -6.000000e-01 -1.229166e-01
   endloop
 endfacet
 facet normal  0.000000e+00 -1.000000e+00  0.000000e+00
   outer loop
     vertex -2.538272e-01 -6.000000e-01 -1.657995e-01
     vertex -2.048598e-01 -6.000000e-01 -1.549347e-01
     vertex -2.293992e-01 -6.000000e-01 -1.229166e-01
   endloop
 endfacet
 facet normal  0.000000e+00 -1.000000e+00  0.000000e+00
   outer loop
     vertex -2.262668e-01 -6.000000e-01 -2.016749e-01
     vertex -1.955848e-01 -6.000000e-01 -2.353032e-01
     vertex -1.805412e-01 -6.000000e-01 -1.877841e-01
   endloop
 endfacet
 facet normal  0.000000e+00 -1.000000e+00 -0.000000e+00
   outer loop
     vertex -2.048598e-01 -6.000000e-01 -1.549347e-01
     vertex -2.262668e-01 -6.000000e-01 -2.016749e-01
     vertex -1.805412e-01 -6.000000e-01 -1.877841e-01
   endloop
 endfacet
 facet normal  0.000000e+00 -1.000000e+00  0.000000e+00
   outer loop
     vertex -1.955848e-01 -6.000000e-01 -2.353032e-01
     vertex -1.570477e-01 -6.000000e-01 -2.183540e-01
     vertex -1.805412e-01 -6.000000e-01 -1.877841e-01
   endloop
 endfacet
 facet normal  0.000000e+00 -1.000000e+00  0.000000e+00
   outer loop
     vertex -1.560183e-01 -6.000000e-01 -2.607837e-01
     vertex -1.122017e-01 -6.000000e-01 -2.747115e-01
     vertex -1.193147e-01 -6.000000e-01 -2.261493e-01
   endloop
 endfacet
 facet normal  0.000000e+00 -1.000000e+00  0.000000e+00
   outer loop
     vertex -1.570477e-01 -6.000000e-01 -2.183540e-01
     vertex -1.560183e-01 -6.000000e-01 -2.607837e-01
     vertex -1.193147e-01 -6.000000e-01 -2.261493e-01
   endloop
 endfacet
 facet normal  0.000000e+00 -1.000000e+00  0.000000e+00
   outer loop
     vertex -1.122017e-01 -6.000000e-01 -2.747115e-01
     vertex -7.819137e-02 -6.000000e-01 -2.332356e-01
     vertex -1.193147e-01 -6.000000e-01 -2.261493e-01
   endloop
 endfacet
 facet normal  0.000000e+00 -1.000000e+00  0.000000e+00
   outer loop
     vertex -6.660170e-02 -6.000000e-01 -2.842258e-01
     vertex -2.002785e-02 -6.000000e-01 -2.902999e-01
     vertex -3.468184e-02 -6.000000e-01 -2.387547e-01
   endloop
 endfacet
 facet normal  0.000000e+00 -1.000000e+00  0.000000e+00
   outer loop
     vertex -7.819137e-02 -6.000000e-01 -2.332356e-01
     vertex -6.660170e-02 -6.000000e-01 -2.842258e-01
     vertex -3.468184e-02 -6.000000e-01 -2.387547e-01
   endloop
 endfacet
 facet normal  0.000000e+00 -1.000000e+00  0.000000e+00
   outer loop
     vertex -2.002785e-02 -6.000000e-01 -2.902999e-01
     vertex  1.055848e-02 -6.000000e-01 -2.432625e-01
     vertex -3.468184e-02 -6.000000e-01 -2.387547e-01
   endloop
 endfacet
 facet normal  0.000000e+00 -1.000000e+00  0.000000e+00
   outer loop
     vertex  2.694876e-01 -6.000000e-01 -3.050083e-02
     vertex  3.091953e-01 -6.000000e-01  6.720833e-03
     vertex  2.623922e-01 -6.000000e-01  1.355402e-02
   endloop
 endfacet
 facet normal  0.000000e+00 -1.000000e+00  0.000000e+00
   outer loop
     vertex  1.792779e-01 -6.000000e-01  1.941966e-01
     vertex  1.712510e-01 -6.000000e-01  2.459880e-01
     vertex  1.300401e-01 -6.000000e-01  2.103399e-01
   endloop
 endfacet
 facet normal  0.000000e+00 -1.000000e+00  0.000000e+00
   outer loop
     vertex  1.087148e-01 -6.000000e-01 -2.748495e-01
     vertex  1.536081e-01 -6.000000e-01 -2.539311e-01
     vertex  1.116253e-01 -6.000000e-01 -2.166504e-01
   endloop
 endfacet
 facet normal  0.000000e+00 -1.000000e+00  0.000000e+00
   outer loop
     vertex  6.312361e-02 -6.000000e-01 -2.428158e-01
     vertex  1.087148e-01 -6.000000e-01 -2.748495e-01
     vertex  1.116253e-01 -6.000000e-01 -2.166504e-01
   endloop
 endfacet
 facet normal  0.000000e+00 -1.000000e+00  0.000000e+00
   outer loop
     vertex  1.536081e-01 -6.000000e-01 -2.539311e-01
     vertex  1.571213e-01 -6.000000e-01 -2.014179e-01
     vertex  1.116253e-01 -6.000000e-01 -2.166504e-01
   endloop
 endfacet
 facet normal -0.000000e+00 -1.000000e+00  0.000000e+00
   outer loop
     vertex  1.792779e-01 -6.000000e-01  1.941966e-01
     vertex  1.300401e-01 -6.000000e-01  2.103399e-01
     vertex  1.427377e-01 -6.000000e-01  1.554669e-01
   endloop
 endfacet
 facet normal  0.000000e+00 -1.000000e+00  0.000000e+00
   outer loop
     vertex  2.694876e-01 -6.000000e-01 -3.050083e-02
     vertex  2.623922e-01 -6.000000e-01  1.355402e-02
     vertex  2.111871e-01 -6.000000e-01 -1.412376e-02
   endloop
 endfacet
 facet normal  0.000000e+00 -1.000000e+00  0.000000e+00
   outer loop
     vertex  2.642487e-02 -6.000000e-01 -2.930721e-01
     vertex  6.312361e-02 -6.000000e-01 -2.428158e-01
     vertex  1.055848e-02 -6.000000e-01 -2.432625e-01
   endloop
 endfacet
 facet normal  0.000000e+00 -1.000000e+00  0.000000e+00
   outer loop
     vertex  2.710188e-01 -6.000000e-01 -1.555618e-01
     vertex  2.810921e-01 -6.000000e-01 -1.138581e-01
     vertex  2.300119e-01 -6.000000e-01 -1.288171e-01
   endloop
 endfacet
 facet normal -0.000000e+00 -1.000000e+00  0.000000e+00
   outer loop
     vertex  2.710188e-01 -6.000000e-01 -1.555618e-01
     vertex  2.300119e-01 -6.000000e-01 -1.288171e-01
     vertex  2.380442e-01 -6.000000e-01 -1.857012e-01
   endloop
 endfacet
 facet normal  0.000000e+00 -1.000000e+00  0.000000e+00
   outer loop
     vertex  1.055848e-02 -6.000000e-01 -2.432625e-01
     vertex  6.312361e-02 -6.000000e-01 -2.428158e-01
     vertex  3.457578e-02 -6.000000e-01 -1.988652e-01
   endloop
 endfacet
 facet normal  0.000000e+00 -1.000000e+00  0.000000e+00
   outer loop
     vertex  2.300119e-01 -6.000000e-01 -1.288171e-01
     vertex  2.810921e-01 -6.000000e-01 -1.138581e-01
     vertex  2.410116e-01 -6.000000e-01 -7.456041e-02
   endloop
 endfacet
 facet normal  0.000000e+00 -1.000000e+00  0.000000e+00
   outer loop
     vertex  2.810921e-01 -6.000000e-01 -1.138581e-01
     vertex  2.968451e-01 -6.000000e-01 -7.232387e-02
     vertex  2.410116e-01 -6.000000e-01 -7.456041e-02
   endloop
 endfacet
 facet normal  0.000000e+00 -1.000000e+00  0.000000e+00
   outer loop
     vertex  2.380442e-01 -6.000000e-01 -1.857012e-01
     vertex  2.300119e-01 -6.000000e-01 -1.288171e-01
     vertex  1.880384e-01 -6.000000e-01 -1.621178e-01
   endloop
 endfacet
 facet normal -0.000000e+00 -1.000000e+00  0.000000e+00
   outer loop
     vertex  2.968451e-01 -6.000000e-01 -7.232387e-02
     vertex  2.694876e-01 -6.000000e-01 -3.050083e-02
     vertex  2.410116e-01 -6.000000e-01 -7.456041e-02
   endloop
 endfacet
 facet normal  0.000000e+00 -1.000000e+00 -0.000000e+00
   outer loop
     vertex  1.792779e-01 -6.000000e-01  1.941966e-01
     vertex  1.427377e-01 -6.000000e-01  1.554669e-01
     vertex  1.966792e-01 -6.000000e-01  1.459132e-01
   endloop
 endfacet
 facet normal  0.000000e+00 -1.000000e+00  0.000000e+00
   outer loop
     vertex  1.600781e-01 -6.000000e-01  1.013474e-01
     vertex  1.966792e-01 -6.000000e-01  1.459132e-01
     vertex  1.427377e-01 -6.000000e-01  1.554669e-01
   endloop
 endfacet
 facet normal  0.000000e+00 -1.000000e+00  0.000000e+00
   outer loop
     vertex  2.410116e-01 -6.000000e-01 -7.456041e-02
     vertex  2.694876e-01 -6.000000e-01 -3.050083e-02
     vertex  2.111871e-01 -6.000000e-01 -1.412376e-02
   endloop
 endfacet
 facet normal -0.000000e+00 -1.000000e+00  0.000000e+00
   outer loop
     vertex  7.919733e-02 -6.000000e-01  2.291155e-01
     vertex  2.686805e-02 -6.000000e-01  2.456396e-01
     vertex  3.520443e-02 -6.000000e-01  1.874018e-01
   endloop
 endfacet
 facet normal  0.000000e+00 -1.000000e+00  0.000000e+00
   outer loop
     vertex -2.207801e-02 -6.000000e-01  2.659536e-01
     vertex -6.709267e-02 -6.000000e-01  2.486163e-01
     vertex -2.499777e-02 -6.000000e-01  2.056936e-01
   endloop
 endfacet
 facet normal  0.000000e+00 -1.000000e+00  0.000000e+00
   outer loop
     vertex  2.300119e-01 -6.000000e-01 -1.288171e-01
     vertex  2.410116e-01 -6.000000e-01 -7.456041e-02
     vertex  1.802287e-01 -6.000000e-01 -8.955994e-02
   endloop
 endfacet
 facet normal  0.000000e+00 -1.000000e+00  0.000000e+00
   outer loop
     vertex -7.819137e-02 -6.000000e-01 -2.332356e-01
     vertex -3.468184e-02 -6.000000e-01 -2.387547e-01
     vertex -5.049054e-02 -6.000000e-01 -1.879825e-01
   endloop
 endfacet
 facet normal  0.000000e+00 -1.000000e+00  0.000000e+00
   outer loop
     vertex -2.048598e-01 -6.000000e-01 -1.549347e-01
     vertex -1.805412e-01 -6.000000e-01 -1.877841e-01
     vertex -1.581096e-01 -6.000000e-01 -1.437302e-01
   endloop
 endfacet
 facet normal  0.000000e+00 -1.000000e+00  0.000000e+00
   outer loop
     vertex -2.541208e-01 -6.000000e-01 -1.560842e-02
     vertex -2.532562e-01 -6.000000e-01 -5.570708e-02
     vertex -2.065812e-01 -6.000000e-01 -3.385209e-02
   endloop
 endfacet
 facet normal  0.000000e+00 -1.000000e+00 -0.000000e+00
   outer loop
     vertex -2.185349e-01 -6.000000e-01  1.281873e-01
     vertex -2.401858e-01 -6.000000e-01  9.387138e-02
     vertex -1.875957e-01 -6.000000e-01  8.753012e-02
   endloop
 endfacet
 facet normal  0.000000e+00 -1.000000e+00  0.000000e+00
   outer loop
     vertex  1.571213e-01 -6.000000e-01 -2.014179e-01
     vertex  1.880384e-01 -6.000000e-01 -1.621178e-01
     vertex  1.296964e-01 -6.000000e-01 -1.485023e-01
   endloop
 endfacet
 facet normal -0.000000e+00 -1.000000e+00  0.000000e+00
   outer loop
     vertex  2.686805e-02 -6.000000e-01  2.456396e-01
     vertex -2.207801e-02 -6.000000e-01  2.659536e-01
     vertex -2.499777e-02 -6.000000e-01  2.056936e-01
   endloop
 endfacet
 facet normal  0.000000e+00 -1.000000e+00  0.000000e+00
   outer loop
     vertex -1.193147e-01 -6.000000e-01 -2.261493e-01
     vertex -7.819137e-02 -6.000000e-01 -2.332356e-01
     vertex -9.308207e-02 -6.000000e-01 -1.843232e-01
   endloop
 endfacet
 facet normal  0.000000e+00 -1.000000e+00  0.000000e+00
   outer loop
     vertex -7.819137e-02 -6.000000e-01 -2.332356e-01
     vertex -5.049054e-02 -6.000000e-01 -1.879825e-01
     vertex -9.308207e-02 -6.000000e-01 -1.843232e-01
   endloop
 endfacet
 facet normal -0.000000e+00 -1.000000e+00  0.000000e+00
   outer loop
     vertex  2.623922e-01 -6.000000e-01  1.355402e-02
     vertex  2.366331e-01 -6.000000e-01  5.068953e-02
     vertex  2.111871e-01 -6.000000e-01 -1.412376e-02
   endloop
 endfacet
 facet normal  0.000000e+00 -1.000000e+00 -0.000000e+00
   outer loop
     vertex -1.373636e-01 -6.000000e-01  2.122896e-01
     vertex -1.691267e-01 -6.000000e-01  1.849340e-01
     vertex -1.186534e-01 -6.000000e-01  1.639586e-01
   endloop
 endfacet
 facet normal  0.000000e+00 -1.000000e+00  0.000000e+00
   outer loop
     vertex -6.709267e-02 -6.000000e-01  2.486163e-01
     vertex -1.094570e-01 -6.000000e-01  2.411253e-01
     vertex -8.502588e-02 -6.000000e-01  2.014878e-01
   endloop
 endfacet
 facet normal -0.000000e+00 -1.000000e+00  0.000000e+00
   outer loop
     vertex -2.499777e-02 -6.000000e-01  2.056936e-01
     vertex -6.709267e-02 -6.000000e-01  2.486163e-01
     vertex -8.502588e-02 -6.000000e-01  2.014878e-01
   endloop
 endfacet
 facet normal  0.000000e+00 -1.000000e+00 -0.000000e+00
   outer loop
     vertex -1.094570e-01 -6.000000e-01  2.411253e-01
     vertex -1.373636e-01 -6.000000e-01  2.122896e-01
     vertex -8.502588e-02 -6.000000e-01  2.014878e-01
   endloop
 endfacet
 facet normal -0.000000e+00 -1.000000e+00  0.000000e+00
   outer loop
     vertex  1.300401e-01 -6.000000e-01  2.103399e-01
     vertex  7.919733e-02 -6.000000e-01  2.291155e-01
     vertex  8.981072e-02 -6.000000e-01  1.708173e-01
   endloop
 endfacet
 facet normal  0.000000e+00 -1.000000e+00 -0.000000e+00
   outer loop
     vertex -2.027845e-01 -6.000000e-01  1.634617e-01
     vertex -2.185349e-01 -6.000000e-01  1.281873e-01
     vertex -1.601827e-01 -6.000000e-01  1.303008e-01
   endloop
 endfacet
 facet normal  0.000000e+00 -1.000000e+00  0.000000e+00
   outer loop
     vertex -2.185349e-01 -6.000000e-01  1.281873e-01
     vertex -1.875957e-01 -6.000000e-01  8.753012e-02
     vertex -1.601827e-01 -6.000000e-01  1.303008e-01
   endloop
 endfacet
 facet normal  0.000000e+00 -1.000000e+00 -0.000000e+00
   outer loop
     vertex -2.401858e-01 -6.000000e-01  9.387138e-02
     vertex -2.613202e-01 -6.000000e-01  6.192284e-02
     vertex -2.176074e-01 -6.000000e-01  5.265032e-02
   endloop
 endfacet
 facet normal -0.000000e+00 -1.000000e+00  0.000000e+00
   outer loop
     vertex -1.875957e-01 -6.000000e-01  8.753012e-02
     vertex -2.401858e-01 -6.000000e-01  9.387138e-02
     vertex -2.176074e-01 -6.000000e-01  5.265032e-02
   endloop
 endfacet
 facet normal  0.000000e+00 -1.000000e+00  0.000000e+00
   outer loop
     vertex -2.613202e-01 -6.000000e-01  6.192284e-02
     vertex -2.570220e-01 -6.000000e-01  2.435059e-02
     vertex -2.176074e-01 -6.000000e-01  5.265032e-02
   endloop
 endfacet
 facet normal  0.000000e+00 -1.000000e+00  0.000000e+00
   outer loop
     vertex -2.570220e-01 -6.000000e-01  2.435059e-02
     vertex -2.541208e-01 -6.000000e-01 -1.560842e-02
     vertex -2.084591e-01 -6.000000e-01  9.471702e-03
   endloop
 endfacet
 facet normal  0.000000e+00 -1.000000e+00 -0.000000e+00
   outer loop
     vertex -2.176074e-01 -6.000000e-01  5.265032e-02
     vertex -2.570220e-01 -6.000000e-01  2.435059e-02
     vertex -2.084591e-01 -6.000000e-01  9.471702e-03
   endloop
 endfacet
 facet normal  0.000000e+00 -1.000000e+00  0.000000e+00
   outer loop
     vertex -2.541208e-01 -6.000000e-01 -1.560842e-02
     vertex -2.065812e-01 -6.000000e-01 -3.385209e-02
     vertex -2.084591e-01 -6.000000e-01  9.471702e-03
   endloop
 endfacet
 facet normal  0.000000e+00 -1.000000e+00  0.000000e+00
   outer loop
     vertex -2.532562e-01 -6.000000e-01 -5.570708e-02
     vertex -2.532299e-01 -6.000000e-01 -9.368888e-02
     vertex -2.124436e-01 -6.000000e-01 -7.784613e-02
   endloop
 endfacet
 facet normal  0.000000e+00 -1.000000e+00  0.000000e+00
   outer loop
     vertex -2.065812e-01 -6.000000e-01 -3.385209e-02
     vertex -2.532562e-01 -6.000000e-01 -5.570708e-02
     vertex -2.124436e-01 -6.000000e-01 -7.784613e-02
   endloop
 endfacet
 facet normal  0.000000e+00 -1.000000e+00  0.000000e+00
   outer loop
     vertex -2.532299e-01 -6.000000e-01 -9.368888e-02
     vertex -2.293992e-01 -6.000000e-01 -1.229166e-01
     vertex -2.124436e-01 -6.000000e-01 -7.784613e-02
   endloop
 endfacet
 facet normal  0.000000e+00 -1.000000e+00  0.000000e+00
   outer loop
     vertex -2.293992e-01 -6.000000e-01 -1.229166e-01
     vertex -2.048598e-01 -6.000000e-01 -1.549347e-01
     vertex -1.828418e-01 -6.000000e-01 -1.085569e-01
   endloop
 endfacet
 facet normal  0.000000e+00 -1.000000e+00 -0.000000e+00
   outer loop
     vertex -2.124436e-01 -6.000000e-01 -7.784613e-02
     vertex -2.293992e-01 -6.000000e-01 -1.229166e-01
     vertex -1.828418e-01 -6.000000e-01 -1.085569e-01
   endloop
 endfacet
 facet normal  0.000000e+00 -1.000000e+00  0.000000e+00
   outer loop
     vertex -2.048598e-01 -6.000000e-01 -1.549347e-01
     vertex -1.581096e-01 -6.000000e-01 -1.437302e-01
     vertex -1.828418e-01 -6.000000e-01 -1.085569e-01
   endloop
 endfacet
 facet normal  0.000000e+00 -1.000000e+00  0.000000e+00
   outer loop
     vertex -1.805412e-01 -6.000000e-01 -1.877841e-01
     vertex -1.570477e-01 -6.000000e-01 -2.183540e-01
     vertex -1.355385e-01 -6.000000e-01 -1.816854e-01
   endloop
 endfacet
 facet normal  0.000000e+00 -1.000000e+00 -0.000000e+00
   outer loop
     vertex -1.581096e-01 -6.000000e-01 -1.437302e-01
     vertex -1.805412e-01 -6.000000e-01 -1.877841e-01
     vertex -1.355385e-01 -6.000000e-01 -1.816854e-01
   endloop
 endfacet
 facet normal  0.000000e+00 -1.000000e+00  0.000000e+00
   outer loop
     vertex -1.570477e-01 -6.000000e-01 -2.183540e-01
     vertex -1.193147e-01 -6.000000e-01 -2.261493e-01
     vertex -1.355385e-01 -6.000000e-01 -1.816854e-01
   endloop
 endfacet
 facet normal  0.000000e+00 -1.000000e+00 -0.000000e+00
   outer loop
     vertex  1.966792e-01 -6.000000e-01  1.459132e-01
     vertex  1.600781e-01 -6.000000e-01  1.013474e-01
     vertex  2.157710e-01 -6.000000e-01  9.735805e-02
   endloop
 endfacet
 facet normal  0.000000e+00 -1.000000e+00 -0.000000e+00
   outer loop
     vertex  1.300401e-01 -6.000000e-01  2.103399e-01
     vertex  8.981072e-02 -6.000000e-01  1.708173e-01
     vertex  1.427377e-01 -6.000000e-01  1.554669e-01
   endloop
 endfacet
 facet normal  0.000000e+00 -1.000000e+00  0.000000e+00
   outer loop
     vertex  1.116253e-01 -6.000000e-01 -2.166504e-01
     vertex  1.571213e-01 -6.000000e-01 -2.014179e-01
     vertex  1.296964e-01 -6.000000e-01 -1.485023e-01
   endloop
 endfacet
 facet normal  0.000000e+00 -1.000000e+00  0.000000e+00
   outer loop
     vertex  3.457578e-02 -6.000000e-01 -1.988652e-01
     vertex  6.312361e-02 -6.000000e-01 -2.428158e-01
     vertex  7.607968e-02 -6.000000e-01 -1.753333e-01
   endloop
 endfacet
 facet normal  0.000000e+00 -1.000000e+00  0.000000e+00
   outer loop
     vertex  6.312361e-02 -6.000000e-01 -2.428158e-01
     vertex  1.116253e-01 -6.000000e-01 -2.166504e-01
     vertex  7.607968e-02 -6.000000e-01 -1.753333e-01
   endloop
 endfacet
 facet normal  0.000000e+00 -1.000000e+00  0.000000e+00
   outer loop
     vertex  8.981072e-02 -6.000000e-01  1.708173e-01
     vertex  7.919733e-02 -6.000000e-01  2.291155e-01
     vertex  3.520443e-02 -6.000000e-01  1.874018e-01
   endloop
 endfacet
 facet normal  0.000000e+00 -1.000000e+00  0.000000e+00
   outer loop
     vertex -3.468184e-02 -6.000000e-01 -2.387547e-01
     vertex  1.055848e-02 -6.000000e-01 -2.432625e-01
     vertex -7.314750e-03 -6.000000e-01 -1.913484e-01
   endloop
 endfacet
 facet normal  0.000000e+00 -1.000000e+00  0.000000e+00
   outer loop
     vertex -5.049054e-02 -6.000000e-01 -1.879825e-01
     vertex -3.468184e-02 -6.000000e-01 -2.387547e-01
     vertex -7.314750e-03 -6.000000e-01 -1.913484e-01
   endloop
 endfacet
 facet normal  0.000000e+00 -1.000000e+00  0.000000e+00
   outer loop
     vertex  1.055848e-02 -6.000000e-01 -2.432625e-01
     vertex  3.457578e-02 -6.000000e-01 -1.988652e-01
     vertex -7.314750e-03 -6.000000e-01 -1.913484e-01
   endloop
 endfacet
 facet normal  0.000000e+00 -1.000000e+00  0.000000e+00
   outer loop
     vertex  1.880384e-01 -6.000000e-01 -1.621178e-01
     vertex  2.300119e-01 -6.000000e-01 -1.288171e-01
     vertex  1.802287e-01 -6.000000e-01 -8.955994e-02
   endloop
 endfacet
 facet normal -0.000000e+00 -1.000000e+00  0.000000e+00
   outer loop
     vertex -1.186534e-01 -6.000000e-01  1.639586e-01
     vertex -1.691267e-01 -6.000000e-01  1.849340e-01
     vertex -1.601827e-01 -6.000000e-01  1.303008e-01
   endloop
 endfacet
 facet normal  0.000000e+00 -1.000000e+00  0.000000e+00
   outer loop
     vertex -1.601827e-01 -6.000000e-01  1.303008e-01
     vertex -1.691267e-01 -6.000000e-01  1.849340e-01
     vertex -2.027845e-01 -6.000000e-01  1.634617e-01
   endloop
 endfacet
 facet normal  0.000000e+00 -1.000000e+00  0.000000e+00
   outer loop
     vertex  3.520443e-02 -6.000000e-01  1.874018e-01
     vertex  2.686805e-02 -6.000000e-01  2.456396e-01
     vertex -2.499777e-02 -6.000000e-01  2.056936e-01
   endloop
 endfacet
 facet normal  0.000000e+00 -1.000000e+00 -0.000000e+00
   outer loop
     vertex -1.186534e-01 -6.000000e-01  1.639586e-01
     vertex -1.601827e-01 -6.000000e-01  1.303008e-01
     vertex -9.872656e-02 -6.000000e-01  1.141807e-01
   endloop
 endfacet
 facet normal  0.000000e+00 -1.000000e+00  0.000000e+00
   outer loop
     vertex  1.116253e-01 -6.000000e-01 -2.166504e-01
     vertex  1.296964e-01 -6.000000e-01 -1.485023e-01
     vertex  7.607968e-02 -6.000000e-01 -1.753333e-01
   endloop
 endfacet
 facet normal  0.000000e+00 -1.000000e+00  0.000000e+00
   outer loop
     vertex  2.111871e-01 -6.000000e-01 -1.412376e-02
     vertex  2.366331e-01 -6.000000e-01  5.068953e-02
     vertex  1.800009e-01 -6.000000e-01  4.482823e-02
   endloop
 endfacet
 facet normal -0.000000e+00 -1.000000e+00  0.000000e+00
   outer loop
     vertex  2.366331e-01 -6.000000e-01  5.068953e-02
     vertex  2.157710e-01 -6.000000e-01  9.735805e-02
     vertex  1.800009e-01 -6.000000e-01  4.482823e-02
   endloop
 endfacet
 facet normal -0.000000e+00 -1.000000e+00  0.000000e+00
   outer loop
     vertex  2.157710e-01 -6.000000e-01  9.735805e-02
     vertex  1.600781e-01 -6.000000e-01  1.013474e-01
     vertex  1.800009e-01 -6.000000e-01  4.482823e-02
   endloop
 endfacet
 facet normal -0.000000e+00 -1.000000e+00  0.000000e+00
   outer loop
     vertex  8.981072e-02 -6.000000e-01  1.708173e-01
     vertex  3.520443e-02 -6.000000e-01  1.874018e-01
     vertex  5.060024e-02 -6.000000e-01  1.297524e-01
   endloop
 endfacet
 facet normal  0.000000e+00 -1.000000e+00  0.000000e+00
   outer loop
     vertex  1.802287e-01 -6.000000e-01 -8.955994e-02
     vertex  2.410116e-01 -6.000000e-01 -7.456041e-02
     vertex  2.111871e-01 -6.000000e-01 -1.412376e-02
   endloop
 endfacet
 facet normal  0.000000e+00 -1.000000e+00  0.000000e+00
   outer loop
     vertex  1.296964e-01 -6.000000e-01 -1.485023e-01
     vertex  1.880384e-01 -6.000000e-01 -1.621178e-01
     vertex  1.802287e-01 -6.000000e-01 -8.955994e-02
   endloop
 endfacet
 facet normal  0.000000e+00 -1.000000e+00  0.000000e+00
   outer loop
     vertex -1.373636e-01 -6.000000e-01  2.122896e-01
     vertex -1.186534e-01 -6.000000e-01  1.639586e-01
     vertex -8.502588e-02 -6.000000e-01  2.014878e-01
   endloop
 endfacet
 facet normal  0.000000e+00 -1.000000e+00  0.000000e+00
   outer loop
     vertex  1.296964e-01 -6.000000e-01 -1.485023e-01
     vertex  1.802287e-01 -6.000000e-01 -8.955994e-02
     vertex  1.230838e-01 -6.000000e-01 -8.323189e-02
   endloop
 endfacet
 facet normal -0.000000e+00 -1.000000e+00  0.000000e+00
   outer loop
     vertex  1.427377e-01 -6.000000e-01  1.554669e-01
     vertex  8.981072e-02 -6.000000e-01  1.708173e-01
     vertex  1.052139e-01 -6.000000e-01  1.136814e-01
   endloop
 endfacet
 facet normal  0.000000e+00 -1.000000e+00 -0.000000e+00
   outer loop
     vertex  8.981072e-02 -6.000000e-01  1.708173e-01
     vertex  5.060024e-02 -6.000000e-01  1.297524e-01
     vertex  1.052139e-01 -6.000000e-01  1.136814e-01
   endloop
 endfacet
 facet normal  0.000000e+00 -1.000000e+00  0.000000e+00
   outer loop
     vertex  1.802287e-01 -6.000000e-01 -8.955994e-02
     vertex  2.111871e-01 -6.000000e-01 -1.412376e-02
     vertex  1.407179e-01 -6.000000e-01 -1.705377e-02
   endloop
 endfacet
 facet normal  0.000000e+00 -1.000000e+00  0.000000e+00
   outer loop
     vertex  1.230838e-01 -6.000000e-01 -8.323189e-02
     vertex  1.802287e-01 -6.000000e-01 -8.955994e-02
     vertex  1.407179e-01 -6.000000e-01 -1.705377e-02
   endloop
 endfacet
 facet normal -0.000000e+00 -1.000000e+00  0.000000e+00
   outer loop
     vertex  2.111871e-01 -6.000000e-01 -1.412376e-02
     vertex  1.800009e-01 -6.000000e-01  4.482823e-02
     vertex  1.407179e-01 -6.000000e-01 -1.705377e-02
   endloop
 endfacet
 facet normal -0.000000e+00 -1.000000e+00  0.000000e+00
   outer loop
     vertex -9.872656e-02 -6.000000e-01  1.141807e-01
     vertex -1.601827e-01 -6.000000e-01  1.303008e-01
     vertex -1.333008e-01 -6.000000e-01  7.611721e-02
   endloop
 endfacet
 facet normal  0.000000e+00 -1.000000e+00 -0.000000e+00
   outer loop
     vertex -1.601827e-01 -6.000000e-01  1.303008e-01
     vertex -1.875957e-01 -6.000000e-01  8.753012e-02
     vertex -1.333008e-01 -6.000000e-01  7.611721e-02
   endloop
 endfacet
 facet normal  0.000000e+00 -1.000000e+00  0.000000e+00
   outer loop
     vertex -5.049054e-02 -6.000000e-01 -1.879825e-01
     vertex -7.314750e-03 -6.000000e-01 -1.913484e-01
     vertex -2.493110e-02 -6.000000e-01 -1.416352e-01
   endloop
 endfacet
 facet normal  0.000000e+00 -1.000000e+00  0.000000e+00
   outer loop
     vertex -1.193147e-01 -6.000000e-01 -2.261493e-01
     vertex -9.308207e-02 -6.000000e-01 -1.843232e-01
     vertex -1.355385e-01 -6.000000e-01 -1.816854e-01
   endloop
 endfacet
 facet normal  0.000000e+00 -1.000000e+00  0.000000e+00
   outer loop
     vertex  7.607968e-02 -6.000000e-01 -1.753333e-01
     vertex  1.296964e-01 -6.000000e-01 -1.485023e-01
     vertex  7.774193e-02 -6.000000e-01 -1.126649e-01
   endloop
 endfacet
 facet normal  0.000000e+00 -1.000000e+00  0.000000e+00
   outer loop
     vertex  1.296964e-01 -6.000000e-01 -1.485023e-01
     vertex  1.230838e-01 -6.000000e-01 -8.323189e-02
     vertex  7.774193e-02 -6.000000e-01 -1.126649e-01
   endloop
 endfacet
 facet normal  0.000000e+00 -1.000000e+00  0.000000e+00
   outer loop
     vertex -1.581096e-01 -6.000000e-01 -1.437302e-01
     vertex -1.355385e-01 -6.000000e-01 -1.816854e-01
     vertex -1.134895e-01 -6.000000e-01 -1.401142e-01
   endloop
 endfacet
 facet normal  0.000000e+00 -1.000000e+00  0.000000e+00
   outer loop
     vertex -1.355385e-01 -6.000000e-01 -1.816854e-01
     vertex -9.308207e-02 -6.000000e-01 -1.843232e-01
     vertex -1.134895e-01 -6.000000e-01 -1.401142e-01
   endloop
 endfacet
 facet normal  0.000000e+00 -1.000000e+00 -0.000000e+00
   outer loop
     vertex -2.065812e-01 -6.000000e-01 -3.385209e-02
     vertex -2.124436e-01 -6.000000e-01 -7.784613e-02
     vertex -1.639190e-01 -6.000000e-01 -5.970269e-02
   endloop
 endfacet
 facet normal  0.000000e+00 -1.000000e+00  0.000000e+00
   outer loop
     vertex -2.124436e-01 -6.000000e-01 -7.784613e-02
     vertex -1.828418e-01 -6.000000e-01 -1.085569e-01
     vertex -1.639190e-01 -6.000000e-01 -5.970269e-02
   endloop
 endfacet
 facet normal  0.000000e+00 -1.000000e+00 -0.000000e+00
   outer loop
     vertex -1.875957e-01 -6.000000e-01  8.753012e-02
     vertex -2.176074e-01 -6.000000e-01  5.265032e-02
     vertex -1.676599e-01 -6.000000e-01  3.971396e-02
   endloop
 endfacet
 facet normal -0.000000e+00 -1.000000e+00  0.000000e+00
   outer loop
     vertex -1.333008e-01 -6.000000e-01  7.611721e-02
     vertex -1.875957e-01 -6.000000e-01  8.753012e-02
     vertex -1.676599e-01 -6.000000e-01  3.971396e-02
   endloop
 endfacet
 facet normal  0.000000e+00 -1.000000e+00  0.000000e+00
   outer loop
     vertex -2.176074e-01 -6.000000e-01  5.265032e-02
     vertex -2.084591e-01 -6.000000e-01  9.471702e-03
     vertex -1.676599e-01 -6.000000e-01  3.971396e-02
   endloop
 endfacet
 facet normal  0.000000e+00 -1.000000e+00  0.000000e+00
   outer loop
     vertex  3.457578e-02 -6.000000e-01 -1.988652e-01
     vertex  7.607968e-02 -6.000000e-01 -1.753333e-01
     vertex  2.760886e-02 -6.000000e-01 -1.416117e-01
   endloop
 endfacet
 facet normal  0.000000e+00 -1.000000e+00  0.000000e+00
   outer loop
     vertex  7.607968e-02 -6.000000e-01 -1.753333e-01
     vertex  7.774193e-02 -6.000000e-01 -1.126649e-01
     vertex  2.760886e-02 -6.000000e-01 -1.416117e-01
   endloop
 endfacet
 facet normal  0.000000e+00 -1.000000e+00  0.000000e+00
   outer loop
     vertex -9.308207e-02 -6.000000e-01 -1.843232e-01
     vertex -5.049054e-02 -6.000000e-01 -1.879825e-01
     vertex -6.918737e-02 -6.000000e-01 -1.402493e-01
   endloop
 endfacet
 facet normal  0.000000e+00 -1.000000e+00  0.000000e+00
   outer loop
     vertex -1.134895e-01 -6.000000e-01 -1.401142e-01
     vertex -9.308207e-02 -6.000000e-01 -1.843232e-01
     vertex -6.918737e-02 -6.000000e-01 -1.402493e-01
   endloop
 endfacet
 facet normal  0.000000e+00 -1.000000e+00  0.000000e+00
   outer loop
     vertex -5.049054e-02 -6.000000e-01 -1.879825e-01
     vertex -2.493110e-02 -6.000000e-01 -1.416352e-01
     vertex -6.918737e-02 -6.000000e-01 -1.402493e-01
   endloop
 endfacet
 facet normal  0.000000e+00 -1.000000e+00  0.000000e+00
   outer loop
     vertex  1.800009e-01 -6.000000e-01  4.482823e-02
     vertex  1.600781e-01 -6.000000e-01  1.013474e-01
     vertex  1.223262e-01 -6.000000e-01  5.429776e-02
   endloop
 endfacet
 facet normal -0.000000e+00 -1.000000e+00  0.000000e+00
   outer loop
     vertex  3.520443e-02 -6.000000e-01  1.874018e-01
     vertex -2.499777e-02 -6.000000e-01  2.056936e-01
     vertex -5.106725e-03 -6.000000e-01  1.452574e-01
   endloop
 endfacet
 facet normal  0.000000e+00 -1.000000e+00  0.000000e+00
   outer loop
     vertex -2.084591e-01 -6.000000e-01  9.471702e-03
     vertex -2.065812e-01 -6.000000e-01 -3.385209e-02
     vertex -1.575965e-01 -6.000000e-01 -1.010529e-02
   endloop
 endfacet
 facet normal  0.000000e+00 -1.000000e+00 -0.000000e+00
   outer loop
     vertex -1.676599e-01 -6.000000e-01  3.971396e-02
     vertex -2.084591e-01 -6.000000e-01  9.471702e-03
     vertex -1.575965e-01 -6.000000e-01 -1.010529e-02
   endloop
 endfacet
 facet normal  0.000000e+00 -1.000000e+00  0.000000e+00
   outer loop
     vertex -2.065812e-01 -6.000000e-01 -3.385209e-02
     vertex -1.639190e-01 -6.000000e-01 -5.970269e-02
     vertex -1.575965e-01 -6.000000e-01 -1.010529e-02
   endloop
 endfacet
 facet normal  0.000000e+00 -1.000000e+00  0.000000e+00
   outer loop
     vertex -1.828418e-01 -6.000000e-01 -1.085569e-01
     vertex -1.581096e-01 -6.000000e-01 -1.437302e-01
     vertex -1.357325e-01 -6.000000e-01 -9.728722e-02
   endloop
 endfacet
 facet normal  0.000000e+00 -1.000000e+00 -0.000000e+00
   outer loop
     vertex -1.639190e-01 -6.000000e-01 -5.970269e-02
     vertex -1.828418e-01 -6.000000e-01 -1.085569e-01
     vertex -1.357325e-01 -6.000000e-01 -9.728722e-02
   endloop
 endfacet
 facet normal  0.000000e+00 -1.000000e+00  0.000000e+00
   outer loop
     vertex -1.581096e-01 -6.000000e-01 -1.437302e-01
     vertex -1.134895e-01 -6.000000e-01 -1.401142e-01
     vertex -1.357325e-01 -6.000000e-01 -9.728722e-02
   endloop
 endfacet
 facet normal  0.000000e+00 -1.000000e+00 -0.000000e+00
   outer loop
     vertex -8.502588e-02 -6.000000e-01  2.014878e-01
     vertex -1.186534e-01 -6.000000e-01  1.639586e-01
     vertex -6.153664e-02 -6.000000e-01  1.547143e-01
   endloop
 endfacet
 facet normal  0.000000e+00 -1.000000e+00  0.000000e+00
   outer loop
     vertex -2.499777e-02 -6.000000e-01  2.056936e-01
     vertex -8.502588e-02 -6.000000e-01  2.014878e-01
     vertex -6.153664e-02 -6.000000e-01  1.547143e-01
   endloop
 endfacet
 facet normal  0.000000e+00 -1.000000e+00  0.000000e+00
   outer loop
     vertex -1.186534e-01 -6.000000e-01  1.639586e-01
     vertex -9.872656e-02 -6.000000e-01  1.141807e-01
     vertex -6.153664e-02 -6.000000e-01  1.547143e-01
   endloop
 endfacet
 facet normal  0.000000e+00 -1.000000e+00  0.000000e+00
   outer loop
     vertex  1.600781e-01 -6.000000e-01  1.013474e-01
     vertex  1.427377e-01 -6.000000e-01  1.554669e-01
     vertex  1.052139e-01 -6.000000e-01  1.136814e-01
   endloop
 endfacet
 facet normal  0.000000e+00 -1.000000e+00  0.000000e+00
   outer loop
     vertex -7.314750e-03 -6.000000e-01 -1.913484e-01
     vertex  3.457578e-02 -6.000000e-01 -1.988652e-01
     vertex  2.760886e-02 -6.000000e-01 -1.416117e-01
   endloop
 endfacet
 facet normal  0.000000e+00 -1.000000e+00  0.000000e+00
   outer loop
     vertex  1.223262e-01 -6.000000e-01  5.429776e-02
     vertex  1.600781e-01 -6.000000e-01  1.013474e-01
     vertex  1.052139e-01 -6.000000e-01  1.136814e-01
   endloop
 endfacet
 facet normal  0.000000e+00 -1.000000e+00  0.000000e+00
   outer loop
     vertex -5.106725e-03 -6.000000e-01  1.452574e-01
     vertex -2.499777e-02 -6.000000e-01  2.056936e-01
     vertex -6.153664e-02 -6.000000e-01  1.547143e-01
   endloop
 endfacet
 facet normal  0.000000e+00 -1.000000e+00 -0.000000e+00
   outer loop
     vertex  3.520443e-02 -6.000000e-01  1.874018e-01
     vertex -5.106725e-03 -6.000000e-01  1.452574e-01
     vertex  5.060024e-02 -6.000000e-01  1.297524e-01
   endloop
 endfacet
 facet normal  0.000000e+00 -1.000000e+00  0.000000e+00
   outer loop
     vertex -2.493110e-02 -6.000000e-01 -1.416352e-01
     vertex -7.314750e-03 -6.000000e-01 -1.913484e-01
     vertex  2.760886e-02 -6.000000e-01 -1.416117e-01
   endloop
 endfacet
 facet normal  0.000000e+00 -1.000000e+00  0.000000e+00
   outer loop
     vertex -2.493110e-02 -6.000000e-01 -1.416352e-01
     vertex  2.760886e-02 -6.000000e-01 -1.416117e-01
     vertex -6.082246e-03 -6.000000e-01 -9.793127e-02
   endloop
 endfacet
 facet normal  0.000000e+00 -1.000000e+00  0.000000e+00
   outer loop
     vertex  1.223262e-01 -6.000000e-01  5.429776e-02
     vertex  1.052139e-01 -6.000000e-01  1.136814e-01
     vertex  6.703930e-02 -6.000000e-01  7.268873e-02
   endloop
 endfacet
 facet normal -0.000000e+00 -1.000000e+00  0.000000e+00
   outer loop
     vertex -5.106725e-03 -6.000000e-01  1.452574e-01
     vertex -6.153664e-02 -6.000000e-01  1.547143e-01
     vertex -4.242789e-02 -6.000000e-01  1.027527e-01
   endloop
 endfacet
 facet normal  0.000000e+00 -1.000000e+00 -0.000000e+00
   outer loop
     vertex -6.153664e-02 -6.000000e-01  1.547143e-01
     vertex -9.872656e-02 -6.000000e-01  1.141807e-01
     vertex -4.242789e-02 -6.000000e-01  1.027527e-01
   endloop
 endfacet
 facet normal -0.000000e+00 -1.000000e+00  0.000000e+00
   outer loop
     vertex  5.060024e-02 -6.000000e-01  1.297524e-01
     vertex -5.106725e-03 -6.000000e-01  1.452574e-01
     vertex  1.239209e-02 -6.000000e-01  8.991268e-02
   endloop
 endfacet
 facet normal  0.000000e+00 -1.000000e+00 -0.000000e+00
   outer loop
     vertex -5.106725e-03 -6.000000e-01  1.452574e-01
     vertex -4.242789e-02 -6.000000e-01  1.027527e-01
     vertex  1.239209e-02 -6.000000e-01  8.991268e-02
   endloop
 endfacet
 facet normal -0.000000e+00 -1.000000e+00  0.000000e+00
   outer loop
     vertex  1.800009e-01 -6.000000e-01  4.482823e-02
     vertex  1.223262e-01 -6.000000e-01  5.429776e-02
     vertex  1.407179e-01 -6.000000e-01 -1.705377e-02
   endloop
 endfacet
 facet normal -0.000000e+00 -1.000000e+00  0.000000e+00
   outer loop
     vertex  1.052139e-01 -6.000000e-01  1.136814e-01
     vertex  5.060024e-02 -6.000000e-01  1.297524e-01
     vertex  6.703930e-02 -6.000000e-01  7.268873e-02
   endloop
 endfacet
 facet normal  0.000000e+00 -1.000000e+00  0.000000e+00
   outer loop
     vertex -6.082246e-03 -6.000000e-01 -9.793127e-02
     vertex  2.760886e-02 -6.000000e-01 -1.416117e-01
     vertex  3.383695e-02 -6.000000e-01 -7.587260e-02
   endloop
 endfacet
 facet normal  0.000000e+00 -1.000000e+00  0.000000e+00
   outer loop
     vertex  2.760886e-02 -6.000000e-01 -1.416117e-01
     vertex  7.774193e-02 -6.000000e-01 -1.126649e-01
     vertex  3.383695e-02 -6.000000e-01 -7.587260e-02
   endloop
 endfacet
 facet normal  0.000000e+00 -1.000000e+00  0.000000e+00
   outer loop
     vertex -1.639190e-01 -6.000000e-01 -5.970269e-02
     vertex -1.357325e-01 -6.000000e-01 -9.728722e-02
     vertex -9.846167e-02 -6.000000e-01 -4.364214e-02
   endloop
 endfacet
 facet normal  0.000000e+00 -1.000000e+00  0.000000e+00
   outer loop
     vertex  7.774193e-02 -6.000000e-01 -1.126649e-01
     vertex  1.230838e-01 -6.000000e-01 -8.323189e-02
     vertex  8.137601e-02 -6.000000e-01 -4.837646e-02
   endloop
 endfacet
 facet normal  0.000000e+00 -1.000000e+00  0.000000e+00
   outer loop
     vertex  3.383695e-02 -6.000000e-01 -7.587260e-02
     vertex  7.774193e-02 -6.000000e-01 -1.126649e-01
     vertex  8.137601e-02 -6.000000e-01 -4.837646e-02
   endloop
 endfacet
 facet normal  0.000000e+00 -1.000000e+00  0.000000e+00
   outer loop
     vertex  1.230838e-01 -6.000000e-01 -8.323189e-02
     vertex  1.407179e-01 -6.000000e-01 -1.705377e-02
     vertex  8.137601e-02 -6.000000e-01 -4.837646e-02
   endloop
 endfacet
 facet normal  0.000000e+00 -1.000000e+00 -0.000000e+00
   outer loop
     vertex  5.060024e-02 -6.000000e-01  1.297524e-01
     vertex  1.239209e-02 -6.000000e-01  8.991268e-02
     vertex  6.703930e-02 -6.000000e-01  7.268873e-02
   endloop
 endfacet
 facet normal  0.000000e+00 -1.000000e+00  0.000000e+00
   outer loop
     vertex -1.357325e-01 -6.000000e-01 -9.728722e-02
     vertex -1.134895e-01 -6.000000e-01 -1.401142e-01
     vertex -9.255619e-02 -6.000000e-01 -9.971917e-02
   endloop
 endfacet
 facet normal  0.000000e+00 -1.000000e+00 -0.000000e+00
   outer loop
     vertex -9.846167e-02 -6.000000e-01 -4.364214e-02
     vertex -1.357325e-01 -6.000000e-01 -9.728722e-02
     vertex -9.255619e-02 -6.000000e-01 -9.971917e-02
   endloop
 endfacet
 facet normal  0.000000e+00 -1.000000e+00  0.000000e+00
   outer loop
     vertex -1.134895e-01 -6.000000e-01 -1.401142e-01
     vertex -6.918737e-02 -6.000000e-01 -1.402493e-01
     vertex -9.255619e-02 -6.000000e-01 -9.971917e-02
   endloop
 endfacet
 facet normal  0.000000e+00 -1.000000e+00 -0.000000e+00
   outer loop
     vertex -1.333008e-01 -6.000000e-01  7.611721e-02
     vertex -1.676599e-01 -6.000000e-01  3.971396e-02
     vertex -1.144128e-01 -6.000000e-01  2.156166e-02
   endloop
 endfacet
 facet normal  0.000000e+00 -1.000000e+00 -0.000000e+00
   outer loop
     vertex -1.575965e-01 -6.000000e-01 -1.010529e-02
     vertex -1.639190e-01 -6.000000e-01 -5.970269e-02
     vertex -9.846167e-02 -6.000000e-01 -4.364214e-02
   endloop
 endfacet
 facet normal  0.000000e+00 -1.000000e+00  0.000000e+00
   outer loop
     vertex  1.407179e-01 -6.000000e-01 -1.705377e-02
     vertex  1.223262e-01 -6.000000e-01  5.429776e-02
     vertex  8.001061e-02 -6.000000e-01  1.273486e-02
   endloop
 endfacet
 facet normal  0.000000e+00 -1.000000e+00  0.000000e+00
   outer loop
     vertex  8.137601e-02 -6.000000e-01 -4.837646e-02
     vertex  1.407179e-01 -6.000000e-01 -1.705377e-02
     vertex  8.001061e-02 -6.000000e-01  1.273486e-02
   endloop
 endfacet
 facet normal -0.000000e+00 -1.000000e+00  0.000000e+00
   outer loop
     vertex  1.223262e-01 -6.000000e-01  5.429776e-02
     vertex  6.703930e-02 -6.000000e-01  7.268873e-02
     vertex  8.001061e-02 -6.000000e-01  1.273486e-02
   endloop
 endfacet
 facet normal  0.000000e+00 -1.000000e+00  0.000000e+00
   outer loop
     vertex -6.918737e-02 -6.000000e-01 -1.402493e-01
     vertex -2.493110e-02 -6.000000e-01 -1.416352e-01
     vertex -5.041067e-02 -6.000000e-01 -9.072515e-02
   endloop
 endfacet
 facet normal  0.000000e+00 -1.000000e+00  0.000000e+00
   outer loop
     vertex -9.255619e-02 -6.000000e-01 -9.971917e-02
     vertex -6.918737e-02 -6.000000e-01 -1.402493e-01
     vertex -5.041067e-02 -6.000000e-01 -9.072515e-02
   endloop
 endfacet
 facet normal  0.000000e+00 -1.000000e+00  0.000000e+00
   outer loop
     vertex -2.493110e-02 -6.000000e-01 -1.416352e-01
     vertex -6.082246e-03 -6.000000e-01 -9.793127e-02
     vertex -5.041067e-02 -6.000000e-01 -9.072515e-02
   endloop
 endfacet
 facet normal -0.000000e+00 -1.000000e+00  0.000000e+00
   outer loop
     vertex -4.242789e-02 -6.000000e-01  1.027527e-01
     vertex -9.872656e-02 -6.000000e-01  1.141807e-01
     vertex -7.835605e-02 -6.000000e-01  6.186399e-02
   endloop
 endfacet
 facet normal  0.000000e+00 -1.000000e+00 -0.000000e+00
   outer loop
     vertex -9.872656e-02 -6.000000e-01  1.141807e-01
     vertex -1.333008e-01 -6.000000e-01  7.611721e-02
     vertex -7.835605e-02 -6.000000e-01  6.186399e-02
   endloop
 endfacet
 facet normal  0.000000e+00 -1.000000e+00  0.000000e+00
   outer loop
     vertex -1.333008e-01 -6.000000e-01  7.611721e-02
     vertex -1.144128e-01 -6.000000e-01  2.156166e-02
     vertex -7.835605e-02 -6.000000e-01  6.186399e-02
   endloop
 endfacet
 facet normal -0.000000e+00 -1.000000e+00  0.000000e+00
   outer loop
     vertex -1.144128e-01 -6.000000e-01  2.156166e-02
     vertex -1.676599e-01 -6.000000e-01  3.971396e-02
     vertex -1.575965e-01 -6.000000e-01 -1.010529e-02
   endloop
 endfacet
 facet normal -0.000000e+00 -1.000000e+00  0.000000e+00
   outer loop
     vertex  6.703930e-02 -6.000000e-01  7.268873e-02
     vertex  1.239209e-02 -6.000000e-01  8.991268e-02
     vertex  2.803716e-02 -6.000000e-01  3.624713e-02
   endloop
 endfacet
 facet normal  0.000000e+00 -1.000000e+00 -0.000000e+00
   outer loop
     vertex -1.144128e-01 -6.000000e-01  2.156166e-02
     vertex -1.575965e-01 -6.000000e-01 -1.010529e-02
     vertex -9.846167e-02 -6.000000e-01 -4.364214e-02
   endloop
 endfacet
 facet normal -0.000000e+00 -1.000000e+00  0.000000e+00
   outer loop
     vertex  1.239209e-02 -6.000000e-01  8.991268e-02
     vertex -4.242789e-02 -6.000000e-01  1.027527e-01
     vertex -2.516256e-02 -6.000000e-01  5.146726e-02
   endloop
 endfacet
 facet normal  0.000000e+00 -1.000000e+00  0.000000e+00
   outer loop
     vertex  2.803716e-02 -6.000000e-01  3.624713e-02
     vertex  1.239209e-02 -6.000000e-01  8.991268e-02
     vertex -2.516256e-02 -6.000000e-01  5.146726e-02
   endloop
 endfacet
 facet normal  0.000000e+00 -1.000000e+00 -0.000000e+00
   outer loop
     vertex -4.242789e-02 -6.000000e-01  1.027527e-01
     vertex -7.835605e-02 -6.000000e-01  6.186399e-02
     vertex -2.516256e-02 -6.000000e-01  5.146726e-02
   endloop
 endfacet
 facet normal  0.000000e+00 -1.000000e+00 -0.000000e+00
   outer loop
     vertex -7.835605e-02 -6.000000e-01  6.186399e-02
     vertex -1.144128e-01 -6.000000e-01  2.156166e-02
     vertex -5.976595e-02 -6.000000e-01  6.957458e-03
   endloop
 endfacet
 facet normal  0.000000e+00 -1.000000e+00  0.000000e+00
   outer loop
     vertex -1.144128e-01 -6.000000e-01  2.156166e-02
     vertex -9.846167e-02 -6.000000e-01 -4.364214e-02
     vertex -5.976595e-02 -6.000000e-01  6.957458e-03
   endloop
 endfacet
 facet normal -0.000000e+00 -1.000000e+00  0.000000e+00
   outer loop
     vertex -2.516256e-02 -6.000000e-01  5.146726e-02
     vertex -7.835605e-02 -6.000000e-01  6.186399e-02
     vertex -5.976595e-02 -6.000000e-01  6.957458e-03
   endloop
 endfacet
 facet normal  0.000000e+00 -1.000000e+00  0.000000e+00
   outer loop
     vertex  8.001061e-02 -6.000000e-01  1.273486e-02
     vertex  6.703930e-02 -6.000000e-01  7.268873e-02
     vertex  2.803716e-02 -6.000000e-01  3.624713e-02
   endloop
 endfacet
 facet normal  0.000000e+00 -1.000000e+00  0.000000e+00
   outer loop
     vertex -6.082246e-03 -6.000000e-01 -9.793127e-02
     vertex  3.383695e-02 -6.000000e-01 -7.587260e-02
     vertex -2.237613e-02 -6.000000e-01 -4.437763e-02
   endloop
 endfacet
 facet normal  0.000000e+00 -1.000000e+00  0.000000e+00
   outer loop
     vertex -5.041067e-02 -6.000000e-01 -9.072515e-02
     vertex -6.082246e-03 -6.000000e-01 -9.793127e-02
     vertex -2.237613e-02 -6.000000e-01 -4.437763e-02
   endloop
 endfacet
 facet normal  0.000000e+00 -1.000000e+00 -0.000000e+00
   outer loop
     vertex -5.976595e-02 -6.000000e-01  6.957458e-03
     vertex -9.846167e-02 -6.000000e-01 -4.364214e-02
     vertex -2.237613e-02 -6.000000e-01 -4.437763e-02
   endloop
 endfacet
 facet normal  0.000000e+00 -1.000000e+00 -0.000000e+00
   outer loop
     vertex -2.516256e-02 -6.000000e-01  5.146726e-02
     vertex -5.976595e-02 -6.000000e-01  6.957458e-03
     vertex -9.409277e-03 -6.000000e-01  5.561009e-03
   endloop
 endfacet
 facet normal -0.000000e+00 -1.000000e+00  0.000000e+00
   outer loop
     vertex  2.803716e-02 -6.000000e-01  3.624713e-02
     vertex -2.516256e-02 -6.000000e-01  5.146726e-02
     vertex -9.409277e-03 -6.000000e-01  5.561009e-03
   endloop
 endfacet
 facet normal  0.000000e+00 -1.000000e+00  0.000000e+00
   outer loop
     vertex -5.976595e-02 -6.000000e-01  6.957458e-03
     vertex -2.237613e-02 -6.000000e-01 -4.437763e-02
     vertex -9.409277e-03 -6.000000e-01  5.561009e-03
   endloop
 endfacet
 facet normal  0.000000e+00 -1.000000e+00  0.000000e+00
   outer loop
     vertex  3.383695e-02 -6.000000e-01 -7.587260e-02
     vertex  8.137601e-02 -6.000000e-01 -4.837646e-02
     vertex  3.292435e-02 -6.000000e-01 -1.991050e-02
   endloop
 endfacet
 facet normal  0.000000e+00 -1.000000e+00  0.000000e+00
   outer loop
     vertex  3.292435e-02 -6.000000e-01 -1.991050e-02
     vertex  8.137601e-02 -6.000000e-01 -4.837646e-02
     vertex  8.001061e-02 -6.000000e-01  1.273486e-02
   endloop
 endfacet
 facet normal  0.000000e+00 -1.000000e+00  0.000000e+00
   outer loop
     vertex -2.237613e-02 -6.000000e-01 -4.437763e-02
     vertex  3.383695e-02 -6.000000e-01 -7.587260e-02
     vertex  3.292435e-02 -6.000000e-01 -1.991050e-02
   endloop
 endfacet
 facet normal -0.000000e+00 -1.000000e+00  0.000000e+00
   outer loop
     vertex -2.237613e-02 -6.000000e-01 -4.437763e-02
     vertex -9.846167e-02 -6.000000e-01 -4.364214e-02
     vertex -5.041067e-02 -6.000000e-01 -9.072515e-02
   endloop
 endfacet
 facet normal -0.000000e+00 -1.000000e+00  0.000000e+00
   outer loop
     vertex -5.041067e-02 -6.000000e-01 -9.072515e-02
     vertex -9.846167e-02 -6.000000e-01 -4.364214e-02
     vertex -9.255619e-02 -6.000000e-01 -9.971917e-02
   endloop
 endfacet
 facet normal -0.000000e+00 -1.000000e+00  0.000000e+00
   outer loop
     vertex  8.001061e-02 -6.000000e-01  1.273486e-02
     vertex  2.803716e-02 -6.000000e-01  3.624713e-02
     vertex  3.292435e-02 -6.000000e-01 -1.991050e-02
   endloop
 endfacet
 facet normal  0.000000e+00 -1.000000e+00 -0.000000e+00
   outer loop
     vertex -9.409277e-03 -6.000000e-01  5.561009e-03
     vertex -2.237613e-02 -6.000000e-01 -4.437763e-02
     vertex  3.292435e-02 -6.000000e-01 -1.991050e-02
   endloop
 endfacet
 facet normal  0.000000e+00 -1.000000e+00  0.000000e+00
   outer loop
     vertex  3.292435e-02 -6.000000e-01 -1.991050e-02
     vertex  2.803716e-02 -6.000000e-01  3.624713e-02
     vertex -9.409277e-03 -6.000000e-01  5.561009e-03
   endloop
 endfacet
endsolid inlet
