solid walls
 facet normal  9.992315e-01  1.197932e-17  3.919709e-02
   outer loop
     vertex  4.984636e-01 -6.000000e-01  3.916697e-02
     vertex  5.000000e-01 -6.000000e-01 -3.401472e-19
     vertex  5.000000e-01 -5.711375e-01 -3.544530e-18
   endloop
 endfacet
 facet normal  9.890960e-01 -2.535505e-02  1.450731e-01
   outer loop
     vertex  4.887160e-01 -6.000000e-01  1.056251e-01
     vertex  4.984636e-01 -6.000000e-01  3.916697e-02
     vertex  4.923878e-01 -5.638162e-01  8.691545e-02
   endloop
 endfacet
 facet normal  9.596436e-01 -2.847967e-02  2.797732e-01
   outer loop
     vertex  4.689103e-01 -6.000000e-01  1.735601e-01
     vertex  4.887160e-01 -6.000000e-01  1.056251e-01
     vertex  4.788192e-01 -5.566307e-01  1.439868e-01
   endloop
 endfacet
 facet normal  9.038118e-01 -3.918811e-02  4.261320e-01
   outer loop
     vertex  4.322475e-01 -6.000000e-01  2.513207e-01
     vertex  4.689103e-01 -6.000000e-01  1.735601e-01
     vertex  4.522869e-01 -5.527990e-01  2.131586e-01
   endloop
 endfacet
 facet normal  8.264917e-01 -2.544604e-02  5.623736e-01
   outer loop
     vertex  3.924393e-01 -6.000000e-01  3.098248e-01
     vertex  4.322475e-01 -6.000000e-01  2.513207e-01
     vertex  4.145422e-01 -5.509265e-01  2.795618e-01
   endloop
 endfacet
 facet normal  7.388208e-01 -2.557945e-02  6.734163e-01
   outer loop
     vertex  3.447706e-01 -6.000000e-01  3.621232e-01
     vertex  3.924393e-01 -6.000000e-01  3.098248e-01
     vertex  3.692979e-01 -5.510194e-01  3.370743e-01
   endloop
 endfacet
 facet normal  6.353324e-01 -2.661575e-02  7.717800e-01
   outer loop
     vertex  2.891346e-01 -6.000000e-01  4.079230e-01
     vertex  3.447706e-01 -6.000000e-01  3.621232e-01
     vertex  3.171581e-01 -5.512006e-01  3.865369e-01
   endloop
 endfacet
 facet normal  5.189158e-01 -2.573038e-02  8.544380e-01
   outer loop
     vertex  2.286518e-01 -6.000000e-01  4.446553e-01
     vertex  2.891346e-01 -6.000000e-01  4.079230e-01
     vertex  2.589940e-01 -5.513183e-01  4.276940e-01
   endloop
 endfacet
 facet normal  3.930958e-01 -2.580055e-02  9.191355e-01
   outer loop
     vertex  1.635892e-01 -6.000000e-01  4.724813e-01
     vertex  2.286518e-01 -6.000000e-01  4.446553e-01
     vertex  1.960841e-01 -5.514476e-01  4.599468e-01
   endloop
 endfacet
 facet normal  2.594029e-01 -2.585111e-02  9.654231e-01
   outer loop
     vertex  9.524993e-02 -6.000000e-01  4.908436e-01
     vertex  1.635892e-01 -6.000000e-01  4.724813e-01
     vertex  1.292840e-01 -5.515386e-01  4.829965e-01
   endloop
 endfacet
 facet normal  1.205146e-01 -2.588014e-02  9.923741e-01
   outer loop
     vertex  2.500286e-02 -6.000000e-01  4.993745e-01
     vertex  9.524993e-02 -6.000000e-01  4.908436e-01
     vertex  5.990807e-02 -5.515895e-01  4.963980e-01
   endloop
 endfacet
 facet normal -2.078731e-02 -2.588776e-02  9.994487e-01
   outer loop
     vertex -4.574501e-02 -6.000000e-01  4.979030e-01
     vertex  2.500286e-02 -6.000000e-01  4.993745e-01
     vertex -1.083514e-02 -5.516059e-01  4.998826e-01
   endloop
 endfacet
 facet normal -1.616729e-01 -2.587802e-02  9.865050e-01
   outer loop
     vertex -1.155766e-01 -6.000000e-01  4.864587e-01
     vertex -4.574501e-02 -6.000000e-01  4.979030e-01
     vertex -8.152870e-02 -5.515978e-01  4.933083e-01
   endloop
 endfacet
 facet normal -2.993205e-01 -2.584758e-02  9.538025e-01
   outer loop
     vertex -1.830933e-01 -6.000000e-01  4.652707e-01
     vertex -1.155766e-01 -6.000000e-01  4.864587e-01
     vertex -1.509716e-01 -5.515908e-01  4.766630e-01
   endloop
 endfacet
 facet normal -4.321945e-01 -2.682655e-02  9.013813e-01
   outer loop
     vertex -2.481307e-01 -6.000000e-01  4.340866e-01
     vertex -1.830933e-01 -6.000000e-01  4.652707e-01
     vertex -2.181420e-01 -5.516508e-01  4.499045e-01
   endloop
 endfacet
 facet normal -5.625669e-01 -3.197481e-02  8.261332e-01
   outer loop
     vertex -3.129885e-01 -6.000000e-01  3.899208e-01
     vertex -2.481307e-01 -6.000000e-01  4.340866e-01
     vertex -2.825609e-01 -5.518687e-01  4.125037e-01
   endloop
 endfacet
 facet normal -6.845977e-01 -3.164037e-02  7.282341e-01
   outer loop
     vertex -3.698622e-01 -6.000000e-01  3.364550e-01
     vertex -3.129885e-01 -6.000000e-01  3.899208e-01
     vertex -3.417797e-01 -5.518346e-01  3.649474e-01
   endloop
 endfacet
 facet normal -7.852244e-01 -2.587007e-02  6.186707e-01
   outer loop
     vertex -4.136560e-01 -6.000000e-01  2.808714e-01
     vertex -3.698622e-01 -6.000000e-01  3.364550e-01
     vertex -3.923192e-01 -5.515835e-01  3.099769e-01
   endloop
 endfacet
 facet normal -8.679758e-01 -3.122589e-02  4.956237e-01
   outer loop
     vertex -4.521260e-01 -6.000000e-01  2.134996e-01
     vertex -4.136560e-01 -6.000000e-01  2.808714e-01
     vertex -4.338923e-01 -5.517747e-01  2.484703e-01
   endloop
 endfacet
 facet normal -9.318892e-01 -2.586140e-02  3.618200e-01
   outer loop
     vertex -4.777381e-01 -6.000000e-01  1.475341e-01
     vertex -4.521260e-01 -6.000000e-01  2.134996e-01
     vertex -4.658031e-01 -5.515751e-01  1.817347e-01
   endloop
 endfacet
 facet normal -9.746931e-01 -2.989716e-02  2.215392e-01
   outer loop
     vertex -4.945736e-01 -6.000000e-01  7.346382e-02
     vertex -4.777381e-01 -6.000000e-01  1.475341e-01
     vertex -4.873909e-01 -5.517248e-01  1.115803e-01
   endloop
 endfacet
 facet normal -9.967319e-01 -2.583239e-02  7.653857e-02
   outer loop
     vertex -4.999915e-01 -6.000000e-01  2.908360e-03
     vertex -4.945736e-01 -6.000000e-01  7.346382e-02
     vertex -4.984486e-01 -5.515397e-01  3.935756e-02
   endloop
 endfacet
 facet normal -9.975546e-01 -2.584442e-02 -6.493814e-02
   outer loop
     vertex -4.953948e-01 -6.000000e-01 -6.770536e-02
     vertex -4.999915e-01 -6.000000e-01  2.908360e-03
     vertex -4.989373e-01 -5.515176e-01 -3.258178e-02
   endloop
 endfacet
 facet normal -9.781039e-01 -2.680937e-02 -2.063832e-01
   outer loop
     vertex -4.805170e-01 -6.000000e-01 -1.382152e-01
     vertex -4.953948e-01 -6.000000e-01 -6.770536e-02
     vertex -4.890552e-01 -5.515551e-01 -1.040435e-01
   endloop
 endfacet
 facet normal -9.387518e-01 -2.576826e-02 -3.436292e-01
   outer loop
     vertex -4.561926e-01 -6.000000e-01 -2.046664e-01
     vertex -4.805170e-01 -6.000000e-01 -1.382152e-01
     vertex -4.688028e-01 -5.515463e-01 -1.738503e-01
   endloop
 endfacet
 facet normal -8.756435e-01 -3.422854e-02 -4.817436e-01
   outer loop
     vertex -4.170744e-01 -6.000000e-01 -2.757697e-01
     vertex -4.561926e-01 -6.000000e-01 -2.046664e-01
     vertex -4.375428e-01 -5.518821e-01 -2.419841e-01
   endloop
 endfacet
 facet normal -7.927635e-01 -2.587500e-02 -6.089799e-01
   outer loop
     vertex -3.739666e-01 -6.000000e-01 -3.318870e-01
     vertex -4.170744e-01 -6.000000e-01 -2.757697e-01
     vertex -3.960400e-01 -5.515980e-01 -3.052087e-01
   endloop
 endfacet
 facet normal -6.877469e-01 -3.835102e-02 -7.249368e-01
   outer loop
     vertex -3.117511e-01 -6.000000e-01 -3.909108e-01
     vertex -3.739666e-01 -6.000000e-01 -3.318870e-01
     vertex -3.446831e-01 -5.520196e-01 -3.622065e-01
   endloop
 endfacet
 facet normal -5.664277e-01 -2.570135e-02 -8.237105e-01
   outer loop
     vertex -2.534434e-01 -6.000000e-01 -4.310063e-01
     vertex -3.117511e-01 -6.000000e-01 -3.909108e-01
     vertex -2.855140e-01 -5.515271e-01 -4.104653e-01
   endloop
 endfacet
 facet normal -4.444692e-01 -2.581944e-02 -8.954220e-01
   outer loop
     vertex -1.900594e-01 -6.000000e-01 -4.624688e-01
     vertex -2.534434e-01 -6.000000e-01 -4.310063e-01
     vertex -2.226504e-01 -5.514759e-01 -4.476905e-01
   endloop
 endfacet
 facet normal -3.136100e-01 -2.579274e-02 -9.492015e-01
   outer loop
     vertex -1.228685e-01 -6.000000e-01 -4.846683e-01
     vertex -1.900594e-01 -6.000000e-01 -4.624688e-01
     vertex -1.551571e-01 -5.515441e-01 -4.753170e-01
   endloop
 endfacet
 facet normal -1.622910e-01 -3.773237e-02 -9.860212e-01
   outer loop
     vertex -3.894970e-02 -6.000000e-01 -4.984806e-01
     vertex -1.228685e-01 -6.000000e-01 -4.846683e-01
     vertex -8.164341e-02 -5.520284e-01 -4.932893e-01
   endloop
 endfacet
 facet normal -7.153602e-03 -2.570412e-02 -9.996440e-01
   outer loop
     vertex  3.181167e-02 -6.000000e-01 -4.989870e-01
     vertex -3.894970e-02 -6.000000e-01 -4.984806e-01
     vertex -6.439775e-03 -5.515710e-01 -4.999585e-01
   endloop
 endfacet
 facet normal  1.340390e-01 -2.580756e-02 -9.906400e-01
   outer loop
     vertex  1.019359e-01 -6.000000e-01 -4.894988e-01
     vertex  3.181167e-02 -6.000000e-01 -4.989870e-01
     vertex  6.570675e-02 -5.515182e-01 -4.956638e-01
   endloop
 endfacet
 facet normal  2.725466e-01 -2.583418e-02 -9.617957e-01
   outer loop
     vertex  1.700183e-01 -6.000000e-01 -4.702061e-01
     vertex  1.019359e-01 -6.000000e-01 -4.894988e-01
     vertex  1.357140e-01 -5.515133e-01 -4.812294e-01
   endloop
 endfacet
 facet normal  4.055952e-01 -2.584101e-02 -9.136874e-01
   outer loop
     vertex  2.346953e-01 -6.000000e-01 -4.414953e-01
     vertex  1.700183e-01 -6.000000e-01 -4.702061e-01
     vertex  2.027197e-01 -5.515118e-01 -4.570609e-01
   endloop
 endfacet
 facet normal  5.339461e-01 -2.893230e-02 -8.450234e-01
   outer loop
     vertex  2.979757e-01 -6.000000e-01 -4.015102e-01
     vertex  2.346953e-01 -6.000000e-01 -4.414953e-01
     vertex  2.661906e-01 -5.515743e-01 -4.232524e-01
   endloop
 endfacet
 facet normal  6.510685e-01 -2.559064e-02 -7.585875e-01
   outer loop
     vertex  3.516734e-01 -6.000000e-01 -3.554235e-01
     vertex  2.979757e-01 -6.000000e-01 -4.015102e-01
     vertex  3.241316e-01 -5.511901e-01 -3.807082e-01
   endloop
 endfacet
 facet normal  7.516442e-01 -2.532276e-02 -6.590825e-01
   outer loop
     vertex  3.983271e-01 -6.000000e-01 -3.022177e-01
     vertex  3.516734e-01 -6.000000e-01 -3.554235e-01
     vertex  3.749544e-01 -5.506062e-01 -3.307706e-01
   endloop
 endfacet
 facet normal  8.371693e-01 -2.489824e-02 -5.463769e-01
   outer loop
     vertex  4.370025e-01 -6.000000e-01 -2.429585e-01
     vertex  3.983271e-01 -6.000000e-01 -3.022177e-01
     vertex  4.185352e-01 -5.496779e-01 -2.735476e-01
   endloop
 endfacet
 facet normal  9.059161e-01 -2.498159e-02 -4.227196e-01
   outer loop
     vertex  4.669248e-01 -6.000000e-01 -1.788330e-01
     vertex  4.370025e-01 -6.000000e-01 -2.429585e-01
     vertex  4.536942e-01 -5.499212e-01 -2.101465e-01
   endloop
 endfacet
 facet normal  9.565030e-01 -2.566300e-02 -2.905915e-01
   outer loop
     vertex  4.874947e-01 -6.000000e-01 -1.111255e-01
     vertex  4.669248e-01 -6.000000e-01 -1.788330e-01
     vertex  4.798022e-01 -5.520983e-01 -1.406765e-01
   endloop
 endfacet
 facet normal  9.876898e-01 -2.231852e-02 -1.548248e-01
   outer loop
     vertex  4.981152e-01 -6.000000e-01 -4.337323e-02
     vertex  4.874947e-01 -6.000000e-01 -1.111255e-01
     vertex  4.961208e-01 -5.579208e-01 -6.216198e-02
   endloop
 endfacet
 facet normal  9.990572e-01 -4.819940e-18 -4.341416e-02
   outer loop
     vertex  5.000000e-01 -6.000000e-01 -3.401472e-19
     vertex  4.981152e-01 -6.000000e-01 -4.337323e-02
     vertex  5.000000e-01 -5.711375e-01 -3.544530e-18
   endloop
 endfacet
 facet normal  9.988430e-01 -5.339131e-18 -4.809062e-02
   outer loop
     vertex  5.000000e-01  1.039633e-01 -7.849577e-17
     vertex  5.000000e-01  7.436185e-02 -7.520935e-17
     vertex  4.976873e-01  8.134951e-02 -4.803498e-02
   endloop
 endfacet
 facet normal  9.990676e-01 -4.793232e-18 -4.317359e-02
   outer loop
     vertex  5.000000e-01 -1.454993e-01 -5.079986e-17
     vertex  5.000000e-01 -1.751008e-01 -4.751344e-17
     vertex  4.981360e-01 -1.746848e-01 -4.313334e-02
   endloop
 endfacet
 facet normal  9.990642e-01 -4.801797e-18 -4.325075e-02
   outer loop
     vertex  5.000000e-01 -3.705329e-01 -2.581611e-17
     vertex  5.000000e-01 -4.001343e-01 -2.252969e-17
     vertex  4.981294e-01 -3.960757e-01 -4.321027e-02
   endloop
 endfacet
 facet normal  9.891201e-01  2.570121e-02  1.448477e-01
   outer loop
     vertex  4.986216e-01  5.000000e-01  3.710070e-02
     vertex  4.883228e-01  5.000000e-01  1.074284e-01
     vertex  4.925493e-01  4.581344e-01  8.599526e-02
   endloop
 endfacet
 facet normal  9.585209e-01  2.825857e-02  2.836180e-01
   outer loop
     vertex  4.883228e-01  5.000000e-01  1.074284e-01
     vertex  4.681558e-01  5.000000e-01  1.755852e-01
     vertex  4.772773e-01  4.572432e-01  1.490179e-01
   endloop
 endfacet
 facet normal  9.024597e-01  4.042911e-02  4.288729e-01
   outer loop
     vertex  4.681558e-01  5.000000e-01  1.755852e-01
     vertex  4.317959e-01  5.000000e-01  2.520958e-01
     vertex  4.507705e-01  4.556745e-01  2.163469e-01
   endloop
 endfacet
 facet normal  8.252603e-01  2.742411e-02  5.640863e-01
   outer loop
     vertex  4.317959e-01  5.000000e-01  2.520958e-01
     vertex  3.916868e-01  5.000000e-01  3.107755e-01
     vertex  4.135436e-01  4.539702e-01  2.810368e-01
   endloop
 endfacet
 facet normal  7.369509e-01  2.670366e-02  6.754186e-01
   outer loop
     vertex  3.916868e-01  5.000000e-01  3.107755e-01
     vertex  3.436624e-01  5.000000e-01  3.631751e-01
     vertex  3.690087e-01  4.526728e-01  3.373908e-01
   endloop
 endfacet
 facet normal  6.327146e-01  2.733672e-02  7.739024e-01
   outer loop
     vertex  3.436624e-01  5.000000e-01  3.631751e-01
     vertex  2.876287e-01  5.000000e-01  4.089862e-01
     vertex  3.168535e-01  4.520571e-01  3.867866e-01
   endloop
 endfacet
 facet normal  5.154857e-01  2.620227e-02  8.564975e-01
   outer loop
     vertex  2.876287e-01  5.000000e-01  4.089862e-01
     vertex  2.267298e-01  5.000000e-01  4.456384e-01
     vertex  2.582162e-01  4.517608e-01  4.281640e-01
   endloop
 endfacet
 facet normal  3.888298e-01  2.613874e-02  9.209387e-01
   outer loop
     vertex  2.267298e-01  5.000000e-01  4.456384e-01
     vertex  1.612491e-01  5.000000e-01  4.732850e-01
     vertex  1.946125e-01  4.516365e-01  4.605713e-01
   endloop
 endfacet
 facet normal  2.543158e-01  2.610198e-02  9.667689e-01
   outer loop
     vertex  1.612491e-01  5.000000e-01  4.732850e-01
     vertex  9.250988e-02  5.000000e-01  4.913674e-01
     vertex  1.271845e-01  4.515676e-01  4.835536e-01
   endloop
 endfacet
 facet normal  1.146621e-01  2.608227e-02  9.930621e-01
   outer loop
     vertex  9.250988e-02  5.000000e-01  4.913674e-01
     vertex  2.190117e-02  5.000000e-01  4.995201e-01
     vertex  5.720137e-02  4.515318e-01  4.967172e-01
   endloop
 endfacet
 facet normal -2.730875e-02  2.607178e-02  9.992870e-01
   outer loop
     vertex  2.190117e-02  5.000000e-01  4.995201e-01
     vertex -4.915012e-02  5.000000e-01  4.975784e-01
     vertex -1.402095e-02  4.515164e-01  4.998034e-01
   endloop
 endfacet
 facet normal -1.687279e-01  2.605917e-02  9.853181e-01
   outer loop
     vertex -4.915012e-02  5.000000e-01  4.975784e-01
     vertex -1.192082e-01  5.000000e-01  4.855815e-01
     vertex -8.514883e-02  4.515105e-01  4.926963e-01
   endloop
 endfacet
 facet normal -3.067376e-01  2.602575e-02  9.514382e-01
   outer loop
     vertex -1.192082e-01  5.000000e-01  4.855815e-01
     vertex -1.868572e-01  5.000000e-01  4.637719e-01
     vertex -1.549052e-01  4.515192e-01  4.753992e-01
   endloop
 endfacet
 facet normal -4.397652e-01  2.698883e-02  8.977072e-01
   outer loop
     vertex -1.868572e-01  5.000000e-01  4.637719e-01
     vertex -2.519124e-01  5.000000e-01  4.319029e-01
     vertex -2.223804e-01  4.516120e-01  4.478247e-01
   endloop
 endfacet
 facet normal -5.729142e-01  3.532472e-02  8.188538e-01
   outer loop
     vertex -2.519124e-01  5.000000e-01  4.319029e-01
     vertex -3.194110e-01  5.000000e-01  3.846773e-01
     vertex -2.874068e-01  4.519452e-01  4.091422e-01
   endloop
 endfacet
 facet normal -6.942716e-01  2.892561e-02  7.191316e-01
   outer loop
     vertex -3.194110e-01  5.000000e-01  3.846773e-01
     vertex -3.732067e-01  5.000000e-01  3.327413e-01
     vertex -3.463021e-01  4.516913e-01  3.606589e-01
   endloop
 endfacet
 facet normal -7.915570e-01  2.609203e-02  6.105381e-01
   outer loop
     vertex -3.732067e-01  5.000000e-01  3.327413e-01
     vertex -4.166172e-01  5.000000e-01  2.764600e-01
     vertex -3.958495e-01  4.515495e-01  3.054557e-01
   endloop
 endfacet
 facet normal -8.733398e-01  3.147957e-02  4.860932e-01
   outer loop
     vertex -4.166172e-01  5.000000e-01  2.764600e-01
     vertex -4.545007e-01  5.000000e-01  2.083965e-01
     vertex -4.367606e-01  4.517643e-01  2.433931e-01
   endloop
 endfacet
 facet normal -9.360082e-01  2.609729e-02  3.510094e-01
   outer loop
     vertex -4.545007e-01  5.000000e-01  2.083965e-01
     vertex -4.794582e-01  5.000000e-01  1.418444e-01
     vertex -4.679701e-01  4.515704e-01  1.760794e-01
   endloop
 endfacet
 facet normal -9.773165e-01  3.015232e-02  2.096267e-01
   outer loop
     vertex -4.794582e-01  5.000000e-01  1.418444e-01
     vertex -4.954545e-01  5.000000e-01  6.726668e-02
     vertex -4.887644e-01  4.517256e-01  1.054011e-01
   endloop
 endfacet
 facet normal -9.976259e-01  2.607334e-02  6.373977e-02
   outer loop
     vertex -4.954545e-01  5.000000e-01  6.726668e-02
     vertex -4.999866e-01  5.000000e-01 -3.666504e-03
     vertex -4.989242e-01  4.515456e-01  3.278138e-02
   endloop
 endfacet
 facet normal -9.965838e-01  2.607498e-02 -7.836371e-02
   outer loop
     vertex -4.999866e-01  5.000000e-01 -3.666504e-03
     vertex -4.944147e-01  5.000000e-01 -7.452560e-02
     vertex -4.984404e-01  4.515201e-01 -3.946071e-02
   endloop
 endfacet
 facet normal -9.750916e-01  2.703751e-02 -2.201483e-01
   outer loop
     vertex -4.944147e-01  5.000000e-01 -7.452560e-02
     vertex -4.784752e-01  5.000000e-01 -1.451257e-01
     vertex -4.875028e-01  4.515544e-01 -1.110902e-01
   endloop
 endfacet
 facet normal -9.335845e-01  2.597956e-02 -3.574145e-01
   outer loop
     vertex -4.784752e-01  5.000000e-01 -1.451257e-01
     vertex -4.530624e-01  5.000000e-01 -2.115052e-01
     vertex -4.661237e-01  4.515422e-01 -1.809108e-01
   endloop
 endfacet
 facet normal -8.681345e-01  3.447840e-02 -4.951300e-01
   outer loop
     vertex -4.530624e-01  5.000000e-01 -2.115052e-01
     vertex -4.127011e-01  5.000000e-01 -2.822725e-01
     vertex -4.336627e-01  4.518755e-01 -2.488707e-01
   endloop
 endfacet
 facet normal -7.829213e-01  2.609533e-02 -6.215733e-01
   outer loop
     vertex -4.127011e-01  5.000000e-01 -2.822725e-01
     vertex -3.685060e-01  5.000000e-01 -3.379398e-01
     vertex -3.909686e-01  4.515939e-01 -3.116786e-01
   endloop
 endfacet
 facet normal -6.755969e-01  3.863587e-02 -7.362582e-01
   outer loop
     vertex -3.685060e-01  5.000000e-01 -3.379398e-01
     vertex -3.050866e-01  5.000000e-01 -3.961340e-01
     vertex -3.384434e-01  4.520156e-01 -3.680436e-01
   endloop
 endfacet
 facet normal -5.521311e-01  2.595441e-02 -8.333532e-01
   outer loop
     vertex -3.050866e-01  5.000000e-01 -3.961340e-01
     vertex -2.458337e-01  5.000000e-01 -4.353915e-01
     vertex -2.782107e-01  4.515262e-01 -4.154501e-01
   endloop
 endfacet
 facet normal -4.283850e-01  2.605399e-02 -9.032206e-01
   outer loop
     vertex -2.458337e-01  5.000000e-01 -4.353915e-01
     vertex -1.816129e-01  5.000000e-01 -4.658506e-01
     vertex -2.144217e-01  4.514795e-01 -4.516894e-01
   endloop
 endfacet
 facet normal -2.959837e-01  2.601645e-02 -9.548386e-01
   outer loop
     vertex -1.816129e-01  5.000000e-01 -4.658506e-01
     vertex -1.137221e-01  5.000000e-01 -4.868956e-01
     vertex -1.461543e-01  4.515581e-01 -4.781620e-01
   endloop
 endfacet
 facet normal -1.433852e-01  3.803719e-02 -9.889357e-01
   outer loop
     vertex -1.137221e-01  5.000000e-01 -4.868956e-01
     vertex -2.924322e-02  5.000000e-01 -4.991441e-01
     vertex -7.200426e-02  4.520570e-01 -4.947882e-01
   endloop
 endfacet
 facet normal  1.261337e-02  2.598433e-02 -9.995828e-01
   outer loop
     vertex -2.924322e-02  5.000000e-01 -4.991441e-01
     vertex  4.182894e-02  5.000000e-01 -4.982473e-01
     vertex  3.630592e-03  4.516241e-01 -4.999868e-01
   endloop
 endfacet
 facet normal  1.542225e-01  2.608519e-02 -9.876918e-01
   outer loop
     vertex  4.182894e-02  5.000000e-01 -4.982473e-01
     vertex  1.120558e-01  5.000000e-01 -4.872817e-01
     vertex  7.595866e-02  4.515909e-01 -4.941966e-01
   endloop
 endfacet
 facet normal  2.927147e-01  2.612301e-02 -9.558429e-01
   outer loop
     vertex  1.120558e-01  5.000000e-01 -4.872817e-01
     vertex  1.800182e-01  5.000000e-01 -4.664691e-01
     vertex  1.459400e-01  4.516157e-01 -4.782275e-01
   endloop
 endfacet
 facet normal  4.252914e-01  2.616181e-02 -9.046783e-01
   outer loop
     vertex  1.800182e-01  5.000000e-01 -4.664691e-01
     vertex  2.443428e-01  5.000000e-01 -4.362300e-01
     vertex  2.127158e-01  4.516784e-01 -4.524953e-01
   endloop
 endfacet
 facet normal  5.526467e-01  2.936447e-02 -8.328982e-01
   outer loop
     vertex  2.443428e-01  5.000000e-01 -4.362300e-01
     vertex  3.069781e-01  5.000000e-01 -3.946700e-01
     vertex  2.755698e-01  4.518841e-01 -4.172065e-01
   endloop
 endfacet
 facet normal  6.682799e-01  2.611789e-02 -7.434513e-01
   outer loop
     vertex  3.069781e-01  5.000000e-01 -3.946700e-01
     vertex  3.598390e-01  5.000000e-01 -3.471540e-01
     vertex  3.325308e-01  4.518017e-01 -3.733942e-01
   endloop
 endfacet
 facet normal  7.669470e-01  2.606623e-02 -6.411808e-01
   outer loop
     vertex  3.598390e-01  5.000000e-01 -3.471540e-01
     vertex  4.054283e-01  5.000000e-01 -2.926225e-01
     vertex  3.819868e-01  4.517434e-01 -3.226237e-01
   endloop
 endfacet
 facet normal  8.501157e-01  2.601663e-02 -5.259528e-01
   outer loop
     vertex  4.054283e-01  5.000000e-01 -2.926225e-01
     vertex  4.428245e-01  5.000000e-01 -2.321777e-01
     vertex  4.235828e-01  4.517689e-01 -2.656645e-01
   endloop
 endfacet
 facet normal  9.161107e-01  2.573911e-02 -4.000983e-01
   outer loop
     vertex  4.428245e-01  5.000000e-01 -2.321777e-01
     vertex  4.712720e-01  5.000000e-01 -1.670409e-01
     vertex  4.569852e-01  4.512413e-01 -2.028903e-01
   endloop
 endfacet
 facet normal  9.636151e-01  2.456336e-02 -2.661626e-01
   outer loop
     vertex  4.712720e-01  5.000000e-01 -1.670409e-01
     vertex  4.901960e-01  5.000000e-01 -9.852862e-02
     vertex  4.819428e-01  4.485319e-01 -1.331582e-01
   endloop
 endfacet
 facet normal  9.916575e-01  2.220875e-02 -1.269730e-01
   outer loop
     vertex  4.901960e-01  5.000000e-01 -9.852862e-02
     vertex  4.992066e-01  5.000000e-01 -2.815565e-02
     vertex  4.974381e-01  4.509312e-01 -5.055078e-02
   endloop
 endfacet
 facet normal  9.986106e-01  5.850498e-18  5.269660e-02
   outer loop
     vertex  5.000000e-01  7.436185e-02 -7.520935e-17
     vertex  5.000000e-01  1.039633e-01 -7.849577e-17
     vertex  4.972231e-01  8.249543e-02  5.262338e-02
   endloop
 endfacet
 facet normal  9.989546e-01  5.075301e-18  4.571425e-02
   outer loop
     vertex  5.000000e-01 -1.751008e-01 -4.751344e-17
     vertex  5.000000e-01 -1.454993e-01 -5.079986e-17
     vertex  4.979102e-01 -1.674698e-01  4.566646e-02
   endloop
 endfacet
 facet normal  9.991446e-01  4.591026e-18  4.135229e-02
   outer loop
     vertex  5.000000e-01 -4.001343e-01 -2.252969e-17
     vertex  5.000000e-01 -3.705329e-01 -2.581611e-17
     vertex  4.982900e-01 -3.965522e-01  4.131692e-02
   endloop
 endfacet
 facet normal  9.991714e-01  1.978846e-03  4.065296e-02
   outer loop
     vertex  5.000000e-01 -5.711375e-01 -3.544530e-18
     vertex  4.982539e-01 -5.471851e-01  4.174988e-02
     vertex  4.984636e-01 -6.000000e-01  3.916697e-02
   endloop
 endfacet
 facet normal  9.981012e-01  2.153941e-02 -5.770592e-02
   outer loop
     vertex  5.000000e-01 -5.711375e-01 -3.544530e-18
     vertex  4.981152e-01 -6.000000e-01 -4.337323e-02
     vertex  4.961208e-01 -5.579208e-01 -6.216198e-02
   endloop
 endfacet
 facet normal  9.338084e-01  2.976519e-02  3.565331e-01
   outer loop
     vertex  4.689103e-01 -6.000000e-01  1.735601e-01
     vertex  4.788192e-01 -5.566307e-01  1.439868e-01
     vertex  4.522869e-01 -5.527990e-01  2.131586e-01
   endloop
 endfacet
 facet normal  8.693439e-01  2.975941e-02  4.933108e-01
   outer loop
     vertex  4.322475e-01 -6.000000e-01  2.513207e-01
     vertex  4.522869e-01 -5.527990e-01  2.131586e-01
     vertex  4.145422e-01 -5.509265e-01  2.795618e-01
   endloop
 endfacet
 facet normal  7.856324e-01  2.731684e-02  6.180902e-01
   outer loop
     vertex  3.924393e-01 -6.000000e-01  3.098248e-01
     vertex  4.145422e-01 -5.509265e-01  2.795618e-01
     vertex  3.692979e-01 -5.510194e-01  3.370743e-01
   endloop
 endfacet
 facet normal  6.879471e-01  2.641900e-02  7.252798e-01
   outer loop
     vertex  3.447706e-01 -6.000000e-01  3.621232e-01
     vertex  3.692979e-01 -5.510194e-01  3.370743e-01
     vertex  3.171581e-01 -5.512006e-01  3.865369e-01
   endloop
 endfacet
 facet normal  5.773889e-01  2.606146e-02  8.160532e-01
   outer loop
     vertex  2.891346e-01 -6.000000e-01  4.079230e-01
     vertex  3.171581e-01 -5.512006e-01  3.865369e-01
     vertex  2.589940e-01 -5.513183e-01  4.276940e-01
   endloop
 endfacet
 facet normal  4.560269e-01  2.571575e-02  8.895944e-01
   outer loop
     vertex  2.286518e-01 -6.000000e-01  4.446553e-01
     vertex  2.589940e-01 -5.513183e-01  4.276940e-01
     vertex  1.960841e-01 -5.514476e-01  4.599468e-01
   endloop
 endfacet
 facet normal  3.260440e-01  2.575384e-02  9.450037e-01
   outer loop
     vertex  1.635892e-01 -6.000000e-01  4.724813e-01
     vertex  1.960841e-01 -5.514476e-01  4.599468e-01
     vertex  1.292840e-01 -5.515386e-01  4.829965e-01
   endloop
 endfacet
 facet normal  1.895848e-01  2.578900e-02  9.815256e-01
   outer loop
     vertex  9.524993e-02 -6.000000e-01  4.908436e-01
     vertex  1.292840e-01 -5.515386e-01  4.829965e-01
     vertex  5.990807e-02 -5.515895e-01  4.963980e-01
   endloop
 endfacet
 facet normal  4.917396e-02  2.593212e-02  9.984535e-01
   outer loop
     vertex  2.500286e-02 -6.000000e-01  4.993745e-01
     vertex  5.990807e-02 -5.515895e-01  4.963980e-01
     vertex -1.083514e-02 -5.516059e-01  4.998826e-01
   endloop
 endfacet
 facet normal -9.256313e-02  2.605586e-02  9.953658e-01
   outer loop
     vertex -4.574501e-02 -6.000000e-01  4.979030e-01
     vertex -1.083514e-02 -5.516059e-01  4.998826e-01
     vertex -8.152870e-02 -5.515978e-01  4.933083e-01
   endloop
 endfacet
 facet normal -2.330120e-01  2.634066e-02  9.721171e-01
   outer loop
     vertex -1.155766e-01 -6.000000e-01  4.864587e-01
     vertex -8.152870e-02 -5.515978e-01  4.933083e-01
     vertex -1.509716e-01 -5.515908e-01  4.766630e-01
   endloop
 endfacet
 facet normal -3.699686e-01  2.694907e-02  9.286533e-01
   outer loop
     vertex -1.830933e-01 -6.000000e-01  4.652707e-01
     vertex -1.509716e-01 -5.515908e-01  4.766630e-01
     vertex -2.181420e-01 -5.516508e-01  4.499045e-01
   endloop
 endfacet
 facet normal -5.019655e-01  2.854251e-02  8.644166e-01
   outer loop
     vertex -2.481307e-01 -6.000000e-01  4.340866e-01
     vertex -2.181420e-01 -5.516508e-01  4.499045e-01
     vertex -2.825609e-01 -5.518687e-01  4.125037e-01
   endloop
 endfacet
 facet normal -6.258573e-01  2.998115e-02  7.793611e-01
   outer loop
     vertex -3.129885e-01 -6.000000e-01  3.899208e-01
     vertex -2.825609e-01 -5.518687e-01  4.125037e-01
     vertex -3.417797e-01 -5.518346e-01  3.649474e-01
   endloop
 endfacet
 facet normal -7.357846e-01  2.874497e-02  6.766054e-01
   outer loop
     vertex -3.698622e-01 -6.000000e-01  3.364550e-01
     vertex -3.417797e-01 -5.518346e-01  3.649474e-01
     vertex -3.923192e-01 -5.515835e-01  3.099769e-01
   endloop
 endfacet
 facet normal -8.282019e-01  2.851751e-02  5.597038e-01
   outer loop
     vertex -4.136560e-01 -6.000000e-01  2.808714e-01
     vertex -3.923192e-01 -5.515835e-01  3.099769e-01
     vertex -4.338923e-01 -5.517747e-01  2.484703e-01
   endloop
 endfacet
 facet normal -9.017752e-01  2.820963e-02  4.312838e-01
   outer loop
     vertex -4.521260e-01 -6.000000e-01  2.134996e-01
     vertex -4.338923e-01 -5.517747e-01  2.484703e-01
     vertex -4.658031e-01 -5.515751e-01  1.817347e-01
   endloop
 endfacet
 facet normal -9.554173e-01  2.787861e-02  2.939396e-01
   outer loop
     vertex -4.777381e-01 -6.000000e-01  1.475341e-01
     vertex -4.658031e-01 -5.515751e-01  1.817347e-01
     vertex -4.873909e-01 -5.517248e-01  1.115803e-01
   endloop
 endfacet
 facet normal -9.880967e-01  2.751296e-02  1.513539e-01
   outer loop
     vertex -4.945736e-01 -6.000000e-01  7.346382e-02
     vertex -4.873909e-01 -5.517248e-01  1.115803e-01
     vertex -4.984486e-01 -5.515397e-01  3.935756e-02
   endloop
 endfacet
 facet normal -9.996200e-01  2.671373e-02  6.799142e-03
   outer loop
     vertex -4.999915e-01 -6.000000e-01  2.908360e-03
     vertex -4.984486e-01 -5.515397e-01  3.935756e-02
     vertex -4.989373e-01 -5.515176e-01 -3.258178e-02
   endloop
 endfacet
 facet normal -9.902142e-01  2.685923e-02 -1.369466e-01
   outer loop
     vertex -4.953948e-01 -6.000000e-01 -6.770536e-02
     vertex -4.989373e-01 -5.515176e-01 -3.258178e-02
     vertex -4.890552e-01 -5.515551e-01 -1.040435e-01
   endloop
 endfacet
 facet normal -9.600423e-01  2.726016e-02 -2.785241e-01
   outer loop
     vertex -4.805170e-01 -6.000000e-01 -1.382152e-01
     vertex -4.890552e-01 -5.515551e-01 -1.040435e-01
     vertex -4.688028e-01 -5.515463e-01 -1.738503e-01
   endloop
 endfacet
 facet normal -9.084737e-01  2.874466e-02 -4.169524e-01
   outer loop
     vertex -4.561926e-01 -6.000000e-01 -2.046664e-01
     vertex -4.688028e-01 -5.515463e-01 -1.738503e-01
     vertex -4.375428e-01 -5.518821e-01 -2.419841e-01
   endloop
 endfacet
 facet normal -8.356717e-01  2.959880e-02 -5.484311e-01
   outer loop
     vertex -4.170744e-01 -6.000000e-01 -2.757697e-01
     vertex -4.375428e-01 -5.518821e-01 -2.419841e-01
     vertex -3.960400e-01 -5.515980e-01 -3.052087e-01
   endloop
 endfacet
 facet normal -7.424612e-01  3.026002e-02 -6.692053e-01
   outer loop
     vertex -3.739666e-01 -6.000000e-01 -3.318870e-01
     vertex -3.960400e-01 -5.515980e-01 -3.052087e-01
     vertex -3.446831e-01 -5.520196e-01 -3.622065e-01
   endloop
 endfacet
 facet normal -6.319130e-01  2.960677e-02 -7.744736e-01
   outer loop
     vertex -3.117511e-01 -6.000000e-01 -3.909108e-01
     vertex -3.446831e-01 -5.520196e-01 -3.622065e-01
     vertex -2.855140e-01 -5.515271e-01 -4.104653e-01
   endloop
 endfacet
 facet normal -5.093500e-01  2.749142e-02 -8.601202e-01
   outer loop
     vertex -2.534434e-01 -6.000000e-01 -4.310063e-01
     vertex -2.855140e-01 -5.515271e-01 -4.104653e-01
     vertex -2.226504e-01 -5.514759e-01 -4.476905e-01
   endloop
 endfacet
 facet normal -3.786498e-01  2.743661e-02 -9.251332e-01
   outer loop
     vertex -1.900594e-01 -6.000000e-01 -4.624688e-01
     vertex -2.226504e-01 -5.514759e-01 -4.476905e-01
     vertex -1.551571e-01 -5.515441e-01 -4.753170e-01
   endloop
 endfacet
 facet normal -2.371970e-01  2.933541e-02 -9.710186e-01
   outer loop
     vertex -1.228685e-01 -6.000000e-01 -4.846683e-01
     vertex -1.551571e-01 -5.515441e-01 -4.753170e-01
     vertex -8.164341e-02 -5.520284e-01 -4.932893e-01
   endloop
 endfacet
 facet normal -8.847321e-02  2.900660e-02 -9.956561e-01
   outer loop
     vertex -3.894970e-02 -6.000000e-01 -4.984806e-01
     vertex -8.164341e-02 -5.520284e-01 -4.932893e-01
     vertex -6.439775e-03 -5.515710e-01 -4.999585e-01
   endloop
 endfacet
 facet normal  5.938132e-02  2.688369e-02 -9.978733e-01
   outer loop
     vertex  3.181167e-02 -6.000000e-01 -4.989870e-01
     vertex -6.439775e-03 -5.515710e-01 -4.999585e-01
     vertex  6.570675e-02 -5.515182e-01 -4.956638e-01
   endloop
 endfacet
 facet normal  2.018654e-01  2.634994e-02 -9.790587e-01
   outer loop
     vertex  1.019359e-01 -6.000000e-01 -4.894988e-01
     vertex  6.570675e-02 -5.515182e-01 -4.956638e-01
     vertex  1.357140e-01 -5.515133e-01 -4.812294e-01
   endloop
 endfacet
 facet normal  3.391788e-01  2.618188e-02 -9.403575e-01
   outer loop
     vertex  1.700183e-01 -6.000000e-01 -4.702061e-01
     vertex  1.357140e-01 -5.515133e-01 -4.812294e-01
     vertex  2.027197e-01 -5.515118e-01 -4.570609e-01
   endloop
 endfacet
 facet normal  4.699804e-01  2.670248e-02 -8.822729e-01
   outer loop
     vertex  2.346953e-01 -6.000000e-01 -4.414953e-01
     vertex  2.027197e-01 -5.515118e-01 -4.570609e-01
     vertex  2.661906e-01 -5.515743e-01 -4.232524e-01
   endloop
 endfacet
 facet normal  5.915321e-01  2.645465e-02 -8.058473e-01
   outer loop
     vertex  2.979757e-01 -6.000000e-01 -4.015102e-01
     vertex  2.661906e-01 -5.515743e-01 -4.232524e-01
     vertex  3.241316e-01 -5.511901e-01 -3.807082e-01
   endloop
 endfacet
 facet normal  7.004830e-01  2.580299e-02 -7.132024e-01
   outer loop
     vertex  3.516734e-01 -6.000000e-01 -3.554235e-01
     vertex  3.241316e-01 -5.511901e-01 -3.807082e-01
     vertex  3.749544e-01 -5.506062e-01 -3.307706e-01
   endloop
 endfacet
 facet normal  7.950796e-01  2.594464e-02 -6.059500e-01
   outer loop
     vertex  3.983271e-01 -6.000000e-01 -3.022177e-01
     vertex  3.749544e-01 -5.506062e-01 -3.307706e-01
     vertex  4.185352e-01 -5.496779e-01 -2.735476e-01
   endloop
 endfacet
 facet normal  8.742733e-01  2.619306e-02 -4.847269e-01
   outer loop
     vertex  4.370025e-01 -6.000000e-01 -2.429585e-01
     vertex  4.185352e-01 -5.496779e-01 -2.735476e-01
     vertex  4.536942e-01 -5.499212e-01 -2.101465e-01
   endloop
 endfacet
 facet normal  9.360013e-01  2.788026e-02 -3.508906e-01
   outer loop
     vertex  4.669248e-01 -6.000000e-01 -1.788330e-01
     vertex  4.536942e-01 -5.499212e-01 -2.101465e-01
     vertex  4.798022e-01 -5.520983e-01 -1.406765e-01
   endloop
 endfacet
 facet normal  9.790240e-01  3.321111e-02 -2.010202e-01
   outer loop
     vertex  4.874947e-01 -6.000000e-01 -1.111255e-01
     vertex  4.798022e-01 -5.520983e-01 -1.406765e-01
     vertex  4.961208e-01 -5.579208e-01 -6.216198e-02
   endloop
 endfacet
 facet normal  9.996032e-01 -3.127145e-18 -2.816682e-02
   outer loop
     vertex  5.000000e-01  5.000000e-01 -1.224647e-16
     vertex  5.000000e-01  4.755710e-01 -1.197525e-16
     vertex  4.992066e-01  5.000000e-01 -2.815565e-02
   endloop
 endfacet
 facet normal  9.987182e-01 -5.619466e-18 -5.061565e-02
   outer loop
     vertex  5.000000e-01  4.511420e-01 -1.170403e-16
     vertex  5.000000e-01  4.267129e-01 -1.143282e-16
     vertex  4.974381e-01  4.509312e-01 -5.055078e-02
   endloop
 endfacet
 facet normal  9.992136e-01 -4.402200e-18 -3.965149e-02
   outer loop
     vertex  5.000000e-01  4.022839e-01 -1.116160e-16
     vertex  5.000000e-01  3.778549e-01 -1.089038e-16
     vertex  4.984278e-01  4.015339e-01 -3.962031e-02
   endloop
 endfacet
 facet normal  9.990176e-01 -4.920003e-18 -4.431545e-02
   outer loop
     vertex  5.000000e-01  3.534259e-01 -1.061917e-16
     vertex  5.000000e-01  3.265172e-01 -1.032042e-16
     vertex  4.980361e-01  3.537254e-01 -4.427191e-02
   endloop
 endfacet
 facet normal  9.990427e-01 -4.856776e-18 -4.374594e-02
   outer loop
     vertex  5.000000e-01  2.993954e-01 -1.001931e-16
     vertex  5.000000e-01  2.749664e-01 -9.748093e-17
     vertex  4.980863e-01  3.014665e-01 -4.370407e-02
   endloop
 endfacet
 facet normal  9.990746e-01 -4.775187e-18 -4.301106e-02
   outer loop
     vertex  5.000000e-01  2.505374e-01 -9.476877e-17
     vertex  5.000000e-01  2.261084e-01 -9.205660e-17
     vertex  4.981500e-01  2.516395e-01 -4.297126e-02
   endloop
 endfacet
 facet normal  9.990858e-01 -4.746174e-18 -4.274973e-02
   outer loop
     vertex  5.000000e-01  2.016794e-01 -8.934443e-17
     vertex  5.000000e-01  1.772503e-01 -8.663227e-17
     vertex  4.981725e-01  2.034734e-01 -4.271065e-02
   endloop
 endfacet
 facet normal  9.990628e-01 -4.805486e-18 -4.328397e-02
   outer loop
     vertex  5.000000e-01  1.528213e-01 -8.392010e-17
     vertex  5.000000e-01  1.283923e-01 -8.120794e-17
     vertex  4.981265e-01  1.576573e-01 -4.324341e-02
   endloop
 endfacet
 facet normal  9.988210e-01 -5.389509e-18 -4.854438e-02
   outer loop
     vertex  5.000000e-01  1.283923e-01 -8.120794e-17
     vertex  5.000000e-01  1.039633e-01 -7.849577e-17
     vertex  4.976434e-01  1.186210e-01 -4.848715e-02
   endloop
 endfacet
 facet normal  9.988295e-01  5.883264e-04 -4.836694e-02
   outer loop
     vertex  5.000000e-01  1.039633e-01 -7.849577e-17
     vertex  4.976873e-01  8.134951e-02 -4.803498e-02
     vertex  4.976434e-01  1.186210e-01 -4.848715e-02
   endloop
 endfacet
 facet normal  9.990894e-01 -4.736845e-18 -4.266571e-02
   outer loop
     vertex  5.000000e-01  4.993283e-02 -7.249719e-17
     vertex  5.000000e-01  2.550381e-02 -6.978502e-17
     vertex  4.981796e-01  4.279987e-02 -4.262685e-02
   endloop
 endfacet
 facet normal  9.991177e-01 -4.662641e-18 -4.199733e-02
   outer loop
     vertex  5.000000e-01  1.074786e-03 -6.707285e-17
     vertex  5.000000e-01 -2.335423e-02 -6.436069e-17
     vertex  4.982362e-01 -1.918865e-03 -4.196028e-02
   endloop
 endfacet
 facet normal  9.991145e-01 -4.671021e-18 -4.207282e-02
   outer loop
     vertex  5.000000e-01 -4.778325e-02 -6.164852e-17
     vertex  5.000000e-01 -7.221227e-02 -5.893636e-17
     vertex  4.982299e-01 -4.825391e-02 -4.203556e-02
   endloop
 endfacet
 facet normal  9.990884e-01 -4.739522e-18 -4.268982e-02
   outer loop
     vertex  5.000000e-01 -9.664129e-02 -5.622419e-17
     vertex  5.000000e-01 -1.210703e-01 -5.351202e-17
     vertex  4.981776e-01 -9.364470e-02 -4.265090e-02
   endloop
 endfacet
 facet normal  9.988949e-01 -5.218074e-18 -4.700023e-02
   outer loop
     vertex  5.000000e-01 -1.210703e-01 -5.351202e-17
     vertex  5.000000e-01 -1.454993e-01 -5.079986e-17
     vertex  4.977910e-01 -1.341262e-01 -4.694829e-02
   endloop
 endfacet
 facet normal  9.989331e-01  4.172735e-03 -4.599120e-02
   outer loop
     vertex  5.000000e-01 -1.454993e-01 -5.079986e-17
     vertex  4.981360e-01 -1.746848e-01 -4.313334e-02
     vertex  4.977910e-01 -1.341262e-01 -4.694829e-02
   endloop
 endfacet
 facet normal  9.988971e-01 -5.212834e-18 -4.695303e-02
   outer loop
     vertex  5.000000e-01 -1.995298e-01 -4.480127e-17
     vertex  5.000000e-01 -2.239588e-01 -4.208911e-17
     vertex  4.977954e-01 -2.146619e-01 -4.690125e-02
   endloop
 endfacet
 facet normal  9.990881e-01 -4.740184e-18 -4.269578e-02
   outer loop
     vertex  5.000000e-01 -2.483878e-01 -3.937694e-17
     vertex  5.000000e-01 -2.728168e-01 -3.666477e-17
     vertex  4.981771e-01 -2.545208e-01 -4.265685e-02
   endloop
 endfacet
 facet normal  9.990958e-01 -4.720214e-18 -4.251591e-02
   outer loop
     vertex  5.000000e-01 -2.972459e-01 -3.395261e-17
     vertex  5.000000e-01 -3.216749e-01 -3.124044e-17
     vertex  4.981924e-01 -3.004064e-01 -4.247746e-02
   endloop
 endfacet
 facet normal  9.990774e-01 -4.767902e-18 -4.294545e-02
   outer loop
     vertex  5.000000e-01 -3.461039e-01 -2.852828e-17
     vertex  5.000000e-01 -3.705329e-01 -2.581611e-17
     vertex  4.981557e-01 -3.480299e-01 -4.290583e-02
   endloop
 endfacet
 facet normal  9.990712e-01 -2.741733e-04 -4.308898e-02
   outer loop
     vertex  5.000000e-01 -3.705329e-01 -2.581611e-17
     vertex  4.981294e-01 -3.960757e-01 -4.321027e-02
     vertex  4.981557e-01 -3.480299e-01 -4.290583e-02
   endloop
 endfacet
 facet normal  9.989678e-01 -5.043093e-18 -4.542414e-02
   outer loop
     vertex  5.000000e-01 -4.245634e-01 -1.981753e-17
     vertex  5.000000e-01 -4.489924e-01 -1.710536e-17
     vertex  4.979366e-01 -4.373775e-01 -4.537725e-02
   endloop
 endfacet
 facet normal  9.991447e-01 -4.590956e-18 -4.135165e-02
   outer loop
     vertex  5.000000e-01 -4.734214e-01 -1.439319e-17
     vertex  5.000000e-01 -4.978504e-01 -1.168103e-17
     vertex  4.982900e-01 -4.779210e-01 -4.131628e-02
   endloop
 endfacet
 facet normal  9.993106e-01  4.121847e-18  3.712630e-02
   outer loop
     vertex  5.000000e-01  5.000000e-01 -1.224647e-16
     vertex  4.986216e-01  5.000000e-01  3.710070e-02
     vertex  5.000000e-01  4.755710e-01 -1.197525e-16
   endloop
 endfacet
 facet normal  9.717029e-01 -2.228890e-02  2.351527e-01
   outer loop
     vertex  4.883228e-01  5.000000e-01  1.074284e-01
     vertex  4.772773e-01  4.572432e-01  1.490179e-01
     vertex  4.925493e-01  4.581344e-01  8.599526e-02
   endloop
 endfacet
 facet normal  9.303315e-01 -2.869259e-02  3.655954e-01
   outer loop
     vertex  4.681558e-01  5.000000e-01  1.755852e-01
     vertex  4.507705e-01  4.556745e-01  2.163469e-01
     vertex  4.772773e-01  4.572432e-01  1.490179e-01
   endloop
 endfacet
 facet normal  8.666741e-01 -3.058959e-02  4.979360e-01
   outer loop
     vertex  4.317959e-01  5.000000e-01  2.520958e-01
     vertex  4.135436e-01  4.539702e-01  2.810368e-01
     vertex  4.507705e-01  4.556745e-01  2.163469e-01
   endloop
 endfacet
 facet normal  7.845886e-01 -2.762579e-02  6.194009e-01
   outer loop
     vertex  3.916868e-01  5.000000e-01  3.107755e-01
     vertex  3.690087e-01  4.526728e-01  3.373908e-01
     vertex  4.135436e-01  4.539702e-01  2.810368e-01
   endloop
 endfacet
 facet normal  6.875546e-01 -2.710455e-02  7.256266e-01
   outer loop
     vertex  3.436624e-01  5.000000e-01  3.631751e-01
     vertex  3.168535e-01  4.520571e-01  3.867866e-01
     vertex  3.690087e-01  4.526728e-01  3.373908e-01
   endloop
 endfacet
 facet normal  5.764399e-01 -2.678425e-02  8.167005e-01
   outer loop
     vertex  2.876287e-01  5.000000e-01  4.089862e-01
     vertex  2.582162e-01  4.517608e-01  4.281640e-01
     vertex  3.168535e-01  4.520571e-01  3.867866e-01
   endloop
 endfacet
 facet normal  4.538697e-01 -2.639674e-02  8.906770e-01
   outer loop
     vertex  2.267298e-01  5.000000e-01  4.456384e-01
     vertex  1.946125e-01  4.516365e-01  4.605713e-01
     vertex  2.582162e-01  4.517608e-01  4.281640e-01
   endloop
 endfacet
 facet normal  3.225297e-01 -2.623770e-02  9.461956e-01
   outer loop
     vertex  1.612491e-01  5.000000e-01  4.732850e-01
     vertex  1.271845e-01  4.515676e-01  4.835536e-01
     vertex  1.946125e-01  4.516365e-01  4.605713e-01
   endloop
 endfacet
 facet normal  1.848047e-01 -2.618974e-02  9.824262e-01
   outer loop
     vertex  9.250988e-02  5.000000e-01  4.913674e-01
     vertex  5.720137e-02  4.515318e-01  4.967172e-01
     vertex  1.271845e-01  4.515676e-01  4.835536e-01
   endloop
 endfacet
 facet normal  4.328131e-02 -2.623268e-02  9.987185e-01
   outer loop
     vertex  2.190117e-02  5.000000e-01  4.995201e-01
     vertex -1.402095e-02  4.515164e-01  4.998034e-01
     vertex  5.720137e-02  4.515318e-01  4.967172e-01
   endloop
 endfacet
 facet normal -9.938740e-02 -2.636393e-02  9.946995e-01
   outer loop
     vertex -4.915012e-02  5.000000e-01  4.975784e-01
     vertex -8.514883e-02  4.515105e-01  4.926963e-01
     vertex -1.402095e-02  4.515164e-01  4.998034e-01
   endloop
 endfacet
 facet normal -2.405941e-01 -2.662961e-02  9.702604e-01
   outer loop
     vertex -1.192082e-01  5.000000e-01  4.855815e-01
     vertex -1.549052e-01  4.515192e-01  4.753992e-01
     vertex -8.514883e-02  4.515105e-01  4.926963e-01
   endloop
 endfacet
 facet normal -3.781829e-01 -2.732361e-02  9.253276e-01
   outer loop
     vertex -1.868572e-01  5.000000e-01  4.637719e-01
     vertex -2.223804e-01  4.516120e-01  4.478247e-01
     vertex -1.549052e-01  4.515192e-01  4.753992e-01
   endloop
 endfacet
 facet normal -5.111439e-01 -2.931275e-02  8.589951e-01
   outer loop
     vertex -2.519124e-01  5.000000e-01  4.319029e-01
     vertex -2.874068e-01  4.519452e-01  4.091422e-01
     vertex -2.223804e-01  4.516120e-01  4.478247e-01
   endloop
 endfacet
 facet normal -6.351950e-01 -3.012753e-02  7.717640e-01
   outer loop
     vertex -3.194110e-01  5.000000e-01  3.846773e-01
     vertex -3.463021e-01  4.516913e-01  3.606589e-01
     vertex -2.874068e-01  4.519452e-01  4.091422e-01
   endloop
 endfacet
 facet normal -7.438654e-01 -2.840223e-02  6.677257e-01
   outer loop
     vertex -3.732067e-01  5.000000e-01  3.327413e-01
     vertex -3.958495e-01  4.515495e-01  3.054557e-01
     vertex -3.463021e-01  4.516913e-01  3.606589e-01
   endloop
 endfacet
 facet normal -8.346250e-01 -2.855134e-02  5.500781e-01
   outer loop
     vertex -4.166172e-01  5.000000e-01  2.764600e-01
     vertex -4.367606e-01  4.517643e-01  2.433931e-01
     vertex -3.958495e-01  4.515495e-01  3.054557e-01
   endloop
 endfacet
 facet normal -9.068340e-01 -2.840756e-02  4.205295e-01
   outer loop
     vertex -4.545007e-01  5.000000e-01  2.083965e-01
     vertex -4.679701e-01  4.515704e-01  1.760794e-01
     vertex -4.367606e-01  4.517643e-01  2.433931e-01
   endloop
 endfacet
 facet normal -9.589800e-01 -2.807867e-02  2.820796e-01
   outer loop
     vertex -4.794582e-01  5.000000e-01  1.418444e-01
     vertex -4.887644e-01  4.517256e-01  1.054011e-01
     vertex -4.679701e-01  4.515704e-01  1.760794e-01
   endloop
 endfacet
 facet normal -9.899643e-01 -2.773213e-02  1.385696e-01
   outer loop
     vertex -4.954545e-01  5.000000e-01  6.726668e-02
     vertex -4.989242e-01  4.515456e-01  3.278138e-02
     vertex -4.887644e-01  4.517256e-01  1.054011e-01
   endloop
 endfacet
 facet normal -9.996146e-01 -2.694435e-02 -6.684903e-03
   outer loop
     vertex -4.999866e-01  5.000000e-01 -3.666504e-03
     vertex -4.984404e-01  4.515201e-01 -3.946071e-02
     vertex -4.989242e-01  4.515456e-01  3.278138e-02
   endloop
 endfacet
 facet normal -9.881770e-01 -2.709123e-02 -1.509049e-01
   outer loop
     vertex -4.944147e-01  5.000000e-01 -7.452560e-02
     vertex -4.875028e-01  4.515544e-01 -1.110902e-01
     vertex -4.984404e-01  4.515201e-01 -3.946071e-02
   endloop
 endfacet
 facet normal -9.558187e-01 -2.750222e-02 -2.926674e-01
   outer loop
     vertex -4.784752e-01  5.000000e-01 -1.451257e-01
     vertex -4.661237e-01  4.515422e-01 -1.809108e-01
     vertex -4.875028e-01  4.515544e-01 -1.110902e-01
   endloop
 endfacet
 facet normal -9.019150e-01 -2.897803e-02 -4.309403e-01
   outer loop
     vertex -4.530624e-01  5.000000e-01 -2.115052e-01
     vertex -4.336627e-01  4.518755e-01 -2.488707e-01
     vertex -4.661237e-01  4.515422e-01 -1.809108e-01
   endloop
 endfacet
 facet normal -8.267133e-01 -2.985842e-02 -5.618306e-01
   outer loop
     vertex -4.127011e-01  5.000000e-01 -2.822725e-01
     vertex -3.909686e-01  4.515939e-01 -3.116786e-01
     vertex -4.336627e-01  4.518755e-01 -2.488707e-01
   endloop
 endfacet
 facet normal -7.311330e-01 -3.047743e-02 -6.815539e-01
   outer loop
     vertex -3.685060e-01  5.000000e-01 -3.379398e-01
     vertex -3.384434e-01  4.520156e-01 -3.680436e-01
     vertex -3.909686e-01  4.515939e-01 -3.116786e-01
   endloop
 endfacet
 facet normal -6.183472e-01 -2.989246e-02 -7.853363e-01
   outer loop
     vertex -3.050866e-01  5.000000e-01 -3.961340e-01
     vertex -2.782107e-01  4.515262e-01 -4.154501e-01
     vertex -3.384434e-01  4.520156e-01 -3.680436e-01
   endloop
 endfacet
 facet normal -4.937889e-01 -2.773594e-02 -8.691394e-01
   outer loop
     vertex -2.458337e-01  5.000000e-01 -4.353915e-01
     vertex -2.144217e-01  4.514795e-01 -4.516894e-01
     vertex -2.782107e-01  4.515262e-01 -4.154501e-01
   endloop
 endfacet
 facet normal -3.613805e-01 -2.765523e-02 -9.320082e-01
   outer loop
     vertex -1.816129e-01  5.000000e-01 -4.658506e-01
     vertex -1.461543e-01  4.515581e-01 -4.781620e-01
     vertex -2.144217e-01  4.514795e-01 -4.516894e-01
   endloop
 endfacet
 facet normal -2.185062e-01 -2.956003e-02 -9.753877e-01
   outer loop
     vertex -1.137221e-01  5.000000e-01 -4.868956e-01
     vertex -7.200426e-02  4.520570e-01 -4.947882e-01
     vertex -1.461543e-01  4.515581e-01 -4.781620e-01
   endloop
 endfacet
 facet normal -6.870854e-02 -2.931934e-02 -9.972059e-01
   outer loop
     vertex -2.924322e-02  5.000000e-01 -4.991441e-01
     vertex  3.630592e-03  4.516241e-01 -4.999868e-01
     vertex -7.200426e-02  4.520570e-01 -4.947882e-01
   endloop
 endfacet
 facet normal  7.975780e-02 -2.714679e-02 -9.964446e-01
   outer loop
     vertex  4.182894e-02  5.000000e-01 -4.982473e-01
     vertex  7.595866e-02  4.515909e-01 -4.941966e-01
     vertex  3.630592e-03  4.516241e-01 -4.999868e-01
   endloop
 endfacet
 facet normal  2.224027e-01 -2.662597e-02 -9.745913e-01
   outer loop
     vertex  1.120558e-01  5.000000e-01 -4.872817e-01
     vertex  1.459400e-01  4.516157e-01 -4.782275e-01
     vertex  7.595866e-02  4.515909e-01 -4.941966e-01
   endloop
 endfacet
 facet normal  3.594731e-01 -2.650150e-02 -9.327791e-01
   outer loop
     vertex  1.800182e-01  5.000000e-01 -4.664691e-01
     vertex  2.127158e-01  4.516784e-01 -4.524953e-01
     vertex  1.459400e-01  4.516157e-01 -4.782275e-01
   endloop
 endfacet
 facet normal  4.894482e-01 -2.695860e-02 -8.716155e-01
   outer loop
     vertex  2.443428e-01  5.000000e-01 -4.362300e-01
     vertex  2.755698e-01  4.518841e-01 -4.172065e-01
     vertex  2.127158e-01  4.516784e-01 -4.524953e-01
   endloop
 endfacet
 facet normal  6.094356e-01 -2.668002e-02 -7.923866e-01
   outer loop
     vertex  3.069781e-01  5.000000e-01 -3.946700e-01
     vertex  3.325308e-01  4.518017e-01 -3.733942e-01
     vertex  2.755698e-01  4.518841e-01 -4.172065e-01
   endloop
 endfacet
 facet normal  7.160631e-01 -2.594315e-02 -6.975533e-01
   outer loop
     vertex  3.598390e-01  5.000000e-01 -3.471540e-01
     vertex  3.819868e-01  4.517434e-01 -3.226237e-01
     vertex  3.325308e-01  4.518017e-01 -3.733942e-01
   endloop
 endfacet
 facet normal  8.073207e-01 -2.564141e-02 -5.895556e-01
   outer loop
     vertex  4.054283e-01  5.000000e-01 -2.926225e-01
     vertex  4.235828e-01  4.517689e-01 -2.656645e-01
     vertex  3.819868e-01  4.517434e-01 -3.226237e-01
   endloop
 endfacet
 facet normal  8.824166e-01 -2.588710e-02 -4.697560e-01
   outer loop
     vertex  4.428245e-01  5.000000e-01 -2.321777e-01
     vertex  4.569852e-01  4.512413e-01 -2.028903e-01
     vertex  4.235828e-01  4.517689e-01 -2.656645e-01
   endloop
 endfacet
 facet normal  9.408255e-01 -2.731499e-02 -3.377889e-01
   outer loop
     vertex  4.712720e-01  5.000000e-01 -1.670409e-01
     vertex  4.819428e-01  4.485319e-01 -1.331582e-01
     vertex  4.569852e-01  4.512413e-01 -2.028903e-01
   endloop
 endfacet
 facet normal  9.824626e-01 -3.421638e-02 -1.832932e-01
   outer loop
     vertex  4.901960e-01  5.000000e-01 -9.852862e-02
     vertex  4.974381e-01  4.509312e-01 -5.055078e-02
     vertex  4.819428e-01  4.485319e-01 -1.331582e-01
   endloop
 endfacet
 facet normal  9.993298e-01  4.063868e-18  3.660407e-02
   outer loop
     vertex  5.000000e-01  4.267129e-01 -1.143282e-16
     vertex  5.000000e-01  4.511420e-01 -1.170403e-16
     vertex  4.986601e-01  4.542108e-01  3.657954e-02
   endloop
 endfacet
 facet normal  9.984835e-01  6.111990e-18  5.505191e-02
   outer loop
     vertex  5.000000e-01  4.022839e-01 -1.116160e-16
     vertex  5.000000e-01  4.267129e-01 -1.143282e-16
     vertex  4.969693e-01  4.166155e-01  5.496842e-02
   endloop
 endfacet
 facet normal  9.984816e-01 -1.975451e-02  5.142300e-02
   outer loop
     vertex  5.000000e-01  4.267129e-01 -1.143282e-16
     vertex  4.986601e-01  4.542108e-01  3.657954e-02
     vertex  4.969693e-01  4.166155e-01  5.496842e-02
   endloop
 endfacet
 facet normal  9.985780e-01  1.526780e-02  5.107644e-02
   outer loop
     vertex  4.969693e-01  4.166155e-01  5.496842e-02
     vertex  4.982293e-01  3.774489e-01  4.204299e-02
     vertex  5.000000e-01  4.022839e-01 -1.116160e-16
   endloop
 endfacet
 facet normal  3.510620e-01  1.618219e-02 -9.362124e-01
   outer loop
     vertex  1.481587e-01 -2.426855e-02 -4.775447e-01
     vertex  2.028562e-01 -2.231078e-02 -4.570004e-01
     vertex  1.854400e-01 -6.912996e-02 -4.643404e-01
   endloop
 endfacet
 facet normal  9.991142e-01  4.671848e-18  4.208026e-02
   outer loop
     vertex  5.000000e-01  3.534259e-01 -1.061917e-16
     vertex  5.000000e-01  3.778549e-01 -1.089038e-16
     vertex  4.982293e-01  3.774489e-01  4.204299e-02
   endloop
 endfacet
 facet normal  9.991142e-01  4.671848e-18  4.208026e-02
   outer loop
     vertex  5.000000e-01  3.778549e-01 -1.089038e-16
     vertex  5.000000e-01  4.022839e-01 -1.116160e-16
     vertex  4.982293e-01  3.774489e-01  4.204299e-02
   endloop
 endfacet
 facet normal  9.993107e-01  4.121597e-18  3.712405e-02
   outer loop
     vertex  5.000000e-01  3.265172e-01 -1.032042e-16
     vertex  5.000000e-01  3.534259e-01 -1.061917e-16
     vertex  4.986218e-01  3.430499e-01  3.709846e-02
   endloop
 endfacet
 facet normal  9.992318e-01  5.832693e-03  3.875246e-02
   outer loop
     vertex  5.000000e-01  3.534259e-01 -1.061917e-16
     vertex  4.982293e-01  3.774489e-01  4.204299e-02
     vertex  4.986218e-01  3.430499e-01  3.709846e-02
   endloop
 endfacet
 facet normal  9.989677e-01  5.043395e-18  4.542686e-02
   outer loop
     vertex  5.000000e-01  2.993954e-01 -1.001931e-16
     vertex  5.000000e-01  3.265172e-01 -1.032042e-16
     vertex  4.979364e-01  3.128344e-01  4.537996e-02
   endloop
 endfacet
 facet normal  9.990525e-01 -1.113051e-02  4.207469e-02
   outer loop
     vertex  5.000000e-01  3.265172e-01 -1.032042e-16
     vertex  4.986218e-01  3.430499e-01  3.709846e-02
     vertex  4.979364e-01  3.128344e-01  4.537996e-02
   endloop
 endfacet
 facet normal  9.992827e-01  4.204275e-18  3.786875e-02
   outer loop
     vertex  5.000000e-01  2.749664e-01 -9.748093e-17
     vertex  5.000000e-01  2.993954e-01 -1.001931e-16
     vertex  4.985660e-01  2.844218e-01  3.784158e-02
   endloop
 endfacet
 facet normal  9.990497e-01  1.094288e-02  4.218993e-02
   outer loop
     vertex  5.000000e-01  2.993954e-01 -1.001931e-16
     vertex  4.979364e-01  3.128344e-01  4.537996e-02
     vertex  4.985660e-01  2.844218e-01  3.784158e-02
   endloop
 endfacet
 facet normal  9.989490e-01  5.088647e-18  4.583446e-02
   outer loop
     vertex  5.000000e-01  2.505374e-01 -9.476877e-17
     vertex  5.000000e-01  2.749664e-01 -9.748093e-17
     vertex  4.978992e-01  2.542732e-01  4.578629e-02
   endloop
 endfacet
 facet normal  9.991066e-01 -1.136988e-02  4.070304e-02
   outer loop
     vertex  5.000000e-01  2.749664e-01 -9.748093e-17
     vertex  4.985660e-01  2.844218e-01  3.784158e-02
     vertex  4.978992e-01  2.542732e-01  4.578629e-02
   endloop
 endfacet
 facet normal  9.992350e-01  4.341739e-18  3.910691e-02
   outer loop
     vertex  5.000000e-01  2.261084e-01 -9.205660e-17
     vertex  5.000000e-01  2.505374e-01 -9.476877e-17
     vertex  4.984706e-01  2.194707e-01  3.907699e-02
   endloop
 endfacet
 facet normal  9.989481e-01  7.687305e-03  4.520719e-02
   outer loop
     vertex  5.000000e-01  2.505374e-01 -9.476877e-17
     vertex  4.978992e-01  2.542732e-01  4.578629e-02
     vertex  4.984706e-01  2.194707e-01  3.907699e-02
   endloop
 endfacet
 facet normal  9.992350e-01  4.341739e-18  3.910691e-02
   outer loop
     vertex  5.000000e-01  2.016794e-01 -8.934443e-17
     vertex  5.000000e-01  2.261084e-01 -9.205660e-17
     vertex  4.984706e-01  2.194707e-01  3.907699e-02
   endloop
 endfacet
 facet normal  4.482472e-01 -2.666387e-02 -8.935119e-01
   outer loop
     vertex  2.028562e-01 -2.231078e-02 -4.570004e-01
     vertex  2.567463e-01 -5.308636e-02 -4.290470e-01
     vertex  1.854400e-01 -6.912996e-02 -4.643404e-01
   endloop
 endfacet
 facet normal  9.992521e-01  4.292975e-18  3.866769e-02
   outer loop
     vertex  5.000000e-01  1.772503e-01 -8.663227e-17
     vertex  5.000000e-01  2.016794e-01 -8.934443e-17
     vertex  4.985048e-01  1.741023e-01  3.863877e-02
   endloop
 endfacet
 facet normal  9.992416e-01  3.762932e-04  3.893585e-02
   outer loop
     vertex  5.000000e-01  2.016794e-01 -8.934443e-17
     vertex  4.984706e-01  2.194707e-01  3.907699e-02
     vertex  4.985048e-01  1.741023e-01  3.863877e-02
   endloop
 endfacet
 facet normal  9.992521e-01  4.292975e-18  3.866769e-02
   outer loop
     vertex  5.000000e-01  1.528213e-01 -8.392010e-17
     vertex  5.000000e-01  1.772503e-01 -8.663227e-17
     vertex  4.985048e-01  1.741023e-01  3.863877e-02
   endloop
 endfacet
 facet normal -4.805297e-01 -2.824896e-02  8.765234e-01
   outer loop
     vertex -2.718277e-01 -7.390587e-02  4.196542e-01
     vertex -2.076280e-01 -7.383351e-02  4.548523e-01
     vertex -2.365088e-01 -2.706461e-02  4.405265e-01
   endloop
 endfacet
 facet normal  9.990581e-01  4.817534e-18  4.339248e-02
   outer loop
     vertex  5.000000e-01  1.283923e-01 -8.120794e-17
     vertex  5.000000e-01  1.528213e-01 -8.392010e-17
     vertex  4.981171e-01  1.282446e-01  4.335161e-02
   endloop
 endfacet
 facet normal  9.991503e-01 -4.234421e-03  4.099593e-02
   outer loop
     vertex  5.000000e-01  1.528213e-01 -8.392010e-17
     vertex  4.985048e-01  1.741023e-01  3.863877e-02
     vertex  4.981171e-01  1.282446e-01  4.335161e-02
   endloop
 endfacet
 facet normal  9.990581e-01  4.817534e-18  4.339248e-02
   outer loop
     vertex  5.000000e-01  1.039633e-01 -7.849577e-17
     vertex  5.000000e-01  1.283923e-01 -8.120794e-17
     vertex  4.981171e-01  1.282446e-01  4.335161e-02
   endloop
 endfacet
 facet normal -9.990879e-01  2.836500e-02 -3.191801e-02
   outer loop
     vertex -4.996001e-01 -7.326280e-02 -1.999260e-02
     vertex -4.995717e-01 -2.648327e-02  2.069033e-02
     vertex -4.972350e-01 -2.654685e-02 -5.251088e-02
   endloop
 endfacet
 facet normal  9.985798e-01  1.906591e-02  4.974810e-02
   outer loop
     vertex  4.972231e-01  8.249543e-02  5.262338e-02
     vertex  4.987735e-01  4.727539e-02  3.499968e-02
     vertex  5.000000e-01  7.436185e-02 -7.520935e-17
   endloop
 endfacet
 facet normal  3.073137e-01 -2.461194e-02 -9.512899e-01
   outer loop
     vertex  1.204590e-01 -7.143883e-02 -4.852727e-01
     vertex  1.481587e-01 -2.426855e-02 -4.775447e-01
     vertex  1.854400e-01 -6.912996e-02 -4.643404e-01
   endloop
 endfacet
 facet normal  9.993866e-01  3.888130e-18  3.502116e-02
   outer loop
     vertex  5.000000e-01  2.550381e-02 -6.978502e-17
     vertex  5.000000e-01  4.993283e-02 -7.249719e-17
     vertex  4.987735e-01  4.727539e-02  3.499968e-02
   endloop
 endfacet
 facet normal  9.993866e-01  3.888130e-18  3.502116e-02
   outer loop
     vertex  5.000000e-01  4.993283e-02 -7.249719e-17
     vertex  5.000000e-01  7.436185e-02 -7.520935e-17
     vertex  4.987735e-01  4.727539e-02  3.499968e-02
   endloop
 endfacet
 facet normal  9.990651e-01  4.799579e-18  4.323076e-02
   outer loop
     vertex  5.000000e-01  1.074786e-03 -6.707285e-17
     vertex  5.000000e-01  2.550381e-02 -6.978502e-17
     vertex  4.981311e-01  9.605768e-03  4.319035e-02
   endloop
 endfacet
 facet normal  9.991580e-01 -8.303475e-03  4.017834e-02
   outer loop
     vertex  5.000000e-01  2.550381e-02 -6.978502e-17
     vertex  4.987735e-01  4.727539e-02  3.499968e-02
     vertex  4.981311e-01  9.605768e-03  4.319035e-02
   endloop
 endfacet
 facet normal  9.991210e-01  4.653919e-18  4.191878e-02
   outer loop
     vertex  5.000000e-01 -2.335423e-02 -6.436069e-17
     vertex  5.000000e-01  1.074786e-03 -6.707285e-17
     vertex  4.982428e-01 -2.875217e-02  4.188193e-02
   endloop
 endfacet
 facet normal  9.990764e-01  1.444827e-03  4.294587e-02
   outer loop
     vertex  5.000000e-01  1.074786e-03 -6.707285e-17
     vertex  4.981311e-01  9.605768e-03  4.319035e-02
     vertex  4.982428e-01 -2.875217e-02  4.188193e-02
   endloop
 endfacet
 facet normal  9.991210e-01  4.653919e-18  4.191878e-02
   outer loop
     vertex  5.000000e-01 -4.778325e-02 -6.164852e-17
     vertex  5.000000e-01 -2.335423e-02 -6.436069e-17
     vertex  4.982428e-01 -2.875217e-02  4.188193e-02
   endloop
 endfacet
 facet normal -9.930125e-01  2.843401e-02  1.145320e-01
   outer loop
     vertex -4.911703e-01 -2.655833e-02  9.355061e-02
     vertex -4.995717e-01 -2.648327e-02  2.069033e-02
     vertex -4.971641e-01 -7.325945e-02  5.317807e-02
   endloop
 endfacet
 facet normal  9.991756e-01  4.507246e-18  4.059766e-02
   outer loop
     vertex  5.000000e-01 -7.221227e-02 -5.893636e-17
     vertex  5.000000e-01 -4.778325e-02 -6.164852e-17
     vertex  4.983518e-01 -6.960149e-02  4.056419e-02
   endloop
 endfacet
 facet normal  9.991453e-01  1.333679e-03  4.131378e-02
   outer loop
     vertex  5.000000e-01 -4.778325e-02 -6.164852e-17
     vertex  4.982428e-01 -2.875217e-02  4.188193e-02
     vertex  4.983518e-01 -6.960149e-02  4.056419e-02
   endloop
 endfacet
 facet normal  9.991756e-01  4.507246e-18  4.059766e-02
   outer loop
     vertex  5.000000e-01 -9.664129e-02 -5.622419e-17
     vertex  5.000000e-01 -7.221227e-02 -5.893636e-17
     vertex  4.983518e-01 -6.960149e-02  4.056419e-02
   endloop
 endfacet
 facet normal -9.990453e-01 -2.832099e-02  3.326271e-02
   outer loop
     vertex -4.996001e-01 -7.326280e-02 -1.999260e-02
     vertex -4.971641e-01 -7.325945e-02  5.317807e-02
     vertex -4.995717e-01 -2.648327e-02  2.069033e-02
   endloop
 endfacet
 facet normal  9.993192e-01  4.095947e-18  3.689301e-02
   outer loop
     vertex  5.000000e-01 -1.210703e-01 -5.351202e-17
     vertex  5.000000e-01 -9.664129e-02 -5.622419e-17
     vertex  4.986389e-01 -1.041799e-01  3.686790e-02
   endloop
 endfacet
 facet normal  9.992777e-01  4.259515e-03  3.776245e-02
   outer loop
     vertex  5.000000e-01 -9.664129e-02 -5.622419e-17
     vertex  4.983518e-01 -6.960149e-02  4.056419e-02
     vertex  4.986389e-01 -1.041799e-01  3.686790e-02
   endloop
 endfacet
 facet normal  9.989474e-01  5.092611e-18  4.587017e-02
   outer loop
     vertex  5.000000e-01 -1.454993e-01 -5.079986e-17
     vertex  5.000000e-01 -1.210703e-01 -5.351202e-17
     vertex  4.978959e-01 -1.344538e-01  4.582188e-02
   endloop
 endfacet
 facet normal  9.990300e-01 -1.198547e-02  4.237328e-02
   outer loop
     vertex  5.000000e-01 -1.210703e-01 -5.351202e-17
     vertex  4.986389e-01 -1.041799e-01  3.686790e-02
     vertex  4.978959e-01 -1.344538e-01  4.582188e-02
   endloop
 endfacet
 facet normal  9.991845e-01  4.482884e-18  4.037823e-02
   outer loop
     vertex  5.000000e-01 -1.995298e-01 -4.480127e-17
     vertex  5.000000e-01 -1.751008e-01 -4.751344e-17
     vertex  4.983696e-01 -2.017046e-01  4.034530e-02
   endloop
 endfacet
 facet normal  9.989824e-01  6.467541e-03  4.463479e-02
   outer loop
     vertex  5.000000e-01 -1.751008e-01 -4.751344e-17
     vertex  4.979102e-01 -1.674698e-01  4.566646e-02
     vertex  4.983696e-01 -2.017046e-01  4.034530e-02
   endloop
 endfacet
 facet normal  9.991845e-01  4.482884e-18  4.037823e-02
   outer loop
     vertex  5.000000e-01 -2.239588e-01 -4.208911e-17
     vertex  5.000000e-01 -1.995298e-01 -4.480127e-17
     vertex  4.983696e-01 -2.017046e-01  4.034530e-02
   endloop
 endfacet
 facet normal -8.886699e-01 -2.904848e-02  4.576265e-01
   outer loop
     vertex -4.263026e-01 -7.386777e-02  2.612779e-01
     vertex -4.425713e-01 -2.700777e-02  2.326599e-01
     vertex -4.602536e-01 -7.363396e-02  1.953629e-01
   endloop
 endfacet
 facet normal  9.993342e-01  4.050737e-18  3.648580e-02
   outer loop
     vertex  5.000000e-01 -2.483878e-01 -3.937694e-17
     vertex  5.000000e-01 -2.239588e-01 -4.208911e-17
     vertex  4.986688e-01 -2.348804e-01  3.646151e-02
   endloop
 endfacet
 facet normal  9.992727e-01  4.580071e-03  3.785546e-02
   outer loop
     vertex  5.000000e-01 -2.239588e-01 -4.208911e-17
     vertex  4.983696e-01 -2.017046e-01  4.034530e-02
     vertex  4.986688e-01 -2.348804e-01  3.646151e-02
   endloop
 endfacet
 facet normal  9.989951e-01  4.976040e-18  4.482019e-02
   outer loop
     vertex  5.000000e-01 -2.728168e-01 -3.666477e-17
     vertex  5.000000e-01 -2.483878e-01 -3.937694e-17
     vertex  4.979912e-01 -2.667821e-01  4.477514e-02
   endloop
 endfacet
 facet normal  9.991250e-01 -1.068496e-02  4.043648e-02
   outer loop
     vertex  5.000000e-01 -2.483878e-01 -3.937694e-17
     vertex  4.986688e-01 -2.348804e-01  3.646151e-02
     vertex  4.979912e-01 -2.667821e-01  4.477514e-02
   endloop
 endfacet
 facet normal  9.991159e-01  4.667572e-18  4.204175e-02
   outer loop
     vertex  5.000000e-01 -2.972459e-01 -3.395261e-17
     vertex  5.000000e-01 -2.728168e-01 -3.666477e-17
     vertex  4.982325e-01 -3.045950e-01  4.200458e-02
   endloop
 endfacet
 facet normal  9.990090e-01  3.122961e-03  4.439990e-02
   outer loop
     vertex  5.000000e-01 -2.728168e-01 -3.666477e-17
     vertex  4.979912e-01 -2.667821e-01  4.477514e-02
     vertex  4.982325e-01 -3.045950e-01  4.200458e-02
   endloop
 endfacet
 facet normal  9.991159e-01  4.667572e-18  4.204175e-02
   outer loop
     vertex  5.000000e-01 -3.216749e-01 -3.124044e-17
     vertex  5.000000e-01 -2.972459e-01 -3.395261e-17
     vertex  4.982325e-01 -3.045950e-01  4.200458e-02
   endloop
 endfacet
 facet normal -9.834282e-01 -2.855790e-02  1.790348e-01
   outer loop
     vertex -4.971641e-01 -7.325945e-02  5.317807e-02
     vertex -4.839938e-01 -7.340093e-02  1.254991e-01
     vertex -4.911703e-01 -2.655833e-02  9.355061e-02
   endloop
 endfacet
 facet normal  9.991041e-01  4.698490e-18  4.232023e-02
   outer loop
     vertex  5.000000e-01 -3.461039e-01 -2.852828e-17
     vertex  5.000000e-01 -3.216749e-01 -3.124044e-17
     vertex  4.982090e-01 -3.500863e-01  4.228232e-02
   endloop
 endfacet
 facet normal  9.991114e-01 -2.586581e-04  4.214674e-02
   outer loop
     vertex  5.000000e-01 -3.216749e-01 -3.124044e-17
     vertex  4.982325e-01 -3.045950e-01  4.200458e-02
     vertex  4.982090e-01 -3.500863e-01  4.228232e-02
   endloop
 endfacet
 facet normal  9.991041e-01  4.698490e-18  4.232023e-02
   outer loop
     vertex  5.000000e-01 -3.705329e-01 -2.581611e-17
     vertex  5.000000e-01 -3.461039e-01 -2.852828e-17
     vertex  4.982090e-01 -3.500863e-01  4.228232e-02
   endloop
 endfacet
 facet normal  4.454501e-02 -1.394342e-02  9.989101e-01
   outer loop
     vertex -5.743359e-03 -7.546244e-02  4.999670e-01
     vertex  5.092722e-02 -7.834309e-02  4.973997e-01
     vertex  3.541908e-02 -3.158420e-02  4.987439e-01
   endloop
 endfacet
 facet normal  9.991446e-01  4.591026e-18  4.135229e-02
   outer loop
     vertex  5.000000e-01 -4.245634e-01 -1.981753e-17
     vertex  5.000000e-01 -4.001343e-01 -2.252969e-17
     vertex  4.982900e-01 -3.965522e-01  4.131692e-02
   endloop
 endfacet
 facet normal  1.480464e-01  2.067571e-02  9.887643e-01
   outer loop
     vertex  5.092722e-02 -7.834309e-02  4.973997e-01
     vertex  1.068117e-01 -5.088827e-02  4.884581e-01
     vertex  3.541908e-02 -3.158420e-02  4.987439e-01
   endloop
 endfacet
 facet normal  9.993029e-01  4.144689e-18  3.733204e-02
   outer loop
     vertex  5.000000e-01 -4.489924e-01 -1.710536e-17
     vertex  5.000000e-01 -4.245634e-01 -1.981753e-17
     vertex  4.986063e-01 -4.333463e-01  3.730602e-02
   endloop
 endfacet
 facet normal  9.992539e-01  4.408418e-03  3.836809e-02
   outer loop
     vertex  5.000000e-01 -4.245634e-01 -1.981753e-17
     vertex  4.982900e-01 -3.965522e-01  4.131692e-02
     vertex  4.986063e-01 -4.333463e-01  3.730602e-02
   endloop
 endfacet
 facet normal  9.990392e-01  4.865523e-18  4.382474e-02
   outer loop
     vertex  5.000000e-01 -4.734214e-01 -1.439319e-17
     vertex  5.000000e-01 -4.489924e-01 -1.710536e-17
     vertex  4.980794e-01 -4.659977e-01  4.378263e-02
   endloop
 endfacet
 facet normal  9.991389e-01 -8.050503e-03  4.070227e-02
   outer loop
     vertex  5.000000e-01 -4.489924e-01 -1.710536e-17
     vertex  4.986063e-01 -4.333463e-01  3.730602e-02
     vertex  4.980794e-01 -4.659977e-01  4.378263e-02
   endloop
 endfacet
 facet normal  9.991124e-01  4.676799e-18  4.212486e-02
   outer loop
     vertex  5.000000e-01 -4.978504e-01 -1.168103e-17
     vertex  5.000000e-01 -4.734214e-01 -1.439319e-17
     vertex  4.982255e-01 -5.039958e-01  4.208747e-02
   endloop
 endfacet
 facet normal  9.990515e-01  1.900631e-03  4.350301e-02
   outer loop
     vertex  5.000000e-01 -4.734214e-01 -1.439319e-17
     vertex  4.980794e-01 -4.659977e-01  4.378263e-02
     vertex  4.982255e-01 -5.039958e-01  4.208747e-02
   endloop
 endfacet
 facet normal  9.991124e-01  4.676799e-18  4.212486e-02
   outer loop
     vertex  5.000000e-01 -5.222794e-01 -8.968862e-18
     vertex  5.000000e-01 -4.978504e-01 -1.168103e-17
     vertex  4.982255e-01 -5.039958e-01  4.208747e-02
   endloop
 endfacet
 facet normal -8.106663e-01  2.979263e-02 -5.847501e-01
   outer loop
     vertex -4.032216e-01 -7.344197e-02 -2.956557e-01
     vertex -4.263234e-01 -2.663461e-02 -2.612439e-01
     vertex -3.824229e-01 -2.666442e-02 -3.221067e-01
   endloop
 endfacet
 facet normal  9.991266e-01  4.639220e-18  4.178638e-02
   outer loop
     vertex  5.000000e-01 -5.467085e-01 -6.256696e-18
     vertex  5.000000e-01 -5.222794e-01 -8.968862e-18
     vertex  4.982539e-01 -5.471851e-01  4.174988e-02
   endloop
 endfacet
 facet normal  9.991183e-01  3.288984e-04  4.198223e-02
   outer loop
     vertex  5.000000e-01 -5.222794e-01 -8.968862e-18
     vertex  4.982255e-01 -5.039958e-01  4.208747e-02
     vertex  4.982539e-01 -5.471851e-01  4.174988e-02
   endloop
 endfacet
 facet normal  9.732480e-01  1.960734e-02  2.289188e-01
   outer loop
     vertex  4.887160e-01 -6.000000e-01  1.056251e-01
     vertex  4.923878e-01 -5.638162e-01  8.691545e-02
     vertex  4.788192e-01 -5.566307e-01  1.439868e-01
   endloop
 endfacet
 facet normal  9.924349e-01 -5.628146e-04  1.227710e-01
   outer loop
     vertex  4.925493e-01  4.581344e-01  8.599526e-02
     vertex  4.986601e-01  4.542108e-01  3.657954e-02
     vertex  4.986216e-01  5.000000e-01  3.710070e-02
   endloop
 endfacet
 facet normal  9.991214e-01  8.709427e-04  4.189980e-02
   outer loop
     vertex  5.000000e-01 -3.705329e-01 -2.581611e-17
     vertex  4.982090e-01 -3.500863e-01  4.228232e-02
     vertex  4.982900e-01 -3.965522e-01  4.131692e-02
   endloop
 endfacet
 facet normal  9.989570e-01 -1.658894e-02 -4.254187e-02
   outer loop
     vertex  4.992066e-01  5.000000e-01 -2.815565e-02
     vertex  5.000000e-01  4.755710e-01 -1.197525e-16
     vertex  4.974381e-01  4.509312e-01 -5.055078e-02
   endloop
 endfacet
 facet normal  9.989498e-01  2.163549e-04  4.581812e-02
   outer loop
     vertex  5.000000e-01 -1.454993e-01 -5.079986e-17
     vertex  4.978959e-01 -1.344538e-01  4.582188e-02
     vertex  4.979102e-01 -1.674698e-01  4.566646e-02
   endloop
 endfacet
 facet normal  9.979938e-01 -2.649888e-02 -5.749917e-02
   outer loop
     vertex  4.984392e-01 -5.198332e-01 -3.947664e-02
     vertex  5.000000e-01 -5.467085e-01 -6.256696e-18
     vertex  4.961208e-01 -5.579208e-01 -6.216198e-02
   endloop
 endfacet
 facet normal  9.991781e-01  1.777476e-03 -4.049565e-02
   outer loop
     vertex  4.982900e-01 -4.779210e-01 -4.131628e-02
     vertex  5.000000e-01 -4.978504e-01 -1.168103e-17
     vertex  4.984392e-01 -5.198332e-01 -3.947664e-02
   endloop
 endfacet
 facet normal  9.990875e-01 -3.859580e-04 -4.270880e-02
   outer loop
     vertex  4.981924e-01 -3.004064e-01 -4.247746e-02
     vertex  5.000000e-01 -3.216749e-01 -3.124044e-17
     vertex  4.981557e-01 -3.480299e-01 -4.290583e-02
   endloop
 endfacet
 facet normal  9.990912e-01  1.670988e-04 -4.262424e-02
   outer loop
     vertex  4.981771e-01 -2.545208e-01 -4.265685e-02
     vertex  5.000000e-01 -2.728168e-01 -3.666477e-17
     vertex  4.981924e-01 -3.004064e-01 -4.247746e-02
   endloop
 endfacet
 facet normal  9.989443e-01 -4.688769e-03 -4.569866e-02
   outer loop
     vertex  4.981776e-01 -9.364470e-02 -4.265090e-02
     vertex  5.000000e-01 -1.210703e-01 -5.351202e-17
     vertex  4.977910e-01 -1.341262e-01 -4.694829e-02
   endloop
 endfacet
 facet normal  9.991005e-01 -5.763478e-04 -4.240072e-02
   outer loop
     vertex  4.982299e-01 -4.825391e-02 -4.203556e-02
     vertex  5.000000e-01 -7.221227e-02 -5.893636e-17
     vertex  4.981776e-01 -9.364470e-02 -4.265090e-02
   endloop
 endfacet
 facet normal  9.991163e-01 -6.854216e-05 -4.203229e-02
   outer loop
     vertex  4.982362e-01 -1.918865e-03 -4.196028e-02
     vertex  5.000000e-01 -2.335423e-02 -6.436069e-17
     vertex  4.982299e-01 -4.825391e-02 -4.203556e-02
   endloop
 endfacet
 facet normal  9.988610e-01 -6.001646e-03 -4.733685e-02
   outer loop
     vertex  4.981265e-01  1.576573e-01 -4.324341e-02
     vertex  5.000000e-01  1.283923e-01 -8.120794e-17
     vertex  4.976434e-01  1.186210e-01 -4.848715e-02
   endloop
 endfacet
 facet normal  9.990725e-01 -5.015933e-04 -4.305713e-02
   outer loop
     vertex  4.981725e-01  2.034734e-01 -4.271065e-02
     vertex  5.000000e-01  1.772503e-01 -8.663227e-17
     vertex  4.981265e-01  1.576573e-01 -4.324341e-02
   endloop
 endfacet
 facet normal  9.990805e-01  2.329078e-04 -4.287294e-02
   outer loop
     vertex  4.981500e-01  2.516395e-01 -4.297126e-02
     vertex  5.000000e-01  2.261084e-01 -9.205660e-17
     vertex  4.981725e-01  2.034734e-01 -4.271065e-02
   endloop
 endfacet
 facet normal  9.990594e-01  6.406769e-04 -4.335820e-02
   outer loop
     vertex  4.980863e-01  3.014665e-01 -4.370407e-02
     vertex  5.000000e-01  2.749664e-01 -9.748093e-17
     vertex  4.981500e-01  2.516395e-01 -4.297126e-02
   endloop
 endfacet
 facet normal  9.990305e-01  4.804054e-04 -4.402077e-02
   outer loop
     vertex  4.980361e-01  3.537254e-01 -4.427191e-02
     vertex  5.000000e-01  3.265172e-01 -1.032042e-16
     vertex  4.980863e-01  3.014665e-01 -4.370407e-02
   endloop
 endfacet
 facet normal  9.991054e-01 -4.088764e-03 -4.209084e-02
   outer loop
     vertex  4.984278e-01  4.015339e-01 -3.962031e-02
     vertex  5.000000e-01  3.778549e-01 -1.089038e-16
     vertex  4.980361e-01  3.537254e-01 -4.427191e-02
   endloop
 endfacet
 facet normal  9.327470e-01 -2.886953e-02  3.593740e-01
   outer loop
     vertex  4.522869e-01 -5.527990e-01  2.131586e-01
     vertex  4.788192e-01 -5.566307e-01  1.439868e-01
     vertex  4.679454e-01 -5.076384e-01  1.761450e-01
   endloop
 endfacet
 facet normal  9.988667e-01  6.135678e-03 -4.719920e-02
   outer loop
     vertex  4.976873e-01  8.134951e-02 -4.803498e-02
     vertex  5.000000e-01  7.436185e-02 -7.520935e-17
     vertex  4.981796e-01  4.279987e-02 -4.262685e-02
   endloop
 endfacet
 facet normal  9.988973e-01  9.856289e-03 -4.590270e-02
   outer loop
     vertex  4.974381e-01  4.509312e-01 -5.055078e-02
     vertex  5.000000e-01  4.267129e-01 -1.143282e-16
     vertex  4.984278e-01  4.015339e-01 -3.962031e-02
   endloop
 endfacet
 facet normal  9.987182e-01 -5.619466e-18 -5.061565e-02
   outer loop
     vertex  5.000000e-01  4.755710e-01 -1.197525e-16
     vertex  5.000000e-01  4.511420e-01 -1.170403e-16
     vertex  4.974381e-01  4.509312e-01 -5.055078e-02
   endloop
 endfacet
 facet normal  9.992136e-01 -4.402200e-18 -3.965149e-02
   outer loop
     vertex  5.000000e-01  4.267129e-01 -1.143282e-16
     vertex  5.000000e-01  4.022839e-01 -1.116160e-16
     vertex  4.984278e-01  4.015339e-01 -3.962031e-02
   endloop
 endfacet
 facet normal  9.990176e-01 -4.920003e-18 -4.431545e-02
   outer loop
     vertex  5.000000e-01  3.778549e-01 -1.089038e-16
     vertex  5.000000e-01  3.534259e-01 -1.061917e-16
     vertex  4.980361e-01  3.537254e-01 -4.427191e-02
   endloop
 endfacet
 facet normal  9.990427e-01 -4.856776e-18 -4.374594e-02
   outer loop
     vertex  5.000000e-01  3.265172e-01 -1.032042e-16
     vertex  5.000000e-01  2.993954e-01 -1.001931e-16
     vertex  4.980863e-01  3.014665e-01 -4.370407e-02
   endloop
 endfacet
 facet normal  9.990746e-01 -4.775187e-18 -4.301106e-02
   outer loop
     vertex  5.000000e-01  2.749664e-01 -9.748093e-17
     vertex  5.000000e-01  2.505374e-01 -9.476877e-17
     vertex  4.981500e-01  2.516395e-01 -4.297126e-02
   endloop
 endfacet
 facet normal  9.990858e-01 -4.746174e-18 -4.274973e-02
   outer loop
     vertex  5.000000e-01  2.261084e-01 -9.205660e-17
     vertex  5.000000e-01  2.016794e-01 -8.934443e-17
     vertex  4.981725e-01  2.034734e-01 -4.271065e-02
   endloop
 endfacet
 facet normal  9.990628e-01 -4.805486e-18 -4.328397e-02
   outer loop
     vertex  5.000000e-01  1.772503e-01 -8.663227e-17
     vertex  5.000000e-01  1.528213e-01 -8.392010e-17
     vertex  4.981265e-01  1.576573e-01 -4.324341e-02
   endloop
 endfacet
 facet normal  9.906516e-01  5.924325e-04 -1.364151e-01
   outer loop
     vertex  4.981725e-01  2.034734e-01 -4.271065e-02
     vertex  4.981265e-01  1.576573e-01 -4.324341e-02
     vertex  4.912213e-01  1.822109e-01 -9.328246e-02
   endloop
 endfacet
 facet normal  9.991001e-01  6.320894e-04 -4.240969e-02
   outer loop
     vertex  4.981796e-01  4.279987e-02 -4.262685e-02
     vertex  5.000000e-01  2.550381e-02 -6.978502e-17
     vertex  4.982362e-01 -1.918865e-03 -4.196028e-02
   endloop
 endfacet
 facet normal  9.989511e-01 -4.214156e-03 -4.559593e-02
   outer loop
     vertex  5.000000e-01 -1.995298e-01 -4.480127e-17
     vertex  4.977954e-01 -2.146619e-01 -4.690125e-02
     vertex  4.981360e-01 -1.746848e-01 -4.313334e-02
   endloop
 endfacet
 facet normal  9.990894e-01 -4.736845e-18 -4.266571e-02
   outer loop
     vertex  5.000000e-01  7.436185e-02 -7.520935e-17
     vertex  5.000000e-01  4.993283e-02 -7.249719e-17
     vertex  4.981796e-01  4.279987e-02 -4.262685e-02
   endloop
 endfacet
 facet normal  9.991177e-01 -4.662641e-18 -4.199733e-02
   outer loop
     vertex  5.000000e-01  2.550381e-02 -6.978502e-17
     vertex  5.000000e-01  1.074786e-03 -6.707285e-17
     vertex  4.982362e-01 -1.918865e-03 -4.196028e-02
   endloop
 endfacet
 facet normal  9.991145e-01 -4.671021e-18 -4.207282e-02
   outer loop
     vertex  5.000000e-01 -2.335423e-02 -6.436069e-17
     vertex  5.000000e-01 -4.778325e-02 -6.164852e-17
     vertex  4.982299e-01 -4.825391e-02 -4.203556e-02
   endloop
 endfacet
 facet normal  9.990884e-01 -4.739522e-18 -4.268982e-02
   outer loop
     vertex  5.000000e-01 -7.221227e-02 -5.893636e-17
     vertex  5.000000e-01 -9.664129e-02 -5.622419e-17
     vertex  4.981776e-01 -9.364470e-02 -4.265090e-02
   endloop
 endfacet
 facet normal  9.908955e-01  6.834328e-04 -1.346318e-01
   outer loop
     vertex  4.982299e-01 -4.825391e-02 -4.203556e-02
     vertex  4.981776e-01 -9.364470e-02 -4.265090e-02
     vertex  4.914434e-01 -7.207657e-02 -9.210542e-02
   endloop
 endfacet
 facet normal  9.989292e-01  4.663411e-03 -4.603014e-02
   outer loop
     vertex  4.977954e-01 -2.146619e-01 -4.690125e-02
     vertex  5.000000e-01 -2.239588e-01 -4.208911e-17
     vertex  4.981771e-01 -2.545208e-01 -4.265685e-02
   endloop
 endfacet
 facet normal  9.989945e-01 -2.312515e-03 -4.477232e-02
   outer loop
     vertex  5.000000e-01 -4.245634e-01 -1.981753e-17
     vertex  4.979366e-01 -4.373775e-01 -4.537725e-02
     vertex  4.981294e-01 -3.960757e-01 -4.321027e-02
   endloop
 endfacet
 facet normal  9.990676e-01 -4.793232e-18 -4.317359e-02
   outer loop
     vertex  5.000000e-01 -1.751008e-01 -4.751344e-17
     vertex  5.000000e-01 -1.995298e-01 -4.480127e-17
     vertex  4.981360e-01 -1.746848e-01 -4.313334e-02
   endloop
 endfacet
 facet normal  9.990881e-01 -4.740184e-18 -4.269578e-02
   outer loop
     vertex  5.000000e-01 -2.239588e-01 -4.208911e-17
     vertex  5.000000e-01 -2.483878e-01 -3.937694e-17
     vertex  4.981771e-01 -2.545208e-01 -4.265685e-02
   endloop
 endfacet
 facet normal  9.990958e-01 -4.720214e-18 -4.251591e-02
   outer loop
     vertex  5.000000e-01 -2.728168e-01 -3.666477e-17
     vertex  5.000000e-01 -2.972459e-01 -3.395261e-17
     vertex  4.981924e-01 -3.004064e-01 -4.247746e-02
   endloop
 endfacet
 facet normal  9.990774e-01 -4.767902e-18 -4.294545e-02
   outer loop
     vertex  5.000000e-01 -3.216749e-01 -3.124044e-17
     vertex  5.000000e-01 -3.461039e-01 -2.852828e-17
     vertex  4.981557e-01 -3.480299e-01 -4.290583e-02
   endloop
 endfacet
 facet normal  9.990077e-01  4.267128e-03 -4.433372e-02
   outer loop
     vertex  4.979366e-01 -4.373775e-01 -4.537725e-02
     vertex  5.000000e-01 -4.489924e-01 -1.710536e-17
     vertex  4.982900e-01 -4.779210e-01 -4.131628e-02
   endloop
 endfacet
 facet normal  9.909907e-01 -1.055224e-03  1.339262e-01
   outer loop
     vertex  4.982900e-01 -3.965522e-01  4.131692e-02
     vertex  4.982090e-01 -3.500863e-01  4.228232e-02
     vertex  4.914290e-01 -3.842376e-01  9.218229e-02
   endloop
 endfacet
 facet normal  9.990642e-01 -4.801797e-18 -4.325075e-02
   outer loop
     vertex  5.000000e-01 -4.001343e-01 -2.252969e-17
     vertex  5.000000e-01 -4.245634e-01 -1.981753e-17
     vertex  4.981294e-01 -3.960757e-01 -4.321027e-02
   endloop
 endfacet
 facet normal  9.991447e-01 -4.590956e-18 -4.135165e-02
   outer loop
     vertex  5.000000e-01 -4.489924e-01 -1.710536e-17
     vertex  5.000000e-01 -4.734214e-01 -1.439319e-17
     vertex  4.982900e-01 -4.779210e-01 -4.131628e-02
   endloop
 endfacet
 facet normal  9.992193e-01 -4.386212e-18 -3.950748e-02
   outer loop
     vertex  5.000000e-01 -4.978504e-01 -1.168103e-17
     vertex  5.000000e-01 -5.222794e-01 -8.968862e-18
     vertex  4.984392e-01 -5.198332e-01 -3.947664e-02
   endloop
 endfacet
 facet normal  9.992193e-01 -4.386212e-18 -3.950748e-02
   outer loop
     vertex  5.000000e-01 -5.222794e-01 -8.968862e-18
     vertex  5.000000e-01 -5.467085e-01 -6.256696e-18
     vertex  4.984392e-01 -5.198332e-01 -3.947664e-02
   endloop
 endfacet
 facet normal  9.723057e-01 -1.592934e-02  2.331690e-01
   outer loop
     vertex  4.788192e-01 -5.566307e-01  1.439868e-01
     vertex  4.923878e-01 -5.638162e-01  8.691545e-02
     vertex  4.893928e-01 -5.193280e-01  1.024437e-01
   endloop
 endfacet
 facet normal  9.714779e-01  2.534646e-02  2.357718e-01
   outer loop
     vertex  4.925493e-01  4.581344e-01  8.599526e-02
     vertex  4.772773e-01  4.572432e-01  1.490179e-01
     vertex  4.853816e-01  4.163648e-01  1.200197e-01
   endloop
 endfacet
 facet normal  9.993298e-01  4.063868e-18  3.660407e-02
   outer loop
     vertex  5.000000e-01  4.511420e-01 -1.170403e-16
     vertex  5.000000e-01  4.755710e-01 -1.197525e-16
     vertex  4.986601e-01  4.542108e-01  3.657954e-02
   endloop
 endfacet
 facet normal  9.987633e-01 -9.632710e-03  4.877497e-02
   outer loop
     vertex  5.000000e-01  1.039633e-01 -7.849577e-17
     vertex  4.981171e-01  1.282446e-01  4.335161e-02
     vertex  4.972231e-01  8.249543e-02  5.262338e-02
   endloop
 endfacet
 facet normal  9.917722e-01 -4.170935e-03 -1.279474e-01
   outer loop
     vertex  4.979366e-01 -4.373775e-01 -4.537725e-02
     vertex  4.982900e-01 -4.779210e-01 -4.131628e-02
     vertex  4.927177e-01 -4.621155e-01 -8.502537e-02
   endloop
 endfacet
 facet normal  9.902832e-01  4.661973e-03 -1.389869e-01
   outer loop
     vertex  4.981360e-01 -1.746848e-01 -4.313334e-02
     vertex  4.977954e-01 -2.146619e-01 -4.690125e-02
     vertex  4.911543e-01 -1.972331e-01 -9.363478e-02
   endloop
 endfacet
 facet normal  9.991266e-01  4.639220e-18  4.178638e-02
   outer loop
     vertex  5.000000e-01 -5.711375e-01 -3.544530e-18
     vertex  5.000000e-01 -5.467085e-01 -6.256696e-18
     vertex  4.982539e-01 -5.471851e-01  4.174988e-02
   endloop
 endfacet
 facet normal  9.903385e-01  2.653127e-03 -1.386457e-01
   outer loop
     vertex  4.981294e-01 -3.960757e-01 -4.321027e-02
     vertex  4.979366e-01 -4.373775e-01 -4.537725e-02
     vertex  4.910876e-01 -4.208769e-01 -9.398395e-02
   endloop
 endfacet
 facet normal  9.906151e-01  9.536837e-03 -1.363479e-01
   outer loop
     vertex  4.979366e-01 -4.373775e-01 -4.537725e-02
     vertex  4.927177e-01 -4.621155e-01 -8.502537e-02
     vertex  4.910876e-01 -4.208769e-01 -9.398395e-02
   endloop
 endfacet
 facet normal  8.686409e-01 -2.928181e-02  4.945761e-01
   outer loop
     vertex  4.145422e-01 -5.509265e-01  2.795618e-01
     vertex  4.522869e-01 -5.527990e-01  2.131586e-01
     vertex  4.353475e-01 -5.020966e-01  2.459117e-01
   endloop
 endfacet
 facet normal  7.856729e-01 -2.742963e-02  6.180337e-01
   outer loop
     vertex  3.692979e-01 -5.510194e-01  3.370743e-01
     vertex  4.145422e-01 -5.509265e-01  2.795618e-01
     vertex  3.923467e-01 -5.021602e-01  3.099420e-01
   endloop
 endfacet
 facet normal  6.880440e-01 -2.640547e-02  7.251884e-01
   outer loop
     vertex  3.171581e-01 -5.512006e-01  3.865369e-01
     vertex  3.692979e-01 -5.510194e-01  3.370743e-01
     vertex  3.430348e-01 -5.022498e-01  3.637680e-01
   endloop
 endfacet
 facet normal  5.774598e-01 -2.601656e-02  8.160045e-01
   outer loop
     vertex  2.589940e-01 -5.513183e-01  4.276940e-01
     vertex  3.171581e-01 -5.512006e-01  3.865369e-01
     vertex  2.878016e-01 -5.024885e-01  4.088646e-01
   endloop
 endfacet
 facet normal  4.561107e-01 -2.570786e-02  8.895517e-01
   outer loop
     vertex  1.960841e-01 -5.514476e-01  4.599468e-01
     vertex  2.589940e-01 -5.513183e-01  4.276940e-01
     vertex  2.273104e-01 -5.027683e-01  4.453425e-01
   endloop
 endfacet
 facet normal  3.261068e-01 -2.575089e-02  9.449821e-01
   outer loop
     vertex  1.292840e-01 -5.515386e-01  4.829965e-01
     vertex  1.960841e-01 -5.514476e-01  4.599468e-01
     vertex  1.625285e-01 -5.029837e-01  4.728472e-01
   endloop
 endfacet
 facet normal  1.896213e-01 -2.579423e-02  9.815184e-01
   outer loop
     vertex  5.990807e-02 -5.515895e-01  4.963980e-01
     vertex  1.292840e-01 -5.515386e-01  4.829965e-01
     vertex  9.442597e-02 -5.031376e-01  4.910028e-01
   endloop
 endfacet
 facet normal  4.918589e-02 -2.594436e-02  9.984526e-01
   outer loop
     vertex -1.083514e-02 -5.516059e-01  4.998826e-01
     vertex  5.990807e-02 -5.515895e-01  4.963980e-01
     vertex  2.429720e-02 -5.032154e-01  4.994093e-01
   endloop
 endfacet
 facet normal -9.256898e-02 -2.608226e-02  9.953646e-01
   outer loop
     vertex -8.152870e-02 -5.515978e-01  4.933083e-01
     vertex -1.083514e-02 -5.516059e-01  4.998826e-01
     vertex -4.665495e-02 -5.032457e-01  4.978186e-01
   endloop
 endfacet
 facet normal -2.330167e-01 -2.639260e-02  9.721145e-01
   outer loop
     vertex -1.509716e-01 -5.515908e-01  4.766630e-01
     vertex -8.152870e-02 -5.515978e-01  4.933083e-01
     vertex -1.171248e-01 -5.032595e-01  4.860883e-01
   endloop
 endfacet
 facet normal -3.699259e-01 -2.705740e-02  9.286672e-01
   outer loop
     vertex -2.181420e-01 -5.516508e-01  4.499045e-01
     vertex -1.509716e-01 -5.515908e-01  4.766630e-01
     vertex -1.859058e-01 -5.033044e-01  4.641541e-01
   endloop
 endfacet
 facet normal -5.018180e-01 -2.872604e-02  8.644961e-01
   outer loop
     vertex -2.825609e-01 -5.518687e-01  4.125037e-01
     vertex -2.181420e-01 -5.516508e-01  4.499045e-01
     vertex -2.517831e-01 -5.034511e-01  4.319783e-01
   endloop
 endfacet
 facet normal -6.258801e-01 -2.987997e-02  7.793467e-01
   outer loop
     vertex -3.417797e-01 -5.518346e-01  3.649474e-01
     vertex -2.825609e-01 -5.518687e-01  4.125037e-01
     vertex -3.131567e-01 -5.035401e-01  3.897857e-01
   endloop
 endfacet
 facet normal -7.359128e-01 -2.888341e-02  6.764600e-01
   outer loop
     vertex -3.923192e-01 -5.515835e-01  3.099769e-01
     vertex -3.417797e-01 -5.518346e-01  3.649474e-01
     vertex -3.677687e-01 -5.034075e-01  3.387421e-01
   endloop
 endfacet
 facet normal -8.281192e-01 -2.853651e-02  5.598253e-01
   outer loop
     vertex -4.338923e-01 -5.517747e-01  2.484703e-01
     vertex -3.923192e-01 -5.515835e-01  3.099769e-01
     vertex -4.139915e-01 -5.033547e-01  2.803766e-01
   endloop
 endfacet
 facet normal -9.018381e-01 -2.832192e-02  4.311448e-01
   outer loop
     vertex -4.658031e-01 -5.515751e-01  1.817347e-01
     vertex -4.338923e-01 -5.517747e-01  2.484703e-01
     vertex -4.508710e-01 -5.033366e-01  2.161374e-01
   endloop
 endfacet
 facet normal -9.553838e-01 -2.788231e-02  2.940483e-01
   outer loop
     vertex -4.873909e-01 -5.517248e-01  1.115803e-01
     vertex -4.658031e-01 -5.515751e-01  1.817347e-01
     vertex -4.777251e-01 -5.033058e-01  1.475761e-01
   endloop
 endfacet
 facet normal -9.881151e-01 -2.761300e-02  1.512155e-01
   outer loop
     vertex -4.984486e-01 -5.515397e-01  3.935756e-02
     vertex -4.873909e-01 -5.517248e-01  1.115803e-01
     vertex -4.941567e-01 -5.032663e-01  7.621781e-02
   endloop
 endfacet
 facet normal -9.996185e-01 -2.677501e-02  6.782741e-03
   outer loop
     vertex -4.989373e-01 -5.515176e-01 -3.258178e-02
     vertex -4.984486e-01 -5.515397e-01  3.935756e-02
     vertex -4.999864e-01 -5.031624e-01  3.683624e-03
   endloop
 endfacet
 facet normal -9.902164e-01 -2.692094e-02 -1.369187e-01
   outer loop
     vertex -4.890552e-01 -5.515551e-01 -1.040435e-01
     vertex -4.989373e-01 -5.515176e-01 -3.258178e-02
     vertex -4.952551e-01 -5.031622e-01 -6.871985e-02
   endloop
 endfacet
 facet normal -9.600386e-01 -2.733039e-02 -2.785299e-01
   outer loop
     vertex -4.688028e-01 -5.515463e-01 -1.738503e-01
     vertex -4.890552e-01 -5.515551e-01 -1.040435e-01
     vertex -4.799899e-01 -5.031986e-01 -1.400347e-01
   endloop
 endfacet
 facet normal -9.085730e-01 -2.907540e-02 -4.167130e-01
   outer loop
     vertex -4.375428e-01 -5.518821e-01 -2.419841e-01
     vertex -4.688028e-01 -5.515463e-01 -1.738503e-01
     vertex -4.540957e-01 -5.033778e-01 -2.092776e-01
   endloop
 endfacet
 facet normal -8.355490e-01 -2.962398e-02 -5.486167e-01
   outer loop
     vertex -3.960400e-01 -5.515980e-01 -3.052087e-01
     vertex -4.375428e-01 -5.518821e-01 -2.419841e-01
     vertex -4.177387e-01 -5.034270e-01 -2.747624e-01
   endloop
 endfacet
 facet normal -7.426795e-01 -3.048990e-02 -6.689525e-01
   outer loop
     vertex -3.446831e-01 -5.520196e-01 -3.622065e-01
     vertex -3.960400e-01 -5.515980e-01 -3.052087e-01
     vertex -3.715113e-01 -5.034956e-01 -3.346332e-01
   endloop
 endfacet
 facet normal -6.316038e-01 -3.016061e-02 -7.747044e-01
   outer loop
     vertex -2.855140e-01 -5.515271e-01 -4.104653e-01
     vertex -3.446831e-01 -5.520196e-01 -3.622065e-01
     vertex -3.167329e-01 -5.034350e-01 -3.868853e-01
   endloop
 endfacet
 facet normal -5.093150e-01 -2.762176e-02 -8.601368e-01
   outer loop
     vertex -2.226504e-01 -5.514759e-01 -4.476905e-01
     vertex -2.855140e-01 -5.515271e-01 -4.104653e-01
     vertex -2.554607e-01 -5.031704e-01 -4.298137e-01
   endloop
 endfacet
 facet normal -3.786964e-01 -2.753328e-02 -9.251113e-01
   outer loop
     vertex -1.551571e-01 -5.515441e-01 -4.753170e-01
     vertex -2.226504e-01 -5.514759e-01 -4.476905e-01
     vertex -1.892363e-01 -5.031732e-01 -4.628062e-01
   endloop
 endfacet
 facet normal -2.375614e-01 -2.963989e-02 -9.709202e-01
   outer loop
     vertex -8.164341e-02 -5.520284e-01 -4.932893e-01
     vertex -1.551571e-01 -5.515441e-01 -4.753170e-01
     vertex -1.185660e-01 -5.034334e-01 -4.857387e-01
   endloop
 endfacet
 facet normal -8.811897e-02 -2.948091e-02 -9.956736e-01
   outer loop
     vertex -6.439775e-03 -5.515710e-01 -4.999585e-01
     vertex -8.164341e-02 -5.520284e-01 -4.932893e-01
     vertex -4.504671e-02 -5.034465e-01 -4.979667e-01
   endloop
 endfacet
 facet normal  5.942038e-02 -2.700505e-02 -9.978677e-01
   outer loop
     vertex  6.570675e-02 -5.515182e-01 -4.956638e-01
     vertex -6.439775e-03 -5.515710e-01 -4.999585e-01
     vertex  2.861265e-02 -5.031873e-01 -4.991806e-01
   endloop
 endfacet
 facet normal  2.018687e-01 -2.640110e-02 -9.790567e-01
   outer loop
     vertex  1.357140e-01 -5.515133e-01 -4.812294e-01
     vertex  6.570675e-02 -5.515182e-01 -4.956638e-01
     vertex  1.002767e-01 -5.031074e-01 -4.898414e-01
   endloop
 endfacet
 facet normal  3.391796e-01 -2.620357e-02 -9.403566e-01
   outer loop
     vertex  2.027197e-01 -5.515118e-01 -4.570609e-01
     vertex  1.357140e-01 -5.515133e-01 -4.812294e-01
     vertex  1.691753e-01 -5.030690e-01 -4.705101e-01
   endloop
 endfacet
 facet normal  4.699398e-01 -2.667714e-02 -8.822953e-01
   outer loop
     vertex  2.661906e-01 -5.515743e-01 -4.232524e-01
     vertex  2.027197e-01 -5.515118e-01 -4.570609e-01
     vertex  2.344175e-01 -5.030526e-01 -4.416429e-01
   endloop
 endfacet
 facet normal  5.917588e-01 -2.655769e-02 -8.056775e-01
   outer loop
     vertex  3.241316e-01 -5.511901e-01 -3.807082e-01
     vertex  2.661906e-01 -5.515743e-01 -4.232524e-01
     vertex  2.947238e-01 -5.027870e-01 -4.039033e-01
   endloop
 endfacet
 facet normal  7.007835e-01 -2.590160e-02 -7.129036e-01
   outer loop
     vertex  3.749544e-01 -5.506062e-01 -3.307706e-01
     vertex  3.241316e-01 -5.511901e-01 -3.807082e-01
     vertex  3.488718e-01 -5.020544e-01 -3.581738e-01
   endloop
 endfacet
 facet normal  7.954841e-01 -2.603653e-02 -6.054148e-01
   outer loop
     vertex  4.185352e-01 -5.496779e-01 -2.735476e-01
     vertex  3.749544e-01 -5.506062e-01 -3.307706e-01
     vertex  3.964324e-01 -5.006325e-01 -3.046987e-01
   endloop
 endfacet
 facet normal  8.742035e-01 -2.555430e-02 -4.848868e-01
   outer loop
     vertex  4.536942e-01 -5.499212e-01 -2.101465e-01
     vertex  4.185352e-01 -5.496779e-01 -2.735476e-01
     vertex  4.372458e-01 -4.983301e-01 -2.425203e-01
   endloop
 endfacet
 facet normal  9.354297e-01 -2.777373e-02 -3.524199e-01
   outer loop
     vertex  4.798022e-01 -5.520983e-01 -1.406765e-01
     vertex  4.536942e-01 -5.499212e-01 -2.101465e-01
     vertex  4.685882e-01 -5.015185e-01 -1.744280e-01
   endloop
 endfacet
 facet normal  9.780189e-01 -3.370701e-02 -2.057738e-01
   outer loop
     vertex  4.961208e-01 -5.579208e-01 -6.216198e-02
     vertex  4.798022e-01 -5.520983e-01 -1.406765e-01
     vertex  4.902974e-01 -5.079676e-01 -9.802295e-02
   endloop
 endfacet
 facet normal  9.906229e-01  4.653106e-04 -1.366240e-01
   outer loop
     vertex  4.981924e-01 -3.004064e-01 -4.247746e-02
     vertex  4.981557e-01 -3.480299e-01 -4.290583e-02
     vertex  4.911411e-01 -3.295888e-01 -9.370398e-02
   endloop
 endfacet
 facet normal  9.908317e-01 -1.971924e-04 -1.351015e-01
   outer loop
     vertex  4.981771e-01 -2.545208e-01 -4.265685e-02
     vertex  4.981924e-01 -3.004064e-01 -4.247746e-02
     vertex  4.913903e-01 -2.838055e-01 -9.238823e-02
   endloop
 endfacet
 facet normal  9.907726e-01 -1.498069e-03 -1.355261e-01
   outer loop
     vertex  4.981924e-01 -3.004064e-01 -4.247746e-02
     vertex  4.911411e-01 -3.295888e-01 -9.370398e-02
     vertex  4.913903e-01 -2.838055e-01 -9.238823e-02
   endloop
 endfacet
 facet normal  9.910398e-01  8.128205e-05 -1.335667e-01
   outer loop
     vertex  4.982362e-01 -1.918865e-03 -4.196028e-02
     vertex  4.982299e-01 -4.825391e-02 -4.203556e-02
     vertex  4.915757e-01 -2.905368e-02 -9.139633e-02
   endloop
 endfacet
 facet normal  9.909919e-01 -8.417337e-04 -1.339192e-01
   outer loop
     vertex  4.982299e-01 -4.825391e-02 -4.203556e-02
     vertex  4.914434e-01 -7.207657e-02 -9.210542e-02
     vertex  4.915757e-01 -2.905368e-02 -9.139633e-02
   endloop
 endfacet
 facet normal  9.906837e-01 -2.758672e-04 -1.361829e-01
   outer loop
     vertex  4.981500e-01  2.516395e-01 -4.297126e-02
     vertex  4.981725e-01  2.034734e-01 -4.271065e-02
     vertex  4.912445e-01  2.287575e-01 -9.316009e-02
   endloop
 endfacet
 facet normal  9.906931e-01 -1.364171e-04 -1.361144e-01
   outer loop
     vertex  4.981725e-01  2.034734e-01 -4.271065e-02
     vertex  4.912213e-01  1.822109e-01 -9.328246e-02
     vertex  4.912445e-01  2.287575e-01 -9.316009e-02
   endloop
 endfacet
 facet normal  9.904952e-01 -7.554904e-04 -1.375453e-01
   outer loop
     vertex  4.980863e-01  3.014665e-01 -4.370407e-02
     vertex  4.981500e-01  2.516395e-01 -4.297126e-02
     vertex  4.910814e-01  2.775187e-01 -9.401602e-02
   endloop
 endfacet
 facet normal  9.906100e-01  9.134783e-04 -1.367151e-01
   outer loop
     vertex  4.981500e-01  2.516395e-01 -4.297126e-02
     vertex  4.912445e-01  2.287575e-01 -9.316009e-02
     vertex  4.910814e-01  2.775187e-01 -9.401602e-02
   endloop
 endfacet
 facet normal  9.899903e-01 -5.834965e-04 -1.411340e-01
   outer loop
     vertex  4.980361e-01  3.537254e-01 -4.427191e-02
     vertex  4.980863e-01  3.014665e-01 -4.370407e-02
     vertex  4.905178e-01  3.305636e-01 -9.691365e-02
   endloop
 endfacet
 facet normal  9.902518e-01  2.914535e-03 -1.392583e-01
   outer loop
     vertex  4.980863e-01  3.014665e-01 -4.370407e-02
     vertex  4.910814e-01  2.775187e-01 -9.401602e-02
     vertex  4.905178e-01  3.305636e-01 -9.691365e-02
   endloop
 endfacet
 facet normal  9.899566e-01  5.634939e-03 -1.412595e-01
   outer loop
     vertex  4.984278e-01  4.015339e-01 -3.962031e-02
     vertex  4.980361e-01  3.537254e-01 -4.427191e-02
     vertex  4.897801e-01  3.927104e-01 -1.005754e-01
   endloop
 endfacet
 facet normal  9.897428e-01  3.333186e-03 -1.428219e-01
   outer loop
     vertex  4.980361e-01  3.537254e-01 -4.427191e-02
     vertex  4.905178e-01  3.305636e-01 -9.691365e-02
     vertex  4.897801e-01  3.927104e-01 -1.005754e-01
   endloop
 endfacet
 facet normal  9.903591e-01 -6.761702e-03 -1.383585e-01
   outer loop
     vertex  4.976873e-01  8.134951e-02 -4.803498e-02
     vertex  4.981796e-01  4.279987e-02 -4.262685e-02
     vertex  4.911037e-01  5.556718e-02 -9.389946e-02
   endloop
 endfacet
 facet normal  9.909486e-01 -7.470320e-04 -1.342395e-01
   outer loop
     vertex  4.981796e-01  4.279987e-02 -4.262685e-02
     vertex  4.982362e-01 -1.918865e-03 -4.196028e-02
     vertex  4.914855e-01  1.365548e-02 -9.188029e-02
   endloop
 endfacet
 facet normal  9.910036e-01  5.770394e-04 -1.338339e-01
   outer loop
     vertex  4.982362e-01 -1.918865e-03 -4.196028e-02
     vertex  4.915757e-01 -2.905368e-02 -9.139633e-02
     vertex  4.914855e-01  1.365548e-02 -9.188029e-02
   endloop
 endfacet
 facet normal  9.905066e-01 -5.143468e-03 -1.373686e-01
   outer loop
     vertex  4.977954e-01 -2.146619e-01 -4.690125e-02
     vertex  4.981771e-01 -2.545208e-01 -4.265685e-02
     vertex  4.912632e-01 -2.397859e-01 -9.306190e-02
   endloop
 endfacet
 facet normal  9.900864e-01  6.421162e-04 -1.404581e-01
   outer loop
     vertex  4.911543e-01 -1.972331e-01 -9.363478e-02
     vertex  4.977954e-01 -2.146619e-01 -4.690125e-02
     vertex  4.912632e-01 -2.397859e-01 -9.306190e-02
   endloop
 endfacet
 facet normal  9.907539e-01  7.852388e-04 -1.356694e-01
   outer loop
     vertex  4.981771e-01 -2.545208e-01 -4.265685e-02
     vertex  4.913903e-01 -2.838055e-01 -9.238823e-02
     vertex  4.912632e-01 -2.397859e-01 -9.306190e-02
   endloop
 endfacet
 facet normal  9.298605e-01  2.913095e-02  3.667573e-01
   outer loop
     vertex  4.772773e-01  4.572432e-01  1.490179e-01
     vertex  4.507705e-01  4.556745e-01  2.163469e-01
     vertex  4.650417e-01  4.114840e-01  1.836743e-01
   endloop
 endfacet
 facet normal  8.659666e-01  3.087186e-02  4.991481e-01
   outer loop
     vertex  4.507705e-01  4.556745e-01  2.163469e-01
     vertex  4.135436e-01  4.539702e-01  2.810368e-01
     vertex  4.332700e-01  4.096668e-01  2.495539e-01
   endloop
 endfacet
 facet normal  7.839756e-01  2.745066e-02  6.201844e-01
   outer loop
     vertex  4.135436e-01  4.539702e-01  2.810368e-01
     vertex  3.690087e-01  4.526728e-01  3.373908e-01
     vertex  3.927479e-01  4.063264e-01  3.094336e-01
   endloop
 endfacet
 facet normal  6.872220e-01  2.691682e-02  7.259487e-01
   outer loop
     vertex  3.690087e-01  4.526728e-01  3.373908e-01
     vertex  3.168535e-01  4.520571e-01  3.867866e-01
     vertex  3.443445e-01  4.044196e-01  3.625285e-01
   endloop
 endfacet
 facet normal  5.762599e-01  2.674707e-02  8.168287e-01
   outer loop
     vertex  3.168535e-01  4.520571e-01  3.867866e-01
     vertex  2.582162e-01  4.517608e-01  4.281640e-01
     vertex  2.885749e-01  4.037306e-01  4.083191e-01
   endloop
 endfacet
 facet normal  4.537878e-01  2.639588e-02  8.907187e-01
   outer loop
     vertex  2.582162e-01  4.517608e-01  4.281640e-01
     vertex  1.946125e-01  4.516365e-01  4.605713e-01
     vertex  2.271111e-01  4.033927e-01  4.454442e-01
   endloop
 endfacet
 facet normal  3.224816e-01  2.623491e-02  9.462121e-01
   outer loop
     vertex  1.946125e-01  4.516365e-01  4.605713e-01
     vertex  1.271845e-01  4.515676e-01  4.835536e-01
     vertex  1.613027e-01  4.031987e-01  4.732668e-01
   endloop
 endfacet
 facet normal  1.847789e-01  2.618841e-02  9.824311e-01
   outer loop
     vertex  1.271845e-01  4.515676e-01  4.835536e-01
     vertex  5.720137e-02  4.515318e-01  4.967172e-01
     vertex  9.234942e-02  4.030969e-01  4.913976e-01
   endloop
 endfacet
 facet normal  4.327000e-02  2.624332e-02  9.987187e-01
   outer loop
     vertex  5.720137e-02  4.515318e-01  4.967172e-01
     vertex -1.402095e-02  4.515164e-01  4.998034e-01
     vertex  2.146670e-02  4.030667e-01  4.995390e-01
   endloop
 endfacet
 facet normal -9.939165e-02  2.639436e-02  9.946983e-01
   outer loop
     vertex -1.402095e-02  4.515164e-01  4.998034e-01
     vertex -8.514883e-02  4.515105e-01  4.926963e-01
     vertex -5.009501e-02  4.030765e-01  4.974842e-01
   endloop
 endfacet
 facet normal -2.405875e-01  2.669128e-02  9.702604e-01
   outer loop
     vertex -8.514883e-02  4.515105e-01  4.926963e-01
     vertex -1.549052e-01  4.515192e-01  4.753992e-01
     vertex -1.210733e-01  4.031125e-01  4.851198e-01
   endloop
 endfacet
 facet normal -3.781168e-01  2.746592e-02  9.253504e-01
   outer loop
     vertex -1.549052e-01  4.515192e-01  4.753992e-01
     vertex -2.223804e-01  4.516120e-01  4.478247e-01
     vertex -1.902585e-01  4.032113e-01  4.623870e-01
   endloop
 endfacet
 facet normal -5.109165e-01  2.961266e-02  8.591202e-01
   outer loop
     vertex -2.223804e-01  4.516120e-01  4.478247e-01
     vertex -2.874068e-01  4.519452e-01  4.091422e-01
     vertex -2.564845e-01  4.034382e-01  4.292035e-01
   endloop
 endfacet
 facet normal -6.353498e-01  3.012515e-02  7.716366e-01
   outer loop
     vertex -2.874068e-01  4.519452e-01  4.091422e-01
     vertex -3.463021e-01  4.516913e-01  3.606589e-01
     vertex -3.178135e-01  4.034771e-01  3.859982e-01
   endloop
 endfacet
 facet normal -7.439361e-01  2.849207e-02  6.676430e-01
   outer loop
     vertex -3.463021e-01  4.516913e-01  3.606589e-01
     vertex -3.958495e-01  4.515495e-01  3.054557e-01
     vertex -3.719050e-01  4.032974e-01  3.341956e-01
   endloop
 endfacet
 facet normal -8.345330e-01  2.859615e-02  5.502153e-01
   outer loop
     vertex -3.958495e-01  4.515495e-01  3.054557e-01
     vertex -4.367606e-01  4.517643e-01  2.433931e-01
     vertex -4.173937e-01  4.033038e-01  2.752863e-01
   endloop
 endfacet
 facet normal -9.068944e-01  2.849002e-02  4.203937e-01
   outer loop
     vertex -4.367606e-01  4.517643e-01  2.433931e-01
     vertex -4.679701e-01  4.515704e-01  1.760794e-01
     vertex -4.535261e-01  4.033147e-01  2.105091e-01
   endloop
 endfacet
 facet normal -9.589463e-01  2.809003e-02  2.821930e-01
   outer loop
     vertex -4.679701e-01  4.515704e-01  1.760794e-01
     vertex -4.887644e-01  4.517256e-01  1.054011e-01
     vertex -4.795920e-01  4.032962e-01  1.413914e-01
   endloop
 endfacet
 facet normal -9.899809e-01  2.781649e-02  1.384342e-01
   outer loop
     vertex -4.887644e-01  4.517256e-01  1.054011e-01
     vertex -4.989242e-01  4.515456e-01  3.278138e-02
     vertex -4.951301e-01  4.032699e-01  6.961441e-02
   endloop
 endfacet
 facet normal -9.996128e-01  2.700460e-02 -6.703898e-03
   outer loop
     vertex -4.989242e-01  4.515456e-01  3.278138e-02
     vertex -4.984404e-01  4.515201e-01 -3.946071e-02
     vertex -4.999894e-01  4.031703e-01 -3.256629e-03
   endloop
 endfacet
 facet normal -9.881791e-01  2.715728e-02 -1.508793e-01
   outer loop
     vertex -4.984404e-01  4.515201e-01 -3.946071e-02
     vertex -4.875028e-01  4.515544e-01 -1.110902e-01
     vertex -4.942065e-01  4.031650e-01 -7.589426e-02
   endloop
 endfacet
 facet normal -9.558141e-01  2.757655e-02 -2.926756e-01
   outer loop
     vertex -4.875028e-01  4.515544e-01 -1.110902e-01
     vertex -4.661237e-01  4.515422e-01 -1.809108e-01
     vertex -4.778079e-01  4.031972e-01 -1.473079e-01
   endloop
 endfacet
 facet normal -9.020168e-01  2.933673e-02 -4.307030e-01
   outer loop
     vertex -4.661237e-01  4.515422e-01 -1.809108e-01
     vertex -4.336627e-01  4.518755e-01 -2.488707e-01
     vertex -4.507094e-01  4.033677e-01 -2.164741e-01
   endloop
 endfacet
 facet normal -8.265887e-01  2.986343e-02 -5.620137e-01
   outer loop
     vertex -4.336627e-01  4.518755e-01 -2.488707e-01
     vertex -3.909686e-01  4.515939e-01 -3.116786e-01
     vertex -4.131089e-01  4.034175e-01 -2.816754e-01
   endloop
 endfacet
 facet normal -7.313555e-01  3.074295e-02 -6.813032e-01
   outer loop
     vertex -3.909686e-01  4.515939e-01 -3.116786e-01
     vertex -3.384434e-01  4.520156e-01 -3.680436e-01
     vertex -3.656715e-01  4.034872e-01 -3.410049e-01
   endloop
 endfacet
 facet normal -6.180352e-01  3.040326e-02 -7.855623e-01
   outer loop
     vertex -3.384434e-01  4.520156e-01 -3.680436e-01
     vertex -2.782107e-01  4.515262e-01 -4.154501e-01
     vertex -3.097797e-01  4.034303e-01 -3.924749e-01
   endloop
 endfacet
 facet normal -4.937564e-01  2.785709e-02 -8.691539e-01
   outer loop
     vertex -2.782107e-01  4.515262e-01 -4.154501e-01
     vertex -2.144217e-01  4.514795e-01 -4.516894e-01
     vertex -2.474841e-01  4.031657e-01 -4.344555e-01
   endloop
 endfacet
 facet normal -3.614350e-01  2.775404e-02 -9.319842e-01
   outer loop
     vertex -2.144217e-01  4.514795e-01 -4.516894e-01
     vertex -1.461543e-01  4.515581e-01 -4.781620e-01
     vertex -1.804103e-01  4.031860e-01 -4.663176e-01
   endloop
 endfacet
 facet normal -2.188849e-01  2.989387e-02 -9.752927e-01
   outer loop
     vertex -1.461543e-01  4.515581e-01 -4.781620e-01
     vertex -7.200426e-02  4.520570e-01 -4.947882e-01
     vertex -1.090086e-01  4.034741e-01 -4.879725e-01
   endloop
 endfacet
 facet normal -6.837114e-02  2.975850e-02 -9.972160e-01
   outer loop
     vertex -7.200426e-02  4.520570e-01 -4.947882e-01
     vertex  3.630592e-03  4.516241e-01 -4.999868e-01
     vertex -3.496250e-02  4.035259e-01 -4.987761e-01
   endloop
 endfacet
 facet normal  7.978238e-02  2.725810e-02 -9.964395e-01
   outer loop
     vertex  3.630592e-03  4.516241e-01 -4.999868e-01
     vertex  7.595866e-02  4.515909e-01 -4.941966e-01
     vertex  3.892846e-02  4.033098e-01 -4.984823e-01
   endloop
 endfacet
 facet normal  2.223844e-01  2.667216e-02 -9.745942e-01
   outer loop
     vertex  7.595866e-02  4.515909e-01 -4.941966e-01
     vertex  1.459400e-01  4.516157e-01 -4.782275e-01
     vertex  1.107149e-01  4.032748e-01 -4.875881e-01
   endloop
 endfacet
 facet normal  3.594297e-01  2.651181e-02 -9.327955e-01
   outer loop
     vertex  1.459400e-01  4.516157e-01 -4.782275e-01
     vertex  2.127158e-01  4.516784e-01 -4.524953e-01
     vertex  1.795317e-01  4.033135e-01 -4.666566e-01
   endloop
 endfacet
 facet normal  4.893151e-01  2.689628e-02 -8.716922e-01
   outer loop
     vertex  2.127158e-01  4.516784e-01 -4.524953e-01
     vertex  2.755698e-01  4.518841e-01 -4.172065e-01
     vertex  2.443137e-01  4.034490e-01 -4.362463e-01
   endloop
 endfacet
 facet normal  6.094834e-01  2.672496e-02 -7.923483e-01
   outer loop
     vertex  2.755698e-01  4.518841e-01 -4.172065e-01
     vertex  3.325308e-01  4.518017e-01 -3.733942e-01
     vertex  3.037767e-01  4.035586e-01 -3.971394e-01
   endloop
 endfacet
 facet normal  7.160922e-01  2.598246e-02 -6.975219e-01
   outer loop
     vertex  3.325308e-01  4.518017e-01 -3.733942e-01
     vertex  3.819868e-01  4.517434e-01 -3.226237e-01
     vertex  3.566328e-01  4.035773e-01 -3.504469e-01
   endloop
 endfacet
 facet normal  8.073118e-01  2.554370e-02 -5.895720e-01
   outer loop
     vertex  3.819868e-01  4.517434e-01 -3.226237e-01
     vertex  4.235828e-01  4.517689e-01 -2.656645e-01
     vertex  4.022181e-01  4.032996e-01 -2.970196e-01
   endloop
 endfacet
 facet normal  8.825940e-01  2.604655e-02 -4.694140e-01
   outer loop
     vertex  4.235828e-01  4.517689e-01 -2.656645e-01
     vertex  4.569852e-01  4.512413e-01 -2.028903e-01
     vertex  4.394062e-01  4.036413e-01 -2.385837e-01
   endloop
 endfacet
 facet normal  9.414950e-01  2.759983e-02 -3.358948e-01
   outer loop
     vertex  4.569852e-01  4.512413e-01 -2.028903e-01
     vertex  4.819428e-01  4.485319e-01 -1.331582e-01
     vertex  4.685796e-01  4.018421e-01 -1.744510e-01
   endloop
 endfacet
 facet normal  9.908110e-01  1.941547e-02 -1.338531e-01
   outer loop
     vertex  4.984392e-01 -5.198332e-01 -3.947664e-02
     vertex  4.961208e-01 -5.579208e-01 -6.216198e-02
     vertex  4.902974e-01 -5.079676e-01 -9.802295e-02
   endloop
 endfacet
 facet normal  9.908222e-01 -2.077982e-04  1.351718e-01
   outer loop
     vertex  4.979102e-01 -1.674698e-01  4.566646e-02
     vertex  4.978959e-01 -1.344538e-01  4.582188e-02
     vertex  4.919620e-01 -1.502418e-01  8.929380e-02
   endloop
 endfacet
 facet normal  9.599004e-01 -2.804375e-02 -2.789351e-01
   outer loop
     vertex  4.685796e-01  4.018421e-01 -1.744510e-01
     vertex  4.819428e-01  4.485319e-01 -1.331582e-01
     vertex  4.897801e-01  3.927104e-01 -1.005754e-01
   endloop
 endfacet
 facet normal  9.096946e-01 -2.512700e-02 -4.145170e-01
   outer loop
     vertex  4.394062e-01  4.036413e-01 -2.385837e-01
     vertex  4.569852e-01  4.512413e-01 -2.028903e-01
     vertex  4.685796e-01  4.018421e-01 -1.744510e-01
   endloop
 endfacet
 facet normal  8.434596e-01 -2.464013e-02 -5.366272e-01
   outer loop
     vertex  4.022181e-01  4.032996e-01 -2.970196e-01
     vertex  4.235828e-01  4.517689e-01 -2.656645e-01
     vertex  4.394062e-01  4.036413e-01 -2.385837e-01
   endloop
 endfacet
 facet normal  9.528076e-01 -2.568109e-02  3.024868e-01
   outer loop
     vertex  4.772773e-01  4.572432e-01  1.490179e-01
     vertex  4.650417e-01  4.114840e-01  1.836743e-01
     vertex  4.853816e-01  4.163648e-01  1.200197e-01
   endloop
 endfacet
 facet normal  9.903632e-01  3.351441e-04 -1.384941e-01
   outer loop
     vertex  4.981557e-01 -3.480299e-01 -4.290583e-02
     vertex  4.981294e-01 -3.960757e-01 -4.321027e-02
     vertex  4.908494e-01 -3.758879e-01 -9.522016e-02
   endloop
 endfacet
 facet normal  9.903218e-01  5.265299e-03 -1.386904e-01
   outer loop
     vertex  4.981776e-01 -9.364470e-02 -4.265090e-02
     vertex  4.977910e-01 -1.341262e-01 -4.694829e-02
     vertex  4.911259e-01 -1.141897e-01 -9.378343e-02
   endloop
 endfacet
 facet normal  9.902996e-01 -4.637060e-03 -1.388714e-01
   outer loop
     vertex  4.977910e-01 -1.341262e-01 -4.694829e-02
     vertex  4.981360e-01 -1.746848e-01 -4.313334e-02
     vertex  4.911076e-01 -1.559432e-01 -9.387929e-02
   endloop
 endfacet
 facet normal  9.900188e-01 -1.106911e-04 -1.409356e-01
   outer loop
     vertex  4.911259e-01 -1.141897e-01 -9.378343e-02
     vertex  4.977910e-01 -1.341262e-01 -4.694829e-02
     vertex  4.911076e-01 -1.559432e-01 -9.387929e-02
   endloop
 endfacet
 facet normal  9.905598e-01  3.080330e-04 -1.370811e-01
   outer loop
     vertex  4.981360e-01 -1.746848e-01 -4.313334e-02
     vertex  4.911543e-01 -1.972331e-01 -9.363478e-02
     vertex  4.911076e-01 -1.559432e-01 -9.387929e-02
   endloop
 endfacet
 facet normal  9.899995e-01  6.678058e-03 -1.409129e-01
   outer loop
     vertex  4.981265e-01  1.576573e-01 -4.324341e-02
     vertex  4.976434e-01  1.186210e-01 -4.848715e-02
     vertex  4.908794e-01  1.385265e-01 -9.506524e-02
   endloop
 endfacet
 facet normal  9.895532e-01 -5.848192e-04 -1.441672e-01
   outer loop
     vertex  4.976434e-01  1.186210e-01 -4.848715e-02
     vertex  4.976873e-01  8.134951e-02 -4.803498e-02
     vertex  4.907406e-01  9.680736e-02 -9.577919e-02
   endloop
 endfacet
 facet normal  9.895689e-01 -8.271203e-04 -1.440578e-01
   outer loop
     vertex  4.908794e-01  1.385265e-01 -9.506524e-02
     vertex  4.976434e-01  1.186210e-01 -4.848715e-02
     vertex  4.907406e-01  9.680736e-02 -9.577919e-02
   endloop
 endfacet
 facet normal  9.896785e-01  2.183418e-03 -1.432892e-01
   outer loop
     vertex  4.976873e-01  8.134951e-02 -4.803498e-02
     vertex  4.911037e-01  5.556718e-02 -9.389946e-02
     vertex  4.907406e-01  9.680736e-02 -9.577919e-02
   endloop
 endfacet
 facet normal  9.906912e-01  2.466902e-03 -1.361063e-01
   outer loop
     vertex  4.911037e-01  5.556718e-02 -9.389946e-02
     vertex  4.981796e-01  4.279987e-02 -4.262685e-02
     vertex  4.914855e-01  1.365548e-02 -9.188029e-02
   endloop
 endfacet
 facet normal  9.064895e-01  3.082661e-02  4.211016e-01
   outer loop
     vertex  4.522869e-01 -5.527990e-01  2.131586e-01
     vertex  4.679454e-01 -5.076384e-01  1.761450e-01
     vertex  4.353475e-01 -5.020966e-01  2.459117e-01
   endloop
 endfacet
 facet normal  9.621322e-01  3.273738e-02 -2.706102e-01
   outer loop
     vertex  4.902974e-01 -5.079676e-01 -9.802295e-02
     vertex  4.798022e-01 -5.520983e-01 -1.406765e-01
     vertex  4.685882e-01 -5.015185e-01 -1.744280e-01
   endloop
 endfacet
 facet normal  9.905128e-01 -1.740662e-03 -1.374096e-01
   outer loop
     vertex  4.911411e-01 -3.295888e-01 -9.370398e-02
     vertex  4.981557e-01 -3.480299e-01 -4.290583e-02
     vertex  4.908494e-01 -3.758879e-01 -9.522016e-02
   endloop
 endfacet
 facet normal  7.466270e-01  2.591129e-02 -6.647381e-01
   outer loop
     vertex  3.964324e-01 -5.006325e-01 -3.046987e-01
     vertex  3.749544e-01 -5.506062e-01 -3.307706e-01
     vertex  3.488718e-01 -5.020544e-01 -3.581738e-01
   endloop
 endfacet
 facet normal  8.352085e-01  2.754293e-02 -5.492433e-01
   outer loop
     vertex  4.372458e-01 -4.983301e-01 -2.425203e-01
     vertex  4.185352e-01 -5.496779e-01 -2.735476e-01
     vertex  3.964324e-01 -5.006325e-01 -3.046987e-01
   endloop
 endfacet
 facet normal  4.044785e-01  2.628319e-02 -9.141697e-01
   outer loop
     vertex  2.344175e-01 -5.030526e-01 -4.416429e-01
     vertex  2.027197e-01 -5.515118e-01 -4.570609e-01
     vertex  1.691753e-01 -5.030690e-01 -4.705101e-01
   endloop
 endfacet
 facet normal  5.302238e-01  2.600165e-02 -8.474589e-01
   outer loop
     vertex  2.947238e-01 -5.027870e-01 -4.039033e-01
     vertex  2.661906e-01 -5.515743e-01 -4.232524e-01
     vertex  2.344175e-01 -5.030526e-01 -4.416429e-01
   endloop
 endfacet
 facet normal -1.657112e-02  2.807406e-02 -9.994685e-01
   outer loop
     vertex  2.861265e-02 -5.031873e-01 -4.991806e-01
     vertex -6.439775e-03 -5.515710e-01 -4.999585e-01
     vertex -4.504671e-02 -5.034465e-01 -4.979667e-01
   endloop
 endfacet
 facet normal  1.291506e-01  2.699404e-02 -9.912575e-01
   outer loop
     vertex  1.002767e-01 -5.031074e-01 -4.898414e-01
     vertex  6.570675e-02 -5.515182e-01 -4.956638e-01
     vertex  2.861265e-02 -5.031873e-01 -4.991806e-01
   endloop
 endfacet
 facet normal -4.457390e-01  2.835688e-02 -8.947137e-01
   outer loop
     vertex -1.892363e-01 -5.031732e-01 -4.628062e-01
     vertex -2.226504e-01 -5.514759e-01 -4.476905e-01
     vertex -2.554607e-01 -5.031704e-01 -4.298137e-01
   endloop
 endfacet
 facet normal -3.084336e-01  2.861775e-02 -9.508153e-01
   outer loop
     vertex -1.185660e-01 -5.034334e-01 -4.857387e-01
     vertex -1.551571e-01 -5.515441e-01 -4.753170e-01
     vertex -1.892363e-01 -5.031732e-01 -4.628062e-01
   endloop
 endfacet
 facet normal  9.904680e-01 -2.131366e-03 -1.377263e-01
   outer loop
     vertex  4.912213e-01  1.822109e-01 -9.328246e-02
     vertex  4.981265e-01  1.576573e-01 -4.324341e-02
     vertex  4.908794e-01  1.385265e-01 -9.506524e-02
   endloop
 endfacet
 facet normal -9.975013e-01  2.724436e-02 -6.518382e-02
   outer loop
     vertex -4.952551e-01 -5.031622e-01 -6.871985e-02
     vertex -4.989373e-01 -5.515176e-01 -3.258178e-02
     vertex -4.999864e-01 -5.031624e-01  3.683624e-03
   endloop
 endfacet
 facet normal -7.835988e-01  2.877011e-02  6.206007e-01
   outer loop
     vertex -4.139915e-01 -5.033547e-01  2.803766e-01
     vertex -3.923192e-01 -5.515835e-01  3.099769e-01
     vertex -3.677687e-01 -5.034075e-01  3.387421e-01
   endloop
 endfacet
 facet normal -5.736446e-01  2.898165e-02 -8.185914e-01
   outer loop
     vertex -2.554607e-01 -5.031704e-01 -4.298137e-01
     vertex -2.855140e-01 -5.515271e-01 -4.104653e-01
     vertex -3.167329e-01 -5.034350e-01 -3.868853e-01
   endloop
 endfacet
 facet normal -6.899409e-01  2.952993e-02 -7.232631e-01
   outer loop
     vertex -3.167329e-01 -5.034350e-01 -3.868853e-01
     vertex -3.446831e-01 -5.520196e-01 -3.622065e-01
     vertex -3.715113e-01 -5.034956e-01 -3.346332e-01
   endloop
 endfacet
 facet normal -9.774761e-01  2.750568e-02 -2.092462e-01
   outer loop
     vertex -4.799899e-01 -5.031986e-01 -1.400347e-01
     vertex -4.890552e-01 -5.515551e-01 -1.040435e-01
     vertex -4.952551e-01 -5.031622e-01 -6.871985e-02
   endloop
 endfacet
 facet normal -9.362494e-01  2.829825e-02 -3.501947e-01
   outer loop
     vertex -4.540957e-01 -5.033778e-01 -2.092776e-01
     vertex -4.688028e-01 -5.515463e-01 -1.738503e-01
     vertex -4.799899e-01 -5.031986e-01 -1.400347e-01
   endloop
 endfacet
 facet normal -9.741209e-01  2.769224e-02  2.243249e-01
   outer loop
     vertex -4.941567e-01 -5.032663e-01  7.621781e-02
     vertex -4.873909e-01 -5.517248e-01  1.115803e-01
     vertex -4.777251e-01 -5.033058e-01  1.475761e-01
   endloop
 endfacet
 facet normal -9.964081e-01  2.740878e-02  8.012271e-02
   outer loop
     vertex -4.999864e-01 -5.031624e-01  3.683624e-03
     vertex -4.984486e-01 -5.515397e-01  3.935756e-02
     vertex -4.941567e-01 -5.032663e-01  7.621781e-02
   endloop
 endfacet
 facet normal  9.907335e-01 -2.057145e-03 -1.358050e-01
   outer loop
     vertex  4.914434e-01 -7.207657e-02 -9.210542e-02
     vertex  4.981776e-01 -9.364470e-02 -4.265090e-02
     vertex  4.911259e-01 -1.141897e-01 -9.378343e-02
   endloop
 endfacet
 facet normal -3.037288e-01  2.697690e-02  9.523765e-01
   outer loop
     vertex -1.859058e-01 -5.033044e-01  4.641541e-01
     vertex -1.509716e-01 -5.515908e-01  4.766630e-01
     vertex -1.171248e-01 -5.032595e-01  4.860883e-01
   endloop
 endfacet
 facet normal  8.285860e-01 -2.840430e-02  5.591408e-01
   outer loop
     vertex  4.332700e-01  4.096668e-01  2.495539e-01
     vertex  4.135436e-01  4.539702e-01  2.810368e-01
     vertex  3.927479e-01  4.063264e-01  3.094336e-01
   endloop
 endfacet
 facet normal  5.161455e-01  2.562452e-02  8.561175e-01
   outer loop
     vertex  2.273104e-01 -5.027683e-01  4.453425e-01
     vertex  2.589940e-01 -5.513183e-01  4.276940e-01
     vertex  2.878016e-01 -5.024885e-01  4.088646e-01
   endloop
 endfacet
 facet normal -9.307515e-01  2.810772e-02  3.645704e-01
   outer loop
     vertex -4.777251e-01 -5.033058e-01  1.475761e-01
     vertex -4.658031e-01 -5.515751e-01  1.817347e-01
     vertex -4.508710e-01 -5.033366e-01  2.161374e-01
   endloop
 endfacet
 facet normal -8.668930e-01  2.834520e-02  4.976877e-01
   outer loop
     vertex -4.508710e-01 -5.033366e-01  2.161374e-01
     vertex -4.338923e-01 -5.517747e-01  2.484703e-01
     vertex -4.139915e-01 -5.033547e-01  2.803766e-01
   endloop
 endfacet
 facet normal -4.387501e-01  2.781919e-02  8.981784e-01
   outer loop
     vertex -2.517831e-01 -5.034511e-01  4.319783e-01
     vertex -2.181420e-01 -5.516508e-01  4.499045e-01
     vertex -1.859058e-01 -5.033044e-01  4.641541e-01
   endloop
 endfacet
 facet normal -5.663084e-01  2.868018e-02  8.236943e-01
   outer loop
     vertex -3.131567e-01 -5.035401e-01  3.897857e-01
     vertex -2.825609e-01 -5.518687e-01  4.125037e-01
     vertex -2.517831e-01 -5.034511e-01  4.319783e-01
   endloop
 endfacet
 facet normal -2.241780e-02  2.605056e-02  9.994092e-01
   outer loop
     vertex -4.665495e-02 -5.032457e-01  4.978186e-01
     vertex -1.083514e-02 -5.516059e-01  4.998826e-01
     vertex  2.429720e-02 -5.032154e-01  4.994093e-01
   endloop
 endfacet
 facet normal -1.641470e-01  2.640902e-02  9.860823e-01
   outer loop
     vertex -1.171248e-01 -5.032595e-01  4.860883e-01
     vertex -8.152870e-02 -5.515978e-01  4.933083e-01
     vertex -4.665495e-02 -5.032457e-01  4.978186e-01
   endloop
 endfacet
 facet normal  9.610420e-01  3.318483e-02  2.744031e-01
   outer loop
     vertex  4.788192e-01 -5.566307e-01  1.439868e-01
     vertex  4.893928e-01 -5.193280e-01  1.024437e-01
     vertex  4.679454e-01 -5.076384e-01  1.761450e-01
   endloop
 endfacet
 facet normal  2.574564e-01  2.563542e-02  9.659498e-01
   outer loop
     vertex  9.442597e-02 -5.031376e-01  4.910028e-01
     vertex  1.292840e-01 -5.515386e-01  4.829965e-01
     vertex  1.625285e-01 -5.029837e-01  4.728472e-01
   endloop
 endfacet
 facet normal  3.906090e-01  2.550523e-02  9.202033e-01
   outer loop
     vertex  1.625285e-01 -5.029837e-01  4.728472e-01
     vertex  1.960841e-01 -5.514476e-01  4.599468e-01
     vertex  2.273104e-01 -5.027683e-01  4.453425e-01
   endloop
 endfacet
 facet normal  8.297672e-01  3.048990e-02  5.572761e-01
   outer loop
     vertex  3.923467e-01 -5.021602e-01  3.099420e-01
     vertex  4.145422e-01 -5.509265e-01  2.795618e-01
     vertex  4.353475e-01 -5.020966e-01  2.459117e-01
   endloop
 endfacet
 facet normal  7.370513e-01  2.729984e-02  6.752852e-01
   outer loop
     vertex  3.430348e-01 -5.022498e-01  3.637680e-01
     vertex  3.692979e-01 -5.510194e-01  3.370743e-01
     vertex  3.923467e-01 -5.021602e-01  3.099420e-01
   endloop
 endfacet
 facet normal  1.189527e-01  2.578130e-02  9.925652e-01
   outer loop
     vertex  2.429720e-02 -5.032154e-01  4.994093e-01
     vertex  5.990807e-02 -5.515895e-01  4.963980e-01
     vertex  9.442597e-02 -5.031376e-01  4.910028e-01
   endloop
 endfacet
 facet normal -7.911510e-01  2.973965e-02 -6.108974e-01
   outer loop
     vertex -3.715113e-01 -5.034956e-01 -3.346332e-01
     vertex -3.960400e-01 -5.515980e-01 -3.052087e-01
     vertex -4.177387e-01 -5.034270e-01 -2.747624e-01
   endloop
 endfacet
 facet normal  7.604183e-01 -2.541602e-02 -6.489360e-01
   outer loop
     vertex  3.566328e-01  4.035773e-01 -3.504469e-01
     vertex  3.819868e-01  4.517434e-01 -3.226237e-01
     vertex  4.022181e-01  4.032996e-01 -2.970196e-01
   endloop
 endfacet
 facet normal  6.618442e-01 -2.572080e-02 -7.492001e-01
   outer loop
     vertex  3.037767e-01  4.035586e-01 -3.971394e-01
     vertex  3.325308e-01  4.518017e-01 -3.733942e-01
     vertex  3.566328e-01  4.035773e-01 -3.504469e-01
   endloop
 endfacet
 facet normal  5.493292e-01 -2.617858e-02 -8.351959e-01
   outer loop
     vertex  2.443137e-01  4.034490e-01 -4.362463e-01
     vertex  2.755698e-01  4.518841e-01 -4.172065e-01
     vertex  3.037767e-01  4.035586e-01 -3.971394e-01
   endloop
 endfacet
 facet normal  4.248308e-01 -2.653379e-02 -9.048838e-01
   outer loop
     vertex  1.795317e-01  4.033135e-01 -4.666566e-01
     vertex  2.127158e-01  4.516784e-01 -4.524953e-01
     vertex  2.443137e-01  4.034490e-01 -4.362463e-01
   endloop
 endfacet
 facet normal  2.909098e-01 -2.678880e-02 -9.563754e-01
   outer loop
     vertex  1.107149e-01  4.032748e-01 -4.875881e-01
     vertex  1.459400e-01  4.516157e-01 -4.782275e-01
     vertex  1.795317e-01  4.033135e-01 -4.666566e-01
   endloop
 endfacet
 facet normal  1.499705e-01 -2.729542e-02 -9.883136e-01
   outer loop
     vertex  3.892846e-02  4.033098e-01 -4.984823e-01
     vertex  7.595866e-02  4.515909e-01 -4.941966e-01
     vertex  1.107149e-01  4.032748e-01 -4.875881e-01
   endloop
 endfacet
 facet normal  3.892506e-03 -2.828427e-02 -9.995923e-01
   outer loop
     vertex -3.496250e-02  4.035259e-01 -4.987761e-01
     vertex  3.630592e-03  4.516241e-01 -4.999868e-01
     vertex  3.892846e-02  4.033098e-01 -4.984823e-01
   endloop
 endfacet
 facet normal -1.442960e-01 -2.885757e-02 -9.891137e-01
   outer loop
     vertex -1.090086e-01  4.034741e-01 -4.879725e-01
     vertex -7.200426e-02  4.520570e-01 -4.947882e-01
     vertex -3.496250e-02  4.035259e-01 -4.987761e-01
   endloop
 endfacet
 facet normal -2.900003e-01 -2.885959e-02 -9.565913e-01
   outer loop
     vertex -1.804103e-01  4.031860e-01 -4.663176e-01
     vertex -1.461543e-01  4.515581e-01 -4.781620e-01
     vertex -1.090086e-01  4.034741e-01 -4.879725e-01
   endloop
 endfacet
 facet normal -4.288969e-01 -2.856617e-02 -9.029017e-01
   outer loop
     vertex -2.474841e-01  4.031657e-01 -4.344555e-01
     vertex -2.144217e-01  4.514795e-01 -4.516894e-01
     vertex -1.804103e-01  4.031860e-01 -4.663176e-01
   endloop
 endfacet
 facet normal -5.586894e-01 -2.923384e-02 -8.288616e-01
   outer loop
     vertex -3.097797e-01  4.034303e-01 -3.924749e-01
     vertex -2.782107e-01  4.515262e-01 -4.154501e-01
     vertex -2.474841e-01  4.031657e-01 -4.344555e-01
   endloop
 endfacet
 facet normal -6.771259e-01 -2.975026e-02 -7.352656e-01
   outer loop
     vertex -3.656715e-01  4.034872e-01 -3.410049e-01
     vertex -3.384434e-01  4.520156e-01 -3.680436e-01
     vertex -3.097797e-01  4.034303e-01 -3.924749e-01
   endloop
 endfacet
 facet normal -7.806687e-01 -2.998399e-02 -6.242253e-01
   outer loop
     vertex -4.131089e-01  4.034175e-01 -2.816754e-01
     vertex -3.909686e-01  4.515939e-01 -3.116786e-01
     vertex -3.656715e-01  4.034872e-01 -3.410049e-01
   endloop
 endfacet
 facet normal -8.658960e-01 -2.921703e-02 -4.993700e-01
   outer loop
     vertex -4.507094e-01  4.033677e-01 -2.164741e-01
     vertex -4.336627e-01  4.518755e-01 -2.488707e-01
     vertex -4.131089e-01  4.034175e-01 -2.816754e-01
   endloop
 endfacet
 facet normal -9.306861e-01 -2.855956e-02 -3.647022e-01
   outer loop
     vertex -4.778079e-01  4.031972e-01 -1.473079e-01
     vertex -4.661237e-01  4.515422e-01 -1.809108e-01
     vertex -4.507094e-01  4.033677e-01 -2.164741e-01
   endloop
 endfacet
 facet normal -9.742559e-01 -2.775895e-02 -2.237294e-01
   outer loop
     vertex -4.942065e-01  4.031650e-01 -7.589426e-02
     vertex -4.875028e-01  4.515544e-01 -1.110902e-01
     vertex -4.778079e-01  4.031972e-01 -1.473079e-01
   endloop
 endfacet
 facet normal -9.964696e-01 -2.747811e-02 -7.932988e-02
   outer loop
     vertex -4.999894e-01  4.031703e-01 -3.256629e-03
     vertex -4.984404e-01  4.515201e-01 -3.946071e-02
     vertex -4.942065e-01  4.031650e-01 -7.589426e-02
   endloop
 endfacet
 facet normal -9.974011e-01 -2.761419e-02  6.654764e-02
   outer loop
     vertex -4.951301e-01  4.032699e-01  6.961441e-02
     vertex -4.989242e-01  4.515456e-01  3.278138e-02
     vertex -4.999894e-01  4.031703e-01 -3.256629e-03
   endloop
 endfacet
 facet normal -9.769799e-01 -2.785728e-02  2.115047e-01
   outer loop
     vertex -4.795920e-01  4.032962e-01  1.413914e-01
     vertex -4.887644e-01  4.517256e-01  1.054011e-01
     vertex -4.951301e-01  4.032699e-01  6.961441e-02
   endloop
 endfacet
 facet normal -9.352975e-01 -2.828856e-02  3.527299e-01
   outer loop
     vertex -4.535261e-01  4.033147e-01  2.105091e-01
     vertex -4.679701e-01  4.515704e-01  1.760794e-01
     vertex -4.795920e-01  4.032962e-01  1.413914e-01
   endloop
 endfacet
 facet normal -8.729749e-01 -2.841208e-02  4.869369e-01
   outer loop
     vertex -4.173937e-01  4.033038e-01  2.752863e-01
     vertex -4.367606e-01  4.517643e-01  2.433931e-01
     vertex -4.535261e-01  4.033147e-01  2.105091e-01
   endloop
 endfacet
 facet normal -7.911687e-01 -2.873033e-02  6.109228e-01
   outer loop
     vertex -3.719050e-01  4.032974e-01  3.341956e-01
     vertex -3.958495e-01  4.515495e-01  3.054557e-01
     vertex -4.173937e-01  4.033038e-01  2.752863e-01
   endloop
 endfacet
 facet normal -6.913188e-01 -2.905045e-02  7.219656e-01
   outer loop
     vertex -3.178135e-01  4.034771e-01  3.859982e-01
     vertex -3.463021e-01  4.516913e-01  3.606589e-01
     vertex -3.719050e-01  4.032974e-01  3.341956e-01
   endloop
 endfacet
 facet normal -5.756904e-01 -2.903649e-02  8.171520e-01
   outer loop
     vertex -2.564845e-01  4.034382e-01  4.292035e-01
     vertex -2.874068e-01  4.519452e-01  4.091422e-01
     vertex -3.178135e-01  4.034771e-01  3.859982e-01
   endloop
 endfacet
 facet normal -4.478712e-01 -2.836590e-02  8.936480e-01
   outer loop
     vertex -1.902585e-01  4.032113e-01  4.623870e-01
     vertex -2.223804e-01  4.516120e-01  4.478247e-01
     vertex -2.564845e-01  4.034382e-01  4.292035e-01
   endloop
 endfacet
 facet normal -3.120787e-01 -2.741130e-02  9.496607e-01
   outer loop
     vertex -1.210733e-01  4.031125e-01  4.851198e-01
     vertex -1.549052e-01  4.515192e-01  4.753992e-01
     vertex -1.902585e-01  4.032113e-01  4.623870e-01
   endloop
 endfacet
 facet normal -1.715658e-01 -2.681887e-02  9.848076e-01
   outer loop
     vertex -5.009501e-02  4.030765e-01  4.974842e-01
     vertex -8.514883e-02  4.515105e-01  4.926963e-01
     vertex -1.210733e-01  4.031125e-01  4.851198e-01
   endloop
 endfacet
 facet normal -2.869553e-02 -2.647155e-02  9.992376e-01
   outer loop
     vertex  2.146670e-02  4.030667e-01  4.995390e-01
     vertex -1.402095e-02  4.515164e-01  4.998034e-01
     vertex -5.009501e-02  4.030765e-01  4.974842e-01
   endloop
 endfacet
 facet normal  1.140785e-01 -2.629149e-02  9.931238e-01
   outer loop
     vertex  9.234942e-02  4.030969e-01  4.913976e-01
     vertex  5.720137e-02  4.515318e-01  4.967172e-01
     vertex  2.146670e-02  4.030667e-01  4.995390e-01
   endloop
 endfacet
 facet normal  2.542478e-01 -2.627026e-02  9.667823e-01
   outer loop
     vertex  1.613027e-01  4.031987e-01  4.732668e-01
     vertex  1.271845e-01  4.515676e-01  4.835536e-01
     vertex  9.234942e-02  4.030969e-01  4.913976e-01
   endloop
 endfacet
 facet normal  3.893391e-01 -2.642446e-02  9.207154e-01
   outer loop
     vertex  2.271111e-01  4.033927e-01  4.454442e-01
     vertex  1.946125e-01  4.516365e-01  4.605713e-01
     vertex  1.613027e-01  4.031987e-01  4.732668e-01
   endloop
 endfacet
 facet normal  5.169432e-01 -2.676528e-02  8.556012e-01
   outer loop
     vertex  2.885749e-01  4.037306e-01  4.083191e-01
     vertex  2.582162e-01  4.517608e-01  4.281640e-01
     vertex  2.271111e-01  4.033927e-01  4.454442e-01
   endloop
 endfacet
 facet normal  6.345401e-01 -2.714585e-02  7.724131e-01
   outer loop
     vertex  3.443445e-01  4.044196e-01  3.625285e-01
     vertex  3.168535e-01  4.520571e-01  3.867866e-01
     vertex  2.885749e-01  4.037306e-01  4.083191e-01
   endloop
 endfacet
 facet normal  7.392147e-01 -2.728583e-02  6.729169e-01
   outer loop
     vertex  3.927479e-01  4.063264e-01  3.094336e-01
     vertex  3.690087e-01  4.526728e-01  3.373908e-01
     vertex  3.443445e-01  4.044196e-01  3.625285e-01
   endloop
 endfacet
 facet normal  9.085303e-01  2.806767e-02 -4.168751e-01
   outer loop
     vertex  4.685882e-01 -5.015185e-01 -1.744280e-01
     vertex  4.536942e-01 -5.499212e-01 -2.101465e-01
     vertex  4.372458e-01 -4.983301e-01 -2.425203e-01
   endloop
 endfacet
 facet normal -8.739147e-01  2.894441e-02 -4.852167e-01
   outer loop
     vertex -4.177387e-01 -5.034270e-01 -2.747624e-01
     vertex -4.375428e-01 -5.518821e-01 -2.419841e-01
     vertex -4.540957e-01 -5.033778e-01 -2.092776e-01
   endloop
 endfacet
 facet normal  6.448025e-01  2.568104e-02 -7.639177e-01
   outer loop
     vertex  3.488718e-01 -5.020544e-01 -3.581738e-01
     vertex  3.241316e-01 -5.511901e-01 -3.807082e-01
     vertex  2.947238e-01 -5.027870e-01 -4.039033e-01
   endloop
 endfacet
 facet normal  2.700363e-01  2.645155e-02 -9.624867e-01
   outer loop
     vertex  1.691753e-01 -5.030690e-01 -4.705101e-01
     vertex  1.357140e-01 -5.515133e-01 -4.812294e-01
     vertex  1.002767e-01 -5.031074e-01 -4.898414e-01
   endloop
 endfacet
 facet normal -1.639969e-01  2.860473e-02 -9.860460e-01
   outer loop
     vertex -4.504671e-02 -5.034465e-01 -4.979667e-01
     vertex -8.164341e-02 -5.520284e-01 -4.932893e-01
     vertex -1.185660e-01 -5.034334e-01 -4.857387e-01
   endloop
 endfacet
 facet normal  9.894464e-01  9.960993e-03  1.445566e-01
   outer loop
     vertex  4.972231e-01  8.249543e-02  5.262338e-02
     vertex  4.981171e-01  1.282446e-01  4.335161e-02
     vertex  4.905351e-01  1.053414e-01  9.682611e-02
   endloop
 endfacet
 facet normal  9.006474e-01 -2.967693e-02  4.335360e-01
   outer loop
     vertex  4.650417e-01  4.114840e-01  1.836743e-01
     vertex  4.507705e-01  4.556745e-01  2.163469e-01
     vertex  4.332700e-01  4.096668e-01  2.495539e-01
   endloop
 endfacet
 facet normal  9.908536e-01 -1.246666e-02  1.343643e-01
   outer loop
     vertex  4.982293e-01  3.774489e-01  4.204299e-02
     vertex  4.969693e-01  4.166155e-01  5.496842e-02
     vertex  4.916155e-01  3.814038e-01  9.118214e-02
   endloop
 endfacet
 facet normal  9.924478e-01 -6.283570e-03  1.225066e-01
   outer loop
     vertex  4.986218e-01  3.430499e-01  3.709846e-02
     vertex  4.982293e-01  3.774489e-01  4.204299e-02
     vertex  4.925727e-01  3.383297e-01  8.586093e-02
   endloop
 endfacet
 facet normal  9.911077e-01  5.601562e-03  1.329443e-01
   outer loop
     vertex  4.982293e-01  3.774489e-01  4.204299e-02
     vertex  4.916155e-01  3.814038e-01  9.118214e-02
     vertex  4.925727e-01  3.383297e-01  8.586093e-02
   endloop
 endfacet
 facet normal  9.921902e-01  1.153405e-02  1.241994e-01
   outer loop
     vertex  4.979364e-01  3.128344e-01  4.537996e-02
     vertex  4.986218e-01  3.430499e-01  3.709846e-02
     vertex  4.925727e-01  3.383297e-01  8.586093e-02
   endloop
 endfacet
 facet normal  2.306399e-01  2.392809e-02 -9.727449e-01
   outer loop
     vertex  1.204590e-01 -7.143883e-02 -4.852727e-01
     vertex  8.234901e-02 -2.522961e-02 -4.931720e-01
     vertex  1.481587e-01 -2.426855e-02 -4.775447e-01
   endloop
 endfacet
 facet normal  9.921817e-01 -1.099884e-02  1.243160e-01
   outer loop
     vertex  4.985660e-01  2.844218e-01  3.784158e-02
     vertex  4.979364e-01  3.128344e-01  4.537996e-02
     vertex  4.925137e-01  2.850273e-01  8.619879e-02
   endloop
 endfacet
 facet normal  9.913143e-01 -2.639002e-04  1.315138e-01
   outer loop
     vertex  4.979364e-01  3.128344e-01  4.537996e-02
     vertex  4.925727e-01  3.383297e-01  8.586093e-02
     vertex  4.925137e-01  2.850273e-01  8.619879e-02
   endloop
 endfacet
 facet normal  9.922180e-01  1.074544e-02  1.240483e-01
   outer loop
     vertex  4.978992e-01  2.542732e-01  4.578629e-02
     vertex  4.985660e-01  2.844218e-01  3.784158e-02
     vertex  4.925137e-01  2.850273e-01  8.619879e-02
   endloop
 endfacet
 facet normal  4.227579e-03  2.390078e-02  9.997054e-01
   outer loop
     vertex -3.235498e-02 -2.830250e-02  4.989521e-01
     vertex -5.743359e-03 -7.546244e-02  4.999670e-01
     vertex  3.541908e-02 -3.158420e-02  4.987439e-01
   endloop
 endfacet
 facet normal  9.909498e-01 -9.541058e-03  1.338931e-01
   outer loop
     vertex  4.984706e-01  2.194707e-01  3.907699e-02
     vertex  4.978992e-01  2.542732e-01  4.578629e-02
     vertex  4.914544e-01  2.340936e-01  9.204646e-02
   endloop
 endfacet
 facet normal  9.907184e-01 -5.009171e-03  1.358378e-01
   outer loop
     vertex  4.978992e-01  2.542732e-01  4.578629e-02
     vertex  4.925137e-01  2.850273e-01  8.619879e-02
     vertex  4.914544e-01  2.340936e-01  9.204646e-02
   endloop
 endfacet
 facet normal -8.480156e-01 -2.951815e-02 -5.291486e-01
   outer loop
     vertex -4.427813e-01 -7.339258e-02 -2.322600e-01
     vertex -4.263234e-01 -2.663461e-02 -2.612439e-01
     vertex -4.032216e-01 -7.344197e-02 -2.956557e-01
   endloop
 endfacet
 facet normal  3.047324e-02 -2.761242e-02 -9.991541e-01
   outer loop
     vertex  1.178462e-02 -2.588600e-02 -4.998611e-01
     vertex  5.116212e-02 -7.236839e-02 -4.973756e-01
     vertex -2.095732e-02 -7.289402e-02 -4.995606e-01
   endloop
 endfacet
 facet normal  9.937309e-01 -3.316553e-04  1.117982e-01
   outer loop
     vertex  4.985048e-01  1.741023e-01  3.863877e-02
     vertex  4.984706e-01  2.194707e-01  3.907699e-02
     vertex  4.946569e-01  1.941743e-01  7.290118e-02
   endloop
 endfacet
 facet normal  9.918330e-01  1.908696e-02  1.261070e-01
   outer loop
     vertex  4.984706e-01  2.194707e-01  3.907699e-02
     vertex  4.914544e-01  2.340936e-01  9.204646e-02
     vertex  4.946569e-01  1.941743e-01  7.290118e-02
   endloop
 endfacet
 facet normal -6.535630e-01 -2.980213e-02 -7.562851e-01
   outer loop
     vertex -3.298105e-01 -2.673087e-02 -3.757992e-01
     vertex -2.975981e-01 -7.358037e-02 -4.017902e-01
     vertex -3.543800e-01 -7.347489e-02 -3.527248e-01
   endloop
 endfacet
 facet normal  9.831160e-01  8.153903e-03  1.828017e-01
   outer loop
     vertex  4.879568e-01  1.909410e-01  1.090788e-01
     vertex  4.915393e-01  1.510288e-01  9.159209e-02
     vertex  4.946569e-01  1.941743e-01  7.290118e-02
   endloop
 endfacet
 facet normal  9.911470e-01  5.254211e-03  1.326654e-01
   outer loop
     vertex  4.981171e-01  1.282446e-01  4.335161e-02
     vertex  4.985048e-01  1.741023e-01  3.863877e-02
     vertex  4.915393e-01  1.510288e-01  9.159209e-02
   endloop
 endfacet
 facet normal  9.923065e-01 -1.868169e-02  1.223882e-01
   outer loop
     vertex  4.985048e-01  1.741023e-01  3.863877e-02
     vertex  4.946569e-01  1.941743e-01  7.290118e-02
     vertex  4.915393e-01  1.510288e-01  9.159209e-02
   endloop
 endfacet
 facet normal -9.467404e-01  2.902304e-02 -3.206872e-01
   outer loop
     vertex -4.723203e-01 -7.339403e-02 -1.640535e-01
     vertex -4.841517e-01 -2.658811e-02 -1.248884e-01
     vertex -4.603929e-01 -2.663837e-02 -1.950343e-01
   endloop
 endfacet
 facet normal  9.904321e-01 -5.974453e-03  1.378712e-01
   outer loop
     vertex  4.981171e-01  1.282446e-01  4.335161e-02
     vertex  4.915393e-01  1.510288e-01  9.159209e-02
     vertex  4.905351e-01  1.053414e-01  9.682611e-02
   endloop
 endfacet
 facet normal -9.654431e-01  2.875260e-02  2.590229e-01
   outer loop
     vertex -4.839938e-01 -7.340093e-02  1.254991e-01
     vertex -4.720648e-01 -2.678851e-02  1.647872e-01
     vertex -4.911703e-01 -2.655833e-02  9.355061e-02
   endloop
 endfacet
 facet normal  9.882026e-01 -6.746636e-03  1.530037e-01
   outer loop
     vertex  4.972231e-01  8.249543e-02  5.262338e-02
     vertex  4.905351e-01  1.053414e-01  9.682611e-02
     vertex  4.893467e-01  6.365401e-02  1.026636e-01
   endloop
 endfacet
 facet normal  9.938884e-01 -1.120001e-02  1.098202e-01
   outer loop
     vertex  4.987735e-01  4.727539e-02  3.499968e-02
     vertex  4.972231e-01  8.249543e-02  5.262338e-02
     vertex  4.938460e-01  3.365710e-02  7.820598e-02
   endloop
 endfacet
 facet normal  9.867422e-01  1.634950e-02  1.614701e-01
   outer loop
     vertex  4.972231e-01  8.249543e-02  5.262338e-02
     vertex  4.893467e-01  6.365401e-02  1.026636e-01
     vertex  4.938460e-01  3.365710e-02  7.820598e-02
   endloop
 endfacet
 facet normal  9.932292e-01  8.257303e-03  1.158778e-01
   outer loop
     vertex  4.981311e-01  9.605768e-03  4.319035e-02
     vertex  4.987735e-01  4.727539e-02  3.499968e-02
     vertex  4.938460e-01  3.365710e-02  7.820598e-02
   endloop
 endfacet
 facet normal -9.167330e-01  2.892873e-02  3.984517e-01
   outer loop
     vertex -4.720648e-01 -2.678851e-02  1.647872e-01
     vertex -4.602536e-01 -7.363396e-02  1.953629e-01
     vertex -4.425713e-01 -2.700777e-02  2.326599e-01
   endloop
 endfacet
 facet normal  9.908651e-01 -1.713858e-03  1.348461e-01
   outer loop
     vertex  4.982428e-01 -2.875217e-02  4.188193e-02
     vertex  4.981311e-01  9.605768e-03  4.319035e-02
     vertex  4.914273e-01 -1.081043e-02  9.219107e-02
   endloop
 endfacet
 facet normal  9.913989e-01 -1.296540e-02  1.302312e-01
   outer loop
     vertex  4.981311e-01  9.605768e-03  4.319035e-02
     vertex  4.938460e-01  3.365710e-02  7.820598e-02
     vertex  4.914273e-01 -1.081043e-02  9.219107e-02
   endloop
 endfacet
 facet normal -9.836461e-01  2.861871e-02 -1.778240e-01
   outer loop
     vertex -4.841517e-01 -2.658811e-02 -1.248884e-01
     vertex -4.912950e-01 -7.330639e-02 -9.289350e-02
     vertex -4.972350e-01 -2.654685e-02 -5.251088e-02
   endloop
 endfacet
 facet normal -4.750225e-01  2.969808e-02 -8.794724e-01
   outer loop
     vertex -2.342309e-01 -7.359897e-02 -4.417419e-01
     vertex -2.699030e-01 -2.681347e-02 -4.208947e-01
     vertex -2.039754e-01 -2.676232e-02 -4.565019e-01
   endloop
 endfacet
 facet normal  9.912044e-01 -1.623566e-03  1.323299e-01
   outer loop
     vertex  4.983518e-01 -6.960149e-02  4.056419e-02
     vertex  4.982428e-01 -2.875217e-02  4.188193e-02
     vertex  4.916158e-01 -5.649856e-02  9.118086e-02
   endloop
 endfacet
 facet normal  9.910008e-01  1.127777e-03  1.338511e-01
   outer loop
     vertex  4.982428e-01 -2.875217e-02  4.188193e-02
     vertex  4.914273e-01 -1.081043e-02  9.219107e-02
     vertex  4.916158e-01 -5.649856e-02  9.118086e-02
   endloop
 endfacet
 facet normal -1.955953e-01  2.887675e-02 -9.802595e-01
   outer loop
     vertex -9.396762e-02 -7.324525e-02 -4.910907e-01
     vertex -1.337651e-01 -2.656860e-02 -4.817747e-01
     vertex -6.128344e-02 -2.632481e-02 -4.962301e-01
   endloop
 endfacet
 facet normal -5.365774e-01  2.878921e-02  8.433599e-01
   outer loop
     vertex -2.988034e-01 -2.713327e-02  4.008947e-01
     vertex -2.718277e-01 -7.390587e-02  4.196542e-01
     vertex -2.365088e-01 -2.706461e-02  4.405265e-01
   endloop
 endfacet
 facet normal  9.927667e-01 -4.582430e-03  1.199721e-01
   outer loop
     vertex  4.986389e-01 -1.041799e-01  3.686790e-02
     vertex  4.983518e-01 -6.960149e-02  4.056419e-02
     vertex  4.930775e-01 -1.035361e-01  8.291329e-02
   endloop
 endfacet
 facet normal  9.914973e-01  7.982354e-03  1.298823e-01
   outer loop
     vertex  4.983518e-01 -6.960149e-02  4.056419e-02
     vertex  4.916158e-01 -5.649856e-02  9.118086e-02
     vertex  4.930775e-01 -1.035361e-01  8.291329e-02
   endloop
 endfacet
 facet normal  9.927425e-01  1.105437e-02  1.197506e-01
   outer loop
     vertex  4.978959e-01 -1.344538e-01  4.582188e-02
     vertex  4.986389e-01 -1.041799e-01  3.686790e-02
     vertex  4.930775e-01 -1.035361e-01  8.291329e-02
   endloop
 endfacet
 facet normal -6.041608e-01 -2.905052e-02  7.963327e-01
   outer loop
     vertex -2.988034e-01 -2.713327e-02  4.008947e-01
     vertex -3.309349e-01 -7.394640e-02  3.748094e-01
     vertex -2.718277e-01 -7.390587e-02  4.196542e-01
   endloop
 endfacet
 facet normal  9.913153e-01 -7.108080e-03  1.313145e-01
   outer loop
     vertex  4.983696e-01 -2.017046e-01  4.034530e-02
     vertex  4.979102e-01 -1.674698e-01  4.566646e-02
     vertex  4.919491e-01 -1.915419e-01  8.936502e-02
   endloop
 endfacet
 facet normal  9.908291e-01 -7.724686e-05  1.351212e-01
   outer loop
     vertex  4.979102e-01 -1.674698e-01  4.566646e-02
     vertex  4.919620e-01 -1.502418e-01  8.929380e-02
     vertex  4.919491e-01 -1.915419e-01  8.936502e-02
   endloop
 endfacet
 facet normal  9.904215e-01  1.450009e-03 -1.380696e-01
   outer loop
     vertex  4.981294e-01 -3.960757e-01 -4.321027e-02
     vertex  4.910876e-01 -4.208769e-01 -9.398395e-02
     vertex  4.908494e-01 -3.758879e-01 -9.522016e-02
   endloop
 endfacet
 facet normal -3.386095e-01  2.949378e-02 -9.404646e-01
   outer loop
     vertex -1.657603e-01 -7.340915e-02 -4.717240e-01
     vertex -2.039754e-01 -2.676232e-02 -4.565019e-01
     vertex -1.337651e-01 -2.656860e-02 -4.817747e-01
   endloop
 endfacet
 facet normal  9.409361e-02  2.649437e-02 -9.952108e-01
   outer loop
     vertex  8.234901e-02 -2.522961e-02 -4.931720e-01
     vertex  5.116212e-02 -7.236839e-02 -4.973756e-01
     vertex  1.178462e-02 -2.588600e-02 -4.998611e-01
   endloop
 endfacet
 facet normal  9.929503e-01 -4.909538e-03  1.184297e-01
   outer loop
     vertex  4.986688e-01 -2.348804e-01  3.646151e-02
     vertex  4.983696e-01 -2.017046e-01  4.034530e-02
     vertex  4.932293e-01 -2.363874e-01  8.200497e-02
   endloop
 endfacet
 facet normal  9.916973e-01  7.239989e-03  1.283899e-01
   outer loop
     vertex  4.983696e-01 -2.017046e-01  4.034530e-02
     vertex  4.919491e-01 -1.915419e-01  8.936502e-02
     vertex  4.932293e-01 -2.363874e-01  8.200497e-02
   endloop
 endfacet
 facet normal  9.928559e-01  9.898127e-03  1.189084e-01
   outer loop
     vertex  4.979912e-01 -2.667821e-01  4.477514e-02
     vertex  4.986688e-01 -2.348804e-01  3.646151e-02
     vertex  4.932293e-01 -2.363874e-01  8.200497e-02
   endloop
 endfacet
 facet normal -9.172477e-01 -2.922768e-02 -3.972435e-01
   outer loop
     vertex -4.603929e-01 -2.663837e-02 -1.950343e-01
     vertex -4.427813e-01 -7.339258e-02 -2.322600e-01
     vertex -4.723203e-01 -7.339403e-02 -1.640535e-01
   endloop
 endfacet
 facet normal  9.912483e-01 -3.342760e-03  1.319686e-01
   outer loop
     vertex  4.982325e-01 -3.045950e-01  4.200458e-02
     vertex  4.979912e-01 -2.667821e-01  4.477514e-02
     vertex  4.920882e-01 -2.872279e-01  8.859567e-02
   endloop
 endfacet
 facet normal  9.913566e-01 -5.257536e-03  1.310898e-01
   outer loop
     vertex  4.979912e-01 -2.667821e-01  4.477514e-02
     vertex  4.932293e-01 -2.363874e-01  8.200497e-02
     vertex  4.920882e-01 -2.872279e-01  8.859567e-02
   endloop
 endfacet
 facet normal -1.337257e-01  2.553340e-02  9.906894e-01
   outer loop
     vertex -7.199430e-02 -7.440557e-02  4.947897e-01
     vertex -3.235498e-02 -2.830250e-02  4.989521e-01
     vertex -1.014477e-01 -2.731144e-02  4.896002e-01
   endloop
 endfacet
 facet normal -1.150536e-01 -2.861730e-02 -9.929470e-01
   outer loop
     vertex -6.128344e-02 -2.632481e-02 -4.962301e-01
     vertex -2.095732e-02 -7.289402e-02 -4.995606e-01
     vertex -9.396762e-02 -7.324525e-02 -4.910907e-01
   endloop
 endfacet
 facet normal  9.908755e-01  3.111520e-04  1.347801e-01
   outer loop
     vertex  4.982090e-01 -3.500863e-01  4.228232e-02
     vertex  4.982325e-01 -3.045950e-01  4.200458e-02
     vertex  4.913848e-01 -3.348993e-01  9.241761e-02
   endloop
 endfacet
 facet normal  9.912124e-01 -4.026191e-03  1.322186e-01
   outer loop
     vertex  4.982325e-01 -3.045950e-01  4.200458e-02
     vertex  4.920882e-01 -2.872279e-01  8.859567e-02
     vertex  4.913848e-01 -3.348993e-01  9.241761e-02
   endloop
 endfacet
 facet normal -4.076566e-01  2.783639e-02  9.127109e-01
   outer loop
     vertex -2.076280e-01 -7.383351e-02  4.548523e-01
     vertex -1.702187e-01 -2.703343e-02  4.701336e-01
     vertex -2.365088e-01 -2.706461e-02  4.405265e-01
   endloop
 endfacet
 facet normal -7.139164e-01  2.990625e-02 -6.995920e-01
   outer loop
     vertex -3.543800e-01 -7.347489e-02 -3.527248e-01
     vertex -3.824229e-01 -2.666442e-02 -3.221067e-01
     vertex -3.298105e-01 -2.673087e-02 -3.757992e-01
   endloop
 endfacet
 facet normal -7.154745e-01 -2.919006e-02  6.980288e-01
   outer loop
     vertex -3.549287e-01 -2.715344e-02  3.521727e-01
     vertex -3.828602e-01 -7.393566e-02  3.215868e-01
     vertex -3.309349e-01 -7.394640e-02  3.748094e-01
   endloop
 endfacet
 facet normal -6.011144e-01  2.974061e-02 -7.986094e-01
   outer loop
     vertex -3.298105e-01 -2.673087e-02 -3.757992e-01
     vertex -2.699030e-01 -2.681347e-02 -4.208947e-01
     vertex -2.975981e-01 -7.358037e-02 -4.017902e-01
   endloop
 endfacet
 facet normal  9.917768e-01 -2.320182e-03  1.279584e-01
   outer loop
     vertex  4.923878e-01 -5.638162e-01  8.691545e-02
     vertex  4.984636e-01 -6.000000e-01  3.916697e-02
     vertex  4.982539e-01 -5.471851e-01  4.174988e-02
   endloop
 endfacet
 facet normal  9.924746e-01 -4.805372e-03  1.223565e-01
   outer loop
     vertex  4.986063e-01 -4.333463e-01  3.730602e-02
     vertex  4.982900e-01 -3.965522e-01  4.131692e-02
     vertex  4.927200e-01 -4.343719e-01  8.501205e-02
   endloop
 endfacet
 facet normal  9.912148e-01  6.632039e-03  1.320953e-01
   outer loop
     vertex  4.982900e-01 -3.965522e-01  4.131692e-02
     vertex  4.914290e-01 -3.842376e-01  9.218229e-02
     vertex  4.927200e-01 -4.343719e-01  8.501205e-02
   endloop
 endfacet
 facet normal  9.924175e-01  8.309155e-03  1.226313e-01
   outer loop
     vertex  4.980794e-01 -4.659977e-01  4.378263e-02
     vertex  4.986063e-01 -4.333463e-01  3.730602e-02
     vertex  4.927200e-01 -4.343719e-01  8.501205e-02
   endloop
 endfacet
 facet normal -9.658507e-01 -2.867336e-02 -2.575077e-01
   outer loop
     vertex -4.723203e-01 -7.339403e-02 -1.640535e-01
     vertex -4.912950e-01 -7.330639e-02 -9.289350e-02
     vertex -4.841517e-01 -2.658811e-02 -1.248884e-01
   endloop
 endfacet
 facet normal  9.918090e-01 -1.884114e-03  1.277162e-01
   outer loop
     vertex  4.982255e-01 -5.039958e-01  4.208747e-02
     vertex  4.980794e-01 -4.659977e-01  4.378263e-02
     vertex  4.928168e-01 -4.796630e-01  8.444858e-02
   endloop
 endfacet
 facet normal  9.917078e-01  5.226502e-04  1.285119e-01
   outer loop
     vertex  4.980794e-01 -4.659977e-01  4.378263e-02
     vertex  4.927200e-01 -4.343719e-01  8.501205e-02
     vertex  4.928168e-01 -4.796630e-01  8.444858e-02
   endloop
 endfacet
 facet normal  9.900109e-01 -2.230325e-02  1.392156e-01
   outer loop
     vertex  4.893928e-01 -5.193280e-01  1.024437e-01
     vertex  4.982255e-01 -5.039958e-01  4.208747e-02
     vertex  4.928168e-01 -4.796630e-01  8.444858e-02
   endloop
 endfacet
 facet normal  6.321645e-01  2.602273e-02  7.743971e-01
   outer loop
     vertex  3.171581e-01 -5.512006e-01  3.865369e-01
     vertex  3.430348e-01 -5.022498e-01  3.637680e-01
     vertex  2.878016e-01 -5.024885e-01  4.088646e-01
   endloop
 endfacet
 facet normal -6.825130e-01  2.890941e-02  7.303015e-01
   outer loop
     vertex -3.417797e-01 -5.518346e-01  3.649474e-01
     vertex -3.131567e-01 -5.035401e-01  3.897857e-01
     vertex -3.677687e-01 -5.034075e-01  3.387421e-01
   endloop
 endfacet
 facet normal  9.822629e-01  2.985723e-02 -1.851168e-01
   outer loop
     vertex  4.819428e-01  4.485319e-01 -1.331582e-01
     vertex  4.974381e-01  4.509312e-01 -5.055078e-02
     vertex  4.897801e-01  3.927104e-01 -1.005754e-01
   endloop
 endfacet
 facet normal  9.910611e-01 -5.459324e-03  1.332972e-01
   outer loop
     vertex  4.919620e-01 -1.502418e-01  8.929380e-02
     vertex  4.978959e-01 -1.344538e-01  4.582188e-02
     vertex  4.930775e-01 -1.035361e-01  8.291329e-02
   endloop
 endfacet
 facet normal  9.908728e-01  2.447402e-04  1.347999e-01
   outer loop
     vertex  4.982090e-01 -3.500863e-01  4.228232e-02
     vertex  4.913848e-01 -3.348993e-01  9.241761e-02
     vertex  4.914290e-01 -3.842376e-01  9.218229e-02
   endloop
 endfacet
 facet normal  9.905537e-01  1.929889e-02  1.357602e-01
   outer loop
     vertex  4.923878e-01 -5.638162e-01  8.691545e-02
     vertex  4.982539e-01 -5.471851e-01  4.174988e-02
     vertex  4.893928e-01 -5.193280e-01  1.024437e-01
   endloop
 endfacet
 facet normal  9.903947e-01 -2.544311e-03 -1.382458e-01
   outer loop
     vertex  4.982900e-01 -4.779210e-01 -4.131628e-02
     vertex  4.984392e-01 -5.198332e-01 -3.947664e-02
     vertex  4.902974e-01 -5.079676e-01 -9.802295e-02
   endloop
 endfacet
 facet normal  9.772407e-01  5.630446e-03  2.120589e-01
   outer loop
     vertex  4.919620e-01 -1.502418e-01  8.929380e-02
     vertex  4.930775e-01 -1.035361e-01  8.291329e-02
     vertex  4.839487e-01 -1.295619e-01  1.256728e-01
   endloop
 endfacet
 facet normal  9.102132e-01  2.612638e-02 -4.133150e-01
   outer loop
     vertex  4.394062e-01  4.036413e-01 -2.385837e-01
     vertex  4.685796e-01  4.018421e-01 -1.744510e-01
     vertex  4.524081e-01  3.569635e-01 -2.129011e-01
   endloop
 endfacet
 facet normal -3.036965e-01 -2.701291e-02  9.523858e-01
   outer loop
     vertex -1.859058e-01 -5.033044e-01  4.641541e-01
     vertex -1.171248e-01 -5.032595e-01  4.860883e-01
     vertex -1.521580e-01 -4.550036e-01  4.762856e-01
   endloop
 endfacet
 facet normal  9.725323e-01  8.442310e-04 -2.327665e-01
   outer loop
     vertex  4.915757e-01 -2.905368e-02 -9.139633e-02
     vertex  4.914434e-01 -7.207657e-02 -9.210542e-02
     vertex  4.798003e-01 -5.304113e-02 -1.406830e-01
   endloop
 endfacet
 facet normal  9.723772e-01 -2.387354e-03 -2.334030e-01
   outer loop
     vertex  4.911037e-01  5.556718e-02 -9.389946e-02
     vertex  4.914855e-01  1.365548e-02 -9.188029e-02
     vertex  4.798727e-01  3.080503e-02 -1.404358e-01
   endloop
 endfacet
 facet normal  9.718943e-01  1.340293e-04 -2.354176e-01
   outer loop
     vertex  4.912445e-01  2.287575e-01 -9.316009e-02
     vertex  4.912213e-01  1.822109e-01 -9.328246e-02
     vertex  4.794430e-01  2.034183e-01 -1.418956e-01
   endloop
 endfacet
 facet normal  9.716741e-01 -8.983342e-04 -2.363232e-01
   outer loop
     vertex  4.910814e-01  2.775187e-01 -9.401602e-02
     vertex  4.912445e-01  2.287575e-01 -9.316009e-02
     vertex  4.792700e-01  2.508564e-01 -1.424791e-01
   endloop
 endfacet
 facet normal  9.718331e-01  6.469253e-04 -2.356694e-01
   outer loop
     vertex  4.912445e-01  2.287575e-01 -9.316009e-02
     vertex  4.794430e-01  2.034183e-01 -1.418956e-01
     vertex  4.792700e-01  2.508564e-01 -1.424791e-01
   endloop
 endfacet
 facet normal  9.709661e-01 -2.749856e-03 -2.392012e-01
   outer loop
     vertex  4.905178e-01  3.305636e-01 -9.691365e-02
     vertex  4.910814e-01  2.775187e-01 -9.401602e-02
     vertex  4.788918e-01  2.991572e-01 -1.437452e-01
   endloop
 endfacet
 facet normal  9.713850e-01  1.380588e-03 -2.375065e-01
   outer loop
     vertex  4.910814e-01  2.775187e-01 -9.401602e-02
     vertex  4.792700e-01  2.508564e-01 -1.424791e-01
     vertex  4.788918e-01  2.991572e-01 -1.437452e-01
   endloop
 endfacet
 facet normal  9.048354e-01 -2.687795e-02  4.249123e-01
   outer loop
     vertex  4.353475e-01 -5.020966e-01  2.459117e-01
     vertex  4.679454e-01 -5.076384e-01  1.761450e-01
     vertex  4.553779e-01 -4.512707e-01  2.064727e-01
   endloop
 endfacet
 facet normal  9.902454e-01 -1.089682e-02 -1.389074e-01
   outer loop
     vertex  4.974381e-01  4.509312e-01 -5.055078e-02
     vertex  4.984278e-01  4.015339e-01 -3.962031e-02
     vertex  4.897801e-01  3.927104e-01 -1.005754e-01
   endloop
 endfacet
 facet normal -9.464654e-01 -2.878067e-02  3.215197e-01
   outer loop
     vertex -4.839938e-01 -7.340093e-02  1.254991e-01
     vertex -4.602536e-01 -7.363396e-02  1.953629e-01
     vertex -4.720648e-01 -2.678851e-02  1.647872e-01
   endloop
 endfacet
 facet normal  9.727381e-01 -5.728470e-04 -2.319055e-01
   outer loop
     vertex  4.914855e-01  1.365548e-02 -9.188029e-02
     vertex  4.915757e-01 -2.905368e-02 -9.139633e-02
     vertex  4.799946e-01 -1.100295e-02 -1.400184e-01
   endloop
 endfacet
 facet normal  9.727164e-01 -8.298122e-04 -2.319957e-01
   outer loop
     vertex  4.915757e-01 -2.905368e-02 -9.139633e-02
     vertex  4.798003e-01 -5.304113e-02 -1.406830e-01
     vertex  4.799946e-01 -1.100295e-02 -1.400184e-01
   endloop
 endfacet
 facet normal  7.473111e-01 -2.594098e-02 -6.639678e-01
   outer loop
     vertex  3.964324e-01 -5.006325e-01 -3.046987e-01
     vertex  3.488718e-01 -5.020544e-01 -3.581738e-01
     vertex  3.711328e-01 -4.525432e-01 -3.350529e-01
   endloop
 endfacet
 facet normal  9.911669e-01 -1.496507e-02 -1.317734e-01
   outer loop
     vertex  4.982900e-01 -4.779210e-01 -4.131628e-02
     vertex  4.902974e-01 -5.079676e-01 -9.802295e-02
     vertex  4.927177e-01 -4.621155e-01 -8.502537e-02
   endloop
 endfacet
 facet normal  9.751219e-01  1.128304e-02 -2.213822e-01
   outer loop
     vertex  4.927177e-01 -4.621155e-01 -8.502537e-02
     vertex  4.902974e-01 -5.079676e-01 -9.802295e-02
     vertex  4.809290e-01 -4.586581e-01 -1.367746e-01
   endloop
 endfacet
 facet normal  9.748309e-01 -9.852059e-03 -2.227279e-01
   outer loop
     vertex  4.910876e-01 -4.208769e-01 -9.398395e-02
     vertex  4.927177e-01 -4.621155e-01 -8.502537e-02
     vertex  4.809290e-01 -4.586581e-01 -1.367746e-01
   endloop
 endfacet
 facet normal  9.605957e-01 -3.426584e-02 -2.758291e-01
   outer loop
     vertex  4.902974e-01 -5.079676e-01 -9.802295e-02
     vertex  4.685882e-01 -5.015185e-01 -1.744280e-01
     vertex  4.809290e-01 -4.586581e-01 -1.367746e-01
   endloop
 endfacet
 facet normal  2.575646e-01 -2.563638e-02  9.659209e-01
   outer loop
     vertex  9.442597e-02 -5.031376e-01  4.910028e-01
     vertex  1.625285e-01 -5.029837e-01  4.728472e-01
     vertex  1.280898e-01 -4.545961e-01  4.833146e-01
   endloop
 endfacet
 facet normal -6.552724e-01  2.915770e-02  7.548297e-01
   outer loop
     vertex -2.988034e-01 -2.713327e-02  4.008947e-01
     vertex -3.549287e-01 -2.715344e-02  3.521727e-01
     vertex -3.309349e-01 -7.394640e-02  3.748094e-01
   endloop
 endfacet
 facet normal  9.924741e-01  1.481897e-02  1.215546e-01
   outer loop
     vertex  4.969693e-01  4.166155e-01  5.496842e-02
     vertex  4.986601e-01  4.542108e-01  3.657954e-02
     vertex  4.925493e-01  4.581344e-01  8.599526e-02
   endloop
 endfacet
 facet normal  8.999589e-01  3.093434e-02  4.348758e-01
   outer loop
     vertex  4.650417e-01  4.114840e-01  1.836743e-01
     vertex  4.332700e-01  4.096668e-01  2.495539e-01
     vertex  4.497645e-01  3.673317e-01  2.184306e-01
   endloop
 endfacet
 facet normal  9.841828e-01 -2.616283e-02  1.752136e-01
   outer loop
     vertex  4.925493e-01  4.581344e-01  8.599526e-02
     vertex  4.853816e-01  4.163648e-01  1.200197e-01
     vertex  4.969693e-01  4.166155e-01  5.496842e-02
   endloop
 endfacet
 facet normal  9.720008e-01  1.462102e-03 -2.349732e-01
   outer loop
     vertex  4.913903e-01 -2.838055e-01 -9.238823e-02
     vertex  4.911411e-01 -3.295888e-01 -9.370398e-02
     vertex  4.795456e-01 -3.100184e-01 -1.415488e-01
   endloop
 endfacet
 facet normal  9.993207e-01  4.209124e-04  3.684952e-02
   outer loop
     vertex  5.000000e-01  4.755710e-01 -1.197525e-16
     vertex  4.986216e-01  5.000000e-01  3.710070e-02
     vertex  4.986601e-01  4.542108e-01  3.657954e-02
   endloop
 endfacet
 facet normal -2.721637e-01  2.690123e-02  9.618749e-01
   outer loop
     vertex -1.014477e-01 -2.731144e-02  4.896002e-01
     vertex -1.702187e-01 -2.703343e-02  4.701336e-01
     vertex -1.405495e-01 -7.390413e-02  4.798394e-01
   endloop
 endfacet
 facet normal  9.718345e-01 -2.533869e-04  2.356643e-01
   outer loop
     vertex  4.914290e-01 -3.842376e-01  9.218229e-02
     vertex  4.913848e-01 -3.348993e-01  9.241761e-02
     vertex  4.790932e-01 -3.658556e-01  1.430724e-01
   endloop
 endfacet
 facet normal -9.975005e-01 -2.727115e-02 -6.518393e-02
   outer loop
     vertex -4.952551e-01 -5.031622e-01 -6.871985e-02
     vertex -4.999864e-01 -5.031624e-01  3.683624e-03
     vertex -4.989446e-01 -4.548552e-01 -3.246914e-02
   endloop
 endfacet
 facet normal -5.330984e-01 -2.970612e-02 -8.455316e-01
   outer loop
     vertex -2.342309e-01 -7.359897e-02 -4.417419e-01
     vertex -2.975981e-01 -7.358037e-02 -4.017902e-01
     vertex -2.699030e-01 -2.681347e-02 -4.208947e-01
   endloop
 endfacet
 facet normal  9.894782e-01 -4.801951e-04  1.446814e-01
   outer loop
     vertex  4.982539e-01 -5.471851e-01  4.174988e-02
     vertex  4.982255e-01 -5.039958e-01  4.208747e-02
     vertex  4.893928e-01 -5.193280e-01  1.024437e-01
   endloop
 endfacet
 facet normal  6.323010e-01 -2.591339e-02  7.742893e-01
   outer loop
     vertex  2.878016e-01 -5.024885e-01  4.088646e-01
     vertex  3.430348e-01 -5.022498e-01  3.637680e-01
     vertex  3.144396e-01 -4.534827e-01  3.887515e-01
   endloop
 endfacet
 facet normal  1.190090e-01 -2.579807e-02  9.925580e-01
   outer loop
     vertex  2.429720e-02 -5.032154e-01  4.994093e-01
     vertex  9.442597e-02 -5.031376e-01  4.910028e-01
     vertex  5.919740e-02 -4.547925e-01  4.964833e-01
   endloop
 endfacet
 facet normal -9.307608e-01 -2.807984e-02  3.645488e-01
   outer loop
     vertex -4.777251e-01 -5.033058e-01  1.475761e-01
     vertex -4.508710e-01 -5.033366e-01  2.161374e-01
     vertex -4.654238e-01 -4.550087e-01  1.827037e-01
   endloop
 endfacet
 facet normal  8.297983e-01 -3.037017e-02  5.572365e-01
   outer loop
     vertex  3.923467e-01 -5.021602e-01  3.099420e-01
     vertex  4.353475e-01 -5.020966e-01  2.459117e-01
     vertex  4.127233e-01 -4.536936e-01  2.822401e-01
   endloop
 endfacet
 facet normal  3.907528e-01 -2.549548e-02  9.201425e-01
   outer loop
     vertex  1.625285e-01 -5.029837e-01  4.728472e-01
     vertex  2.273104e-01 -5.027683e-01  4.453425e-01
     vertex  1.944089e-01 -4.543113e-01  4.606573e-01
   endloop
 endfacet
 facet normal -7.911864e-01 -2.963044e-02 -6.108568e-01
   outer loop
     vertex -3.715113e-01 -5.034956e-01 -3.346332e-01
     vertex -4.177387e-01 -5.034270e-01 -2.747624e-01
     vertex -3.957838e-01 -4.551395e-01 -3.055408e-01
   endloop
 endfacet
 facet normal -1.641368e-01 -2.645008e-02  9.860829e-01
   outer loop
     vertex -1.171248e-01 -5.032595e-01  4.860883e-01
     vertex -4.665495e-02 -5.032457e-01  4.978186e-01
     vertex -8.232919e-02 -4.549719e-01  4.931753e-01
   endloop
 endfacet
 facet normal  9.582925e-01 -3.218443e-02  2.839711e-01
   outer loop
     vertex  4.679454e-01 -5.076384e-01  1.761450e-01
     vertex  4.893928e-01 -5.193280e-01  1.024437e-01
     vertex  4.814483e-01 -4.691937e-01  1.349354e-01
   endloop
 endfacet
 facet normal  9.414869e-01  2.925103e-02  3.357780e-01
   outer loop
     vertex  4.553779e-01 -4.512707e-01  2.064727e-01
     vertex  4.679454e-01 -5.076384e-01  1.761450e-01
     vertex  4.814483e-01 -4.691937e-01  1.349354e-01
   endloop
 endfacet
 facet normal  9.760988e-01  1.412657e-02  2.168674e-01
   outer loop
     vertex  4.893928e-01 -5.193280e-01  1.024437e-01
     vertex  4.928168e-01 -4.796630e-01  8.444858e-02
     vertex  4.814483e-01 -4.691937e-01  1.349354e-01
   endloop
 endfacet
 facet normal  8.271315e-01  2.806970e-02  5.613070e-01
   outer loop
     vertex  4.332700e-01  4.096668e-01  2.495539e-01
     vertex  3.927479e-01  4.063264e-01  3.094336e-01
     vertex  4.142392e-01  3.614093e-01  2.800105e-01
   endloop
 endfacet
 facet normal -5.662511e-01 -2.872851e-02  8.237320e-01
   outer loop
     vertex -3.131567e-01 -5.035401e-01  3.897857e-01
     vertex -2.517831e-01 -5.034511e-01  4.319783e-01
     vertex -2.833436e-01 -4.551787e-01  4.119665e-01
   endloop
 endfacet
 facet normal -2.239551e-02 -2.607909e-02  9.994090e-01
   outer loop
     vertex -4.665495e-02 -5.032457e-01  4.978186e-01
     vertex  2.429720e-02 -5.032154e-01  4.994093e-01
     vertex -1.140650e-02 -4.549044e-01  4.998699e-01
   endloop
 endfacet
 facet normal -5.734765e-01 -2.899123e-02 -8.187088e-01
   outer loop
     vertex -2.554607e-01 -5.031704e-01 -4.298137e-01
     vertex -3.167329e-01 -5.034350e-01 -3.868853e-01
     vertex -2.873102e-01 -4.550000e-01 -4.092100e-01
   endloop
 endfacet
 facet normal -4.386497e-01 -2.785283e-02  8.982264e-01
   outer loop
     vertex -2.517831e-01 -5.034511e-01  4.319783e-01
     vertex -1.859058e-01 -5.033044e-01  4.641541e-01
     vertex -2.197271e-01 -4.550903e-01  4.491325e-01
   endloop
 endfacet
 facet normal -8.668980e-01 -2.842178e-02  4.976746e-01
   outer loop
     vertex -4.508710e-01 -5.033366e-01  2.161374e-01
     vertex -4.139915e-01 -5.033547e-01  2.803766e-01
     vertex -4.334451e-01 -4.550413e-01  2.492495e-01
   endloop
 endfacet
 facet normal -9.964140e-01 -2.742226e-02  8.004469e-02
   outer loop
     vertex -4.999864e-01 -5.031624e-01  3.683624e-03
     vertex -4.941567e-01 -5.032663e-01  7.621781e-02
     vertex -4.983684e-01 -4.548977e-01  4.035992e-02
   endloop
 endfacet
 facet normal -7.836252e-01 -2.872005e-02  6.205697e-01
   outer loop
     vertex -4.139915e-01 -5.033547e-01  2.803766e-01
     vertex -3.677687e-01 -5.034075e-01  3.387421e-01
     vertex -3.917704e-01 -4.550868e-01  3.106701e-01
   endloop
 endfacet
 facet normal -9.362972e-01 -2.830702e-02 -3.500662e-01
   outer loop
     vertex -4.540957e-01 -5.033778e-01 -2.092776e-01
     vertex -4.799899e-01 -5.031986e-01 -1.400347e-01
     vertex -4.682243e-01 -4.549788e-01 -1.754023e-01
   endloop
 endfacet
 facet normal -9.741256e-01 -2.776542e-02  2.242952e-01
   outer loop
     vertex -4.941567e-01 -5.032663e-01  7.621781e-02
     vertex -4.777251e-01 -5.033058e-01  1.475761e-01
     vertex -4.871584e-01 -4.549663e-01  1.125907e-01
   endloop
 endfacet
 facet normal  6.452078e-01 -2.571426e-02 -7.635743e-01
   outer loop
     vertex  3.488718e-01 -5.020544e-01 -3.581738e-01
     vertex  2.947238e-01 -5.027870e-01 -4.039033e-01
     vertex  3.208065e-01 -4.537787e-01 -3.835143e-01
   endloop
 endfacet
 facet normal  7.605467e-01  2.553794e-02 -6.487807e-01
   outer loop
     vertex  3.566328e-01  4.035773e-01 -3.504469e-01
     vertex  4.022181e-01  4.032996e-01 -2.970196e-01
     vertex  3.785988e-01  3.554072e-01 -3.265930e-01
   endloop
 endfacet
 facet normal -9.774805e-01 -2.755443e-02 -2.092191e-01
   outer loop
     vertex -4.799899e-01 -5.031986e-01 -1.400347e-01
     vertex -4.952551e-01 -5.031622e-01 -6.871985e-02
     vertex -4.888969e-01 -4.548775e-01 -1.047845e-01
   endloop
 endfacet
 facet normal -6.899038e-01 -2.966731e-02 -7.232928e-01
   outer loop
     vertex -3.167329e-01 -5.034350e-01 -3.868853e-01
     vertex -3.715113e-01 -5.034956e-01 -3.346332e-01
     vertex -3.453683e-01 -4.551282e-01 -3.615533e-01
   endloop
 endfacet
 facet normal -3.086244e-01 -2.859007e-02 -9.507542e-01
   outer loop
     vertex -1.185660e-01 -5.034334e-01 -4.857387e-01
     vertex -1.892363e-01 -5.031732e-01 -4.628062e-01
     vertex -1.544171e-01 -4.549860e-01 -4.755580e-01
   endloop
 endfacet
 facet normal  1.292097e-01 -2.702703e-02 -9.912489e-01
   outer loop
     vertex  1.002767e-01 -5.031074e-01 -4.898414e-01
     vertex  2.861265e-02 -5.031873e-01 -4.991806e-01
     vertex  6.404646e-02 -4.548021e-01 -4.958811e-01
   endloop
 endfacet
 facet normal -4.457406e-01 -2.837833e-02 -8.947122e-01
   outer loop
     vertex -1.892363e-01 -5.031732e-01 -4.628062e-01
     vertex -2.554607e-01 -5.031704e-01 -4.298137e-01
     vertex -2.232046e-01 -4.549027e-01 -4.474145e-01
   endloop
 endfacet
 facet normal -1.640062e-01 -2.873882e-02 -9.860406e-01
   outer loop
     vertex -4.504671e-02 -5.034465e-01 -4.979667e-01
     vertex -1.185660e-01 -5.034334e-01 -4.857387e-01
     vertex -8.229523e-02 -4.550753e-01 -4.931810e-01
   endloop
 endfacet
 facet normal  5.303880e-01 -2.602909e-02 -8.473553e-01
   outer loop
     vertex  2.947238e-01 -5.027870e-01 -4.039033e-01
     vertex  2.344175e-01 -5.030526e-01 -4.416429e-01
     vertex  2.640816e-01 -4.543414e-01 -4.245714e-01
   endloop
 endfacet
 facet normal -1.637354e-02 -2.808130e-02 -9.994715e-01
   outer loop
     vertex  2.861265e-02 -5.031873e-01 -4.991806e-01
     vertex -4.504671e-02 -5.034465e-01 -4.979667e-01
     vertex -8.755321e-03 -4.549649e-01 -4.999233e-01
   endloop
 endfacet
 facet normal  2.700636e-01 -2.646593e-02 -9.624787e-01
   outer loop
     vertex  1.691753e-01 -5.030690e-01 -4.705101e-01
     vertex  1.002767e-01 -5.031074e-01 -4.898414e-01
     vertex  1.345741e-01 -4.546827e-01 -4.815494e-01
   endloop
 endfacet
 facet normal  8.361456e-01 -2.730533e-02 -5.478275e-01
   outer loop
     vertex  4.372458e-01 -4.983301e-01 -2.425203e-01
     vertex  3.964324e-01 -5.006325e-01 -3.046987e-01
     vertex  4.151381e-01 -4.499197e-01 -2.786760e-01
   endloop
 endfacet
 facet normal  4.044897e-01 -2.626919e-02 -9.141652e-01
   outer loop
     vertex  2.344175e-01 -5.030526e-01 -4.416429e-01
     vertex  1.691753e-01 -5.030690e-01 -4.705101e-01
     vertex  2.017899e-01 -4.545887e-01 -4.574722e-01
   endloop
 endfacet
 facet normal -8.739304e-01 -2.905551e-02 -4.851818e-01
   outer loop
     vertex -4.177387e-01 -5.034270e-01 -2.747624e-01
     vertex -4.540957e-01 -5.033778e-01 -2.092776e-01
     vertex -4.370422e-01 -4.550862e-01 -2.428870e-01
   endloop
 endfacet
 facet normal  9.701349e-01 -1.528642e-03 -2.425611e-01
   outer loop
     vertex  4.908494e-01 -3.758879e-01 -9.522016e-02
     vertex  4.910876e-01 -4.208769e-01 -9.398395e-02
     vertex  4.776422e-01 -4.074197e-01 -1.478444e-01
   endloop
 endfacet
 facet normal -6.825873e-01 -2.894276e-02  7.302307e-01
   outer loop
     vertex -3.677687e-01 -5.034075e-01  3.387421e-01
     vertex -3.131567e-01 -5.035401e-01  3.897857e-01
     vertex -3.412747e-01 -4.551610e-01  3.654197e-01
   endloop
 endfacet
 facet normal  5.163196e-01 -2.558963e-02  8.560136e-01
   outer loop
     vertex  2.273104e-01 -5.027683e-01  4.453425e-01
     vertex  2.878016e-01 -5.024885e-01  4.088646e-01
     vertex  2.567534e-01 -4.539531e-01  4.290428e-01
   endloop
 endfacet
 facet normal  9.076687e-01 -2.479901e-02 -4.189540e-01
   outer loop
     vertex  4.685882e-01 -5.015185e-01 -1.744280e-01
     vertex  4.372458e-01 -4.983301e-01 -2.425203e-01
     vertex  4.552906e-01 -4.436097e-01 -2.066651e-01
   endloop
 endfacet
 facet normal  7.382570e-01  2.680871e-02  6.739866e-01
   outer loop
     vertex  3.927479e-01  4.063264e-01  3.094336e-01
     vertex  3.443445e-01  4.044196e-01  3.625285e-01
     vertex  3.701777e-01  3.572554e-01  3.361078e-01
   endloop
 endfacet
 facet normal  6.341414e-01  2.706771e-02  7.727432e-01
   outer loop
     vertex  3.443445e-01  4.044196e-01  3.625285e-01
     vertex  2.885749e-01  4.037306e-01  4.083191e-01
     vertex  3.175437e-01  3.559446e-01  3.862201e-01
   endloop
 endfacet
 facet normal  5.167278e-01  2.675347e-02  8.557316e-01
   outer loop
     vertex  2.885749e-01  4.037306e-01  4.083191e-01
     vertex  2.271111e-01  4.033927e-01  4.454442e-01
     vertex  2.584806e-01  3.553351e-01  4.280044e-01
   endloop
 endfacet
 facet normal  3.892071e-01  2.641128e-02  9.207716e-01
   outer loop
     vertex  2.271111e-01  4.033927e-01  4.454442e-01
     vertex  1.613027e-01  4.031987e-01  4.732668e-01
     vertex  1.945874e-01  3.549304e-01  4.605819e-01
   endloop
 endfacet
 facet normal  2.541754e-01  2.624709e-02  9.668019e-01
   outer loop
     vertex  1.613027e-01  4.031987e-01  4.732668e-01
     vertex  9.234942e-02  4.030969e-01  4.913976e-01
     vertex  1.270216e-01  3.546857e-01  4.835964e-01
   endloop
 endfacet
 facet normal  1.140565e-01  2.627872e-02  9.931267e-01
   outer loop
     vertex  9.234942e-02  4.030969e-01  4.913976e-01
     vertex  2.146670e-02  4.030667e-01  4.995390e-01
     vertex  5.690985e-02  3.546081e-01  4.967507e-01
   endloop
 endfacet
 facet normal -2.868827e-02  2.647972e-02  9.992376e-01
   outer loop
     vertex  2.146670e-02  4.030667e-01  4.995390e-01
     vertex -5.009501e-02  4.030765e-01  4.974842e-01
     vertex -1.456536e-02  3.546392e-01  4.997878e-01
   endloop
 endfacet
 facet normal -1.715392e-01  2.684810e-02  9.848114e-01
   outer loop
     vertex -5.009501e-02  4.030765e-01  4.974842e-01
     vertex -1.210733e-01  4.031125e-01  4.851198e-01
     vertex -8.617556e-02  3.547196e-01  4.925178e-01
   endloop
 endfacet
 facet normal -3.120076e-01  2.745155e-02  9.496829e-01
   outer loop
     vertex -1.210733e-01  4.031125e-01  4.851198e-01
     vertex -1.902585e-01  4.032113e-01  4.623870e-01
     vertex -1.566337e-01  3.548314e-01  4.748325e-01
   endloop
 endfacet
 facet normal -4.477153e-01  2.839913e-02  8.937250e-01
   outer loop
     vertex -1.902585e-01  4.032113e-01  4.623870e-01
     vertex -2.564845e-01  4.034382e-01  4.292035e-01
     vertex -2.245518e-01  3.549911e-01  4.467399e-01
   endloop
 endfacet
 facet normal -5.756644e-01  2.912047e-02  8.171674e-01
   outer loop
     vertex -2.564845e-01  4.034382e-01  4.292035e-01
     vertex -3.178135e-01  4.034771e-01  3.859982e-01
     vertex -2.882624e-01  3.550988e-01  4.085398e-01
   endloop
 endfacet
 facet normal -6.914196e-01  2.904178e-02  7.218694e-01
   outer loop
     vertex -3.178135e-01  4.034771e-01  3.859982e-01
     vertex -3.719050e-01  4.032974e-01  3.341956e-01
     vertex -3.458752e-01  3.550524e-01  3.610683e-01
   endloop
 endfacet
 facet normal -7.911666e-01  2.869061e-02  6.109274e-01
   outer loop
     vertex -3.719050e-01  4.032974e-01  3.341956e-01
     vertex -4.173937e-01  4.033038e-01  2.752863e-01
     vertex -3.957382e-01  3.549839e-01  3.055998e-01
   endloop
 endfacet
 facet normal -8.729690e-01  2.848426e-02  4.869432e-01
   outer loop
     vertex -4.173937e-01  4.033038e-01  2.752863e-01
     vertex -4.535261e-01  4.033147e-01  2.105091e-01
     vertex -4.366617e-01  3.549757e-01  2.435704e-01
   endloop
 endfacet
 facet normal -9.353033e-01  2.825623e-02  3.527170e-01
   outer loop
     vertex -4.535261e-01  4.033147e-01  2.105091e-01
     vertex -4.795920e-01  4.032962e-01  1.413914e-01
     vertex -4.678283e-01  3.549800e-01  1.764558e-01
   endloop
 endfacet
 facet normal -9.769822e-01  2.792674e-02  2.114848e-01
   outer loop
     vertex -4.795920e-01  4.032962e-01  1.413914e-01
     vertex -4.951301e-01  4.032699e-01  6.961441e-02
     vertex -4.886705e-01  3.549554e-01  1.058355e-01
   endloop
 endfacet
 facet normal -9.974057e-01  2.762694e-02  6.647249e-02
   outer loop
     vertex -4.951301e-01  4.032699e-01  6.961441e-02
     vertex -4.999894e-01  4.031703e-01 -3.256629e-03
     vertex -4.988935e-01  3.549077e-01  3.324527e-02
   endloop
 endfacet
 facet normal -9.964686e-01  2.750556e-02 -7.933384e-02
   outer loop
     vertex -4.999894e-01  4.031703e-01 -3.256629e-03
     vertex -4.942065e-01  4.031650e-01 -7.589426e-02
     vertex -4.984055e-01  3.548635e-01 -3.989901e-02
   endloop
 endfacet
 facet normal -9.742600e-01  2.781078e-02 -2.237053e-01
   outer loop
     vertex -4.942065e-01  4.031650e-01 -7.589426e-02
     vertex -4.778079e-01  4.031972e-01 -1.473079e-01
     vertex -4.872197e-01  3.548797e-01 -1.123252e-01
   endloop
 endfacet
 facet normal -9.307335e-01  2.857705e-02 -3.645799e-01
   outer loop
     vertex -4.778079e-01  4.031972e-01 -1.473079e-01
     vertex -4.507094e-01  4.033677e-01 -2.164741e-01
     vertex -4.653235e-01  3.549741e-01 -1.829590e-01
   endloop
 endfacet
 facet normal -8.659125e-01  2.933232e-02 -4.993347e-01
   outer loop
     vertex -4.507094e-01  4.033677e-01 -2.164741e-01
     vertex -4.131089e-01  4.034175e-01 -2.816754e-01
     vertex -4.328635e-01  3.550726e-01 -2.502583e-01
   endloop
 endfacet
 facet normal -7.807055e-01  2.987802e-02 -6.241844e-01
   outer loop
     vertex -4.131089e-01  4.034175e-01 -2.816754e-01
     vertex -3.656715e-01  4.034872e-01 -3.410049e-01
     vertex -3.903191e-01  3.551255e-01 -3.124916e-01
   endloop
 endfacet
 facet normal -6.770903e-01  2.988506e-02 -7.352928e-01
   outer loop
     vertex -3.656715e-01  4.034872e-01 -3.410049e-01
     vertex -3.097797e-01  4.034303e-01 -3.924749e-01
     vertex -3.387158e-01  3.551167e-01 -3.677929e-01
   endloop
 endfacet
 facet normal -5.585187e-01  2.922959e-02 -8.289768e-01
   outer loop
     vertex -3.097797e-01  4.034303e-01 -3.924749e-01
     vertex -2.474841e-01  4.031657e-01 -4.344555e-01
     vertex -2.795755e-01  3.549868e-01 -4.145329e-01
   endloop
 endfacet
 facet normal -4.289107e-01  2.858297e-02 -9.028946e-01
   outer loop
     vertex -2.474841e-01  4.031657e-01 -4.344555e-01
     vertex -1.804103e-01  4.031860e-01 -4.663176e-01
     vertex -2.145019e-01  3.549002e-01 -4.516513e-01
   endloop
 endfacet
 facet normal -2.902137e-01  2.883812e-02 -9.565272e-01
   outer loop
     vertex -1.804103e-01  4.031860e-01 -4.663176e-01
     vertex -1.090086e-01  4.034741e-01 -4.879725e-01
     vertex -1.448747e-01  3.550240e-01 -4.785513e-01
   endloop
 endfacet
 facet normal -1.443350e-01  2.899024e-02 -9.891041e-01
   outer loop
     vertex -1.090086e-01  4.034741e-01 -4.879725e-01
     vertex -3.496250e-02  4.035259e-01 -4.987761e-01
     vertex -7.216329e-02  3.551644e-01 -4.947651e-01
   endloop
 endfacet
 facet normal  4.057986e-03  2.829187e-02 -9.995915e-01
   outer loop
     vertex -3.496250e-02  4.035259e-01 -4.987761e-01
     vertex  3.892846e-02  4.033098e-01 -4.984823e-01
     vertex  1.685074e-03  3.551285e-01 -4.999972e-01
   endloop
 endfacet
 facet normal  1.499964e-01  2.733322e-02 -9.883086e-01
   outer loop
     vertex  3.892846e-02  4.033098e-01 -4.984823e-01
     vertex  1.107149e-01  4.032748e-01 -4.875881e-01
     vertex  7.468455e-02  3.550314e-01 -4.943908e-01
   endloop
 endfacet
 facet normal  2.908820e-01  2.680791e-02 -9.563833e-01
   outer loop
     vertex  1.107149e-01  4.032748e-01 -4.875881e-01
     vertex  1.795317e-01  4.033135e-01 -4.666566e-01
     vertex  1.452554e-01  3.550018e-01 -4.784359e-01
   endloop
 endfacet
 facet normal  4.247404e-01  2.649499e-02 -9.049274e-01
   outer loop
     vertex  1.795317e-01  4.033135e-01 -4.666566e-01
     vertex  2.443137e-01  4.034490e-01 -4.362463e-01
     vertex  2.121397e-01  3.550153e-01 -4.527657e-01
   endloop
 endfacet
 facet normal  5.492620e-01  2.616909e-02 -8.352403e-01
   outer loop
     vertex  2.443137e-01  4.034490e-01 -4.362463e-01
     vertex  3.037767e-01  4.035586e-01 -3.971394e-01
     vertex  2.739807e-01  3.551002e-01 -4.182518e-01
   endloop
 endfacet
 facet normal  6.618339e-01  2.572122e-02 -7.492091e-01
   outer loop
     vertex  3.037767e-01  4.035586e-01 -3.971394e-01
     vertex  3.566328e-01  4.035773e-01 -3.504469e-01
     vertex  3.298088e-01  3.552812e-01 -3.758007e-01
   endloop
 endfacet
 facet normal  8.433371e-01  2.429614e-02 -5.368354e-01
   outer loop
     vertex  4.022181e-01  4.032996e-01 -2.970196e-01
     vertex  4.394062e-01  4.036413e-01 -2.385837e-01
     vertex  4.202439e-01  3.543980e-01 -2.709152e-01
   endloop
 endfacet
 facet normal  9.617280e-01  2.634143e-02 -2.727370e-01
   outer loop
     vertex  4.685796e-01  4.018421e-01 -1.744510e-01
     vertex  4.897801e-01  3.927104e-01 -1.005754e-01
     vertex  4.761790e-01  3.517579e-01 -1.524913e-01
   endloop
 endfacet
 facet normal  9.297708e-01 -2.009627e-02 -3.675899e-01
   outer loop
     vertex  4.524081e-01  3.569635e-01 -2.129011e-01
     vertex  4.685796e-01  4.018421e-01 -1.744510e-01
     vertex  4.761790e-01  3.517579e-01 -1.524913e-01
   endloop
 endfacet
 facet normal  9.679828e-01 -3.298820e-03 -2.509948e-01
   outer loop
     vertex  4.897801e-01  3.927104e-01 -1.005754e-01
     vertex  4.905178e-01  3.305636e-01 -9.691365e-02
     vertex  4.761790e-01  3.517579e-01 -1.524913e-01
   endloop
 endfacet
 facet normal  7.371005e-01 -2.709701e-02  6.752397e-01
   outer loop
     vertex  3.430348e-01 -5.022498e-01  3.637680e-01
     vertex  3.923467e-01 -5.021602e-01  3.099420e-01
     vertex  3.665571e-01 -4.533561e-01  3.400528e-01
   endloop
 endfacet
 facet normal  8.747784e-01 -2.263239e-02 -4.839943e-01
   outer loop
     vertex  4.394062e-01  4.036413e-01 -2.385837e-01
     vertex  4.524081e-01  3.569635e-01 -2.129011e-01
     vertex  4.202439e-01  3.543980e-01 -2.709152e-01
   endloop
 endfacet
 facet normal -3.727645e-01  2.749078e-02  9.275187e-01
   outer loop
     vertex -1.859058e-01 -5.033044e-01  4.641541e-01
     vertex -1.521580e-01 -4.550036e-01  4.762856e-01
     vertex -2.197271e-01 -4.550903e-01  4.491325e-01
   endloop
 endfacet
 facet normal  9.719450e-01 -2.940952e-04 -2.352079e-01
   outer loop
     vertex  4.911076e-01 -1.559432e-01 -9.387929e-02
     vertex  4.911543e-01 -1.972331e-01 -9.363478e-02
     vertex  4.796541e-01 -1.782242e-01 -1.411806e-01
   endloop
 endfacet
 facet normal -2.350220e-01  2.675152e-02  9.716219e-01
   outer loop
     vertex -1.521580e-01 -4.550036e-01  4.762856e-01
     vertex -1.171248e-01 -5.032595e-01  4.860883e-01
     vertex -8.232919e-02 -4.549719e-01  4.931753e-01
   endloop
 endfacet
 facet normal  7.874548e-01  2.555560e-02 -6.158423e-01
   outer loop
     vertex  3.964324e-01 -5.006325e-01 -3.046987e-01
     vertex  3.711328e-01 -4.525432e-01 -3.350529e-01
     vertex  4.151381e-01 -4.499197e-01 -2.786760e-01
   endloop
 endfacet
 facet normal  9.717363e-01  1.157362e-04 -2.360691e-01
   outer loop
     vertex  4.911259e-01 -1.141897e-01 -9.378343e-02
     vertex  4.911076e-01 -1.559432e-01 -9.387929e-02
     vertex  4.794285e-01 -1.365731e-01 -1.419449e-01
   endloop
 endfacet
 facet normal  9.718118e-01  9.381300e-04 -2.357561e-01
   outer loop
     vertex  4.911076e-01 -1.559432e-01 -9.387929e-02
     vertex  4.796541e-01 -1.782242e-01 -1.411806e-01
     vertex  4.794285e-01 -1.365731e-01 -1.419449e-01
   endloop
 endfacet
 facet normal  9.715911e-01 -2.231495e-03 -2.366555e-01
   outer loop
     vertex  4.907406e-01  9.680736e-02 -9.577919e-02
     vertex  4.911037e-01  5.556718e-02 -9.389946e-02
     vertex  4.794941e-01  7.254013e-02 -1.417230e-01
   endloop
 endfacet
 facet normal  9.719006e-01  1.556179e-03 -2.353864e-01
   outer loop
     vertex  4.911037e-01  5.556718e-02 -9.389946e-02
     vertex  4.798727e-01  3.080503e-02 -1.404358e-01
     vertex  4.794941e-01  7.254013e-02 -1.417230e-01
   endloop
 endfacet
 facet normal  9.690768e-01  8.976265e-03 -2.465960e-01
   outer loop
     vertex  4.905178e-01  3.305636e-01 -9.691365e-02
     vertex  4.788918e-01  2.991572e-01 -1.437452e-01
     vertex  4.761790e-01  3.517579e-01 -1.524913e-01
   endloop
 endfacet
 facet normal  8.702453e-01  3.814379e-02  4.911397e-01
   outer loop
     vertex  4.353475e-01 -5.020966e-01  2.459117e-01
     vertex  4.553779e-01 -4.512707e-01  2.064727e-01
     vertex  4.127233e-01 -4.536936e-01  2.822401e-01
   endloop
 endfacet
 facet normal  9.712088e-01  8.455336e-04 -2.382283e-01
   outer loop
     vertex  4.908794e-01  1.385265e-01 -9.506524e-02
     vertex  4.907406e-01  9.680736e-02 -9.577919e-02
     vertex  4.792675e-01  1.152155e-01 -1.424874e-01
   endloop
 endfacet
 facet normal  9.712128e-01  8.901202e-04 -2.382117e-01
   outer loop
     vertex  4.907406e-01  9.680736e-02 -9.577919e-02
     vertex  4.794941e-01  7.254013e-02 -1.417230e-01
     vertex  4.792675e-01  1.152155e-01 -1.424874e-01
   endloop
 endfacet
 facet normal  7.871046e-01 -2.705665e-02  6.162259e-01
   outer loop
     vertex  4.142392e-01  3.614093e-01  2.800105e-01
     vertex  3.927479e-01  4.063264e-01  3.094336e-01
     vertex  3.701777e-01  3.572554e-01  3.361078e-01
   endloop
 endfacet
 facet normal  6.824719e-01  2.596356e-02  7.304505e-01
   outer loop
     vertex  3.430348e-01 -5.022498e-01  3.637680e-01
     vertex  3.665571e-01 -4.533561e-01  3.400528e-01
     vertex  3.144396e-01 -4.534827e-01  3.887515e-01
   endloop
 endfacet
 facet normal -9.396679e-02  2.628504e-02  9.952283e-01
   outer loop
     vertex -8.232919e-02 -4.549719e-01  4.931753e-01
     vertex -4.665495e-02 -5.032457e-01  4.978186e-01
     vertex -1.140650e-02 -4.549044e-01  4.998699e-01
   endloop
 endfacet
 facet normal  6.931053e-01  2.478850e-02 -7.204100e-01
   outer loop
     vertex  3.711328e-01 -4.525432e-01 -3.350529e-01
     vertex  3.488718e-01 -5.020544e-01 -3.581738e-01
     vertex  3.208065e-01 -4.537787e-01 -3.835143e-01
   endloop
 endfacet
 facet normal  9.726598e-01 -7.448329e-04 -2.322333e-01
   outer loop
     vertex  4.912632e-01 -2.397859e-01 -9.306190e-02
     vertex  4.913903e-01 -2.838055e-01 -9.238823e-02
     vertex  4.802095e-01 -2.641203e-01 -1.392797e-01
   endloop
 endfacet
 facet normal  9.724854e-01 -2.551138e-03 -2.329500e-01
   outer loop
     vertex  4.913903e-01 -2.838055e-01 -9.238823e-02
     vertex  4.795456e-01 -3.100184e-01 -1.415488e-01
     vertex  4.802095e-01 -2.641203e-01 -1.392797e-01
   endloop
 endfacet
 facet normal  7.099278e-01 -2.480892e-02 -7.038374e-01
   outer loop
     vertex  3.298088e-01  3.552812e-01 -3.758007e-01
     vertex  3.566328e-01  4.035773e-01 -3.504469e-01
     vertex  3.785988e-01  3.554072e-01 -3.265930e-01
   endloop
 endfacet
 facet normal  6.051368e-01 -2.540713e-02 -7.957160e-01
   outer loop
     vertex  2.739807e-01  3.551002e-01 -4.182518e-01
     vertex  3.037767e-01  4.035586e-01 -3.971394e-01
     vertex  3.298088e-01  3.552812e-01 -3.758007e-01
   endloop
 endfacet
 facet normal  4.872074e-01 -2.592436e-02 -8.729014e-01
   outer loop
     vertex  2.121397e-01  3.550153e-01 -4.527657e-01
     vertex  2.443137e-01  4.034490e-01 -4.362463e-01
     vertex  2.739807e-01  3.551002e-01 -4.182518e-01
   endloop
 endfacet
 facet normal  3.581938e-01 -2.658435e-02 -9.332687e-01
   outer loop
     vertex  1.452554e-01  3.550018e-01 -4.784359e-01
     vertex  1.795317e-01  4.033135e-01 -4.666566e-01
     vertex  2.121397e-01  3.550153e-01 -4.527657e-01
   endloop
 endfacet
 facet normal  2.204258e-01 -2.713964e-02 -9.750261e-01
   outer loop
     vertex  7.468455e-02  3.550314e-01 -4.943908e-01
     vertex  1.107149e-01  4.032748e-01 -4.875881e-01
     vertex  1.452554e-01  3.550018e-01 -4.784359e-01
   endloop
 endfacet
 facet normal  7.650876e-02 -2.780303e-02 -9.966812e-01
   outer loop
     vertex  1.685074e-03  3.551285e-01 -4.999972e-01
     vertex  3.892846e-02  4.033098e-01 -4.984823e-01
     vertex  7.468455e-02  3.550314e-01 -4.943908e-01
   endloop
 endfacet
 facet normal -7.065746e-02 -2.834729e-02 -9.970978e-01
   outer loop
     vertex -7.216329e-02  3.551644e-01 -4.947651e-01
     vertex -3.496250e-02  4.035259e-01 -4.987761e-01
     vertex  1.685074e-03  3.551285e-01 -4.999972e-01
   endloop
 endfacet
 facet normal -2.175002e-01 -2.870547e-02 -9.756381e-01
   outer loop
     vertex -1.448747e-01  3.550240e-01 -4.785513e-01
     vertex -1.090086e-01  4.034741e-01 -4.879725e-01
     vertex -7.216329e-02  3.551644e-01 -4.947651e-01
   endloop
 endfacet
 facet normal -3.601866e-01 -2.891072e-02 -9.324322e-01
   outer loop
     vertex -2.145019e-01  3.549002e-01 -4.516513e-01
     vertex -1.804103e-01  4.031860e-01 -4.663176e-01
     vertex -1.448747e-01  3.550240e-01 -4.785513e-01
   endloop
 endfacet
 facet normal -4.952889e-01 -2.912288e-02 -8.682401e-01
   outer loop
     vertex -2.795755e-01  3.549868e-01 -4.145329e-01
     vertex -2.474841e-01  4.031657e-01 -4.344555e-01
     vertex -2.145019e-01  3.549002e-01 -4.516513e-01
   endloop
 endfacet
 facet normal -6.198273e-01 -2.938997e-02 -7.841877e-01
   outer loop
     vertex -3.387158e-01  3.551167e-01 -3.677929e-01
     vertex -3.097797e-01  4.034303e-01 -3.924749e-01
     vertex -2.795755e-01  3.549868e-01 -4.145329e-01
   endloop
 endfacet
 facet normal -7.308113e-01 -2.960100e-02 -6.819374e-01
   outer loop
     vertex -3.903191e-01  3.551255e-01 -3.124916e-01
     vertex -3.656715e-01  4.034872e-01 -3.410049e-01
     vertex -3.387158e-01  3.551167e-01 -3.677929e-01
   endloop
 endfacet
 facet normal -8.251626e-01 -2.942518e-02 -5.641284e-01
   outer loop
     vertex -4.328635e-01  3.550726e-01 -2.502583e-01
     vertex -4.131089e-01  4.034175e-01 -2.816754e-01
     vertex -3.903191e-01  3.551255e-01 -3.124916e-01
   endloop
 endfacet
 facet normal -9.003125e-01 -2.888387e-02 -4.342847e-01
   outer loop
     vertex -4.653235e-01  3.549741e-01 -1.829590e-01
     vertex -4.507094e-01  4.033677e-01 -2.164741e-01
     vertex -4.328635e-01  3.550726e-01 -2.502583e-01
   endloop
 endfacet
 facet normal -9.547642e-01 -2.833711e-02 -2.960106e-01
   outer loop
     vertex -4.872197e-01  3.548797e-01 -1.123252e-01
     vertex -4.778079e-01  4.031972e-01 -1.473079e-01
     vertex -4.653235e-01  3.549741e-01 -1.829590e-01
   endloop
 endfacet
 facet normal  5.722898e-01  2.532801e-02  8.196602e-01
   outer loop
     vertex  2.878016e-01 -5.024885e-01  4.088646e-01
     vertex  3.144396e-01 -4.534827e-01  3.887515e-01
     vertex  2.567534e-01 -4.539531e-01  4.290428e-01
   endloop
 endfacet
 facet normal  7.811947e-01  2.802835e-02  6.236580e-01
   outer loop
     vertex  3.665571e-01 -4.533561e-01  3.400528e-01
     vertex  3.923467e-01 -5.021602e-01  3.099420e-01
     vertex  4.127233e-01 -4.536936e-01  2.822401e-01
   endloop
 endfacet
 facet normal -9.878991e-01 -2.782516e-02 -1.525817e-01
   outer loop
     vertex -4.984055e-01  3.548635e-01 -3.989901e-02
     vertex -4.942065e-01  4.031650e-01 -7.589426e-02
     vertex -4.872197e-01  3.548797e-01 -1.123252e-01
   endloop
 endfacet
 facet normal -9.995934e-01 -2.772833e-02 -6.652284e-03
   outer loop
     vertex -4.988935e-01  3.549077e-01  3.324527e-02
     vertex -4.999894e-01  4.031703e-01 -3.256629e-03
     vertex -4.984055e-01  3.548635e-01 -3.989901e-02
   endloop
 endfacet
 facet normal -9.898425e-01 -2.781929e-02  1.394200e-01
   outer loop
     vertex -4.886705e-01  3.549554e-01  1.058355e-01
     vertex -4.951301e-01  4.032699e-01  6.961441e-02
     vertex -4.988935e-01  3.549077e-01  3.324527e-02
   endloop
 endfacet
 facet normal -9.587216e-01 -2.807229e-02  2.829572e-01
   outer loop
     vertex -4.678283e-01  3.549800e-01  1.764558e-01
     vertex -4.795920e-01  4.032962e-01  1.413914e-01
     vertex -4.886705e-01  3.549554e-01  1.058355e-01
   endloop
 endfacet
 facet normal -9.066128e-01 -2.834794e-02  4.210102e-01
   outer loop
     vertex -4.366617e-01  3.549757e-01  2.435704e-01
     vertex -4.535261e-01  4.033147e-01  2.105091e-01
     vertex -4.678283e-01  3.549800e-01  1.764558e-01
   endloop
 endfacet
 facet normal  8.670179e-01 -2.793419e-02  4.974934e-01
   outer loop
     vertex  4.497645e-01  3.673317e-01  2.184306e-01
     vertex  4.332700e-01  4.096668e-01  2.495539e-01
     vertex  4.142392e-01  3.614093e-01  2.800105e-01
   endloop
 endfacet
 facet normal  9.403548e-01  2.715497e-02 -3.391098e-01
   outer loop
     vertex  4.809290e-01 -4.586581e-01 -1.367746e-01
     vertex  4.685882e-01 -5.015185e-01 -1.744280e-01
     vertex  4.552906e-01 -4.436097e-01 -2.066651e-01
   endloop
 endfacet
 facet normal  9.980585e-01 -6.914791e-18 -6.228290e-02
   outer loop
     vertex  5.000000e-01 -5.711375e-01 -3.544530e-18
     vertex  4.961208e-01 -5.579208e-01 -6.216198e-02
     vertex  5.000000e-01 -5.467085e-01 -6.256696e-18
   endloop
 endfacet
 facet normal -8.343648e-01 -2.859732e-02  5.504703e-01
   outer loop
     vertex -3.957382e-01  3.549839e-01  3.055998e-01
     vertex -4.173937e-01  4.033038e-01  2.752863e-01
     vertex -4.366617e-01  3.549757e-01  2.435704e-01
   endloop
 endfacet
 facet normal -7.433580e-01 -2.883469e-02  6.682720e-01
   outer loop
     vertex -3.458752e-01  3.550524e-01  3.610683e-01
     vertex -3.719050e-01  4.032974e-01  3.341956e-01
     vertex -3.957382e-01  3.549839e-01  3.055998e-01
   endloop
 endfacet
 facet normal -6.356342e-01 -2.881175e-02  7.714526e-01
   outer loop
     vertex -2.882624e-01  3.550988e-01  4.085398e-01
     vertex -3.178135e-01  4.034771e-01  3.859982e-01
     vertex -3.458752e-01  3.550524e-01  3.610683e-01
   endloop
 endfacet
 facet normal -5.140613e-01 -2.852350e-02  8.572791e-01
   outer loop
     vertex -2.245518e-01  3.549911e-01  4.467399e-01
     vertex -2.564845e-01  4.034382e-01  4.292035e-01
     vertex -2.882624e-01  3.550988e-01  4.085398e-01
   endloop
 endfacet
 facet normal -3.821259e-01 -2.796912e-02  9.236869e-01
   outer loop
     vertex -1.566337e-01  3.548314e-01  4.748325e-01
     vertex -1.902585e-01  4.032113e-01  4.623870e-01
     vertex -2.245518e-01  3.549911e-01  4.467399e-01
   endloop
 endfacet
 facet normal -2.434025e-01 -2.730938e-02  9.695408e-01
   outer loop
     vertex -8.617556e-02  3.547196e-01  4.925178e-01
     vertex -1.210733e-01  4.031125e-01  4.851198e-01
     vertex -1.566337e-01  3.548314e-01  4.748325e-01
   endloop
 endfacet
 facet normal -1.009964e-01 -2.678379e-02  9.945262e-01
   outer loop
     vertex -1.456536e-02  3.546392e-01  4.997878e-01
     vertex -5.009501e-02  4.030765e-01  4.974842e-01
     vertex -8.617556e-02  3.547196e-01  4.925178e-01
   endloop
 endfacet
 facet normal  4.242695e-02 -2.643552e-02  9.987498e-01
   outer loop
     vertex  5.690985e-02  3.546081e-01  4.967507e-01
     vertex  2.146670e-02  4.030667e-01  4.995390e-01
     vertex -1.456536e-02  3.546392e-01  4.997878e-01
   endloop
 endfacet
 facet normal  1.843656e-01 -2.628147e-02  9.825063e-01
   outer loop
     vertex  1.270216e-01  3.546857e-01  4.835964e-01
     vertex  9.234942e-02  4.030969e-01  4.913976e-01
     vertex  5.690985e-02  3.546081e-01  4.967507e-01
   endloop
 endfacet
 facet normal  3.224050e-01 -2.634574e-02  9.462351e-01
   outer loop
     vertex  1.945874e-01  3.549304e-01  4.605819e-01
     vertex  1.613027e-01  4.031987e-01  4.732668e-01
     vertex  1.270216e-01  3.546857e-01  4.835964e-01
   endloop
 endfacet
 facet normal  4.542102e-01 -2.667028e-02  8.904952e-01
   outer loop
     vertex  2.584806e-01  3.553351e-01  4.280044e-01
     vertex  2.271111e-01  4.033927e-01  4.454442e-01
     vertex  1.945874e-01  3.549304e-01  4.605819e-01
   endloop
 endfacet
 facet normal  5.775109e-01 -2.723424e-02  8.159286e-01
   outer loop
     vertex  3.175437e-01  3.559446e-01  3.862201e-01
     vertex  2.885749e-01  4.037306e-01  4.083191e-01
     vertex  2.584806e-01  3.553351e-01  4.280044e-01
   endloop
 endfacet
 facet normal  6.896424e-01 -2.762461e-02  7.236230e-01
   outer loop
     vertex  3.701777e-01  3.572554e-01  3.361078e-01
     vertex  3.443445e-01  4.044196e-01  3.625285e-01
     vertex  3.175437e-01  3.559446e-01  3.862201e-01
   endloop
 endfacet
 facet normal  8.716995e-01  3.291629e-02 -4.889340e-01
   outer loop
     vertex  4.552906e-01 -4.436097e-01 -2.066651e-01
     vertex  4.372458e-01 -4.983301e-01 -2.425203e-01
     vertex  4.151381e-01 -4.499197e-01 -2.786760e-01
   endloop
 endfacet
 facet normal -6.260893e-01  2.857126e-02  7.792278e-01
   outer loop
     vertex -3.412747e-01 -4.551610e-01  3.654197e-01
     vertex -3.131567e-01 -5.035401e-01  3.897857e-01
     vertex -2.833436e-01 -4.551787e-01  4.119665e-01
   endloop
 endfacet
 facet normal  9.707849e-01  1.048327e-02 -2.397221e-01
   outer loop
     vertex  4.776422e-01 -4.074197e-01 -1.478444e-01
     vertex  4.910876e-01 -4.208769e-01 -9.398395e-02
     vertex  4.809290e-01 -4.586581e-01 -1.367746e-01
   endloop
 endfacet
 facet normal -9.073898e-01  2.860077e-02 -4.193158e-01
   outer loop
     vertex -4.370422e-01 -4.550862e-01 -2.428870e-01
     vertex -4.540957e-01 -5.033778e-01 -2.092776e-01
     vertex -4.682243e-01 -4.549788e-01 -1.754023e-01
   endloop
 endfacet
 facet normal  3.370751e-01  2.632957e-02 -9.411095e-01
   outer loop
     vertex  2.017899e-01 -4.545887e-01 -4.574722e-01
     vertex  1.691753e-01 -5.030690e-01 -4.705101e-01
     vertex  1.345741e-01 -4.546827e-01 -4.815494e-01
   endloop
 endfacet
 facet normal  1.990219e-01  2.678687e-02 -9.796289e-01
   outer loop
     vertex  1.345741e-01 -4.546827e-01 -4.815494e-01
     vertex  1.002767e-01 -5.031074e-01 -4.898414e-01
     vertex  6.404646e-02 -4.548021e-01 -4.958811e-01
   endloop
 endfacet
 facet normal -9.130555e-02  2.817315e-02 -9.954243e-01
   outer loop
     vertex -8.755321e-03 -4.549649e-01 -4.999233e-01
     vertex -4.504671e-02 -5.034465e-01 -4.979667e-01
     vertex -8.229523e-02 -4.550753e-01 -4.931810e-01
   endloop
 endfacet
 facet normal  4.668003e-01  2.553508e-02 -8.839940e-01
   outer loop
     vertex  2.640816e-01 -4.543414e-01 -4.245714e-01
     vertex  2.344175e-01 -5.030526e-01 -4.416429e-01
     vertex  2.017899e-01 -4.545887e-01 -4.574722e-01
   endloop
 endfacet
 facet normal -2.372377e-01  2.849771e-02 -9.710335e-01
   outer loop
     vertex -8.229523e-02 -4.550753e-01 -4.931810e-01
     vertex -1.185660e-01 -5.034334e-01 -4.857387e-01
     vertex -1.544171e-01 -4.549860e-01 -4.755580e-01
   endloop
 endfacet
 facet normal -5.117610e-01  2.889448e-02 -8.586419e-01
   outer loop
     vertex -2.232046e-01 -4.549027e-01 -4.474145e-01
     vertex -2.554607e-01 -5.031704e-01 -4.298137e-01
     vertex -2.873102e-01 -4.550000e-01 -4.092100e-01
   endloop
 endfacet
 facet normal  5.535635e-02  2.752419e-02 -9.980872e-01
   outer loop
     vertex  6.404646e-02 -4.548021e-01 -4.958811e-01
     vertex  2.861265e-02 -5.031873e-01 -4.991806e-01
     vertex -8.755321e-03 -4.549649e-01 -4.999233e-01
   endloop
 endfacet
 facet normal -3.784836e-01  2.866087e-02 -9.251641e-01
   outer loop
     vertex -1.544171e-01 -4.549860e-01 -4.755580e-01
     vertex -1.892363e-01 -5.031732e-01 -4.628062e-01
     vertex -2.232046e-01 -4.549027e-01 -4.474145e-01
   endloop
 endfacet
 facet normal -7.429476e-01  2.938593e-02 -6.687042e-01
   outer loop
     vertex -3.453683e-01 -4.551282e-01 -3.615533e-01
     vertex -3.715113e-01 -5.034956e-01 -3.346332e-01
     vertex -3.957838e-01 -4.551395e-01 -3.055408e-01
   endloop
 endfacet
 facet normal -9.901060e-01  2.761890e-02 -1.375768e-01
   outer loop
     vertex -4.888969e-01 -4.548775e-01 -1.047845e-01
     vertex -4.952551e-01 -5.031622e-01 -6.871985e-02
     vertex -4.989446e-01 -4.548552e-01 -3.246914e-02
   endloop
 endfacet
 facet normal  8.003193e-01 -2.477811e-02 -5.990618e-01
   outer loop
     vertex  3.785988e-01  3.554072e-01 -3.265930e-01
     vertex  4.022181e-01  4.032996e-01 -2.970196e-01
     vertex  4.202439e-01  3.543980e-01 -2.709152e-01
   endloop
 endfacet
 facet normal  5.859793e-01  2.509623e-02 -8.099373e-01
   outer loop
     vertex  3.208065e-01 -4.537787e-01 -3.835143e-01
     vertex  2.947238e-01 -5.027870e-01 -4.039033e-01
     vertex  2.640816e-01 -4.543414e-01 -4.245714e-01
   endloop
 endfacet
 facet normal -9.547824e-01  2.790038e-02  2.959934e-01
   outer loop
     vertex -4.871584e-01 -4.549663e-01  1.125907e-01
     vertex -4.777251e-01 -5.033058e-01  1.475761e-01
     vertex -4.654238e-01 -4.550087e-01  1.827037e-01
   endloop
 endfacet
 facet normal -9.593340e-01  2.806345e-02 -2.808748e-01
   outer loop
     vertex -4.682243e-01 -4.549788e-01 -1.754023e-01
     vertex -4.799899e-01 -5.031986e-01 -1.400347e-01
     vertex -4.888969e-01 -4.548775e-01 -1.047845e-01
   endloop
 endfacet
 facet normal -7.347636e-01  2.874829e-02  6.777138e-01
   outer loop
     vertex -3.917704e-01 -4.550868e-01  3.106701e-01
     vertex -3.677687e-01 -5.034075e-01  3.387421e-01
     vertex -3.412747e-01 -4.551610e-01  3.654197e-01
   endloop
 endfacet
 facet normal -9.877883e-01  2.765708e-02  1.533279e-01
   outer loop
     vertex -4.983684e-01 -4.548977e-01  4.035992e-02
     vertex -4.941567e-01 -5.032663e-01  7.621781e-02
     vertex -4.871584e-01 -4.549663e-01  1.125907e-01
   endloop
 endfacet
 facet normal -8.271511e-01  2.854512e-02  5.612541e-01
   outer loop
     vertex -4.334451e-01 -4.550413e-01  2.492495e-01
     vertex -4.139915e-01 -5.033547e-01  2.803766e-01
     vertex -3.917704e-01 -4.550868e-01  3.106701e-01
   endloop
 endfacet
 facet normal -2.602748e-01 -2.929791e-02 -9.650900e-01
   outer loop
     vertex -9.396762e-02 -7.324525e-02 -4.910907e-01
     vertex -1.657603e-01 -7.340915e-02 -4.717240e-01
     vertex -1.337651e-01 -2.656860e-02 -4.817747e-01
   endloop
 endfacet
 facet normal -6.342391e-01  2.917901e-02 -7.725861e-01
   outer loop
     vertex -2.873102e-01 -4.550000e-01 -4.092100e-01
     vertex -3.167329e-01 -5.034350e-01 -3.868853e-01
     vertex -3.453683e-01 -4.551282e-01 -3.615533e-01
   endloop
 endfacet
 facet normal  9.715755e-01 -7.638558e-03  2.366068e-01
   outer loop
     vertex  4.925727e-01  3.383297e-01  8.586093e-02
     vertex  4.916155e-01  3.814038e-01  9.118214e-02
     vertex  4.778858e-01  3.657499e-01  1.470550e-01
   endloop
 endfacet
 facet normal  9.840154e-01  3.077992e-02  1.754033e-01
   outer loop
     vertex  4.969693e-01  4.166155e-01  5.496842e-02
     vertex  4.853816e-01  4.163648e-01  1.200197e-01
     vertex  4.916155e-01  3.814038e-01  9.118214e-02
   endloop
 endfacet
 facet normal  9.296445e-01 -3.277040e-02  3.669976e-01
   outer loop
     vertex  4.650417e-01  4.114840e-01  1.836743e-01
     vertex  4.497645e-01  3.673317e-01  2.184306e-01
     vertex  4.778858e-01  3.657499e-01  1.470550e-01
   endloop
 endfacet
 facet normal  9.713597e-01 -5.232569e-03 -2.375562e-01
   outer loop
     vertex  4.795456e-01 -3.100184e-01 -1.415488e-01
     vertex  4.911411e-01 -3.295888e-01 -9.370398e-02
     vertex  4.781744e-01 -3.573082e-01 -1.461139e-01
   endloop
 endfacet
 facet normal  9.705099e-01  1.779470e-03 -2.410546e-01
   outer loop
     vertex  4.911411e-01 -3.295888e-01 -9.370398e-02
     vertex  4.908494e-01 -3.758879e-01 -9.522016e-02
     vertex  4.781744e-01 -3.573082e-01 -1.461139e-01
   endloop
 endfacet
 facet normal -8.348132e-01  2.914772e-02 -5.497611e-01
   outer loop
     vertex -3.957838e-01 -4.551395e-01 -3.055408e-01
     vertex -4.177387e-01 -5.034270e-01 -2.747624e-01
     vertex -4.370422e-01 -4.550862e-01 -2.428870e-01
   endloop
 endfacet
 facet normal  4.520114e-01  2.510026e-02  8.916589e-01
   outer loop
     vertex  1.944089e-01 -4.543113e-01  4.606573e-01
     vertex  2.273104e-01 -5.027683e-01  4.453425e-01
     vertex  2.567534e-01 -4.539531e-01  4.290428e-01
   endloop
 endfacet
 facet normal -2.131780e-01 -2.570160e-02  9.766753e-01
   outer loop
     vertex -1.405495e-01 -7.390413e-02  4.798394e-01
     vertex -7.199430e-02 -7.440557e-02  4.947897e-01
     vertex -1.014477e-01 -2.731144e-02  4.896002e-01
   endloop
 endfacet
 facet normal -8.110773e-01 -2.917574e-02  5.842109e-01
   outer loop
     vertex -4.263026e-01 -7.386777e-02  2.612779e-01
     vertex -3.828602e-01 -7.393566e-02  3.215868e-01
     vertex -4.032393e-01 -2.712489e-02  2.956316e-01
   endloop
 endfacet
 facet normal  9.750089e-01  3.287593e-04  2.221656e-01
   outer loop
     vertex  4.925137e-01  2.850273e-01  8.619879e-02
     vertex  4.925727e-01  3.383297e-01  8.586093e-02
     vertex  4.811891e-01  3.133595e-01  1.358566e-01
   endloop
 endfacet
 facet normal  9.735800e-01  1.265292e-02  2.279956e-01
   outer loop
     vertex  4.925727e-01  3.383297e-01  8.586093e-02
     vertex  4.778858e-01  3.657499e-01  1.470550e-01
     vertex  4.811891e-01  3.133595e-01  1.358566e-01
   endloop
 endfacet
 facet normal -8.477684e-01  2.908748e-02  5.295684e-01
   outer loop
     vertex -4.032393e-01 -2.712489e-02  2.956316e-01
     vertex -4.425713e-01 -2.700777e-02  2.326599e-01
     vertex -4.263026e-01 -7.386777e-02  2.612779e-01
   endloop
 endfacet
 facet normal -4.008685e-01 -2.960695e-02 -9.156571e-01
   outer loop
     vertex -1.657603e-01 -7.340915e-02 -4.717240e-01
     vertex -2.342309e-01 -7.359897e-02 -4.417419e-01
     vertex -2.039754e-01 -2.676232e-02 -4.565019e-01
   endloop
 endfacet
 facet normal  9.731282e-01  6.188152e-03  2.301809e-01
   outer loop
     vertex  4.914544e-01  2.340936e-01  9.204646e-02
     vertex  4.925137e-01  2.850273e-01  8.619879e-02
     vertex  4.797461e-01  2.593043e-01  1.408676e-01
   endloop
 endfacet
 facet normal  9.743157e-01 -5.140314e-03  2.251279e-01
   outer loop
     vertex  4.925137e-01  2.850273e-01  8.619879e-02
     vertex  4.811891e-01  3.133595e-01  1.358566e-01
     vertex  4.797461e-01  2.593043e-01  1.408676e-01
   endloop
 endfacet
 facet normal  1.723294e-01 -2.620432e-02 -9.846908e-01
   outer loop
     vertex  1.204590e-01 -7.143883e-02 -4.852727e-01
     vertex  5.116212e-02 -7.236839e-02 -4.973756e-01
     vertex  8.234901e-02 -2.522961e-02 -4.931720e-01
   endloop
 endfacet
 facet normal  4.532549e-01 -1.583190e-02 -8.912404e-01
   outer loop
     vertex  2.028562e-01 -2.231078e-02 -4.570004e-01
     vertex  2.360404e-01  1.448368e-02 -4.407777e-01
     vertex  2.567463e-01 -5.308636e-02 -4.290470e-01
   endloop
 endfacet
 facet normal  9.709617e-01  1.552761e-02  2.387305e-01
   outer loop
     vertex  4.800553e-01  2.125471e-01  1.398102e-01
     vertex  4.879568e-01  1.909410e-01  1.090788e-01
     vertex  4.914544e-01  2.340936e-01  9.204646e-02
   endloop
 endfacet
 facet normal  9.725631e-01  1.170866e-03  2.326362e-01
   outer loop
     vertex  4.914544e-01  2.340936e-01  9.204646e-02
     vertex  4.797461e-01  2.593043e-01  1.408676e-01
     vertex  4.800553e-01  2.125471e-01  1.398102e-01
   endloop
 endfacet
 facet normal  9.833766e-01 -8.108282e-03  1.813966e-01
   outer loop
     vertex  4.946569e-01  1.941743e-01  7.290118e-02
     vertex  4.914544e-01  2.340936e-01  9.204646e-02
     vertex  4.879568e-01  1.909410e-01  1.090788e-01
   endloop
 endfacet
 facet normal -8.888025e-01  2.934400e-02 -4.573501e-01
   outer loop
     vertex -4.603929e-01 -2.663837e-02 -1.950343e-01
     vertex -4.263234e-01 -2.663461e-02 -2.612439e-01
     vertex -4.427813e-01 -7.339258e-02 -2.322600e-01
   endloop
 endfacet
 facet normal  9.714106e-01 -1.656680e-02  2.368270e-01
   outer loop
     vertex  4.915393e-01  1.510288e-01  9.159209e-02
     vertex  4.879568e-01  1.909410e-01  1.090788e-01
     vertex  4.798648e-01  1.651018e-01  1.404627e-01
   endloop
 endfacet
 facet normal  9.684217e-01 -4.598668e-04  2.493176e-01
   outer loop
     vertex  4.879568e-01  1.909410e-01  1.090788e-01
     vertex  4.800553e-01  2.125471e-01  1.398102e-01
     vertex  4.798648e-01  1.651018e-01  1.404627e-01
   endloop
 endfacet
 facet normal  9.712385e-01  5.922373e-03  2.380351e-01
   outer loop
     vertex  4.905351e-01  1.053414e-01  9.682611e-02
     vertex  4.915393e-01  1.510288e-01  9.159209e-02
     vertex  4.790987e-01  1.228402e-01  1.430538e-01
   endloop
 endfacet
 facet normal  9.724104e-01 -3.325480e-03  2.332528e-01
   outer loop
     vertex  4.915393e-01  1.510288e-01  9.159209e-02
     vertex  4.798648e-01  1.651018e-01  1.404627e-01
     vertex  4.790987e-01  1.228402e-01  1.430538e-01
   endloop
 endfacet
 facet normal  9.692789e-01  6.796913e-03  2.458702e-01
   outer loop
     vertex  4.893467e-01  6.365401e-02  1.026636e-01
     vertex  4.905351e-01  1.053414e-01  9.682611e-02
     vertex  4.785193e-01  7.694884e-02  1.449804e-01
   endloop
 endfacet
 facet normal  9.705437e-01 -2.141343e-03  2.409156e-01
   outer loop
     vertex  4.905351e-01  1.053414e-01  9.682611e-02
     vertex  4.790987e-01  1.228402e-01  1.430538e-01
     vertex  4.785193e-01  7.694884e-02  1.449804e-01
   endloop
 endfacet
 facet normal  9.692548e-01  6.443679e-03  2.459749e-01
   outer loop
     vertex  4.785193e-01  7.694884e-02  1.449804e-01
     vertex  4.812590e-01  2.257718e-02  1.356089e-01
     vertex  4.893467e-01  6.365401e-02  1.026636e-01
   endloop
 endfacet
 facet normal -7.824979e-02 -2.270513e-02  9.966752e-01
   outer loop
     vertex -7.199430e-02 -7.440557e-02  4.947897e-01
     vertex -5.743359e-03 -7.546244e-02  4.999670e-01
     vertex -3.235498e-02 -2.830250e-02  4.989521e-01
   endloop
 endfacet
 facet normal -4.978143e-02  2.829152e-02 -9.983594e-01
   outer loop
     vertex -6.128344e-02 -2.632481e-02 -4.962301e-01
     vertex  1.178462e-02 -2.588600e-02 -4.998611e-01
     vertex -2.095732e-02 -7.289402e-02 -4.995606e-01
   endloop
 endfacet
 facet normal  9.774760e-01 -2.431610e-02  2.096413e-01
   outer loop
     vertex  4.938460e-01  3.365710e-02  7.820598e-02
     vertex  4.893467e-01  6.365401e-02  1.026636e-01
     vertex  4.812590e-01  2.257718e-02  1.356089e-01
   endloop
 endfacet
 facet normal  9.760657e-01  1.514116e-02  2.169481e-01
   outer loop
     vertex  4.914273e-01 -1.081043e-02  9.219107e-02
     vertex  4.938460e-01  3.365710e-02  7.820598e-02
     vertex  4.812590e-01  2.257718e-02  1.356089e-01
   endloop
 endfacet
 facet normal -3.489713e-01 -2.692153e-02  9.367466e-01
   outer loop
     vertex -2.076280e-01 -7.383351e-02  4.548523e-01
     vertex -1.405495e-01 -7.390413e-02  4.798394e-01
     vertex -1.702187e-01 -2.703343e-02  4.701336e-01
   endloop
 endfacet
 facet normal -7.594182e-01 -2.984382e-02 -6.499180e-01
   outer loop
     vertex -3.543800e-01 -7.347489e-02 -3.527248e-01
     vertex -4.032216e-01 -7.344197e-02 -2.956557e-01
     vertex -3.824229e-01 -2.666442e-02 -3.221067e-01
   endloop
 endfacet
 facet normal  9.720517e-01 -9.027676e-03  2.345935e-01
   outer loop
     vertex  4.914273e-01 -1.081043e-02  9.219107e-02
     vertex  4.812590e-01  2.257718e-02  1.356089e-01
     vertex  4.781286e-01 -3.761363e-02  1.462635e-01
   endloop
 endfacet
 facet normal  9.712067e-01 -1.261897e-03  2.382351e-01
   outer loop
     vertex  4.916158e-01 -5.649856e-02  9.118086e-02
     vertex  4.914273e-01 -1.081043e-02  9.219107e-02
     vertex  4.781286e-01 -3.761363e-02  1.462635e-01
   endloop
 endfacet
 facet normal -7.599420e-01  2.919529e-02  6.493349e-01
   outer loop
     vertex -3.549287e-01 -2.715344e-02  3.521727e-01
     vertex -4.032393e-01 -2.712489e-02  2.956316e-01
     vertex -3.828602e-01 -7.393566e-02  3.215868e-01
   endloop
 endfacet
 facet normal -9.931726e-01 -2.846392e-02 -1.131285e-01
   outer loop
     vertex -4.912950e-01 -7.330639e-02 -9.289350e-02
     vertex -4.996001e-01 -7.326280e-02 -1.999260e-02
     vertex -4.972350e-01 -2.654685e-02 -5.251088e-02
   endloop
 endfacet
 facet normal -9.836527e-01 -2.858491e-02 -1.777926e-01
   outer loop
     vertex -4.972350e-01 -2.654685e-02 -5.251088e-02
     vertex -4.926625e-01  2.032525e-02 -8.534431e-02
     vertex -4.841517e-01 -2.658811e-02 -1.248884e-01
   endloop
 endfacet
 facet normal  9.753480e-01 -8.448764e-03  2.205104e-01
   outer loop
     vertex  4.930775e-01 -1.035361e-01  8.291329e-02
     vertex  4.916158e-01 -5.649856e-02  9.118086e-02
     vertex  4.814500e-01 -8.824050e-02  1.349292e-01
   endloop
 endfacet
 facet normal  9.721375e-01  1.135895e-02  2.341360e-01
   outer loop
     vertex  4.916158e-01 -5.649856e-02  9.118086e-02
     vertex  4.781286e-01 -3.761363e-02  1.462635e-01
     vertex  4.814500e-01 -8.824050e-02  1.349292e-01
   endloop
 endfacet
 facet normal  3.567602e-01 -1.828207e-02  9.340171e-01
   outer loop
     vertex  2.078758e-01 -1.054637e-01  4.547391e-01
     vertex  1.809540e-01 -5.004872e-02  4.661069e-01
     vertex  1.482541e-01 -1.053230e-01  4.775152e-01
   endloop
 endfacet
 facet normal  9.548063e-01 -8.815990e-03  2.970980e-01
   outer loop
     vertex  4.698954e-01 -1.282761e-01  1.708753e-01
     vertex  4.839487e-01 -1.295619e-01  1.256728e-01
     vertex  4.814500e-01 -8.824050e-02  1.349292e-01
   endloop
 endfacet
 facet normal  9.725388e-01  9.682541e-05  2.327408e-01
   outer loop
     vertex  4.919491e-01 -1.915419e-01  8.936502e-02
     vertex  4.919620e-01 -1.502418e-01  8.929380e-02
     vertex  4.790986e-01 -1.719210e-01  1.430542e-01
   endloop
 endfacet
 facet normal  9.740823e-01 -1.904597e-02  2.253906e-01
   outer loop
     vertex  4.919620e-01 -1.502418e-01  8.929380e-02
     vertex  4.839487e-01 -1.295619e-01  1.256728e-01
     vertex  4.790986e-01 -1.719210e-01  1.430542e-01
   endloop
 endfacet
 facet normal  4.785387e-02  2.584636e-02  9.985199e-01
   outer loop
     vertex -1.140650e-02 -4.549044e-01  4.998699e-01
     vertex  2.429720e-02 -5.032154e-01  4.994093e-01
     vertex  5.919740e-02 -4.547925e-01  4.964833e-01
   endloop
 endfacet
 facet normal -4.076361e-01 -2.772405e-02  9.127235e-01
   outer loop
     vertex -2.002345e-01  1.994827e-02  4.581551e-01
     vertex -2.365088e-01 -2.706461e-02  4.405265e-01
     vertex -1.702187e-01 -2.703343e-02  4.701336e-01
   endloop
 endfacet
 facet normal -9.930195e-01 -2.842280e-02  1.144743e-01
   outer loop
     vertex -4.911703e-01 -2.655833e-02  9.355061e-02
     vertex -4.962685e-01  2.034668e-02  6.097182e-02
     vertex -4.995717e-01 -2.648327e-02  2.069033e-02
   endloop
 endfacet
 facet normal  9.764228e-01 -7.531244e-03  2.157357e-01
   outer loop
     vertex  4.932293e-01 -2.363874e-01  8.200497e-02
     vertex  4.919491e-01 -1.915419e-01  8.936502e-02
     vertex  4.826855e-01 -2.159370e-01  1.304403e-01
   endloop
 endfacet
 facet normal  9.735836e-01  1.402801e-02  2.278997e-01
   outer loop
     vertex  4.919491e-01 -1.915419e-01  8.936502e-02
     vertex  4.790986e-01 -1.719210e-01  1.430542e-01
     vertex  4.826855e-01 -2.159370e-01  1.304403e-01
   endloop
 endfacet
 facet normal -3.384659e-01 -2.944926e-02 -9.405177e-01
   outer loop
     vertex -2.039754e-01 -2.676232e-02 -4.565019e-01
     vertex -1.725188e-01  2.025290e-02 -4.692944e-01
     vertex -1.337651e-01 -2.656860e-02 -4.817747e-01
   endloop
 endfacet
 facet normal  9.576507e-01 -4.131792e-03  2.879030e-01
   outer loop
     vertex  4.734917e-01 -2.424484e-01  1.606412e-01
     vertex  4.841455e-01 -2.627286e-01  1.249125e-01
     vertex  4.826855e-01 -2.159370e-01  1.304403e-01
   endloop
 endfacet
 facet normal  9.776369e-01  5.310118e-03  2.102329e-01
   outer loop
     vertex  4.920882e-01 -2.872279e-01  8.859567e-02
     vertex  4.932293e-01 -2.363874e-01  8.200497e-02
     vertex  4.841455e-01 -2.627286e-01  1.249125e-01
   endloop
 endfacet
 facet normal  9.775931e-01  5.643020e-03  2.104280e-01
   outer loop
     vertex  4.932293e-01 -2.363874e-01  8.200497e-02
     vertex  4.826855e-01 -2.159370e-01  1.304403e-01
     vertex  4.841455e-01 -2.627286e-01  1.249125e-01
   endloop
 endfacet
 facet normal  9.458315e-02 -2.664764e-02 -9.951603e-01
   outer loop
     vertex  1.178462e-02 -2.588600e-02 -4.998611e-01
     vertex  4.414196e-02  2.124042e-02 -4.980477e-01
     vertex  8.234901e-02 -2.522961e-02 -4.931720e-01
   endloop
 endfacet
 facet normal  9.566716e-01  8.555630e-03  2.910435e-01
   outer loop
     vertex  4.727350e-01 -2.775374e-01  1.628546e-01
     vertex  4.796856e-01 -3.137927e-01  1.410735e-01
     vertex  4.841455e-01 -2.627286e-01  1.249125e-01
   endloop
 endfacet
 facet normal  9.726973e-01  4.249840e-03  2.320387e-01
   outer loop
     vertex  4.913848e-01 -3.348993e-01  9.241761e-02
     vertex  4.920882e-01 -2.872279e-01  8.859567e-02
     vertex  4.796856e-01 -3.137927e-01  1.410735e-01
   endloop
 endfacet
 facet normal  9.747110e-01 -1.455626e-02  2.229948e-01
   outer loop
     vertex  4.920882e-01 -2.872279e-01  8.859567e-02
     vertex  4.841455e-01 -2.627286e-01  1.249125e-01
     vertex  4.796856e-01 -3.137927e-01  1.410735e-01
   endloop
 endfacet
 facet normal  5.546924e-01  5.899681e-03  8.320346e-01
   outer loop
     vertex  2.580252e-01 -1.097836e-01  4.282791e-01
     vertex  2.895103e-01 -1.616138e-01  4.076565e-01
     vertex  2.956448e-01 -1.140697e-01  4.032296e-01
   endloop
 endfacet
 facet normal  9.720837e-01 -2.052743e-03  2.346252e-01
   outer loop
     vertex  4.913848e-01 -3.348993e-01  9.241761e-02
     vertex  4.796856e-01 -3.137927e-01  1.410735e-01
     vertex  4.790932e-01 -3.658556e-01  1.430724e-01
   endloop
 endfacet
 facet normal  2.882463e-01  2.702989e-02  9.571747e-01
   outer loop
     vertex  1.809540e-01 -5.004872e-02  4.661069e-01
     vertex  1.068117e-01 -5.088827e-02  4.884581e-01
     vertex  1.482541e-01 -1.053230e-01  4.775152e-01
   endloop
 endfacet
 facet normal  9.717963e-01 -7.117426e-04  2.358206e-01
   outer loop
     vertex  4.914290e-01 -3.842376e-01  9.218229e-02
     vertex  4.790932e-01 -3.658556e-01  1.430724e-01
     vertex  4.788911e-01 -4.181311e-01  1.437472e-01
   endloop
 endfacet
 facet normal  9.755434e-01 -6.477327e-04  2.198061e-01
   outer loop
     vertex  4.928168e-01 -4.796630e-01  8.444858e-02
     vertex  4.927200e-01 -4.343719e-01  8.501205e-02
     vertex  4.814483e-01 -4.691937e-01  1.349354e-01
   endloop
 endfacet
 facet normal  1.876192e-01  2.540412e-02  9.819133e-01
   outer loop
     vertex  5.919740e-02 -4.547925e-01  4.964833e-01
     vertex  9.442597e-02 -5.031376e-01  4.910028e-01
     vertex  1.280898e-01 -4.545961e-01  4.833146e-01
   endloop
 endfacet
 facet normal -7.154684e-01  2.920038e-02  6.980346e-01
   outer loop
     vertex -3.606457e-01 -1.207836e-01  3.463159e-01
     vertex -3.309349e-01 -7.394640e-02  3.748094e-01
     vertex -3.828602e-01 -7.393566e-02  3.215868e-01
   endloop
 endfacet
 facet normal  3.230928e-01  2.530487e-02  9.460289e-01
   outer loop
     vertex  1.280898e-01 -4.545961e-01  4.833146e-01
     vertex  1.625285e-01 -5.029837e-01  4.728472e-01
     vertex  1.944089e-01 -4.543113e-01  4.606573e-01
   endloop
 endfacet
 facet normal -9.995907e-01  2.748797e-02  7.924823e-03
   outer loop
     vertex -4.989446e-01 -4.548552e-01 -3.246914e-02
     vertex -4.999864e-01 -5.031624e-01  3.683624e-03
     vertex -4.983684e-01 -4.548977e-01  4.035992e-02
   endloop
 endfacet
 facet normal -5.042716e-01  2.810897e-02  8.630875e-01
   outer loop
     vertex -2.833436e-01 -4.551787e-01  4.119665e-01
     vertex -2.517831e-01 -5.034511e-01  4.319783e-01
     vertex -2.197271e-01 -4.550903e-01  4.491325e-01
   endloop
 endfacet
 facet normal  9.718441e-01 -3.677101e-04 -2.356243e-01
   outer loop
     vertex  4.794430e-01  2.034183e-01 -1.418956e-01
     vertex  4.912213e-01  1.822109e-01 -9.328246e-02
     vertex  4.793505e-01  1.589743e-01 -1.422078e-01
   endloop
 endfacet
 facet normal  9.715780e-01  2.056078e-03 -2.367109e-01
   outer loop
     vertex  4.912213e-01  1.822109e-01 -9.328246e-02
     vertex  4.908794e-01  1.385265e-01 -9.506524e-02
     vertex  4.793505e-01  1.589743e-01 -1.422078e-01
   endloop
 endfacet
 facet normal -9.009643e-01  2.822989e-02  4.329740e-01
   outer loop
     vertex -4.508710e-01 -5.033366e-01  2.161374e-01
     vertex -4.334451e-01 -4.550413e-01  2.492495e-01
     vertex -4.654238e-01 -4.550087e-01  1.827037e-01
   endloop
 endfacet
 facet normal  9.719834e-01  2.038255e-03 -2.350405e-01
   outer loop
     vertex  4.914434e-01 -7.207657e-02 -9.210542e-02
     vertex  4.911259e-01 -1.141897e-01 -9.378343e-02
     vertex  4.794876e-01 -9.488535e-02 -1.417450e-01
   endloop
 endfacet
 facet normal  9.723379e-01 -1.337397e-03 -2.335748e-01
   outer loop
     vertex  4.914434e-01 -7.207657e-02 -9.210542e-02
     vertex  4.794876e-01 -9.488535e-02 -1.417450e-01
     vertex  4.798003e-01 -5.304113e-02 -1.406830e-01
   endloop
 endfacet
 facet normal  9.701916e-01 -1.935482e-03 -2.423315e-01
   outer loop
     vertex  4.908494e-01 -3.758879e-01 -9.522016e-02
     vertex  4.776422e-01 -4.074197e-01 -1.478444e-01
     vertex  4.781744e-01 -3.573082e-01 -1.461139e-01
   endloop
 endfacet
 facet normal  9.724337e-01 -6.513137e-04 -2.331786e-01
   outer loop
     vertex  4.911543e-01 -1.972331e-01 -9.363478e-02
     vertex  4.912632e-01 -2.397859e-01 -9.306190e-02
     vertex  4.801186e-01 -2.203459e-01 -1.395926e-01
   endloop
 endfacet
 facet normal  9.721422e-01  1.885313e-03 -2.343843e-01
   outer loop
     vertex  4.796541e-01 -1.782242e-01 -1.411806e-01
     vertex  4.911543e-01 -1.972331e-01 -9.363478e-02
     vertex  4.801186e-01 -2.203459e-01 -1.395926e-01
   endloop
 endfacet
 facet normal  9.725291e-01  3.548096e-04 -2.327811e-01
   outer loop
     vertex  4.912632e-01 -2.397859e-01 -9.306190e-02
     vertex  4.802095e-01 -2.641203e-01 -1.392797e-01
     vertex  4.801186e-01 -2.203459e-01 -1.395926e-01
   endloop
 endfacet
 facet normal  9.518138e-01  2.241111e-02  3.058567e-01
   outer loop
     vertex  4.853816e-01  4.163648e-01  1.200197e-01
     vertex  4.650417e-01  4.114840e-01  1.836743e-01
     vertex  4.778858e-01  3.657499e-01  1.470550e-01
   endloop
 endfacet
 facet normal  9.726121e-01  5.166740e-04 -2.324335e-01
   outer loop
     vertex  4.798727e-01  3.080503e-02 -1.404358e-01
     vertex  4.914855e-01  1.365548e-02 -9.188029e-02
     vertex  4.799946e-01 -1.100295e-02 -1.400184e-01
   endloop
 endfacet
 facet normal  9.721666e-01 -1.925246e-02  2.334982e-01
   outer loop
     vertex  4.916155e-01  3.814038e-01  9.118214e-02
     vertex  4.853816e-01  4.163648e-01  1.200197e-01
     vertex  4.778858e-01  3.657499e-01  1.470550e-01
   endloop
 endfacet
 facet normal  9.713420e-01 -3.245379e-04 -2.376858e-01
   outer loop
     vertex  4.793505e-01  1.589743e-01 -1.422078e-01
     vertex  4.908794e-01  1.385265e-01 -9.506524e-02
     vertex  4.792675e-01  1.152155e-01 -1.424874e-01
   endloop
 endfacet
 facet normal  9.717749e-01 -2.472979e-04 -2.359098e-01
   outer loop
     vertex  4.794876e-01 -9.488535e-02 -1.417450e-01
     vertex  4.911259e-01 -1.141897e-01 -9.378343e-02
     vertex  4.794285e-01 -1.365731e-01 -1.419449e-01
   endloop
 endfacet
 facet normal  9.765326e-01  1.086727e-02  2.150952e-01
   outer loop
     vertex  4.930775e-01 -1.035361e-01  8.291329e-02
     vertex  4.814500e-01 -8.824050e-02  1.349292e-01
     vertex  4.839487e-01 -1.295619e-01  1.256728e-01
   endloop
 endfacet
 facet normal -2.349988e-01 -2.679114e-02  9.716264e-01
   outer loop
     vertex -1.521580e-01 -4.550036e-01  4.762856e-01
     vertex -8.232919e-02 -4.549719e-01  4.931753e-01
     vertex -1.175119e-01 -4.067802e-01  4.859948e-01
   endloop
 endfacet
 facet normal  9.438500e-01 -9.494507e-04 -3.303729e-01
   outer loop
     vertex  4.794285e-01 -1.365731e-01 -1.419449e-01
     vertex  4.796541e-01 -1.782242e-01 -1.411806e-01
     vertex  4.631327e-01 -1.590772e-01 -1.884359e-01
   endloop
 endfacet
 facet normal -1.153252e-01  2.853182e-02 -9.929179e-01
   outer loop
     vertex -2.095732e-02 -7.289402e-02 -4.995606e-01
     vertex -5.413689e-02 -1.200029e-01 -4.970606e-01
     vertex -9.396762e-02 -7.324525e-02 -4.910907e-01
   endloop
 endfacet
 facet normal  9.425190e-01 -1.378764e-03 -3.341497e-01
   outer loop
     vertex  4.788918e-01  2.991572e-01 -1.437452e-01
     vertex  4.792700e-01  2.508564e-01 -1.424791e-01
     vertex  4.622043e-01  2.718138e-01 -1.907017e-01
   endloop
 endfacet
 facet normal  9.446579e-01  8.186956e-04 -3.280560e-01
   outer loop
     vertex  4.799946e-01 -1.100295e-02 -1.400184e-01
     vertex  4.798003e-01 -5.304113e-02 -1.406830e-01
     vertex  4.636038e-01 -3.387197e-02 -1.872739e-01
   endloop
 endfacet
 facet normal  8.713442e-01 -3.508031e-02  4.894167e-01
   outer loop
     vertex  4.127233e-01 -4.536936e-01  2.822401e-01
     vertex  4.553779e-01 -4.512707e-01  2.064727e-01
     vertex  4.280578e-01 -4.055169e-01  2.583922e-01
   endloop
 endfacet
 facet normal -3.727035e-01 -2.751713e-02  9.275424e-01
   outer loop
     vertex -2.197271e-01 -4.550903e-01  4.491325e-01
     vertex -1.521580e-01 -4.550036e-01  4.762856e-01
     vertex -1.863567e-01 -4.068234e-01  4.639732e-01
   endloop
 endfacet
 facet normal  7.810521e-01 -2.733627e-02  6.238673e-01
   outer loop
     vertex  3.665571e-01 -4.533561e-01  3.400528e-01
     vertex  4.127233e-01 -4.536936e-01  2.822401e-01
     vertex  3.869036e-01 -4.047301e-01  3.167106e-01
   endloop
 endfacet
 facet normal -9.990459e-01  2.830211e-02  3.326014e-02
   outer loop
     vertex -4.996001e-01 -7.326280e-02 -1.999260e-02
     vertex -4.998322e-01 -1.201716e-01  1.295412e-02
     vertex -4.971641e-01 -7.325945e-02  5.317807e-02
   endloop
 endfacet
 facet normal  7.852297e-01  2.579735e-02  6.186669e-01
   outer loop
     vertex  4.142392e-01  3.614093e-01  2.800105e-01
     vertex  3.701777e-01  3.572554e-01  3.361078e-01
     vertex  3.943734e-01  3.102233e-01  3.073592e-01
   endloop
 endfacet
 facet normal -6.341607e-01 -2.925330e-02 -7.726477e-01
   outer loop
     vertex -2.873102e-01 -4.550000e-01 -4.092100e-01
     vertex -3.453683e-01 -4.551282e-01 -3.615533e-01
     vertex -3.175438e-01 -4.068067e-01 -3.862201e-01
   endloop
 endfacet
 facet normal  9.435372e-01  3.262103e-04 -3.312665e-01
   outer loop
     vertex  4.793505e-01  1.589743e-01 -1.422078e-01
     vertex  4.792675e-01  1.152155e-01 -1.424874e-01
     vertex  4.631032e-01  1.348555e-01 -1.885085e-01
   endloop
 endfacet
 facet normal  9.418544e-01  5.124602e-03 -3.359823e-01
   outer loop
     vertex  4.795456e-01 -3.100184e-01 -1.415488e-01
     vertex  4.781744e-01 -3.573082e-01 -1.461139e-01
     vertex  4.617085e-01 -3.328306e-01 -1.918990e-01
   endloop
 endfacet
 facet normal  9.384624e-01 -1.256636e-02  3.451527e-01
   outer loop
     vertex  4.814483e-01 -4.691937e-01  1.349354e-01
     vertex  4.788911e-01 -4.181311e-01  1.437472e-01
     vertex  4.553779e-01 -4.512707e-01  2.064727e-01
   endloop
 endfacet
 facet normal  9.452001e-01 -5.024759e-04 -3.264913e-01
   outer loop
     vertex  4.798727e-01  3.080503e-02 -1.404358e-01
     vertex  4.799946e-01 -1.100295e-02 -1.400184e-01
     vertex  4.641546e-01  7.767402e-03 -1.859046e-01
   endloop
 endfacet
 facet normal  9.450413e-01 -1.749013e-03 -3.269464e-01
   outer loop
     vertex  4.799946e-01 -1.100295e-02 -1.400184e-01
     vertex  4.636038e-01 -3.387197e-02 -1.872739e-01
     vertex  4.641546e-01  7.767402e-03 -1.859046e-01
   endloop
 endfacet
 facet normal -9.074230e-01 -2.865601e-02 -4.192401e-01
   outer loop
     vertex -4.370422e-01 -4.550862e-01 -2.428870e-01
     vertex -4.682243e-01 -4.549788e-01 -1.754023e-01
     vertex -4.539329e-01 -4.067716e-01 -2.096304e-01
   endloop
 endfacet
 facet normal  3.232875e-01 -2.527851e-02  9.459631e-01
   outer loop
     vertex  1.280898e-01 -4.545961e-01  4.833146e-01
     vertex  1.944089e-01 -4.543113e-01  4.606573e-01
     vertex  1.604722e-01 -4.059008e-01  4.735490e-01
   endloop
 endfacet
 facet normal  8.007450e-01  2.523063e-02 -5.984737e-01
   outer loop
     vertex  3.785988e-01  3.554072e-01 -3.265930e-01
     vertex  4.202439e-01  3.543980e-01 -2.709152e-01
     vertex  3.978117e-01  3.077466e-01 -3.028958e-01
   endloop
 endfacet
 facet normal -9.391700e-02 -2.633012e-02  9.952318e-01
   outer loop
     vertex -8.232919e-02 -4.549719e-01  4.931753e-01
     vertex -1.140650e-02 -4.549044e-01  4.998699e-01
     vertex -4.705442e-02 -4.067090e-01  4.977810e-01
   endloop
 endfacet
 facet normal  1.877589e-01 -2.540880e-02  9.818864e-01
   outer loop
     vertex  5.919740e-02 -4.547925e-01  4.964833e-01
     vertex  1.280898e-01 -4.545961e-01  4.833146e-01
     vertex  9.321559e-02 -4.062655e-01  4.912340e-01
   endloop
 endfacet
 facet normal  9.728562e-01 -8.024932e-03  2.312714e-01
   outer loop
     vertex  4.927200e-01 -4.343719e-01  8.501205e-02
     vertex  4.914290e-01 -3.842376e-01  9.218229e-02
     vertex  4.788911e-01 -4.181311e-01  1.437472e-01
   endloop
 endfacet
 facet normal  9.376827e-01 -1.485490e-02 -3.471749e-01
   outer loop
     vertex  4.809290e-01 -4.586581e-01 -1.367746e-01
     vertex  4.552906e-01 -4.436097e-01 -2.066651e-01
     vertex  4.776422e-01 -4.074197e-01 -1.478444e-01
   endloop
 endfacet
 facet normal  9.434540e-01  2.511499e-04 -3.315033e-01
   outer loop
     vertex  4.794876e-01 -9.488535e-02 -1.417450e-01
     vertex  4.794285e-01 -1.365731e-01 -1.419449e-01
     vertex  4.628078e-01 -1.173794e-01 -1.892324e-01
   endloop
 endfacet
 facet normal  9.435517e-01  1.024431e-03 -3.312238e-01
   outer loop
     vertex  4.794285e-01 -1.365731e-01 -1.419449e-01
     vertex  4.631327e-01 -1.590772e-01 -1.884359e-01
     vertex  4.628078e-01 -1.173794e-01 -1.892324e-01
   endloop
 endfacet
 facet normal -9.172492e-01  2.918930e-02 -3.972429e-01
   outer loop
     vertex -4.427813e-01 -7.339258e-02 -2.322600e-01
     vertex -4.573639e-01 -1.203041e-01 -2.020353e-01
     vertex -4.723203e-01 -7.339403e-02 -1.640535e-01
   endloop
 endfacet
 facet normal -9.593553e-01 -2.808012e-02 -2.808005e-01
   outer loop
     vertex -4.682243e-01 -4.549788e-01 -1.754023e-01
     vertex -4.888969e-01 -4.548775e-01 -1.047845e-01
     vertex -4.798880e-01 -4.066786e-01 -1.403834e-01
   endloop
 endfacet
 facet normal -9.879000e-01  2.785904e-02 -1.525693e-01
   outer loop
     vertex -4.984055e-01  3.548635e-01 -3.989901e-02
     vertex -4.872197e-01  3.548797e-01 -1.123252e-01
     vertex -4.940854e-01  3.066352e-01 -7.667857e-02
   endloop
 endfacet
 facet normal -9.995905e-01 -2.750685e-02  7.892762e-03
   outer loop
     vertex -4.989446e-01 -4.548552e-01 -3.246914e-02
     vertex -4.983684e-01 -4.548977e-01  4.035992e-02
     vertex -4.999819e-01 -4.066242e-01  4.255363e-03
   endloop
 endfacet
 facet normal -9.901075e-01 -2.764879e-02 -1.375599e-01
   outer loop
     vertex -4.888969e-01 -4.548775e-01 -1.047845e-01
     vertex -4.989446e-01 -4.548552e-01 -3.246914e-02
     vertex -4.952675e-01 -4.066236e-01 -6.863001e-02
   endloop
 endfacet
 facet normal  7.886075e-01 -2.516651e-02 -6.143817e-01
   outer loop
     vertex  4.151381e-01 -4.499197e-01 -2.786760e-01
     vertex  3.711328e-01 -4.525432e-01 -3.350529e-01
     vertex  3.897025e-01 -4.026681e-01 -3.132602e-01
   endloop
 endfacet
 facet normal  6.937371e-01 -2.471792e-02 -7.198041e-01
   outer loop
     vertex  3.711328e-01 -4.525432e-01 -3.350529e-01
     vertex  3.208065e-01 -4.537787e-01 -3.835143e-01
     vertex  3.439568e-01 -4.044491e-01 -3.628963e-01
   endloop
 endfacet
 facet normal  5.547906e-02 -2.753211e-02 -9.980802e-01
   outer loop
     vertex  6.404646e-02 -4.548021e-01 -4.958811e-01
     vertex -8.755321e-03 -4.549649e-01 -4.999233e-01
     vertex  2.734868e-02 -4.065684e-01 -4.992515e-01
   endloop
 endfacet
 facet normal  9.436622e-01  3.602944e-04 -3.309103e-01
   outer loop
     vertex  4.794430e-01  2.034183e-01 -1.418956e-01
     vertex  4.793505e-01  1.589743e-01 -1.422078e-01
     vertex  4.631290e-01  1.791951e-01 -1.884451e-01
   endloop
 endfacet
 facet normal  9.436027e-01 -7.575099e-05 -3.310801e-01
   outer loop
     vertex  4.793505e-01  1.589743e-01 -1.422078e-01
     vertex  4.631032e-01  1.348555e-01 -1.885085e-01
     vertex  4.631290e-01  1.791951e-01 -1.884451e-01
   endloop
 endfacet
 facet normal -5.042126e-01 -2.815853e-02  8.631204e-01
   outer loop
     vertex -2.833436e-01 -4.551787e-01  4.119665e-01
     vertex -2.197271e-01 -4.550903e-01  4.491325e-01
     vertex -2.521174e-01 -4.068937e-01  4.317833e-01
   endloop
 endfacet
 facet normal  9.361615e-01 -6.880793e-03 -3.515030e-01
   outer loop
     vertex  4.776422e-01 -4.074197e-01 -1.478444e-01
     vertex  4.552906e-01 -4.436097e-01 -2.066651e-01
     vertex  4.580907e-01 -3.836200e-01 -2.003820e-01
   endloop
 endfacet
 facet normal  9.438611e-01  1.331266e-03 -3.303400e-01
   outer loop
     vertex  4.798003e-01 -5.304113e-02 -1.406830e-01
     vertex  4.794876e-01 -9.488535e-02 -1.417450e-01
     vertex  4.630353e-01 -7.552641e-02 -1.886750e-01
   endloop
 endfacet
 facet normal  9.443198e-01 -1.819641e-03 -3.290240e-01
   outer loop
     vertex  4.636038e-01 -3.387197e-02 -1.872739e-01
     vertex  4.798003e-01 -5.304113e-02 -1.406830e-01
     vertex  4.630353e-01 -7.552641e-02 -1.886750e-01
   endloop
 endfacet
 facet normal  9.435976e-01 -7.199438e-04 -3.310938e-01
   outer loop
     vertex  4.794876e-01 -9.488535e-02 -1.417450e-01
     vertex  4.628078e-01 -1.173794e-01 -1.892324e-01
     vertex  4.630353e-01 -7.552641e-02 -1.886750e-01
   endloop
 endfacet
 facet normal  3.371404e-01 -2.632202e-02 -9.410863e-01
   outer loop
     vertex  2.017899e-01 -4.545887e-01 -4.574722e-01
     vertex  1.345741e-01 -4.546827e-01 -4.815494e-01
     vertex  1.681557e-01 -4.061838e-01 -4.708754e-01
   endloop
 endfacet
 facet normal -8.271700e-01 -2.857823e-02  5.612246e-01
   outer loop
     vertex -4.334451e-01 -4.550413e-01  2.492495e-01
     vertex -3.917704e-01 -4.550868e-01  3.106701e-01
     vertex -4.135335e-01 -4.068280e-01  2.810517e-01
   endloop
 endfacet
 facet normal  6.050338e-01  2.532355e-02 -7.957970e-01
   outer loop
     vertex  2.739807e-01  3.551002e-01 -4.182518e-01
     vertex  3.298088e-01  3.552812e-01 -3.758007e-01
     vertex  3.016987e-01  3.066381e-01 -3.987203e-01
   endloop
 endfacet
 facet normal -7.348020e-01 -2.877081e-02  6.776712e-01
   outer loop
     vertex -3.917704e-01 -4.550868e-01  3.106701e-01
     vertex -3.412747e-01 -4.551610e-01  3.654197e-01
     vertex -3.673372e-01 -4.068775e-01  3.392099e-01
   endloop
 endfacet
 facet normal -5.116963e-01 -2.889113e-02 -8.586805e-01
   outer loop
     vertex -2.232046e-01 -4.549027e-01 -4.474145e-01
     vertex -2.873102e-01 -4.550000e-01 -4.092100e-01
     vertex -2.562593e-01 -4.067180e-01 -4.293380e-01
   endloop
 endfacet
 facet normal -9.122134e-02 -2.825349e-02 -9.954298e-01
   outer loop
     vertex -8.755321e-03 -4.549649e-01 -4.999233e-01
     vertex -8.229523e-02 -4.550753e-01 -4.931810e-01
     vertex -4.604276e-02 -4.067237e-01 -4.978756e-01
   endloop
 endfacet
 facet normal -9.009742e-01 -2.826519e-02  4.329511e-01
   outer loop
     vertex -4.654238e-01 -4.550087e-01  1.827037e-01
     vertex -4.334451e-01 -4.550413e-01  2.492495e-01
     vertex -4.505234e-01 -4.067694e-01  2.168610e-01
   endloop
 endfacet
 facet normal -7.429406e-01 -2.943464e-02 -6.687098e-01
   outer loop
     vertex -3.453683e-01 -4.551282e-01 -3.615533e-01
     vertex -3.957838e-01 -4.551395e-01 -3.055408e-01
     vertex -3.718181e-01 -4.068537e-01 -3.342922e-01
   endloop
 endfacet
 facet normal  4.669589e-01 -2.553213e-02 -8.839104e-01
   outer loop
     vertex  2.640816e-01 -4.543414e-01 -4.245714e-01
     vertex  2.017899e-01 -4.545887e-01 -4.574722e-01
     vertex  2.325196e-01 -4.058813e-01 -4.426451e-01
   endloop
 endfacet
 facet normal -9.547910e-01 -2.793731e-02  2.959622e-01
   outer loop
     vertex -4.871584e-01 -4.549663e-01  1.125907e-01
     vertex -4.654238e-01 -4.550087e-01  1.827037e-01
     vertex -4.774674e-01 -4.067295e-01  1.484079e-01
   endloop
 endfacet
 facet normal -3.785432e-01 -2.865413e-02 -9.251400e-01
   outer loop
     vertex -1.544171e-01 -4.549860e-01 -4.755580e-01
     vertex -2.232046e-01 -4.549027e-01 -4.474145e-01
     vertex -1.896023e-01 -4.067065e-01 -4.626564e-01
   endloop
 endfacet
 facet normal  1.991090e-01 -2.680712e-02 -9.796106e-01
   outer loop
     vertex  1.345741e-01 -4.546827e-01 -4.815494e-01
     vertex  6.404646e-02 -4.548021e-01 -4.958811e-01
     vertex  9.909471e-02 -4.064028e-01 -4.900819e-01
   endloop
 endfacet
 facet normal -6.260987e-01 -2.863616e-02  7.792178e-01
   outer loop
     vertex -3.412747e-01 -4.551610e-01  3.654197e-01
     vertex -2.833436e-01 -4.551787e-01  4.119665e-01
     vertex -3.130017e-01 -4.069111e-01  3.899102e-01
   endloop
 endfacet
 facet normal -2.373039e-01 -2.856269e-02 -9.710155e-01
   outer loop
     vertex -8.229523e-02 -4.550753e-01 -4.931810e-01
     vertex -1.544171e-01 -4.549860e-01 -4.755580e-01
     vertex -1.188679e-01 -4.067388e-01 -4.856649e-01
   endloop
 endfacet
 facet normal  4.522412e-01 -2.505676e-02  8.915437e-01
   outer loop
     vertex  1.944089e-01 -4.543113e-01  4.606573e-01
     vertex  2.567534e-01 -4.539531e-01  4.290428e-01
     vertex  2.243570e-01 -4.055036e-01  4.468377e-01
   endloop
 endfacet
 facet normal -8.348354e-01 -2.917494e-02 -5.497261e-01
   outer loop
     vertex -3.957838e-01 -4.551395e-01 -3.055408e-01
     vertex -4.370422e-01 -4.550862e-01 -2.428870e-01
     vertex -4.176912e-01 -4.068421e-01 -2.748347e-01
   endloop
 endfacet
 facet normal -9.877950e-01 -2.770188e-02  1.532764e-01
   outer loop
     vertex -4.983684e-01 -4.548977e-01  4.035992e-02
     vertex -4.871584e-01 -4.549663e-01  1.125907e-01
     vertex -4.940369e-01 -4.066714e-01  7.699050e-02
   endloop
 endfacet
 facet normal -8.343676e-01  2.862659e-02  5.504646e-01
   outer loop
     vertex -3.957382e-01  3.549839e-01  3.055998e-01
     vertex -4.366617e-01  3.549757e-01  2.435704e-01
     vertex -4.174544e-01  3.067062e-01  2.751942e-01
   endloop
 endfacet
 facet normal  7.098643e-01  2.480353e-02 -7.039016e-01
   outer loop
     vertex  3.298088e-01  3.552812e-01 -3.758007e-01
     vertex  3.785988e-01  3.554072e-01 -3.265930e-01
     vertex  3.532013e-01  3.071757e-01 -3.539052e-01
   endloop
 endfacet
 facet normal  6.825448e-01 -2.561948e-02  7.303946e-01
   outer loop
     vertex  3.144396e-01 -4.534827e-01  3.887515e-01
     vertex  3.665571e-01 -4.533561e-01  3.400528e-01
     vertex  3.385705e-01 -4.042993e-01  3.679266e-01
   endloop
 endfacet
 facet normal  8.741109e-01 -2.875550e-02 -4.848745e-01
   outer loop
     vertex  4.552906e-01 -4.436097e-01 -2.066651e-01
     vertex  4.151381e-01 -4.499197e-01 -2.786760e-01
     vertex  4.284376e-01 -3.982947e-01 -2.577620e-01
   endloop
 endfacet
 facet normal  8.876528e-01  6.795505e-03 -4.604631e-01
   outer loop
     vertex  4.580907e-01 -3.836200e-01 -2.003820e-01
     vertex  4.552906e-01 -4.436097e-01 -2.066651e-01
     vertex  4.284376e-01 -3.982947e-01 -2.577620e-01
   endloop
 endfacet
 facet normal  8.190476e-01  2.126486e-02 -5.733313e-01
   outer loop
     vertex  4.151381e-01 -4.499197e-01 -2.786760e-01
     vertex  3.897025e-01 -4.026681e-01 -3.132602e-01
     vertex  4.284376e-01 -3.982947e-01 -2.577620e-01
   endloop
 endfacet
 facet normal  6.889261e-01  2.745439e-02  7.243114e-01
   outer loop
     vertex  3.701777e-01  3.572554e-01  3.361078e-01
     vertex  3.175437e-01  3.559446e-01  3.862201e-01
     vertex  3.449109e-01  3.084652e-01  3.619896e-01
   endloop
 endfacet
 facet normal  5.771356e-01  2.726501e-02  8.161931e-01
   outer loop
     vertex  3.175437e-01  3.559446e-01  3.862201e-01
     vertex  2.584806e-01  3.553351e-01  4.280044e-01
     vertex  2.884747e-01  3.076012e-01  4.083900e-01
   endloop
 endfacet
 facet normal  4.539423e-01  2.665853e-02  8.906322e-01
   outer loop
     vertex  2.584806e-01  3.553351e-01  4.280044e-01
     vertex  1.945874e-01  3.549304e-01  4.605819e-01
     vertex  2.267673e-01  3.068551e-01  4.456194e-01
   endloop
 endfacet
 facet normal  3.222346e-01  2.629273e-02  9.462946e-01
   outer loop
     vertex  1.945874e-01  3.549304e-01  4.605819e-01
     vertex  1.270216e-01  3.546857e-01  4.835964e-01
     vertex  1.609406e-01  3.063220e-01  4.733900e-01
   endloop
 endfacet
 facet normal  1.843097e-01  2.623527e-02  9.825180e-01
   outer loop
     vertex  1.270216e-01  3.546857e-01  4.835964e-01
     vertex  5.690985e-02  3.546081e-01  4.967507e-01
     vertex  9.196941e-02  3.061127e-01  4.914688e-01
   endloop
 endfacet
 facet normal  4.244992e-02  2.641827e-02  9.987493e-01
   outer loop
     vertex  5.690985e-02  3.546081e-01  4.967507e-01
     vertex -1.456536e-02  3.546392e-01  4.997878e-01
     vertex  2.099841e-02  3.061488e-01  4.995589e-01
   endloop
 endfacet
 facet normal -1.009369e-01  2.679669e-02  9.945319e-01
   outer loop
     vertex -1.456536e-02  3.546392e-01  4.997878e-01
     vertex -8.617556e-02  3.547196e-01  4.925178e-01
     vertex -5.078412e-02  3.063024e-01  4.974143e-01
   endloop
 endfacet
 facet normal -2.433207e-01  2.733630e-02  9.695606e-01
   outer loop
     vertex -8.617556e-02  3.547196e-01  4.925178e-01
     vertex -1.566337e-01  3.548314e-01  4.748325e-01
     vertex -1.220909e-01  3.064743e-01  4.848647e-01
   endloop
 endfacet
 facet normal -3.820133e-01  2.799603e-02  9.237327e-01
   outer loop
     vertex -1.566337e-01  3.548314e-01  4.748325e-01
     vertex -2.245518e-01  3.549911e-01  4.467399e-01
     vertex -1.915158e-01  3.066332e-01  4.618676e-01
   endloop
 endfacet
 facet normal -5.139892e-01  2.858997e-02  8.573200e-01
   outer loop
     vertex -2.245518e-01  3.549911e-01  4.467399e-01
     vertex -2.882624e-01  3.550988e-01  4.085398e-01
     vertex -2.574513e-01  3.067501e-01  4.286243e-01
   endloop
 endfacet
 facet normal -6.356608e-01  2.887093e-02  7.714285e-01
   outer loop
     vertex -2.882624e-01  3.550988e-01  4.085398e-01
     vertex -3.458752e-01  3.550524e-01  3.610683e-01
     vertex -3.181679e-01  3.067749e-01  3.857061e-01
   endloop
 endfacet
 facet normal -7.433935e-01  2.882742e-02  6.682328e-01
   outer loop
     vertex -3.458752e-01  3.550524e-01  3.610683e-01
     vertex -3.957382e-01  3.549839e-01  3.055998e-01
     vertex -3.719476e-01  3.067271e-01  3.341482e-01
   endloop
 endfacet
 facet normal  8.646944e-01  2.789965e-02  5.015228e-01
   outer loop
     vertex  4.497645e-01  3.673317e-01  2.184306e-01
     vertex  4.142392e-01  3.614093e-01  2.800105e-01
     vertex  4.329633e-01  3.190227e-01  2.500856e-01
   endloop
 endfacet
 facet normal -9.066106e-01  2.837970e-02  4.210128e-01
   outer loop
     vertex -4.366617e-01  3.549757e-01  2.435704e-01
     vertex -4.678283e-01  3.549800e-01  1.764558e-01
     vertex -4.535635e-01  3.066960e-01  2.104286e-01
   endloop
 endfacet
 facet normal -9.587260e-01  2.810883e-02  2.829389e-01
   outer loop
     vertex -4.678283e-01  3.549800e-01  1.764558e-01
     vertex -4.886705e-01  3.549554e-01  1.058355e-01
     vertex -4.796030e-01  3.067025e-01  1.413540e-01
   endloop
 endfacet
 facet normal -9.898463e-01  2.786292e-02  1.393840e-01
   outer loop
     vertex -4.886705e-01  3.549554e-01  1.058355e-01
     vertex -4.988935e-01  3.549077e-01  3.324527e-02
     vertex -4.951372e-01  3.066693e-01  6.956395e-02
   endloop
 endfacet
 facet normal -9.995926e-01  2.774906e-02 -6.685823e-03
   outer loop
     vertex -4.988935e-01  3.549077e-01  3.324527e-02
     vertex -4.984055e-01  3.548635e-01 -3.989901e-02
     vertex -4.999874e-01  3.066383e-01 -3.549767e-03
   endloop
 endfacet
 facet normal  5.725683e-01 -2.523426e-02  8.194686e-01
   outer loop
     vertex  2.567534e-01 -4.539531e-01  4.290428e-01
     vertex  3.144396e-01 -4.534827e-01  3.887515e-01
     vertex  2.838131e-01 -4.050066e-01  4.116432e-01
   endloop
 endfacet
 facet normal -9.547851e-01  2.835824e-02 -2.959413e-01
   outer loop
     vertex -4.872197e-01  3.548797e-01 -1.123252e-01
     vertex -4.653235e-01  3.549741e-01 -1.829590e-01
     vertex -4.774529e-01  3.066774e-01 -1.484544e-01
   endloop
 endfacet
 facet normal -9.003439e-01  2.894681e-02 -4.342152e-01
   outer loop
     vertex -4.653235e-01  3.549741e-01 -1.829590e-01
     vertex -4.328635e-01  3.550726e-01 -2.502583e-01
     vertex -4.501712e-01  3.067662e-01 -2.175910e-01
   endloop
 endfacet
 facet normal -8.251852e-01  2.945598e-02 -5.640938e-01
   outer loop
     vertex -4.328635e-01  3.550726e-01 -2.502583e-01
     vertex -3.903191e-01  3.551255e-01 -3.124916e-01
     vertex -4.125854e-01  3.068219e-01 -2.824417e-01
   endloop
 endfacet
 facet normal -7.308055e-01  2.965191e-02 -6.819414e-01
   outer loop
     vertex -3.903191e-01  3.551255e-01 -3.124916e-01
     vertex -3.387158e-01  3.551167e-01 -3.677929e-01
     vertex -3.653906e-01  3.068395e-01 -3.413059e-01
   endloop
 endfacet
 facet normal -6.197466e-01  2.945477e-02 -7.842491e-01
   outer loop
     vertex -3.387158e-01  3.551167e-01 -3.677929e-01
     vertex -2.795755e-01  3.549868e-01 -4.145329e-01
     vertex -3.099142e-01  3.067762e-01 -3.923687e-01
   endloop
 endfacet
 facet normal -4.952305e-01  2.911068e-02 -8.682737e-01
   outer loop
     vertex -2.795755e-01  3.549868e-01 -4.145329e-01
     vertex -2.145019e-01  3.549002e-01 -4.516513e-01
     vertex -2.476072e-01  3.066984e-01 -4.343854e-01
   endloop
 endfacet
 facet normal -3.602761e-01  2.890162e-02 -9.323979e-01
   outer loop
     vertex -2.145019e-01  3.549002e-01 -4.516513e-01
     vertex -1.448747e-01  3.550240e-01 -4.785513e-01
     vertex -1.799737e-01  3.067229e-01 -4.664863e-01
   endloop
 endfacet
 facet normal -2.176055e-01  2.877595e-02 -9.756125e-01
   outer loop
     vertex -1.448747e-01  3.550240e-01 -4.785513e-01
     vertex -7.216329e-02  3.551644e-01 -4.947651e-01
     vertex -1.085973e-01  3.068335e-01 -4.880642e-01
   endloop
 endfacet
 facet normal -7.062985e-02  2.842681e-02 -9.970975e-01
   outer loop
     vertex -7.216329e-02  3.551644e-01 -4.947651e-01
     vertex  1.685074e-03  3.551285e-01 -4.999972e-01
     vertex -3.523518e-02  3.068977e-01 -4.987569e-01
   endloop
 endfacet
 facet normal  7.658228e-02  2.782699e-02 -9.966749e-01
   outer loop
     vertex  1.685074e-03  3.551285e-01 -4.999972e-01
     vertex  7.468455e-02  3.550314e-01 -4.943908e-01
     vertex  3.825551e-02  3.068762e-01 -4.985344e-01
   endloop
 endfacet
 facet normal  2.204473e-01  2.716958e-02 -9.750204e-01
   outer loop
     vertex  7.468455e-02  3.550314e-01 -4.943908e-01
     vertex  1.452554e-01  3.550018e-01 -4.784359e-01
     vertex  1.101638e-01  3.068037e-01 -4.877130e-01
   endloop
 endfacet
 facet normal  3.581844e-01  2.659037e-02 -9.332721e-01
   outer loop
     vertex  1.452554e-01  3.550018e-01 -4.784359e-01
     vertex  2.121397e-01  3.550153e-01 -4.527657e-01
     vertex  1.789073e-01  3.067112e-01 -4.668963e-01
   endloop
 endfacet
 facet normal  4.871535e-01  2.589617e-02 -8.729323e-01
   outer loop
     vertex  2.121397e-01  3.550153e-01 -4.527657e-01
     vertex  2.739807e-01  3.551002e-01 -4.182518e-01
     vertex  2.432805e-01  3.066009e-01 -4.368233e-01
   endloop
 endfacet
 facet normal  5.863059e-01 -2.511216e-02 -8.097004e-01
   outer loop
     vertex  3.208065e-01 -4.537787e-01 -3.835143e-01
     vertex  2.640816e-01 -4.543414e-01 -4.245714e-01
     vertex  2.916211e-01 -4.053597e-01 -4.061491e-01
   endloop
 endfacet
 facet normal  9.309989e-01  2.642490e-02 -3.640644e-01
   outer loop
     vertex  4.524081e-01  3.569635e-01 -2.129011e-01
     vertex  4.761790e-01  3.517579e-01 -1.524913e-01
     vertex  4.629004e-01  3.165137e-01 -1.890060e-01
   endloop
 endfacet
 facet normal  9.419819e-01 -7.217837e-03 -3.355861e-01
   outer loop
     vertex  4.761790e-01  3.517579e-01 -1.524913e-01
     vertex  4.788918e-01  2.991572e-01 -1.437452e-01
     vertex  4.629004e-01  3.165137e-01 -1.890060e-01
   endloop
 endfacet
 facet normal  4.793561e-02 -2.587445e-02  9.985152e-01
   outer loop
     vertex -1.140650e-02 -4.549044e-01  4.998699e-01
     vertex  5.919740e-02 -4.547925e-01  4.964833e-01
     vertex  2.376331e-02 -4.065307e-01  4.994350e-01
   endloop
 endfacet
 facet normal  9.375091e-01  2.059070e-03 -3.479547e-01
   outer loop
     vertex  4.781744e-01 -3.573082e-01 -1.461139e-01
     vertex  4.776422e-01 -4.074197e-01 -1.478444e-01
     vertex  4.580907e-01 -3.836200e-01 -2.003820e-01
   endloop
 endfacet
 facet normal  8.739950e-01  2.090172e-02 -4.854852e-01
   outer loop
     vertex  4.202439e-01  3.543980e-01 -2.709152e-01
     vertex  4.524081e-01  3.569635e-01 -2.129011e-01
     vertex  4.376725e-01  3.030655e-01 -2.417494e-01
   endloop
 endfacet
 facet normal  8.364670e-01 -2.699120e-02 -5.473522e-01
   outer loop
     vertex  3.978117e-01  3.077466e-01 -3.028958e-01
     vertex  4.202439e-01  3.543980e-01 -2.709152e-01
     vertex  4.376725e-01  3.030655e-01 -2.417494e-01
   endloop
 endfacet
 facet normal  9.037648e-01 -1.819704e-02 -4.276424e-01
   outer loop
     vertex  4.524081e-01  3.569635e-01 -2.129011e-01
     vertex  4.629004e-01  3.165137e-01 -1.890060e-01
     vertex  4.376725e-01  3.030655e-01 -2.417494e-01
   endloop
 endfacet
 facet normal -1.649560e-01  2.647759e-02  9.859455e-01
   outer loop
     vertex -1.175119e-01 -4.067802e-01  4.859948e-01
     vertex -8.232919e-02 -4.549719e-01  4.931753e-01
     vertex -4.705442e-02 -4.067090e-01  4.977810e-01
   endloop
 endfacet
 facet normal -2.340732e-02  2.600285e-02  9.993878e-01
   outer loop
     vertex -1.140650e-02 -4.549044e-01  4.998699e-01
     vertex  2.376331e-02 -4.065307e-01  4.994350e-01
     vertex -4.705442e-02 -4.067090e-01  4.977810e-01
   endloop
 endfacet
 facet normal  9.448825e-01 -1.526837e-03 -3.274061e-01
   outer loop
     vertex  4.794941e-01  7.254013e-02 -1.417230e-01
     vertex  4.798727e-01  3.080503e-02 -1.404358e-01
     vertex  4.641035e-01  4.945964e-02 -1.860322e-01
   endloop
 endfacet
 facet normal  9.450968e-01  1.588274e-04 -3.267906e-01
   outer loop
     vertex  4.798727e-01  3.080503e-02 -1.404358e-01
     vertex  4.641546e-01  7.767402e-03 -1.859046e-01
     vertex  4.641035e-01  4.945964e-02 -1.860322e-01
   endloop
 endfacet
 facet normal  9.440715e-01 -8.935995e-04 -3.297396e-01
   outer loop
     vertex  4.792675e-01  1.152155e-01 -1.424874e-01
     vertex  4.794941e-01  7.254013e-02 -1.417230e-01
     vertex  4.635955e-01  9.189376e-02 -1.872946e-01
   endloop
 endfacet
 facet normal  9.436881e-01  1.465400e-03 -3.308333e-01
   outer loop
     vertex  4.631032e-01  1.348555e-01 -1.885085e-01
     vertex  4.792675e-01  1.152155e-01 -1.424874e-01
     vertex  4.635955e-01  9.189376e-02 -1.872946e-01
   endloop
 endfacet
 facet normal  9.443900e-01  1.523738e-03 -3.288241e-01
   outer loop
     vertex  4.794941e-01  7.254013e-02 -1.417230e-01
     vertex  4.641035e-01  4.945964e-02 -1.860322e-01
     vertex  4.635955e-01  9.189376e-02 -1.872946e-01
   endloop
 endfacet
 facet normal  2.677669e-01  2.656225e-02 -9.631175e-01
   outer loop
     vertex  1.681557e-01 -4.061838e-01 -4.708754e-01
     vertex  1.345741e-01 -4.546827e-01 -4.815494e-01
     vertex  9.909471e-02 -4.064028e-01 -4.900819e-01
   endloop
 endfacet
 facet normal -8.736826e-01  2.884516e-02 -4.856405e-01
   outer loop
     vertex -4.370422e-01 -4.550862e-01 -2.428870e-01
     vertex -4.539329e-01 -4.067716e-01 -2.096304e-01
     vertex -4.176912e-01 -4.068421e-01 -2.748347e-01
   endloop
 endfacet
 facet normal  9.429824e-01  2.020242e-03 -3.328365e-01
   outer loop
     vertex  4.622043e-01  2.718138e-01 -1.907017e-01
     vertex  4.792700e-01  2.508564e-01 -1.424791e-01
     vertex  4.629277e-01  2.245844e-01 -1.889390e-01
   endloop
 endfacet
 facet normal  9.434547e-01 -6.353054e-04 -3.315010e-01
   outer loop
     vertex  4.792700e-01  2.508564e-01 -1.424791e-01
     vertex  4.794430e-01  2.034183e-01 -1.418956e-01
     vertex  4.629277e-01  2.245844e-01 -1.889390e-01
   endloop
 endfacet
 facet normal  8.169463e-01  2.517496e-02  5.761640e-01
   outer loop
     vertex  4.127233e-01 -4.536936e-01  2.822401e-01
     vertex  4.280578e-01 -4.055169e-01  2.583922e-01
     vertex  3.869036e-01 -4.047301e-01  3.167106e-01
   endloop
 endfacet
 facet normal  9.459847e-01  2.343520e-03 -3.242029e-01
   outer loop
     vertex  4.802095e-01 -2.641203e-01 -1.392797e-01
     vertex  4.795456e-01 -3.100184e-01 -1.415488e-01
     vertex  4.651159e-01 -2.869832e-01 -1.834861e-01
   endloop
 endfacet
 facet normal  9.439162e-01 -9.589923e-03 -3.300460e-01
   outer loop
     vertex  4.795456e-01 -3.100184e-01 -1.415488e-01
     vertex  4.617085e-01 -3.328306e-01 -1.918990e-01
     vertex  4.651159e-01 -2.869832e-01 -1.834861e-01
   endloop
 endfacet
 facet normal -4.395080e-01  2.781216e-02  8.978080e-01
   outer loop
     vertex -2.197271e-01 -4.550903e-01  4.491325e-01
     vertex -1.863567e-01 -4.068234e-01  4.639732e-01
     vertex -2.521174e-01 -4.068937e-01  4.317833e-01
   endloop
 endfacet
 facet normal  7.271567e-01  2.504780e-02  6.860144e-01
   outer loop
     vertex  3.665571e-01 -4.533561e-01  3.400528e-01
     vertex  3.869036e-01 -4.047301e-01  3.167106e-01
     vertex  3.385705e-01 -4.042993e-01  3.679266e-01
   endloop
 endfacet
 facet normal  9.426343e-01 -2.013701e-03 -3.338210e-01
   outer loop
     vertex  4.629004e-01  3.165137e-01 -1.890060e-01
     vertex  4.788918e-01  2.991572e-01 -1.437452e-01
     vertex  4.622043e-01  2.718138e-01 -1.907017e-01
   endloop
 endfacet
 facet normal  5.250913e-01  2.472045e-02 -8.506868e-01
   outer loop
     vertex  2.916211e-01 -4.053597e-01 -4.061491e-01
     vertex  2.640816e-01 -4.543414e-01 -4.245714e-01
     vertex  2.325196e-01 -4.058813e-01 -4.426451e-01
   endloop
 endfacet
 facet normal  5.461489e-01 -2.508775e-02 -8.373123e-01
   outer loop
     vertex  2.432805e-01  3.066009e-01 -4.368233e-01
     vertex  2.739807e-01  3.551002e-01 -4.182518e-01
     vertex  3.016987e-01  3.066381e-01 -3.987203e-01
   endloop
 endfacet
 facet normal  4.230765e-01 -2.611497e-02 -9.057175e-01
   outer loop
     vertex  1.789073e-01  3.067112e-01 -4.668963e-01
     vertex  2.121397e-01  3.550153e-01 -4.527657e-01
     vertex  2.432805e-01  3.066009e-01 -4.368233e-01
   endloop
 endfacet
 facet normal  2.896829e-01 -2.675581e-02 -9.567486e-01
   outer loop
     vertex  1.101638e-01  3.068037e-01 -4.877130e-01
     vertex  1.452554e-01  3.550018e-01 -4.784359e-01
     vertex  1.789073e-01  3.067112e-01 -4.668963e-01
   endloop
 endfacet
 facet normal  1.487301e-01 -2.745591e-02 -9.884966e-01
   outer loop
     vertex  3.825551e-02  3.068762e-01 -4.985344e-01
     vertex  7.468455e-02  3.550314e-01 -4.943908e-01
     vertex  1.101638e-01  3.068037e-01 -4.877130e-01
   endloop
 endfacet
 facet normal  3.019103e-03 -2.801523e-02 -9.996029e-01
   outer loop
     vertex -3.523518e-02  3.068977e-01 -4.987569e-01
     vertex  1.685074e-03  3.551285e-01 -4.999972e-01
     vertex  3.825551e-02  3.068762e-01 -4.985344e-01
   endloop
 endfacet
 facet normal -1.441465e-01 -2.847724e-02 -9.891465e-01
   outer loop
     vertex -1.085973e-01  3.068335e-01 -4.880642e-01
     vertex -7.216329e-02  3.551644e-01 -4.947651e-01
     vertex -3.523518e-02  3.068977e-01 -4.987569e-01
   endloop
 endfacet
 facet normal -2.892154e-01 -2.883900e-02 -9.568296e-01
   outer loop
     vertex -1.799737e-01  3.067229e-01 -4.664863e-01
     vertex -1.448747e-01  3.550240e-01 -4.785513e-01
     vertex -1.085973e-01  3.068335e-01 -4.880642e-01
   endloop
 endfacet
 facet normal -4.285940e-01 -2.910488e-02 -9.030283e-01
   outer loop
     vertex -2.476072e-01  3.066984e-01 -4.343854e-01
     vertex -2.145019e-01  3.549002e-01 -4.516513e-01
     vertex -1.799737e-01  3.067229e-01 -4.664863e-01
   endloop
 endfacet
 facet normal -5.588878e-01 -2.929119e-02 -8.287258e-01
   outer loop
     vertex -3.099142e-01  3.067762e-01 -3.923687e-01
     vertex -2.795755e-01  3.549868e-01 -4.145329e-01
     vertex -2.476072e-01  3.066984e-01 -4.343854e-01
   endloop
 endfacet
 facet normal -6.769571e-01 -2.944914e-02 -7.354331e-01
   outer loop
     vertex -3.653906e-01  3.068395e-01 -3.413059e-01
     vertex -3.387158e-01  3.551167e-01 -3.677929e-01
     vertex -3.099142e-01  3.067762e-01 -3.923687e-01
   endloop
 endfacet
 facet normal -7.798560e-01 -2.949319e-02 -6.252637e-01
   outer loop
     vertex -4.125854e-01  3.068219e-01 -2.824417e-01
     vertex -3.903191e-01  3.551255e-01 -3.124916e-01
     vertex -3.653906e-01  3.068395e-01 -3.413059e-01
   endloop
 endfacet
 facet normal -8.648129e-01 -2.911566e-02 -5.012494e-01
   outer loop
     vertex -4.501712e-01  3.067662e-01 -2.175910e-01
     vertex -4.328635e-01  3.550726e-01 -2.502583e-01
     vertex -4.125854e-01  3.068219e-01 -2.824417e-01
   endloop
 endfacet
 facet normal -9.298029e-01 -2.864093e-02 -3.669419e-01
   outer loop
     vertex -4.774529e-01  3.066774e-01 -1.484544e-01
     vertex -4.653235e-01  3.549741e-01 -1.829590e-01
     vertex -4.501712e-01  3.067662e-01 -2.175910e-01
   endloop
 endfacet
 facet normal  6.235264e-01  2.493515e-02  7.814046e-01
   outer loop
     vertex  2.838131e-01 -4.050066e-01  4.116432e-01
     vertex  3.144396e-01 -4.534827e-01  3.887515e-01
     vertex  3.385705e-01 -4.042993e-01  3.679266e-01
   endloop
 endfacet
 facet normal -9.974193e-01 -2.784332e-02  6.617818e-02
   outer loop
     vertex -4.951372e-01  3.066693e-01  6.956395e-02
     vertex -4.988935e-01  3.549077e-01  3.324527e-02
     vertex -4.999874e-01  3.066383e-01 -3.549767e-03
   endloop
 endfacet
 facet normal -9.353471e-01 -2.824411e-02  3.526020e-01
   outer loop
     vertex -4.535635e-01  3.066960e-01  2.104286e-01
     vertex -4.678283e-01  3.549800e-01  1.764558e-01
     vertex -4.796030e-01  3.067025e-01  1.413540e-01
   endloop
 endfacet
 facet normal  8.308553e-01 -2.544345e-02  5.559065e-01
   outer loop
     vertex  4.329633e-01  3.190227e-01  2.500856e-01
     vertex  4.142392e-01  3.614093e-01  2.800105e-01
     vertex  3.943734e-01  3.102233e-01  3.073592e-01
   endloop
 endfacet
 facet normal -7.912680e-01 -2.875562e-02  6.107929e-01
   outer loop
     vertex -3.719476e-01  3.067271e-01  3.341482e-01
     vertex -3.957382e-01  3.549839e-01  3.055998e-01
     vertex -4.174544e-01  3.067062e-01  2.751942e-01
   endloop
 endfacet
 facet normal -6.917392e-01 -2.875564e-02  7.215747e-01
   outer loop
     vertex -3.181679e-01  3.067749e-01  3.857061e-01
     vertex -3.458752e-01  3.550524e-01  3.610683e-01
     vertex -3.719476e-01  3.067271e-01  3.341482e-01
   endloop
 endfacet
 facet normal -5.769883e-01 -2.861787e-02  8.162509e-01
   outer loop
     vertex -2.574513e-01  3.067501e-01  4.286243e-01
     vertex -2.882624e-01  3.550988e-01  4.085398e-01
     vertex -3.181679e-01  3.067749e-01  3.857061e-01
   endloop
 endfacet
 facet normal -4.500565e-01 -2.824199e-02  8.925534e-01
   outer loop
     vertex -1.915158e-01  3.066332e-01  4.618676e-01
     vertex -2.245518e-01  3.549911e-01  4.467399e-01
     vertex -2.574513e-01  3.067501e-01  4.286243e-01
   endloop
 endfacet
 facet normal -3.143851e-01 -2.771521e-02  9.488909e-01
   outer loop
     vertex -1.220909e-01  3.064743e-01  4.848647e-01
     vertex -1.566337e-01  3.548314e-01  4.748325e-01
     vertex -1.915158e-01  3.066332e-01  4.618676e-01
   endloop
 endfacet
 facet normal -1.733295e-01 -2.713555e-02  9.844900e-01
   outer loop
     vertex -5.078412e-02  3.063024e-01  4.974143e-01
     vertex -8.617556e-02  3.547196e-01  4.925178e-01
     vertex -1.220909e-01  3.064743e-01  4.848647e-01
   endloop
 endfacet
 facet normal -2.990915e-02 -2.665336e-02  9.991972e-01
   outer loop
     vertex  2.099841e-02  3.061488e-01  4.995589e-01
     vertex -1.456536e-02  3.546392e-01  4.997878e-01
     vertex -5.078412e-02  3.063024e-01  4.974143e-01
   endloop
 endfacet
 facet normal  1.132046e-01 -2.633575e-02  9.932226e-01
   outer loop
     vertex  9.196941e-02  3.061127e-01  4.914688e-01
     vertex  5.690985e-02  3.546081e-01  4.967507e-01
     vertex  2.099841e-02  3.061488e-01  4.995589e-01
   endloop
 endfacet
 facet normal  2.535425e-01 -2.624606e-02  9.669681e-01
   outer loop
     vertex  1.609406e-01  3.063220e-01  4.733900e-01
     vertex  1.270216e-01  3.546857e-01  4.835964e-01
     vertex  9.196941e-02  3.061127e-01  4.914688e-01
   endloop
 endfacet
 facet normal  3.887471e-01 -2.642145e-02  9.209656e-01
   outer loop
     vertex  2.267673e-01  3.068551e-01  4.456194e-01
     vertex  1.945874e-01  3.549304e-01  4.605819e-01
     vertex  1.609406e-01  3.063220e-01  4.733900e-01
   endloop
 endfacet
 facet normal -6.011672e-01 -2.970969e-02 -7.985708e-01
   outer loop
     vertex -3.034700e-01  2.018403e-02 -3.973738e-01
     vertex -2.699030e-01 -2.681347e-02 -4.208947e-01
     vertex -3.298105e-01 -2.673087e-02 -3.757992e-01
   endloop
 endfacet
 facet normal  7.526628e-01 -2.373829e-02 -6.579782e-01
   outer loop
     vertex  3.532013e-01  3.071757e-01 -3.539052e-01
     vertex  3.785988e-01  3.554072e-01 -3.265930e-01
     vertex  3.978117e-01  3.077466e-01 -3.028958e-01
   endloop
 endfacet
 facet normal -8.730656e-01 -2.850229e-02  4.867689e-01
   outer loop
     vertex -4.174544e-01  3.067062e-01  2.751942e-01
     vertex -4.366617e-01  3.549757e-01  2.435704e-01
     vertex -4.535635e-01  3.066960e-01  2.104286e-01
   endloop
 endfacet
 facet normal -9.737426e-01  2.786339e-02  2.259404e-01
   outer loop
     vertex -4.940369e-01 -4.066714e-01  7.699050e-02
     vertex -4.871584e-01 -4.549663e-01  1.125907e-01
     vertex -4.774674e-01 -4.067295e-01  1.484079e-01
   endloop
 endfacet
 facet normal -1.344424e-01 -2.528238e-02  9.905988e-01
   outer loop
     vertex -3.235498e-02 -2.830250e-02  4.989521e-01
     vertex -6.175930e-02  1.909819e-02  4.961711e-01
     vertex -1.014477e-01 -2.731144e-02  4.896002e-01
   endloop
 endfacet
 facet normal  5.090847e-01  2.440197e-02  8.603705e-01
   outer loop
     vertex  2.243570e-01 -4.055036e-01  4.468377e-01
     vertex  2.567534e-01 -4.539531e-01  4.290428e-01
     vertex  2.838131e-01 -4.050066e-01  4.116432e-01
   endloop
 endfacet
 facet normal -3.091879e-01  2.868572e-02 -9.505682e-01
   outer loop
     vertex -1.188679e-01 -4.067388e-01 -4.856649e-01
     vertex -1.544171e-01 -4.549860e-01 -4.755580e-01
     vertex -1.896023e-01 -4.067065e-01 -4.626564e-01
   endloop
 endfacet
 facet normal -5.664467e-01  2.830346e-02  8.236122e-01
   outer loop
     vertex -3.130017e-01 -4.069111e-01  3.899102e-01
     vertex -2.833436e-01 -4.551787e-01  4.119665e-01
     vertex -2.521174e-01 -4.068937e-01  4.317833e-01
   endloop
 endfacet
 facet normal  1.266674e-01  2.708486e-02 -9.915754e-01
   outer loop
     vertex  9.909471e-02 -4.064028e-01 -4.900819e-01
     vertex  6.404646e-02 -4.548021e-01 -4.958811e-01
     vertex  2.734868e-02 -4.065684e-01 -4.992515e-01
   endloop
 endfacet
 facet normal -4.469229e-01  2.883399e-02 -8.941077e-01
   outer loop
     vertex -1.896023e-01 -4.067065e-01 -4.626564e-01
     vertex -2.232046e-01 -4.549027e-01 -4.474145e-01
     vertex -2.562593e-01 -4.067180e-01 -4.293380e-01
   endloop
 endfacet
 facet normal -9.301401e-01  2.805752e-02  3.661313e-01
   outer loop
     vertex -4.774674e-01 -4.067295e-01  1.484079e-01
     vertex -4.654238e-01 -4.550087e-01  1.827037e-01
     vertex -4.505234e-01 -4.067694e-01  2.168610e-01
   endloop
 endfacet
 facet normal  4.014384e-01  2.543117e-02 -9.155329e-01
   outer loop
     vertex  2.325196e-01 -4.058813e-01 -4.426451e-01
     vertex  2.017899e-01 -4.545887e-01 -4.574722e-01
     vertex  1.681557e-01 -4.061838e-01 -4.708754e-01
   endloop
 endfacet
 facet normal -7.914041e-01  2.922355e-02 -6.105944e-01
   outer loop
     vertex -3.718181e-01 -4.068537e-01 -3.342922e-01
     vertex -3.957838e-01 -4.551395e-01 -3.055408e-01
     vertex -4.176912e-01 -4.068421e-01 -2.748347e-01
   endloop
 endfacet
 facet normal -8.660756e-01  2.846630e-02  4.991019e-01
   outer loop
     vertex -4.505234e-01 -4.067694e-01  2.168610e-01
     vertex -4.334451e-01 -4.550413e-01  2.492495e-01
     vertex -4.135335e-01 -4.068280e-01  2.810517e-01
   endloop
 endfacet
 facet normal -1.653020e-01  2.822097e-02 -9.858392e-01
   outer loop
     vertex -4.604276e-02 -4.067237e-01 -4.978756e-01
     vertex -8.229523e-02 -4.550753e-01 -4.931810e-01
     vertex -1.188679e-01 -4.067388e-01 -4.856649e-01
   endloop
 endfacet
 facet normal -5.752050e-01  2.912370e-02 -8.174907e-01
   outer loop
     vertex -2.562593e-01 -4.067180e-01 -4.293380e-01
     vertex -2.873102e-01 -4.550000e-01 -4.092100e-01
     vertex -3.175438e-01 -4.068067e-01 -3.862201e-01
   endloop
 endfacet
 facet normal -6.819363e-01  2.863278e-02  7.308509e-01
   outer loop
     vertex -3.673372e-01 -4.068775e-01  3.392099e-01
     vertex -3.412747e-01 -4.551610e-01  3.654197e-01
     vertex -3.130017e-01 -4.069111e-01  3.899102e-01
   endloop
 endfacet
 facet normal  6.563848e-01 -2.402467e-02 -7.540437e-01
   outer loop
     vertex  3.016987e-01  3.066381e-01 -3.987203e-01
     vertex  3.298088e-01  3.552812e-01 -3.758007e-01
     vertex  3.532013e-01  3.071757e-01 -3.539052e-01
   endloop
 endfacet
 facet normal  7.414558e-01 -2.834595e-02  6.704027e-01
   outer loop
     vertex  3.943734e-01  3.102233e-01  3.073592e-01
     vertex  3.701777e-01  3.572554e-01  3.361078e-01
     vertex  3.449109e-01  3.084652e-01  3.619896e-01
   endloop
 endfacet
 facet normal -6.910328e-01  2.923059e-02 -7.222322e-01
   outer loop
     vertex -3.175438e-01 -4.068067e-01 -3.862201e-01
     vertex -3.453683e-01 -4.551282e-01 -3.615533e-01
     vertex -3.718181e-01 -4.068537e-01 -3.342922e-01
   endloop
 endfacet
 facet normal  9.300677e-01  3.573436e-02  3.656462e-01
   outer loop
     vertex  4.620018e-01  3.275431e-01  1.911918e-01
     vertex  4.778858e-01  3.657499e-01  1.470550e-01
     vertex  4.497645e-01  3.673317e-01  2.184306e-01
   endloop
 endfacet
 facet normal  9.381287e-01 -1.048352e-02  3.461281e-01
   outer loop
     vertex  4.553779e-01 -4.512707e-01  2.064727e-01
     vertex  4.788911e-01 -4.181311e-01  1.437472e-01
     vertex  4.592431e-01 -3.941559e-01  1.977265e-01
   endloop
 endfacet
 facet normal  6.350906e-01 -2.788010e-02  7.719343e-01
   outer loop
     vertex  3.449109e-01  3.084652e-01  3.619896e-01
     vertex  3.175437e-01  3.559446e-01  3.862201e-01
     vertex  2.884747e-01  3.076012e-01  4.083900e-01
   endloop
 endfacet
 facet normal -9.359957e-01  2.836086e-02 -3.508670e-01
   outer loop
     vertex -4.539329e-01 -4.067716e-01 -2.096304e-01
     vertex -4.682243e-01 -4.549788e-01 -1.754023e-01
     vertex -4.798880e-01 -4.066786e-01 -1.403834e-01
   endloop
 endfacet
 facet normal  2.540981e-01  2.492276e-02  9.668573e-01
   outer loop
     vertex  1.280898e-01 -4.545961e-01  4.833146e-01
     vertex  1.604722e-01 -4.059008e-01  4.735490e-01
     vertex  9.321559e-02 -4.062655e-01  4.912340e-01
   endloop
 endfacet
 facet normal  9.438752e-01 -1.104870e-02  3.301176e-01
   outer loop
     vertex  4.811891e-01  3.133595e-01  1.358566e-01
     vertex  4.778858e-01  3.657499e-01  1.470550e-01
     vertex  4.620018e-01  3.275431e-01  1.911918e-01
   endloop
 endfacet
 facet normal -8.478175e-01 -2.906876e-02  5.294909e-01
   outer loop
     vertex -4.032393e-01 -2.712489e-02  2.956316e-01
     vertex -4.221138e-01  1.991589e-02  2.679924e-01
     vertex -4.425713e-01 -2.700777e-02  2.326599e-01
   endloop
 endfacet
 facet normal  9.501555e-01  3.535335e-03  3.117562e-01
   outer loop
     vertex  4.797461e-01  2.593043e-01  1.408676e-01
     vertex  4.811891e-01  3.133595e-01  1.358566e-01
     vertex  4.688633e-01  2.900443e-01  1.736872e-01
   endloop
 endfacet
 facet normal  9.463559e-01  2.269747e-02  3.223279e-01
   outer loop
     vertex  4.811891e-01  3.133595e-01  1.358566e-01
     vertex  4.620018e-01  3.275431e-01  1.911918e-01
     vertex  4.688633e-01  2.900443e-01  1.736872e-01
   endloop
 endfacet
 facet normal -2.723654e-01 -2.682009e-02  9.618200e-01
   outer loop
     vertex -1.014477e-01 -2.731144e-02  4.896002e-01
     vertex -1.320852e-01  1.979812e-02  4.822380e-01
     vertex -1.702187e-01 -2.703343e-02  4.701336e-01
   endloop
 endfacet
 facet normal  9.440484e-01 -1.740768e-02  3.293471e-01
   outer loop
     vertex  4.797461e-01  2.593043e-01  1.408676e-01
     vertex  4.688633e-01  2.900443e-01  1.736872e-01
     vertex  4.630369e-01  2.575634e-01  1.886711e-01
   endloop
 endfacet
 facet normal  9.471901e-01 -9.878607e-04  3.206712e-01
   outer loop
     vertex  4.800553e-01  2.125471e-01  1.398102e-01
     vertex  4.797461e-01  2.593043e-01  1.408676e-01
     vertex  4.663424e-01  2.226735e-01  1.803462e-01
   endloop
 endfacet
 facet normal  9.438207e-01  1.060924e-02  3.302878e-01
   outer loop
     vertex  4.797461e-01  2.593043e-01  1.408676e-01
     vertex  4.630369e-01  2.575634e-01  1.886711e-01
     vertex  4.663424e-01  2.226735e-01  1.803462e-01
   endloop
 endfacet
 facet normal -8.479954e-01  2.949922e-02 -5.291820e-01
   outer loop
     vertex -4.032216e-01 -7.344197e-02 -2.956557e-01
     vertex -4.222774e-01 -1.203524e-01 -2.677346e-01
     vertex -4.427813e-01 -7.339258e-02 -2.322600e-01
   endloop
 endfacet
 facet normal -5.365333e-01 -2.872438e-02  8.433902e-01
   outer loop
     vertex -2.365088e-01 -2.706461e-02  4.405265e-01
     vertex -2.652199e-01  1.990607e-02  4.238613e-01
     vertex -2.988034e-01 -2.713327e-02  4.008947e-01
   endloop
 endfacet
 facet normal  9.500244e-01  4.784885e-04  3.121752e-01
   outer loop
     vertex  4.798648e-01  1.651018e-01  1.404627e-01
     vertex  4.800553e-01  2.125471e-01  1.398102e-01
     vertex  4.695430e-01  1.868340e-01  1.718410e-01
   endloop
 endfacet
 facet normal  9.479136e-01  9.092815e-03  3.183977e-01
   outer loop
     vertex  4.800553e-01  2.125471e-01  1.398102e-01
     vertex  4.663424e-01  2.226735e-01  1.803462e-01
     vertex  4.695430e-01  1.868340e-01  1.718410e-01
   endloop
 endfacet
 facet normal  9.450085e-01  2.920990e-03  3.270327e-01
   outer loop
     vertex  4.790987e-01  1.228402e-01  1.430538e-01
     vertex  4.798648e-01  1.651018e-01  1.404627e-01
     vertex  4.643888e-01  1.498857e-01  1.853187e-01
   endloop
 endfacet
 facet normal  9.467472e-01 -1.474421e-02  3.216401e-01
   outer loop
     vertex  4.798648e-01  1.651018e-01  1.404627e-01
     vertex  4.695430e-01  1.868340e-01  1.718410e-01
     vertex  4.643888e-01  1.498857e-01  1.853187e-01
   endloop
 endfacet
 facet normal  9.414200e-01  2.269808e-03  3.372287e-01
   outer loop
     vertex  4.785193e-01  7.694884e-02  1.449804e-01
     vertex  4.790987e-01  1.228402e-01  1.430538e-01
     vertex  4.613042e-01  1.021513e-01  1.928689e-01
   endloop
 endfacet
 facet normal -7.594020e-01  2.980759e-02 -6.499386e-01
   outer loop
     vertex -3.543800e-01 -7.347489e-02 -3.527248e-01
     vertex -3.775518e-01 -1.204051e-01 -3.278027e-01
     vertex -4.032216e-01 -7.344197e-02 -2.956557e-01
   endloop
 endfacet
 facet normal -9.654903e-01 -2.872688e-02  2.588498e-01
   outer loop
     vertex -4.819678e-01  2.022974e-02  1.330677e-01
     vertex -4.911703e-01 -2.655833e-02  9.355061e-02
     vertex -4.720648e-01 -2.678851e-02  1.647872e-01
   endloop
 endfacet
 facet normal -6.552614e-01 -2.910728e-02  7.548412e-01
   outer loop
     vertex -2.988034e-01 -2.713327e-02  4.008947e-01
     vertex -3.249595e-01  1.987383e-02  3.800018e-01
     vertex -3.549287e-01 -2.715344e-02  3.521727e-01
   endloop
 endfacet
 facet normal  9.457209e-01 -8.341079e-03  3.248728e-01
   outer loop
     vertex  4.812590e-01  2.257718e-02  1.356089e-01
     vertex  4.785193e-01  7.694884e-02  1.449804e-01
     vertex  4.644550e-01  4.698279e-02  1.851527e-01
   endloop
 endfacet
 facet normal  9.421788e-01  6.949606e-03  3.350386e-01
   outer loop
     vertex  4.785193e-01  7.694884e-02  1.449804e-01
     vertex  4.613042e-01  1.021513e-01  1.928689e-01
     vertex  4.644550e-01  4.698279e-02  1.851527e-01
   endloop
 endfacet
 facet normal  1.171333e-01  2.528079e-02  9.927944e-01
   outer loop
     vertex  5.919740e-02 -4.547925e-01  4.964833e-01
     vertex  9.321559e-02 -4.062655e-01  4.912340e-01
     vertex  2.376331e-02 -4.065307e-01  4.994350e-01
   endloop
 endfacet
 facet normal -2.603998e-01  2.923809e-02 -9.650581e-01
   outer loop
     vertex -9.396762e-02 -7.324525e-02 -4.910907e-01
     vertex -1.269259e-01 -1.202445e-01 -4.836216e-01
     vertex -1.657603e-01 -7.340915e-02 -4.717240e-01
   endloop
 endfacet
 facet normal  1.716514e-01  2.595940e-02 -9.848157e-01
   outer loop
     vertex  1.204590e-01 -7.143883e-02 -4.852727e-01
     vertex  9.008519e-02 -1.188930e-01 -4.918177e-01
     vertex  5.116212e-02 -7.236839e-02 -4.973756e-01
   endloop
 endfacet
 facet normal  9.445611e-01  8.974031e-03  3.282129e-01
   outer loop
     vertex  4.781286e-01 -3.761363e-02  1.462635e-01
     vertex  4.812590e-01  2.257718e-02  1.356089e-01
     vertex  4.631331e-01 -1.623196e-03  1.884349e-01
   endloop
 endfacet
 facet normal  9.464127e-01 -3.932367e-03  3.229357e-01
   outer loop
     vertex  4.812590e-01  2.257718e-02  1.356089e-01
     vertex  4.644550e-01  4.698279e-02  1.851527e-01
     vertex  4.631331e-01 -1.623196e-03  1.884349e-01
   endloop
 endfacet
 facet normal -9.658336e-01  2.865704e-02 -2.575738e-01
   outer loop
     vertex -4.723203e-01 -7.339403e-02 -1.640535e-01
     vertex -4.821861e-01 -1.202697e-01 -1.322746e-01
     vertex -4.912950e-01 -7.330639e-02 -9.289350e-02
   endloop
 endfacet
 facet normal  3.521443e-01 -1.884683e-02 -9.357559e-01
   outer loop
     vertex  1.481587e-01 -2.426855e-02 -4.775447e-01
     vertex  1.765485e-01  2.201890e-02 -4.677934e-01
     vertex  2.028562e-01 -2.231078e-02 -4.570004e-01
   endloop
 endfacet
 facet normal  1.943578e-03 -2.327009e-02  9.997273e-01
   outer loop
     vertex  3.541908e-02 -3.158420e-02  4.987439e-01
     vertex  8.693778e-03  1.690023e-02  4.999244e-01
     vertex -3.235498e-02 -2.830250e-02  4.989521e-01
   endloop
 endfacet
 facet normal  9.397471e-01 -8.899128e-03  3.417547e-01
   outer loop
     vertex  4.781286e-01 -3.761363e-02  1.462635e-01
     vertex  4.631331e-01 -1.623196e-03  1.884349e-01
     vertex  4.598568e-01 -4.575060e-02  1.962951e-01
   endloop
 endfacet
 facet normal  9.474245e-01 -9.449645e-03  3.198399e-01
   outer loop
     vertex  4.814500e-01 -8.824050e-02  1.349292e-01
     vertex  4.781286e-01 -3.761363e-02  1.462635e-01
     vertex  4.648380e-01 -8.647710e-02  1.841891e-01
   endloop
 endfacet
 facet normal  9.386007e-01  1.231222e-02  3.447857e-01
   outer loop
     vertex  4.781286e-01 -3.761363e-02  1.462635e-01
     vertex  4.598568e-01 -4.575060e-02  1.962951e-01
     vertex  4.648380e-01 -8.647710e-02  1.841891e-01
   endloop
 endfacet
 facet normal  9.476300e-01  1.301418e-02  3.191050e-01
   outer loop
     vertex  4.698954e-01 -1.282761e-01  1.708753e-01
     vertex  4.814500e-01 -8.824050e-02  1.349292e-01
     vertex  4.648380e-01 -8.647710e-02  1.841891e-01
   endloop
 endfacet
 facet normal -4.749871e-01 -2.967813e-02 -8.794921e-01
   outer loop
     vertex -2.405473e-01  2.017144e-02 -4.383343e-01
     vertex -2.039754e-01 -2.676232e-02 -4.565019e-01
     vertex -2.699030e-01 -2.681347e-02 -4.208947e-01
   endloop
 endfacet
 facet normal  9.549413e-01  1.234003e-02  2.965382e-01
   outer loop
     vertex  4.790986e-01 -1.719210e-01  1.430542e-01
     vertex  4.839487e-01 -1.295619e-01  1.256728e-01
     vertex  4.698954e-01 -1.282761e-01  1.708753e-01
   endloop
 endfacet
 facet normal  1.513822e-01  1.376036e-02  9.883795e-01
   outer loop
     vertex  5.092722e-02 -7.834309e-02  4.973997e-01
     vertex  8.667076e-02 -1.146725e-01  4.924309e-01
     vertex  1.068117e-01 -5.088827e-02  4.884581e-01
   endloop
 endfacet
 facet normal -1.879636e-02  2.789651e-02 -9.994341e-01
   outer loop
     vertex  2.734868e-02 -4.065684e-01 -4.992515e-01
     vertex -8.755321e-03 -4.549649e-01 -4.999233e-01
     vertex -4.604276e-02 -4.067237e-01 -4.978756e-01
   endloop
 endfacet
 facet normal -9.168019e-01 -2.890384e-02  3.982948e-01
   outer loop
     vertex -4.425713e-01 -2.700777e-02  2.326599e-01
     vertex -4.571232e-01  2.005346e-02  2.025793e-01
     vertex -4.720648e-01 -2.678851e-02  1.647872e-01
   endloop
 endfacet
 facet normal  9.382523e-01 -2.222192e-02  3.452373e-01
   outer loop
     vertex  4.790986e-01 -1.719210e-01  1.430542e-01
     vertex  4.698954e-01 -1.282761e-01  1.708753e-01
     vertex  4.585883e-01 -1.650029e-01  1.992405e-01
   endloop
 endfacet
 facet normal  9.481238e-01 -1.375385e-02  3.176035e-01
   outer loop
     vertex  4.826855e-01 -2.159370e-01  1.304403e-01
     vertex  4.790986e-01 -1.719210e-01  1.430542e-01
     vertex  4.643871e-01 -2.099923e-01  1.853230e-01
   endloop
 endfacet
 facet normal  9.398716e-01  1.560121e-02  3.411714e-01
   outer loop
     vertex  4.790986e-01 -1.719210e-01  1.430542e-01
     vertex  4.585883e-01 -1.650029e-01  1.992405e-01
     vertex  4.643871e-01 -2.099923e-01  1.853230e-01
   endloop
 endfacet
 facet normal  9.491951e-01  2.790147e-02  3.134488e-01
   outer loop
     vertex  4.734917e-01 -2.424484e-01  1.606412e-01
     vertex  4.826855e-01 -2.159370e-01  1.304403e-01
     vertex  4.643871e-01 -2.099923e-01  1.853230e-01
   endloop
 endfacet
 facet normal  4.235766e-01  2.000025e-02  9.056395e-01
   outer loop
     vertex  2.401801e-01 -5.590733e-02  4.385356e-01
     vertex  1.809540e-01 -5.004872e-02  4.661069e-01
     vertex  2.078758e-01 -1.054637e-01  4.547391e-01
   endloop
 endfacet
 facet normal  9.332380e-01  2.535412e-03  3.592497e-01
   outer loop
     vertex  4.593596e-01 -2.570320e-01  1.974556e-01
     vertex  4.727350e-01 -2.775374e-01  1.628546e-01
     vertex  4.734917e-01 -2.424484e-01  1.606412e-01
   endloop
 endfacet
 facet normal  9.346273e-01 -8.189815e-03  3.555343e-01
   outer loop
     vertex  4.734917e-01 -2.424484e-01  1.606412e-01
     vertex  4.643871e-01 -2.099923e-01  1.853230e-01
     vertex  4.593596e-01 -2.570320e-01  1.974556e-01
   endloop
 endfacet
 facet normal  9.579033e-01 -2.548884e-03  2.870799e-01
   outer loop
     vertex  4.841455e-01 -2.627286e-01  1.249125e-01
     vertex  4.734917e-01 -2.424484e-01  1.606412e-01
     vertex  4.727350e-01 -2.775374e-01  1.628546e-01
   endloop
 endfacet
 facet normal  4.656463e-01 -1.421904e-02  8.848567e-01
   outer loop
     vertex  2.580252e-01 -1.097836e-01  4.282791e-01
     vertex  2.401801e-01 -5.590733e-02  4.385356e-01
     vertex  2.078758e-01 -1.054637e-01  4.547391e-01
   endloop
 endfacet
 facet normal  9.404833e-01 -2.337965e-02  3.390348e-01
   outer loop
     vertex  4.796856e-01 -3.137927e-01  1.410735e-01
     vertex  4.727350e-01 -2.775374e-01  1.628546e-01
     vertex  4.616475e-01 -3.002398e-01  1.920457e-01
   endloop
 endfacet
 facet normal  9.336385e-01  4.589590e-03  3.581871e-01
   outer loop
     vertex  4.727350e-01 -2.775374e-01  1.628546e-01
     vertex  4.593596e-01 -2.570320e-01  1.974556e-01
     vertex  4.616475e-01 -3.002398e-01  1.920457e-01
   endloop
 endfacet
 facet normal  9.432979e-01  2.011268e-03  3.319414e-01
   outer loop
     vertex  4.790932e-01 -3.658556e-01  1.430724e-01
     vertex  4.796856e-01 -3.137927e-01  1.410735e-01
     vertex  4.627861e-01 -3.447817e-01  1.892856e-01
   endloop
 endfacet
 facet normal  9.429973e-01  3.482955e-03  3.327820e-01
   outer loop
     vertex  4.796856e-01 -3.137927e-01  1.410735e-01
     vertex  4.616475e-01 -3.002398e-01  1.920457e-01
     vertex  4.627861e-01 -3.447817e-01  1.892856e-01
   endloop
 endfacet
 facet normal -9.774057e-01  2.794230e-02 -2.095171e-01
   outer loop
     vertex -4.798880e-01 -4.066786e-01 -1.403834e-01
     vertex -4.888969e-01 -4.548775e-01 -1.047845e-01
     vertex -4.952675e-01 -4.066236e-01 -6.863001e-02
   endloop
 endfacet
 facet normal  5.343449e-01  1.610164e-02  8.451132e-01
   outer loop
     vertex  2.580252e-01 -1.097836e-01  4.282791e-01
     vertex  2.910280e-01 -6.580657e-02  4.065743e-01
     vertex  2.401801e-01 -5.590733e-02  4.385356e-01
   endloop
 endfacet
 facet normal  6.366316e-01  2.340150e-02 -7.708130e-01
   outer loop
     vertex  3.439568e-01 -4.044491e-01 -3.628963e-01
     vertex  3.208065e-01 -4.537787e-01 -3.835143e-01
     vertex  2.916211e-01 -4.053597e-01 -4.061491e-01
   endloop
 endfacet
 facet normal  7.347419e-01  2.267268e-02 -6.779677e-01
   outer loop
     vertex  3.897025e-01 -4.026681e-01 -3.132602e-01
     vertex  3.711328e-01 -4.525432e-01 -3.350529e-01
     vertex  3.439568e-01 -4.044491e-01 -3.628963e-01
   endloop
 endfacet
 facet normal -9.975324e-01  2.767619e-02 -6.452210e-02
   outer loop
     vertex -4.952675e-01 -4.066236e-01 -6.863001e-02
     vertex -4.989446e-01 -4.548552e-01 -3.246914e-02
     vertex -4.999819e-01 -4.066242e-01  4.255363e-03
   endloop
 endfacet
 facet normal -9.962947e-01  2.761788e-02  8.144982e-02
   outer loop
     vertex -4.999819e-01 -4.066242e-01  4.255363e-03
     vertex -4.983684e-01 -4.548977e-01  4.035992e-02
     vertex -4.940369e-01 -4.066714e-01  7.699050e-02
   endloop
 endfacet
 facet normal -9.963704e-01 -2.792744e-02 -8.041258e-02
   outer loop
     vertex -4.984055e-01  3.548635e-01 -3.989901e-02
     vertex -4.940854e-01  3.066352e-01 -7.667857e-02
     vertex -4.999874e-01  3.066383e-01 -3.549767e-03
   endloop
 endfacet
 facet normal -3.045688e-01  2.712208e-02  9.521041e-01
   outer loop
     vertex -1.863567e-01 -4.068234e-01  4.639732e-01
     vertex -1.521580e-01 -4.550036e-01  4.762856e-01
     vertex -1.175119e-01 -4.067802e-01  4.859948e-01
   endloop
 endfacet
 facet normal  9.436259e-01  5.824637e-04 -3.310132e-01
   outer loop
     vertex  4.794430e-01  2.034183e-01 -1.418956e-01
     vertex  4.631290e-01  1.791951e-01 -1.884451e-01
     vertex  4.629277e-01  2.245844e-01 -1.889390e-01
   endloop
 endfacet
 facet normal -9.737960e-01 -2.816233e-02 -2.256727e-01
   outer loop
     vertex -4.940854e-01  3.066352e-01 -7.667857e-02
     vertex -4.872197e-01  3.548797e-01 -1.123252e-01
     vertex -4.774529e-01  3.066774e-01 -1.484544e-01
   endloop
 endfacet
 facet normal  9.443929e-01  3.396485e-03 -3.288018e-01
   outer loop
     vertex  4.631327e-01 -1.590772e-01 -1.884359e-01
     vertex  4.796541e-01 -1.782242e-01 -1.411806e-01
     vertex  4.642182e-01 -2.004653e-01 -1.857458e-01
   endloop
 endfacet
 facet normal  9.452123e-01 -1.882663e-03 -3.264509e-01
   outer loop
     vertex  4.796541e-01 -1.782242e-01 -1.411806e-01
     vertex  4.801186e-01 -2.203459e-01 -1.395926e-01
     vertex  4.642182e-01 -2.004653e-01 -1.857458e-01
   endloop
 endfacet
 facet normal -7.827010e-01  2.861642e-02  6.217397e-01
   outer loop
     vertex -4.135335e-01 -4.068280e-01  2.810517e-01
     vertex -3.917704e-01 -4.550868e-01  3.106701e-01
     vertex -3.673372e-01 -4.068775e-01  3.392099e-01
   endloop
 endfacet
 facet normal  3.855080e-01  2.462039e-02  9.223760e-01
   outer loop
     vertex  1.944089e-01 -4.543113e-01  4.606573e-01
     vertex  2.243570e-01 -4.055036e-01  4.468377e-01
     vertex  1.604722e-01 -4.059008e-01  4.735490e-01
   endloop
 endfacet
 facet normal  5.166361e-01 -2.701657e-02  8.557787e-01
   outer loop
     vertex  2.884747e-01  3.076012e-01  4.083900e-01
     vertex  2.584806e-01  3.553351e-01  4.280044e-01
     vertex  2.267673e-01  3.068551e-01  4.456194e-01
   endloop
 endfacet
 facet normal  8.980330e-01 -2.450316e-02  4.392451e-01
   outer loop
     vertex  4.497645e-01  3.673317e-01  2.184306e-01
     vertex  4.329633e-01  3.190227e-01  2.500856e-01
     vertex  4.620018e-01  3.275431e-01  1.911918e-01
   endloop
 endfacet
 facet normal -9.769953e-01 -2.796940e-02  2.114188e-01
   outer loop
     vertex -4.886705e-01  3.549554e-01  1.058355e-01
     vertex -4.951372e-01  3.066693e-01  6.956395e-02
     vertex -4.796030e-01  3.067025e-01  1.413540e-01
   endloop
 endfacet
 facet normal  9.393035e-01 -9.628378e-03 -3.429521e-01
   outer loop
     vertex  4.781744e-01 -3.573082e-01 -1.461139e-01
     vertex  4.580907e-01 -3.836200e-01 -2.003820e-01
     vertex  4.617085e-01 -3.328306e-01 -1.918990e-01
   endloop
 endfacet
 facet normal  9.427629e-01 -8.192991e-03  3.333630e-01
   outer loop
     vertex  4.613042e-01  1.021513e-01  1.928689e-01
     vertex  4.790987e-01  1.228402e-01  1.430538e-01
     vertex  4.643888e-01  1.498857e-01  1.853187e-01
   endloop
 endfacet
 facet normal  8.885564e-01  1.010310e-02  4.586562e-01
   outer loop
     vertex  4.553779e-01 -4.512707e-01  2.064727e-01
     vertex  4.592431e-01 -3.941559e-01  1.977265e-01
     vertex  4.280578e-01 -4.055169e-01  2.583922e-01
   endloop
 endfacet
 facet normal  9.415277e-01 -9.985503e-03  3.367875e-01
   outer loop
     vertex  4.790932e-01 -3.658556e-01  1.430724e-01
     vertex  4.627861e-01 -3.447817e-01  1.892856e-01
     vertex  4.592431e-01 -3.941559e-01  1.977265e-01
   endloop
 endfacet
 facet normal -9.738024e-01  2.819556e-02 -2.256410e-01
   outer loop
     vertex -4.940854e-01  3.066352e-01 -7.667857e-02
     vertex -4.774529e-01  3.066774e-01 -1.484544e-01
     vertex -4.870075e-01  2.584835e-01 -1.132416e-01
   endloop
 endfacet
 facet normal  9.018807e-01  2.344561e-03 -4.319787e-01
   outer loop
     vertex  4.629004e-01  3.165137e-01 -1.890060e-01
     vertex  4.622043e-01  2.718138e-01 -1.907017e-01
     vertex  4.376725e-01  3.030655e-01 -2.417494e-01
   endloop
 endfacet
 facet normal  7.524001e-01  2.371019e-02 -6.582795e-01
   outer loop
     vertex  3.532013e-01  3.071757e-01 -3.539052e-01
     vertex  3.978117e-01  3.077466e-01 -3.028958e-01
     vertex  3.739263e-01  2.595462e-01 -3.319324e-01
   endloop
 endfacet
 facet normal  4.676414e-01  1.552535e-02  8.837819e-01
   outer loop
     vertex  2.367143e-01 -1.587741e-01  4.404161e-01
     vertex  2.580252e-01 -1.097836e-01  4.282791e-01
     vertex  2.078758e-01 -1.054637e-01  4.547391e-01
   endloop
 endfacet
 facet normal  5.093875e-01 -2.429160e-02  8.601943e-01
   outer loop
     vertex  2.243570e-01 -4.055036e-01  4.468377e-01
     vertex  2.838131e-01 -4.050066e-01  4.116432e-01
     vertex  2.516546e-01 -3.566185e-01  4.320532e-01
   endloop
 endfacet
 facet normal -7.827237e-01 -2.866145e-02  6.217090e-01
   outer loop
     vertex -4.135335e-01 -4.068280e-01  2.810517e-01
     vertex -3.673372e-01 -4.068775e-01  3.392099e-01
     vertex -3.912403e-01 -3.586956e-01  3.113375e-01
   endloop
 endfacet
 facet normal -6.819540e-01 -2.869842e-02  7.308319e-01
   outer loop
     vertex -3.673372e-01 -4.068775e-01  3.392099e-01
     vertex -3.130017e-01 -4.069111e-01  3.899102e-01
     vertex -3.407510e-01 -3.587450e-01  3.659081e-01
   endloop
 endfacet
 facet normal  1.267904e-01 -2.711618e-02 -9.915588e-01
   outer loop
     vertex  9.909471e-02 -4.064028e-01 -4.900819e-01
     vertex  2.734868e-02 -4.065684e-01 -4.992515e-01
     vertex  6.302350e-02 -3.582129e-01 -4.960121e-01
   endloop
 endfacet
 facet normal -4.394594e-01 -2.786202e-02  8.978303e-01
   outer loop
     vertex -2.521174e-01 -4.068937e-01  4.317833e-01
     vertex -1.863567e-01 -4.068234e-01  4.639732e-01
     vertex -2.194715e-01 -3.587178e-01  4.492574e-01
   endloop
 endfacet
 facet normal -9.769992e-01  2.802008e-02  2.113938e-01
   outer loop
     vertex -4.796030e-01  3.067025e-01  1.413540e-01
     vertex -4.951372e-01  3.066693e-01  6.956395e-02
     vertex -4.887744e-01  2.585090e-01  1.053545e-01
   endloop
 endfacet
 facet normal  9.014473e-01  9.302815e-03  4.327888e-01
   outer loop
     vertex  4.592431e-01 -3.941559e-01  1.977265e-01
     vertex  4.627861e-01 -3.447817e-01  1.892856e-01
     vertex  4.382517e-01 -3.592051e-01  2.406979e-01
   endloop
 endfacet
 facet normal  6.345777e-01  2.801168e-02  7.723513e-01
   outer loop
     vertex  3.449109e-01  3.084652e-01  3.619896e-01
     vertex  2.884747e-01  3.076012e-01  4.083900e-01
     vertex  3.167880e-01  2.603693e-01  3.868402e-01
   endloop
 endfacet
 facet normal  9.085345e-01  1.721925e-03 -4.178063e-01
   outer loop
     vertex  4.641546e-01  7.767402e-03 -1.859046e-01
     vertex  4.636038e-01 -3.387197e-02 -1.872739e-01
     vertex  4.435830e-01 -1.333729e-02 -2.307251e-01
   endloop
 endfacet
 facet normal  9.063706e-01  7.670956e-05 -4.224834e-01
   outer loop
     vertex  4.631290e-01  1.791951e-01 -1.884451e-01
     vertex  4.631032e-01  1.348555e-01 -1.885085e-01
     vertex  4.421377e-01  1.551176e-01 -2.334828e-01
   endloop
 endfacet
 facet normal -8.730685e-01  2.854127e-02  4.867616e-01
   outer loop
     vertex -4.174544e-01  3.067062e-01  2.751942e-01
     vertex -4.535635e-01  3.066960e-01  2.104286e-01
     vertex -4.368951e-01  2.584971e-01  2.431516e-01
   endloop
 endfacet
 facet normal -2.327624e-02 -2.606074e-02  9.993893e-01
   outer loop
     vertex -4.705442e-02 -4.067090e-01  4.977810e-01
     vertex  2.376331e-02 -4.065307e-01  4.994350e-01
     vertex -1.170781e-02 -3.584394e-01  4.998629e-01
   endloop
 endfacet
 facet normal  8.908681e-01 -2.275101e-02  4.536919e-01
   outer loop
     vertex  4.280578e-01 -4.055169e-01  2.583922e-01
     vertex  4.592431e-01 -3.941559e-01  1.977265e-01
     vertex  4.382517e-01 -3.592051e-01  2.406979e-01
   endloop
 endfacet
 facet normal  2.374493e-01 -1.448100e-02  9.712920e-01
   outer loop
     vertex  8.667076e-02 -1.146725e-01  4.924309e-01
     vertex  1.482541e-01 -1.053230e-01  4.775152e-01
     vertex  1.068117e-01 -5.088827e-02  4.884581e-01
   endloop
 endfacet
 facet normal  9.056683e-01 -1.042740e-03 -4.239858e-01
   outer loop
     vertex  4.628078e-01 -1.173794e-01 -1.892324e-01
     vertex  4.631327e-01 -1.590772e-01 -1.884359e-01
     vertex  4.415139e-01 -1.408227e-01 -2.346603e-01
   endloop
 endfacet
 facet normal  2.543510e-01 -2.488674e-02  9.667917e-01
   outer loop
     vertex  9.321559e-02 -4.062655e-01  4.912340e-01
     vertex  1.604722e-01 -4.059008e-01  4.735490e-01
     vertex  1.260192e-01 -3.575183e-01  4.838586e-01
   endloop
 endfacet
 facet normal  8.166222e-01 -2.532634e-02  5.766166e-01
   outer loop
     vertex  3.869036e-01 -4.047301e-01  3.167106e-01
     vertex  4.280578e-01 -4.055169e-01  2.583922e-01
     vertex  4.041553e-01 -3.569198e-01  2.943782e-01
   endloop
 endfacet
 facet normal  8.443282e-01  1.874881e-02  5.354982e-01
   outer loop
     vertex  4.280578e-01 -4.055169e-01  2.583922e-01
     vertex  4.382517e-01 -3.592051e-01  2.406979e-01
     vertex  4.041553e-01 -3.569198e-01  2.943782e-01
   endloop
 endfacet
 facet normal -9.962964e-01 -2.766292e-02  8.141406e-02
   outer loop
     vertex -4.999819e-01 -4.066242e-01  4.255363e-03
     vertex -4.940369e-01 -4.066714e-01  7.699050e-02
     vertex -4.982995e-01 -3.584796e-01  4.120204e-02
   endloop
 endfacet
 facet normal -6.910049e-01 -2.930116e-02 -7.222560e-01
   outer loop
     vertex -3.175438e-01 -4.068067e-01 -3.862201e-01
     vertex -3.718181e-01 -4.068537e-01 -3.342922e-01
     vertex -3.459574e-01 -3.586491e-01 -3.609896e-01
   endloop
 endfacet
 facet normal -9.975315e-01 -2.770885e-02 -6.452248e-02
   outer loop
     vertex -4.952675e-01 -4.066236e-01 -6.863001e-02
     vertex -4.999819e-01 -4.066242e-01  4.255363e-03
     vertex -4.989826e-01 -3.584537e-01 -3.188012e-02
   endloop
 endfacet
 facet normal -7.914081e-01 -2.928986e-02 -6.105861e-01
   outer loop
     vertex -3.718181e-01 -4.068537e-01 -3.342922e-01
     vertex -4.176912e-01 -4.068421e-01 -2.748347e-01
     vertex -3.961437e-01 -3.586717e-01 -3.050741e-01
   endloop
 endfacet
 facet normal -4.469146e-01 -2.885657e-02 -8.941111e-01
   outer loop
     vertex -1.896023e-01 -4.067065e-01 -4.626564e-01
     vertex -2.562593e-01 -4.067180e-01 -4.293380e-01
     vertex -2.239776e-01 -3.585622e-01 -4.470280e-01
   endloop
 endfacet
 facet normal  7.269607e-01 -2.440020e-02  6.862454e-01
   outer loop
     vertex  3.385705e-01 -4.042993e-01  3.679266e-01
     vertex  3.869036e-01 -4.047301e-01  3.167106e-01
     vertex  3.600095e-01 -3.547575e-01  3.469772e-01
   endloop
 endfacet
 facet normal  7.662367e-01  2.345630e-02  6.421301e-01
   outer loop
     vertex  3.869036e-01 -4.047301e-01  3.167106e-01
     vertex  4.041553e-01 -3.569198e-01  2.943782e-01
     vertex  3.600095e-01 -3.547575e-01  3.469772e-01
   endloop
 endfacet
 facet normal -1.652902e-01 -2.829920e-02 -9.858389e-01
   outer loop
     vertex -4.604276e-02 -4.067237e-01 -4.978756e-01
     vertex -1.188679e-01 -4.067388e-01 -4.856649e-01
     vertex -8.301976e-02 -3.585198e-01 -4.930595e-01
   endloop
 endfacet
 facet normal  4.231499e-01  2.611853e-02 -9.056832e-01
   outer loop
     vertex  1.789073e-01  3.067112e-01 -4.668963e-01
     vertex  2.432805e-01  3.066009e-01 -4.368233e-01
     vertex  2.113578e-01  2.582942e-01 -4.531312e-01
   endloop
 endfacet
 facet normal  3.857689e-01 -2.453250e-02  9.222692e-01
   outer loop
     vertex  1.604722e-01 -4.059008e-01  4.735490e-01
     vertex  2.243570e-01 -4.055036e-01  4.468377e-01
     vertex  1.909576e-01 -3.569850e-01  4.620987e-01
   endloop
 endfacet
 facet normal -9.301499e-01 -2.810999e-02  3.661024e-01
   outer loop
     vertex -4.774674e-01 -4.067295e-01  1.484079e-01
     vertex -4.505234e-01 -4.067694e-01  2.168610e-01
     vertex -4.650838e-01 -3.585807e-01  1.835676e-01
   endloop
 endfacet
 facet normal  9.072068e-01 -5.547340e-04 -4.206846e-01
   outer loop
     vertex  4.629277e-01  2.245844e-01 -1.889390e-01
     vertex  4.631290e-01  1.791951e-01 -1.884451e-01
     vertex  4.431553e-01  1.998841e-01 -2.315457e-01
   endloop
 endfacet
 facet normal  9.068700e-01 -2.378083e-03 -4.214038e-01
   outer loop
     vertex  4.631290e-01  1.791951e-01 -1.884451e-01
     vertex  4.421377e-01  1.551176e-01 -2.334828e-01
     vertex  4.431553e-01  1.998841e-01 -2.315457e-01
   endloop
 endfacet
 facet normal  6.371155e-01 -2.338893e-02 -7.704134e-01
   outer loop
     vertex  3.439568e-01 -4.044491e-01 -3.628963e-01
     vertex  2.916211e-01 -4.053597e-01 -4.061491e-01
     vertex  3.163876e-01 -3.559513e-01 -3.871678e-01
   endloop
 endfacet
 facet normal  4.016388e-01 -2.543414e-02 -9.154449e-01
   outer loop
     vertex  2.325196e-01 -4.058813e-01 -4.426451e-01
     vertex  1.681557e-01 -4.061838e-01 -4.708754e-01
     vertex  2.001580e-01 -3.574592e-01 -4.581886e-01
   endloop
 endfacet
 facet normal  5.461277e-01  2.500635e-02 -8.373287e-01
   outer loop
     vertex  2.432805e-01  3.066009e-01 -4.368233e-01
     vertex  3.016987e-01  3.066381e-01 -3.987203e-01
     vertex  2.724833e-01  2.579678e-01 -4.192289e-01
   endloop
 endfacet
 facet normal -1.867818e-02 -2.795876e-02 -9.994346e-01
   outer loop
     vertex  2.734868e-02 -4.065684e-01 -4.992515e-01
     vertex -4.604276e-02 -4.067237e-01 -4.978756e-01
     vertex -9.861035e-03 -3.584296e-01 -4.999028e-01
   endloop
 endfacet
 facet normal -5.664346e-01 -2.837688e-02  8.236180e-01
   outer loop
     vertex -3.130017e-01 -4.069111e-01  3.899102e-01
     vertex -2.521174e-01 -4.068937e-01  4.317833e-01
     vertex -2.829604e-01 -3.587582e-01  4.122298e-01
   endloop
 endfacet
 facet normal -8.737077e-01 -2.890275e-02 -4.855919e-01
   outer loop
     vertex -4.176912e-01 -4.068421e-01 -2.748347e-01
     vertex -4.539329e-01 -4.067716e-01 -2.096304e-01
     vertex -4.372252e-01 -3.586290e-01 -2.425574e-01
   endloop
 endfacet
 facet normal  6.561041e-01  2.380729e-02 -7.542948e-01
   outer loop
     vertex  3.016987e-01  3.066381e-01 -3.987203e-01
     vertex  3.532013e-01  3.071757e-01 -3.539052e-01
     vertex  3.272333e-01  2.579804e-01 -3.780455e-01
   endloop
 endfacet
 facet normal -5.751478e-01 -2.917138e-02 -8.175293e-01
   outer loop
     vertex -2.562593e-01 -4.067180e-01 -4.293380e-01
     vertex -3.175438e-01 -4.068067e-01 -3.862201e-01
     vertex -2.880740e-01 -3.586022e-01 -4.086727e-01
   endloop
 endfacet
 facet normal -8.660968e-01 -2.851947e-02  4.990622e-01
   outer loop
     vertex -4.505234e-01 -4.067694e-01  2.168610e-01
     vertex -4.135335e-01 -4.068280e-01  2.810517e-01
     vertex -4.329778e-01 -3.586471e-01  2.500604e-01
   endloop
 endfacet
 facet normal  9.468712e-01 -3.334649e-04 -3.216129e-01
   outer loop
     vertex  4.801186e-01 -2.203459e-01 -1.395926e-01
     vertex  4.802095e-01 -2.641203e-01 -1.392797e-01
     vertex  4.657570e-01 -2.420016e-01 -1.818528e-01
   endloop
 endfacet
 facet normal  9.460741e-01  4.690483e-03 -3.239164e-01
   outer loop
     vertex  4.642182e-01 -2.004653e-01 -1.857458e-01
     vertex  4.801186e-01 -2.203459e-01 -1.395926e-01
     vertex  4.657570e-01 -2.420016e-01 -1.818528e-01
   endloop
 endfacet
 facet normal  9.466394e-01 -1.787818e-03 -3.222898e-01
   outer loop
     vertex  4.802095e-01 -2.641203e-01 -1.392797e-01
     vertex  4.651159e-01 -2.869832e-01 -1.834861e-01
     vertex  4.657570e-01 -2.420016e-01 -1.818528e-01
   endloop
 endfacet
 facet normal -9.963691e-01  2.796623e-02 -8.041485e-02
   outer loop
     vertex -4.999874e-01  3.066383e-01 -3.549767e-03
     vertex -4.940854e-01  3.066352e-01 -7.667857e-02
     vertex -4.983447e-01  2.584798e-01 -4.065112e-02
   endloop
 endfacet
 facet normal -6.917649e-01  2.880336e-02  7.215481e-01
   outer loop
     vertex -3.181679e-01  3.067749e-01  3.857061e-01
     vertex -3.719476e-01  3.067271e-01  3.341482e-01
     vertex -3.462765e-01  2.585325e-01  3.606835e-01
   endloop
 endfacet
 facet normal  2.679232e-01 -2.658121e-02 -9.630735e-01
   outer loop
     vertex  1.681557e-01 -4.061838e-01 -4.708754e-01
     vertex  9.909471e-02 -4.064028e-01 -4.900819e-01
     vertex  1.333286e-01 -3.579403e-01 -4.818957e-01
   endloop
 endfacet
 facet normal  7.405569e-01  2.810506e-02  6.714056e-01
   outer loop
     vertex  3.943734e-01  3.102233e-01  3.073592e-01
     vertex  3.449109e-01  3.084652e-01  3.619896e-01
     vertex  3.703909e-01  2.609837e-01  3.358729e-01
   endloop
 endfacet
 facet normal  5.254073e-01 -2.469864e-02 -8.504923e-01
   outer loop
     vertex  2.916211e-01 -4.053597e-01 -4.061491e-01
     vertex  2.325196e-01 -4.058813e-01 -4.426451e-01
     vertex  2.612966e-01 -3.568612e-01 -4.262911e-01
   endloop
 endfacet
 facet normal -7.912771e-01  2.879210e-02  6.107795e-01
   outer loop
     vertex -3.719476e-01  3.067271e-01  3.341482e-01
     vertex -4.174544e-01  3.067062e-01  2.751942e-01
     vertex -3.960474e-01  2.585158e-01  3.051991e-01
   endloop
 endfacet
 facet normal -9.974195e-01  2.789231e-02  6.615461e-02
   outer loop
     vertex -4.951372e-01  3.066693e-01  6.956395e-02
     vertex -4.999874e-01  3.066383e-01 -3.549767e-03
     vertex -4.989292e-01  2.584893e-01  3.270576e-02
   endloop
 endfacet
 facet normal -3.045376e-01 -2.717062e-02  9.521127e-01
   outer loop
     vertex -1.863567e-01 -4.068234e-01  4.639732e-01
     vertex -1.175119e-01 -4.067802e-01  4.859948e-01
     vertex -1.520299e-01 -3.586883e-01  4.763265e-01
   endloop
 endfacet
 facet normal -9.360195e-01 -2.840747e-02 -3.507997e-01
   outer loop
     vertex -4.539329e-01 -4.067716e-01 -2.096304e-01
     vertex -4.798880e-01 -4.066786e-01 -1.403834e-01
     vertex -4.683245e-01 -3.585547e-01 -1.751347e-01
   endloop
 endfacet
 facet normal  1.173238e-01 -2.530324e-02  9.927713e-01
   outer loop
     vertex  2.376331e-02 -4.065307e-01  4.994350e-01
     vertex  9.321559e-02 -4.062655e-01  4.912340e-01
     vertex  5.828197e-02 -3.580380e-01  4.965916e-01
   endloop
 endfacet
 facet normal  3.883853e-01  2.633601e-02  9.211207e-01
   outer loop
     vertex  2.267673e-01  3.068551e-01  4.456194e-01
     vertex  1.609406e-01  3.063220e-01  4.733900e-01
     vertex  1.938409e-01  2.580966e-01  4.608966e-01
   endloop
 endfacet
 facet normal  2.533944e-01  2.614618e-02  9.670096e-01
   outer loop
     vertex  1.609406e-01  3.063220e-01  4.733900e-01
     vertex  9.196941e-02  3.061127e-01  4.914688e-01
     vertex  1.263672e-01  2.575677e-01  4.837678e-01
   endloop
 endfacet
 facet normal  1.132312e-01  2.627480e-02  9.932212e-01
   outer loop
     vertex  9.196941e-02  3.061127e-01  4.914688e-01
     vertex  2.099841e-02  3.061488e-01  4.995589e-01
     vertex  5.626734e-02  2.575429e-01  4.968239e-01
   endloop
 endfacet
 facet normal -2.979526e-02  2.665357e-02  9.992006e-01
   outer loop
     vertex  2.099841e-02  3.061488e-01  4.995589e-01
     vertex -5.078412e-02  3.063024e-01  4.974143e-01
     vertex -1.532161e-02  2.578131e-01  4.997652e-01
   endloop
 endfacet
 facet normal -1.732023e-01  2.716887e-02  9.845115e-01
   outer loop
     vertex -5.078412e-02  3.063024e-01  4.974143e-01
     vertex -1.220909e-01  3.064743e-01  4.848647e-01
     vertex -8.710441e-02  2.581145e-01  4.923544e-01
   endloop
 endfacet
 facet normal -3.142702e-01  2.776106e-02  9.489276e-01
   outer loop
     vertex -1.220909e-01  3.064743e-01  4.848647e-01
     vertex -1.915158e-01  3.066332e-01  4.618676e-01
     vertex -1.576747e-01  2.583498e-01  4.744878e-01
   endloop
 endfacet
 facet normal -4.499758e-01  2.830372e-02  8.925921e-01
   outer loop
     vertex -1.915158e-01  3.066332e-01  4.618676e-01
     vertex -2.574513e-01  3.067501e-01  4.286243e-01
     vertex -2.255344e-01  2.584927e-01  4.462446e-01
   endloop
 endfacet
 facet normal -5.769716e-01  2.868587e-02  8.162603e-01
   outer loop
     vertex -2.574513e-01  3.067501e-01  4.286243e-01
     vertex -3.181679e-01  3.067749e-01  3.857061e-01
     vertex -2.889179e-01  2.585395e-01  4.080765e-01
   endloop
 endfacet
 facet normal -9.737511e-01 -2.791615e-02  2.258970e-01
   outer loop
     vertex -4.940369e-01 -4.066714e-01  7.699050e-02
     vertex -4.774674e-01 -4.067295e-01  1.484079e-01
     vertex -4.869611e-01 -3.585268e-01  1.134411e-01
   endloop
 endfacet
 facet normal  8.276362e-01  2.099424e-02  5.608722e-01
   outer loop
     vertex  4.329633e-01  3.190227e-01  2.500856e-01
     vertex  3.943734e-01  3.102233e-01  3.073592e-01
     vertex  4.187623e-01  2.613461e-01  2.731997e-01
   endloop
 endfacet
 facet normal -9.353440e-01  2.829540e-02  3.526061e-01
   outer loop
     vertex -4.535635e-01  3.066960e-01  2.104286e-01
     vertex -4.796030e-01  3.067025e-01  1.413540e-01
     vertex -4.680020e-01  2.585115e-01  1.759947e-01
   endloop
 endfacet
 facet normal -3.092112e-01 -2.873656e-02 -9.505591e-01
   outer loop
     vertex -1.188679e-01 -4.067388e-01 -4.856649e-01
     vertex -1.896023e-01 -4.067065e-01 -4.626564e-01
     vertex -1.550513e-01 -3.585481e-01 -4.753516e-01
   endloop
 endfacet
 facet normal  6.239210e-01 -2.477150e-02  7.810947e-01
   outer loop
     vertex  2.838131e-01 -4.050066e-01  4.116432e-01
     vertex  3.385705e-01 -4.042993e-01  3.679266e-01
     vertex  3.082504e-01 -3.560087e-01  3.936771e-01
   endloop
 endfacet
 facet normal  5.608860e-01  2.370190e-02  8.275537e-01
   outer loop
     vertex  2.516546e-01 -3.566185e-01  4.320532e-01
     vertex  2.838131e-01 -4.050066e-01  4.116432e-01
     vertex  3.082504e-01 -3.560087e-01  3.936771e-01
   endloop
 endfacet
 facet normal  6.693672e-01  2.432516e-02  7.425334e-01
   outer loop
     vertex  3.385705e-01 -4.042993e-01  3.679266e-01
     vertex  3.600095e-01 -3.547575e-01  3.469772e-01
     vertex  3.082504e-01 -3.560087e-01  3.936771e-01
   endloop
 endfacet
 facet normal -9.298266e-01  2.869496e-02 -3.668776e-01
   outer loop
     vertex -4.774529e-01  3.066774e-01 -1.484544e-01
     vertex -4.501712e-01  3.067662e-01 -2.175910e-01
     vertex -4.649101e-01  2.585564e-01 -1.840070e-01
   endloop
 endfacet
 facet normal -8.648330e-01  2.917595e-02 -5.012111e-01
   outer loop
     vertex -4.501712e-01  3.067662e-01 -2.175910e-01
     vertex -4.125854e-01  3.068219e-01 -2.824417e-01
     vertex -4.323813e-01  2.586117e-01 -2.510904e-01
   endloop
 endfacet
 facet normal -7.798631e-01  2.956107e-02 -6.252517e-01
   outer loop
     vertex -4.125854e-01  3.068219e-01 -2.824417e-01
     vertex -3.653906e-01  3.068395e-01 -3.413059e-01
     vertex -3.898144e-01  2.586497e-01 -3.131209e-01
   endloop
 endfacet
 facet normal -6.769193e-01  2.952038e-02 -7.354650e-01
   outer loop
     vertex -3.653906e-01  3.068395e-01 -3.413059e-01
     vertex -3.099142e-01  3.067762e-01 -3.923687e-01
     vertex -3.383251e-01  2.586202e-01 -3.681523e-01
   endloop
 endfacet
 facet normal -5.588368e-01  2.932705e-02 -8.287589e-01
   outer loop
     vertex -3.099142e-01  3.067762e-01 -3.923687e-01
     vertex -2.476072e-01  3.066984e-01 -4.343854e-01
     vertex -2.792506e-01  2.585510e-01 -4.147518e-01
   endloop
 endfacet
 facet normal -4.286111e-01  2.911432e-02 -9.030199e-01
   outer loop
     vertex -2.476072e-01  3.066984e-01 -4.343854e-01
     vertex -1.799737e-01  3.067229e-01 -4.664863e-01
     vertex -2.140533e-01  2.585412e-01 -4.518641e-01
   endloop
 endfacet
 facet normal -2.892969e-01  2.888413e-02 -9.568035e-01
   outer loop
     vertex -1.799737e-01  3.067229e-01 -4.664863e-01
     vertex -1.085973e-01  3.068335e-01 -4.880642e-01
     vertex -1.443217e-01  2.586119e-01 -4.787184e-01
   endloop
 endfacet
 facet normal -1.441951e-01  2.856055e-02 -9.891370e-01
   outer loop
     vertex -1.085973e-01  3.068335e-01 -4.880642e-01
     vertex -3.523518e-02  3.068977e-01 -4.987569e-01
     vertex -7.177760e-02  2.587120e-01 -4.948212e-01
   endloop
 endfacet
 facet normal  3.035560e-03  2.808511e-02 -9.996009e-01
   outer loop
     vertex -3.523518e-02  3.068977e-01 -4.987569e-01
     vertex  3.825551e-02  3.068762e-01 -4.985344e-01
     vertex  1.761799e-03  2.587665e-01 -4.999969e-01
   endloop
 endfacet
 facet normal  1.487840e-01  2.751930e-02 -9.884867e-01
   outer loop
     vertex  3.825551e-02  3.068762e-01 -4.985344e-01
     vertex  1.101638e-01  3.068037e-01 -4.877130e-01
     vertex  7.447938e-02  2.587565e-01 -4.944217e-01
   endloop
 endfacet
 facet normal  2.897486e-01  2.680334e-02 -9.567274e-01
   outer loop
     vertex  1.101638e-01  3.068037e-01 -4.877130e-01
     vertex  1.789073e-01  3.067112e-01 -4.668963e-01
     vertex  1.449175e-01  2.585934e-01 -4.785383e-01
   endloop
 endfacet
 facet normal  7.355527e-01 -2.268056e-02 -6.770877e-01
   outer loop
     vertex  3.897025e-01 -4.026681e-01 -3.132602e-01
     vertex  3.439568e-01 -4.044491e-01 -3.628963e-01
     vertex  3.639503e-01 -3.547455e-01 -3.428413e-01
   endloop
 endfacet
 facet normal -1.649036e-01 -2.654416e-02  9.859524e-01
   outer loop
     vertex -1.175119e-01 -4.067802e-01  4.859948e-01
     vertex -4.705442e-02 -4.067090e-01  4.977810e-01
     vertex -8.232753e-02 -3.586380e-01  4.931756e-01
   endloop
 endfacet
 facet normal  5.161569e-01  2.702582e-02  8.560675e-01
   outer loop
     vertex  2.884747e-01  3.076012e-01  4.083900e-01
     vertex  2.267673e-01  3.068551e-01  4.456194e-01
     vertex  2.576137e-01  2.591531e-01  4.285268e-01
   endloop
 endfacet
 facet normal -9.774137e-01 -2.796893e-02 -2.094760e-01
   outer loop
     vertex -4.798880e-01 -4.066786e-01 -1.403834e-01
     vertex -4.952675e-01 -4.066236e-01 -6.863001e-02
     vertex -4.889739e-01 -3.584752e-01 -1.044247e-01
   endloop
 endfacet
 facet normal  9.058621e-01  8.446774e-03  4.234886e-01
   outer loop
     vertex  4.613042e-01  1.021513e-01  1.928689e-01
     vertex  4.643888e-01  1.498857e-01  1.853187e-01
     vertex  4.401777e-01  1.473846e-01  2.371573e-01
   endloop
 endfacet
 facet normal  8.988543e-01  9.153458e-03 -4.381521e-01
   outer loop
     vertex  4.617085e-01 -3.328306e-01 -1.918990e-01
     vertex  4.580907e-01 -3.836200e-01 -2.003820e-01
     vertex  4.367168e-01 -3.473304e-01 -2.434717e-01
   endloop
 endfacet
 facet normal  8.900057e-01 -1.682181e-02 -4.556390e-01
   outer loop
     vertex  4.580907e-01 -3.836200e-01 -2.003820e-01
     vertex  4.284376e-01 -3.982947e-01 -2.577620e-01
     vertex  4.367168e-01 -3.473304e-01 -2.434717e-01
   endloop
 endfacet
 facet normal -9.876336e-01 -2.804653e-02 -1.542505e-01
   outer loop
     vertex -4.940854e-01  3.066352e-01 -7.667857e-02
     vertex -4.870075e-01  2.584835e-01 -1.132416e-01
     vertex -4.983447e-01  2.584798e-01 -4.065112e-02
   endloop
 endfacet
 facet normal  9.102663e-01 -1.508764e-04 -4.140231e-01
   outer loop
     vertex  4.641035e-01  4.945964e-02 -1.860322e-01
     vertex  4.641546e-01  7.767402e-03 -1.859046e-01
     vertex  4.451821e-01  2.751141e-02 -2.276244e-01
   endloop
 endfacet
 facet normal  9.095598e-01 -4.062617e-03 -4.155531e-01
   outer loop
     vertex  4.641546e-01  7.767402e-03 -1.859046e-01
     vertex  4.435830e-01 -1.333729e-02 -2.307251e-01
     vertex  4.451821e-01  2.751141e-02 -2.276244e-01
   endloop
 endfacet
 facet normal  9.032540e-01  8.243669e-03 -4.290272e-01
   outer loop
     vertex  4.376725e-01  3.030655e-01 -2.417494e-01
     vertex  4.622043e-01  2.718138e-01 -1.907017e-01
     vertex  4.417181e-01  2.487469e-01 -2.342758e-01
   endloop
 endfacet
 facet normal  9.090920e-01  8.862610e-03 -4.165012e-01
   outer loop
     vertex  4.651159e-01 -2.869832e-01 -1.834861e-01
     vertex  4.617085e-01 -3.328306e-01 -1.918990e-01
     vertex  4.438572e-01 -3.015498e-01 -2.301972e-01
   endloop
 endfacet
 facet normal  9.014682e-01 -1.517312e-02 -4.325793e-01
   outer loop
     vertex  4.617085e-01 -3.328306e-01 -1.918990e-01
     vertex  4.367168e-01 -3.473304e-01 -2.434717e-01
     vertex  4.438572e-01 -3.015498e-01 -2.301972e-01
   endloop
 endfacet
 facet normal -9.902306e-01  2.786428e-02 -1.366269e-01
   outer loop
     vertex -4.889739e-01 -3.584752e-01 -1.044247e-01
     vertex -4.952675e-01 -4.066236e-01 -6.863001e-02
     vertex -4.989826e-01 -3.584537e-01 -3.188012e-02
   endloop
 endfacet
 facet normal  4.528037e-01 -2.653560e-02  8.912153e-01
   outer loop
     vertex  2.576137e-01  2.591531e-01  4.285268e-01
     vertex  2.267673e-01  3.068551e-01  4.456194e-01
     vertex  1.938409e-01  2.580966e-01  4.608966e-01
   endloop
 endfacet
 facet normal -9.431350e-02  2.613870e-02  9.951993e-01
   outer loop
     vertex -8.232753e-02 -3.586380e-01  4.931756e-01
     vertex -4.705442e-02 -4.067090e-01  4.977810e-01
     vertex -1.170781e-02 -3.584394e-01  4.998629e-01
   endloop
 endfacet
 facet normal  6.813410e-01  2.114610e-02 -7.316606e-01
   outer loop
     vertex  3.639503e-01 -3.547455e-01 -3.428413e-01
     vertex  3.439568e-01 -4.044491e-01 -3.628963e-01
     vertex  3.163876e-01 -3.559513e-01 -3.871678e-01
   endloop
 endfacet
 facet normal  3.569542e-01 -2.622840e-02 -9.337536e-01
   outer loop
     vertex  1.449175e-01  2.585934e-01 -4.785383e-01
     vertex  1.789073e-01  3.067112e-01 -4.668963e-01
     vertex  2.113578e-01  2.582942e-01 -4.531312e-01
   endloop
 endfacet
 facet normal  2.198305e-01 -2.710714e-02 -9.751614e-01
   outer loop
     vertex  7.447938e-02  2.587565e-01 -4.944217e-01
     vertex  1.101638e-01  3.068037e-01 -4.877130e-01
     vertex  1.449175e-01  2.585934e-01 -4.785383e-01
   endloop
 endfacet
 facet normal  7.641173e-02 -2.766298e-02 -9.966925e-01
   outer loop
     vertex  1.761799e-03  2.587665e-01 -4.999969e-01
     vertex  3.825551e-02  3.068762e-01 -4.985344e-01
     vertex  7.447938e-02  2.587565e-01 -4.944217e-01
   endloop
 endfacet
 facet normal -7.015804e-02 -2.824002e-02 -9.971361e-01
   outer loop
     vertex -7.177760e-02  2.587120e-01 -4.948212e-01
     vertex -3.523518e-02  3.068977e-01 -4.987569e-01
     vertex  1.761799e-03  2.587665e-01 -4.999969e-01
   endloop
 endfacet
 facet normal -2.165715e-01 -2.868403e-02 -9.758453e-01
   outer loop
     vertex -1.443217e-01  2.586119e-01 -4.787184e-01
     vertex -1.085973e-01  3.068335e-01 -4.880642e-01
     vertex -7.177760e-02  2.587120e-01 -4.948212e-01
   endloop
 endfacet
 facet normal -3.592027e-01 -2.901935e-02 -9.328083e-01
   outer loop
     vertex -2.140533e-01  2.585412e-01 -4.518641e-01
     vertex -1.799737e-01  3.067229e-01 -4.664863e-01
     vertex -1.443217e-01  2.586119e-01 -4.787184e-01
   endloop
 endfacet
 facet normal -4.944896e-01 -2.924678e-02 -8.686913e-01
   outer loop
     vertex -2.792506e-01  2.585510e-01 -4.147518e-01
     vertex -2.476072e-01  3.066984e-01 -4.343854e-01
     vertex -2.140533e-01  2.585412e-01 -4.518641e-01
   endloop
 endfacet
 facet normal -6.190849e-01 -2.939640e-02 -7.847737e-01
   outer loop
     vertex -3.383251e-01  2.586202e-01 -3.681523e-01
     vertex -3.099142e-01  3.067762e-01 -3.923687e-01
     vertex -2.792506e-01  2.585510e-01 -4.147518e-01
   endloop
 endfacet
 facet normal -7.299066e-01 -2.948142e-02 -6.829108e-01
   outer loop
     vertex -3.898144e-01  2.586497e-01 -3.131209e-01
     vertex -3.653906e-01  3.068395e-01 -3.413059e-01
     vertex -3.383251e-01  2.586202e-01 -3.681523e-01
   endloop
 endfacet
 facet normal -3.799325e-01  2.885469e-02 -9.245641e-01
   outer loop
     vertex -1.550513e-01 -3.585481e-01 -4.753516e-01
     vertex -1.896023e-01 -4.067065e-01 -4.626564e-01
     vertex -2.239776e-01 -3.585622e-01 -4.470280e-01
   endloop
 endfacet
 facet normal -9.590001e-01 -2.814955e-02  2.820041e-01
   outer loop
     vertex -4.680020e-01  2.585115e-01  1.759947e-01
     vertex -4.796030e-01  3.067025e-01  1.413540e-01
     vertex -4.887744e-01  2.585090e-01  1.053545e-01
   endloop
 endfacet
 facet normal  7.913254e-01 -3.185364e-02  6.105649e-01
   outer loop
     vertex  4.187623e-01  2.613461e-01  2.731997e-01
     vertex  3.943734e-01  3.102233e-01  3.073592e-01
     vertex  3.703909e-01  2.609837e-01  3.358729e-01
   endloop
 endfacet
 facet normal -9.542431e-01  2.802441e-02  2.977160e-01
   outer loop
     vertex -4.869611e-01 -3.585268e-01  1.134411e-01
     vertex -4.774674e-01 -4.067295e-01  1.484079e-01
     vertex -4.650838e-01 -3.585807e-01  1.835676e-01
   endloop
 endfacet
 facet normal -6.366952e-01 -2.871572e-02  7.705807e-01
   outer loop
     vertex -2.889179e-01  2.585395e-01  4.080765e-01
     vertex -3.181679e-01  3.067749e-01  3.857061e-01
     vertex -3.462765e-01  2.585325e-01  3.606835e-01
   endloop
 endfacet
 facet normal -5.156736e-01 -2.839427e-02  8.563145e-01
   outer loop
     vertex -2.255344e-01  2.584927e-01  4.462446e-01
     vertex -2.574513e-01  3.067501e-01  4.286243e-01
     vertex -2.889179e-01  2.585395e-01  4.080765e-01
   endloop
 endfacet
 facet normal -3.841478e-01 -2.803205e-02  9.228459e-01
   outer loop
     vertex -1.576747e-01  2.583498e-01  4.744878e-01
     vertex -1.915158e-01  3.066332e-01  4.618676e-01
     vertex -2.255344e-01  2.584927e-01  4.462446e-01
   endloop
 endfacet
 facet normal -2.454237e-01 -2.747872e-02  9.690264e-01
   outer loop
     vertex -8.710441e-02  2.581145e-01  4.923544e-01
     vertex -1.220909e-01  3.064743e-01  4.848647e-01
     vertex -1.576747e-01  2.583498e-01  4.744878e-01
   endloop
 endfacet
 facet normal -1.027684e-01 -2.695084e-02  9.943401e-01
   outer loop
     vertex -1.532161e-02  2.578131e-01  4.997652e-01
     vertex -5.078412e-02  3.063024e-01  4.974143e-01
     vertex -8.710441e-02  2.581145e-01  4.923544e-01
   endloop
 endfacet
 facet normal  4.093700e-02 -2.649710e-02  9.988103e-01
   outer loop
     vertex  5.626734e-02  2.575429e-01  4.968239e-01
     vertex  2.099841e-02  3.061488e-01  4.995589e-01
     vertex -1.532161e-02  2.578131e-01  4.997652e-01
   endloop
 endfacet
 facet normal  1.830467e-01 -2.619822e-02  9.827551e-01
   outer loop
     vertex  1.263672e-01  2.575677e-01  4.837678e-01
     vertex  9.196941e-02  3.061127e-01  4.914688e-01
     vertex  5.626734e-02  2.575429e-01  4.968239e-01
   endloop
 endfacet
 facet normal  3.210979e-01 -2.619128e-02  9.466838e-01
   outer loop
     vertex  1.938409e-01  2.580966e-01  4.608966e-01
     vertex  1.609406e-01  3.063220e-01  4.733900e-01
     vertex  1.263672e-01  2.575677e-01  4.837678e-01
   endloop
 endfacet
 facet normal  1.845035e-01  2.449654e-02  9.825265e-01
   outer loop
     vertex  5.828197e-02 -3.580380e-01  4.965916e-01
     vertex  9.321559e-02 -4.062655e-01  4.912340e-01
     vertex  1.260192e-01 -3.575183e-01  4.838586e-01
   endloop
 endfacet
 facet normal -9.595163e-01  2.819207e-02 -2.802388e-01
   outer loop
     vertex -4.683245e-01 -3.585547e-01 -1.751347e-01
     vertex -4.798880e-01 -4.066786e-01 -1.403834e-01
     vertex -4.889739e-01 -3.584752e-01 -1.044247e-01
   endloop
 endfacet
 facet normal -9.541469e-01 -2.855125e-02 -2.979742e-01
   outer loop
     vertex -4.870075e-01  2.584835e-01 -1.132416e-01
     vertex -4.774529e-01  3.066774e-01 -1.484544e-01
     vertex -4.649101e-01  2.585564e-01 -1.840070e-01
   endloop
 endfacet
 facet normal  8.206280e-01 -2.165283e-02 -5.710524e-01
   outer loop
     vertex  4.284376e-01 -3.982947e-01 -2.577620e-01
     vertex  3.897025e-01 -4.026681e-01 -3.132602e-01
     vertex  4.042320e-01 -3.527663e-01 -2.942728e-01
   endloop
 endfacet
 facet normal  8.416810e-01  1.462083e-02 -5.397772e-01
   outer loop
     vertex  4.367168e-01 -3.473304e-01 -2.434717e-01
     vertex  4.284376e-01 -3.982947e-01 -2.577620e-01
     vertex  4.042320e-01 -3.527663e-01 -2.942728e-01
   endloop
 endfacet
 facet normal  7.691941e-01  1.907393e-02 -6.387305e-01
   outer loop
     vertex  3.897025e-01 -4.026681e-01 -3.132602e-01
     vertex  3.639503e-01 -3.547455e-01 -3.428413e-01
     vertex  4.042320e-01 -3.527663e-01 -2.942728e-01
   endloop
 endfacet
 facet normal  7.879089e-01 -1.967045e-02 -6.154776e-01
   outer loop
     vertex  3.739263e-01  2.595462e-01 -3.319324e-01
     vertex  3.978117e-01  3.077466e-01 -3.028958e-01
     vertex  4.122273e-01  2.615171e-01 -2.829640e-01
   endloop
 endfacet
 facet normal  9.175283e-01 -1.555565e-02  3.973661e-01
   outer loop
     vertex  4.698954e-01 -1.282761e-01  1.708753e-01
     vertex  4.648380e-01 -8.647710e-02  1.841891e-01
     vertex  4.469399e-01 -1.212927e-01  2.241533e-01
   endloop
 endfacet
 facet normal -2.348965e-01  2.674258e-02  9.716524e-01
   outer loop
     vertex -1.520299e-01 -3.586883e-01  4.763265e-01
     vertex -1.175119e-01 -4.067802e-01  4.859948e-01
     vertex -8.232753e-02 -3.586380e-01  4.931756e-01
   endloop
 endfacet
 facet normal -9.995773e-01 -2.796239e-02 -7.960125e-03
   outer loop
     vertex -4.989292e-01  2.584893e-01  3.270576e-02
     vertex -4.999874e-01  3.066383e-01 -3.549767e-03
     vertex -4.983447e-01  2.584798e-01 -4.065112e-02
   endloop
 endfacet
 facet normal -8.994114e-01 -2.885978e-02 -4.361492e-01
   outer loop
     vertex -4.649101e-01  2.585564e-01 -1.840070e-01
     vertex -4.501712e-01  3.067662e-01 -2.175910e-01
     vertex -4.323813e-01  2.586117e-01 -2.510904e-01
   endloop
 endfacet
 facet normal  9.053737e-01 -1.981025e-03 -4.246111e-01
   outer loop
     vertex  4.622043e-01  2.718138e-01 -1.907017e-01
     vertex  4.629277e-01  2.245844e-01 -1.889390e-01
     vertex  4.417181e-01  2.487469e-01 -2.342758e-01
   endloop
 endfacet
 facet normal -8.261452e-01  2.855874e-02  5.627331e-01
   outer loop
     vertex -4.135335e-01 -4.068280e-01  2.810517e-01
     vertex -3.912403e-01 -3.586956e-01  3.113375e-01
     vertex -4.329778e-01 -3.586471e-01  2.500604e-01
   endloop
 endfacet
 facet normal -8.349034e-01 -2.864858e-02  5.496503e-01
   outer loop
     vertex -3.960474e-01  2.585158e-01  3.051991e-01
     vertex -4.174544e-01  3.067062e-01  2.751942e-01
     vertex -4.368951e-01  2.584971e-01  2.431516e-01
   endloop
 endfacet
 facet normal  4.622308e-01  2.437649e-02 -8.864245e-01
   outer loop
     vertex  2.612966e-01 -3.568612e-01 -4.262911e-01
     vertex  2.325196e-01 -4.058813e-01 -4.426451e-01
     vertex  2.001580e-01 -3.574592e-01 -4.581886e-01
   endloop
 endfacet
 facet normal  6.889560e-01 -2.864492e-02  7.242369e-01
   outer loop
     vertex  3.703909e-01  2.609837e-01  3.358729e-01
     vertex  3.449109e-01  3.084652e-01  3.619896e-01
     vertex  3.167880e-01  2.603693e-01  3.868402e-01
   endloop
 endfacet
 facet normal  1.966900e-01  2.661486e-02 -9.801044e-01
   outer loop
     vertex  1.333286e-01 -3.579403e-01 -4.818957e-01
     vertex  9.909471e-02 -4.064028e-01 -4.900819e-01
     vertex  6.302350e-02 -3.582129e-01 -4.960121e-01
   endloop
 endfacet
 facet normal -6.355648e-01  2.920624e-02 -7.714949e-01
   outer loop
     vertex -2.880740e-01 -3.586022e-01 -4.086727e-01
     vertex -3.175438e-01 -4.068067e-01 -3.862201e-01
     vertex -3.459574e-01 -3.586491e-01 -3.609896e-01
   endloop
 endfacet
 facet normal  7.028779e-01 -2.214417e-02 -7.109658e-01
   outer loop
     vertex  3.272333e-01  2.579804e-01 -3.780455e-01
     vertex  3.532013e-01  3.071757e-01 -3.539052e-01
     vertex  3.739263e-01  2.595462e-01 -3.319324e-01
   endloop
 endfacet
 facet normal -9.076719e-01  2.863321e-02 -4.187026e-01
   outer loop
     vertex -4.372252e-01 -3.586290e-01 -2.425574e-01
     vertex -4.539329e-01 -4.067716e-01 -2.096304e-01
     vertex -4.683245e-01 -3.585547e-01 -1.751347e-01
   endloop
 endfacet
 facet normal -5.036093e-01  2.806947e-02  8.634754e-01
   outer loop
     vertex -2.829604e-01 -3.587582e-01  4.122298e-01
     vertex -2.521174e-01 -4.068937e-01  4.317833e-01
     vertex -2.194715e-01 -3.587178e-01  4.492574e-01
   endloop
 endfacet
 facet normal -9.313026e-02  2.799556e-02 -9.952603e-01
   outer loop
     vertex -9.861035e-03 -3.584296e-01 -4.999028e-01
     vertex -4.604276e-02 -4.067237e-01 -4.978756e-01
     vertex -8.301976e-02 -3.585198e-01 -4.930595e-01
   endloop
 endfacet
 facet normal  6.009580e-01 -2.409241e-02 -7.989174e-01
   outer loop
     vertex  2.724833e-01  2.579678e-01 -4.192289e-01
     vertex  3.016987e-01  3.066381e-01 -3.987203e-01
     vertex  3.272333e-01  2.579804e-01 -3.780455e-01
   endloop
 endfacet
 facet normal  3.340501e-01  2.592436e-02 -9.421987e-01
   outer loop
     vertex  2.001580e-01 -3.574592e-01 -4.581886e-01
     vertex  1.681557e-01 -4.061838e-01 -4.708754e-01
     vertex  1.333286e-01 -3.579403e-01 -4.818957e-01
   endloop
 endfacet
 facet normal  9.056120e-01  7.252232e-04 -4.241065e-01
   outer loop
     vertex  4.630353e-01 -7.552641e-02 -1.886750e-01
     vertex  4.628078e-01 -1.173794e-01 -1.892324e-01
     vertex  4.415460e-01 -9.765300e-02 -2.345999e-01
   endloop
 endfacet
 facet normal  9.054778e-01 -7.951545e-05 -4.243936e-01
   outer loop
     vertex  4.628078e-01 -1.173794e-01 -1.892324e-01
     vertex  4.415139e-01 -1.408227e-01 -2.346603e-01
     vertex  4.415460e-01 -9.765300e-02 -2.345999e-01
   endloop
 endfacet
 facet normal -7.337070e-01  2.871598e-02  6.788590e-01
   outer loop
     vertex -3.673372e-01 -4.068775e-01  3.392099e-01
     vertex -3.407510e-01 -3.587450e-01  3.659081e-01
     vertex -3.912403e-01 -3.586956e-01  3.113375e-01
   endloop
 endfacet
 facet normal  5.260930e-01  1.359272e-02 -8.503184e-01
   outer loop
     vertex  2.360404e-01  1.448368e-02 -4.407777e-01
     vertex  2.877643e-01  7.300368e-03 -4.088908e-01
     vertex  2.567463e-01 -5.308636e-02 -4.290470e-01
   endloop
 endfacet
 facet normal -9.001475e-01  2.832390e-02  4.346634e-01
   outer loop
     vertex -4.650838e-01 -3.585807e-01  1.835676e-01
     vertex -4.505234e-01 -4.067694e-01  2.168610e-01
     vertex -4.329778e-01 -3.586471e-01  2.500604e-01
   endloop
 endfacet
 facet normal -9.995711e-01  2.775187e-02  9.353171e-03
   outer loop
     vertex -4.999819e-01 -4.066242e-01  4.255363e-03
     vertex -4.982995e-01 -3.584796e-01  4.120204e-02
     vertex -4.989826e-01 -3.584537e-01 -3.188012e-02
   endloop
 endfacet
 facet normal  3.174532e-01  2.405908e-02  9.479687e-01
   outer loop
     vertex  1.260192e-01 -3.575183e-01  4.838586e-01
     vertex  1.604722e-01 -4.059008e-01  4.735490e-01
     vertex  1.909576e-01 -3.569850e-01  4.620987e-01
   endloop
 endfacet
 facet normal  9.184200e-01  1.757581e-02  3.952160e-01
   outer loop
     vertex  4.630369e-01  2.575634e-01  1.886711e-01
     vertex  4.688633e-01  2.900443e-01  1.736872e-01
     vertex  4.494439e-01  2.838676e-01  2.190895e-01
   endloop
 endfacet
 facet normal  9.129629e-01 -1.083264e-02  4.078988e-01
   outer loop
     vertex  4.468664e-01  2.363139e-01  2.242999e-01
     vertex  4.663424e-01  2.226735e-01  1.803462e-01
     vertex  4.630369e-01  2.575634e-01  1.886711e-01
   endloop
 endfacet
 facet normal  9.115685e-01 -4.362147e-03  4.111251e-01
   outer loop
     vertex  4.630369e-01  2.575634e-01  1.886711e-01
     vertex  4.494439e-01  2.838676e-01  2.190895e-01
     vertex  4.468664e-01  2.363139e-01  2.242999e-01
   endloop
 endfacet
 facet normal  5.264385e-01 -1.841727e-02  8.500137e-01
   outer loop
     vertex  2.367143e-01 -1.587741e-01  4.404161e-01
     vertex  2.895103e-01 -1.616138e-01  4.076565e-01
     vertex  2.580252e-01 -1.097836e-01  4.282791e-01
   endloop
 endfacet
 facet normal  2.888048e-01 -2.605447e-02  9.570334e-01
   outer loop
     vertex  1.809540e-01 -5.004872e-02  4.661069e-01
     vertex  1.519220e-01  4.791369e-03  4.763609e-01
     vertex  1.068117e-01 -5.088827e-02  4.884581e-01
   endloop
 endfacet
 facet normal  9.230617e-01 -8.825462e-03  3.845508e-01
   outer loop
     vertex  4.695430e-01  1.868340e-01  1.718410e-01
     vertex  4.663424e-01  2.226735e-01  1.803462e-01
     vertex  4.529391e-01  1.899993e-01  2.117691e-01
   endloop
 endfacet
 facet normal  9.154942e-01  1.122754e-02  4.021744e-01
   outer loop
     vertex  4.663424e-01  2.226735e-01  1.803462e-01
     vertex  4.468664e-01  2.363139e-01  2.242999e-01
     vertex  4.529391e-01  1.899993e-01  2.117691e-01
   endloop
 endfacet
 facet normal  3.007249e-02  2.744234e-02 -9.991709e-01
   outer loop
     vertex  5.116212e-02 -7.236839e-02 -4.973756e-01
     vertex  1.858266e-02 -1.196450e-01 -4.996546e-01
     vertex -2.095732e-02 -7.289402e-02 -4.995606e-01
   endloop
 endfacet
 facet normal  3.568302e-01  1.940223e-02  9.339677e-01
   outer loop
     vertex  1.482541e-01 -1.053230e-01  4.775152e-01
     vertex  1.806824e-01 -1.576294e-01  4.662123e-01
     vertex  2.078758e-01 -1.054637e-01  4.547391e-01
   endloop
 endfacet
 facet normal  9.017160e-01 -2.140102e-03  4.323236e-01
   outer loop
     vertex  4.613042e-01  1.021513e-01  1.928689e-01
     vertex  4.401777e-01  1.473846e-01  2.371573e-01
     vertex  4.392252e-01  1.014844e-01  2.389167e-01
   endloop
 endfacet
 facet normal  9.123659e-01 -5.145789e-03  4.093435e-01
   outer loop
     vertex  4.644550e-01  4.698279e-02  1.851527e-01
     vertex  4.613042e-01  1.021513e-01  1.928689e-01
     vertex  4.481255e-01  6.486571e-02  2.217737e-01
   endloop
 endfacet
 facet normal  9.014872e-01  1.663992e-02  4.324858e-01
   outer loop
     vertex  4.613042e-01  1.021513e-01  1.928689e-01
     vertex  4.392252e-01  1.014844e-01  2.389167e-01
     vertex  4.481255e-01  6.486571e-02  2.217737e-01
   endloop
 endfacet
 facet normal  4.433959e-01  2.339324e-02  8.960205e-01
   outer loop
     vertex  1.909576e-01 -3.569850e-01  4.620987e-01
     vertex  2.243570e-01 -4.055036e-01  4.468377e-01
     vertex  2.516546e-01 -3.566185e-01  4.320532e-01
   endloop
 endfacet
 facet normal -4.010068e-01  2.955798e-02 -9.155981e-01
   outer loop
     vertex -1.657603e-01 -7.340915e-02 -4.717240e-01
     vertex -1.973848e-01 -1.203924e-01 -4.593901e-01
     vertex -2.342309e-01 -7.359897e-02 -4.417419e-01
   endloop
 endfacet
 facet normal  9.098025e-01 -1.832613e-02  4.146367e-01
   outer loop
     vertex  4.644550e-01  4.698279e-02  1.851527e-01
     vertex  4.481255e-01  6.486571e-02  2.217737e-01
     vertex  4.408004e-01  2.304107e-02  2.359979e-01
   endloop
 endfacet
 facet normal  9.059629e-01  3.947695e-03  4.233386e-01
   outer loop
     vertex  4.631331e-01 -1.623196e-03  1.884349e-01
     vertex  4.644550e-01  4.698279e-02  1.851527e-01
     vertex  4.408004e-01  2.304107e-02  2.359979e-01
   endloop
 endfacet
 facet normal  5.538577e-01 -4.718693e-03  8.325980e-01
   outer loop
     vertex  2.956448e-01 -1.140697e-01  4.032296e-01
     vertex  2.910280e-01 -6.580657e-02  4.065743e-01
     vertex  2.580252e-01 -1.097836e-01  4.282791e-01
   endloop
 endfacet
 facet normal -8.110461e-01  2.918027e-02  5.842540e-01
   outer loop
     vertex -4.079817e-01 -1.207473e-01  2.890517e-01
     vertex -3.828602e-01 -7.393566e-02  3.215868e-01
     vertex -4.263026e-01 -7.386777e-02  2.612779e-01
   endloop
 endfacet
 facet normal  9.058556e-01  3.398414e-03  4.235731e-01
   outer loop
     vertex  4.631331e-01 -1.623196e-03  1.884349e-01
     vertex  4.408004e-01  2.304107e-02  2.359979e-01
     vertex  4.423022e-01 -2.493995e-02  2.331711e-01
   endloop
 endfacet
 facet normal  9.047686e-01  8.671122e-03  4.258151e-01
   outer loop
     vertex  4.598568e-01 -4.575060e-02  1.962951e-01
     vertex  4.631331e-01 -1.623196e-03  1.884349e-01
     vertex  4.423022e-01 -2.493995e-02  2.331711e-01
   endloop
 endfacet
 facet normal -9.990898e-01 -2.835283e-02 -3.186881e-02
   outer loop
     vertex -4.995717e-01 -2.648327e-02  2.069033e-02
     vertex -4.998464e-01  2.038072e-02 -1.239116e-02
     vertex -4.972350e-01 -2.654685e-02 -5.251088e-02
   endloop
 endfacet
 facet normal  9.035850e-01  3.096380e-03  4.283977e-01
   outer loop
     vertex  4.423022e-01 -2.493995e-02  2.331711e-01
     vertex  4.440759e-01 -7.268814e-02  2.297752e-01
     vertex  4.598568e-01 -4.575060e-02  1.962951e-01
   endloop
 endfacet
 facet normal -3.489205e-01  2.702094e-02  9.367627e-01
   outer loop
     vertex -2.076280e-01 -7.383351e-02  4.548523e-01
     vertex -1.781673e-01 -1.207582e-01  4.671792e-01
     vertex -1.405495e-01 -7.390413e-02  4.798394e-01
   endloop
 endfacet
 facet normal -7.751616e-02  2.347676e-02  9.967146e-01
   outer loop
     vertex -7.199430e-02 -7.440557e-02  4.947897e-01
     vertex -4.225537e-02 -1.214786e-01  4.982113e-01
     vertex -5.743359e-03 -7.546244e-02  4.999670e-01
   endloop
 endfacet
 facet normal  9.084840e-01 -1.304987e-02  4.177158e-01
   outer loop
     vertex  4.648380e-01 -8.647710e-02  1.841891e-01
     vertex  4.598568e-01 -4.575060e-02  1.962951e-01
     vertex  4.440759e-01 -7.268814e-02  2.297752e-01
   endloop
 endfacet
 facet normal -1.954082e-01 -2.890728e-02 -9.802959e-01
   outer loop
     vertex -1.337651e-01 -2.656860e-02 -4.817747e-01
     vertex -1.009775e-01  2.046410e-02 -4.896974e-01
     vertex -6.128344e-02 -2.632481e-02 -4.962301e-01
   endloop
 endfacet
 facet normal -6.535002e-01  2.977607e-02 -7.563405e-01
   outer loop
     vertex -2.975981e-01 -7.358037e-02 -4.017902e-01
     vertex -3.242560e-01 -1.204504e-01 -3.806022e-01
     vertex -3.543800e-01 -7.347489e-02 -3.527248e-01
   endloop
 endfacet
 facet normal  4.847705e-01 -2.520447e-02 -8.742782e-01
   outer loop
     vertex  2.113578e-01  2.582942e-01 -4.531312e-01
     vertex  2.432805e-01  3.066009e-01 -4.368233e-01
     vertex  2.724833e-01  2.579678e-01 -4.192289e-01
   endloop
 endfacet
 facet normal  9.191707e-01  2.078144e-02  3.933108e-01
   outer loop
     vertex  4.698954e-01 -1.282761e-01  1.708753e-01
     vertex  4.469399e-01 -1.212927e-01  2.241533e-01
     vertex  4.585883e-01 -1.650029e-01  1.992405e-01
   endloop
 endfacet
 facet normal  8.957410e-01 -1.454551e-02  4.443382e-01
   outer loop
     vertex  4.361690e-01 -1.645113e-01  2.444517e-01
     vertex  4.585883e-01 -1.650029e-01  1.992405e-01
     vertex  4.469399e-01 -1.212927e-01  2.241533e-01
   endloop
 endfacet
 facet normal  8.958279e-01  1.830480e-02  4.440241e-01
   outer loop
     vertex  4.361690e-01 -1.645113e-01  2.444517e-01
     vertex  4.455293e-01 -1.979162e-01  2.269441e-01
     vertex  4.585883e-01 -1.650029e-01  1.992405e-01
   endloop
 endfacet
 facet normal -8.106813e-01 -2.974351e-02 -5.847317e-01
   outer loop
     vertex -4.263234e-01 -2.663461e-02 -2.612439e-01
     vertex -4.076140e-01  2.029548e-02 -2.895701e-01
     vertex -3.824229e-01 -2.666442e-02 -3.221067e-01
   endloop
 endfacet
 facet normal -2.128156e-01  2.598111e-02  9.767469e-01
   outer loop
     vertex -1.405495e-01 -7.390413e-02  4.798394e-01
     vertex -1.102521e-01 -1.209861e-01  4.876930e-01
     vertex -7.199430e-02 -7.440557e-02  4.947897e-01
   endloop
 endfacet
 facet normal  9.095779e-01 -1.126019e-02  4.153809e-01
   outer loop
     vertex  4.643871e-01 -2.099923e-01  1.853230e-01
     vertex  4.585883e-01 -1.650029e-01  1.992405e-01
     vertex  4.455293e-01 -1.979162e-01  2.269441e-01
   endloop
 endfacet
 facet normal  9.046363e-01  1.318516e-02  4.259804e-01
   outer loop
     vertex  4.593596e-01 -2.570320e-01  1.974556e-01
     vertex  4.643871e-01 -2.099923e-01  1.853230e-01
     vertex  4.418904e-01 -2.375277e-01  2.339505e-01
   endloop
 endfacet
 facet normal  9.097112e-01 -1.014468e-02  4.151176e-01
   outer loop
     vertex  4.643871e-01 -2.099923e-01  1.853230e-01
     vertex  4.455293e-01 -1.979162e-01  2.269441e-01
     vertex  4.418904e-01 -2.375277e-01  2.339505e-01
   endloop
 endfacet
 facet normal -4.944216e-02 -2.833317e-02 -9.983750e-01
   outer loop
     vertex -6.128344e-02 -2.632481e-02 -4.962301e-01
     vertex -2.806819e-02  2.077013e-02 -4.992116e-01
     vertex  1.178462e-02 -2.588600e-02 -4.998611e-01
   endloop
 endfacet
 facet normal  9.019402e-01 -2.329396e-04  4.318610e-01
   outer loop
     vertex  4.593596e-01 -2.570320e-01  1.974556e-01
     vertex  4.418904e-01 -2.375277e-01  2.339505e-01
     vertex  4.417760e-01 -2.801276e-01  2.341665e-01
   endloop
 endfacet
 facet normal  9.033033e-01 -5.878214e-03  4.289623e-01
   outer loop
     vertex  4.616475e-01 -3.002398e-01  1.920457e-01
     vertex  4.593596e-01 -2.570320e-01  1.974556e-01
     vertex  4.417760e-01 -2.801276e-01  2.341665e-01
   endloop
 endfacet
 facet normal -7.139545e-01 -2.985547e-02 -6.995553e-01
   outer loop
     vertex -3.824229e-01 -2.666442e-02 -3.221067e-01
     vertex -3.595289e-01  2.027352e-02 -3.474752e-01
     vertex -3.298105e-01 -2.673087e-02 -3.757992e-01
   endloop
 endfacet
 facet normal  9.090268e-01 -2.587336e-03  4.167296e-01
   outer loop
     vertex  4.627861e-01 -3.447817e-01  1.892856e-01
     vertex  4.616475e-01 -3.002398e-01  1.920457e-01
     vertex  4.461852e-01 -3.199477e-01  2.256518e-01
   endloop
 endfacet
 facet normal  9.061834e-01  9.940176e-03  4.227680e-01
   outer loop
     vertex  4.616475e-01 -3.002398e-01  1.920457e-01
     vertex  4.417760e-01 -2.801276e-01  2.341665e-01
     vertex  4.461852e-01 -3.199477e-01  2.256518e-01
   endloop
 endfacet
 facet normal  9.397968e-01  7.791836e-04  3.417329e-01
   outer loop
     vertex  4.788911e-01 -4.181311e-01  1.437472e-01
     vertex  4.790932e-01 -3.658556e-01  1.430724e-01
     vertex  4.592431e-01 -3.941559e-01  1.977265e-01
   endloop
 endfacet
 facet normal -5.132835e-01  2.899932e-02 -8.577290e-01
   outer loop
     vertex -2.239776e-01 -3.585622e-01 -4.470280e-01
     vertex -2.562593e-01 -4.067180e-01 -4.293380e-01
     vertex -2.880740e-01 -3.586022e-01 -4.086727e-01
   endloop
 endfacet
 facet normal  9.062881e-01  3.075499e-03 -4.226493e-01
   outer loop
     vertex  4.415139e-01 -1.408227e-01 -2.346603e-01
     vertex  4.631327e-01 -1.590772e-01 -1.884359e-01
     vertex  4.427461e-01 -1.832833e-01 -2.323272e-01
   endloop
 endfacet
 facet normal  9.076665e-01 -3.473352e-03 -4.196778e-01
   outer loop
     vertex  4.631327e-01 -1.590772e-01 -1.884359e-01
     vertex  4.642182e-01 -2.004653e-01 -1.857458e-01
     vertex  4.427461e-01 -1.832833e-01 -2.323272e-01
   endloop
 endfacet
 facet normal -8.353485e-01  2.905668e-02 -5.489522e-01
   outer loop
     vertex -3.961437e-01 -3.586717e-01 -3.050741e-01
     vertex -4.176912e-01 -4.068421e-01 -2.748347e-01
     vertex -4.372252e-01 -3.586290e-01 -2.425574e-01
   endloop
 endfacet
 facet normal -7.438908e-01  2.930920e-02 -6.676581e-01
   outer loop
     vertex -3.459574e-01 -3.586491e-01 -3.609896e-01
     vertex -3.718181e-01 -4.068537e-01 -3.342922e-01
     vertex -3.961437e-01 -3.586717e-01 -3.050741e-01
   endloop
 endfacet
 facet normal  4.652828e-02  2.543264e-02  9.985932e-01
   outer loop
     vertex -1.170781e-02 -3.584394e-01  4.998629e-01
     vertex  2.376331e-02 -4.065307e-01  4.994350e-01
     vertex  5.828197e-02 -3.580380e-01  4.965916e-01
   endloop
 endfacet
 facet normal -9.070209e-01 -2.844170e-02  4.201240e-01
   outer loop
     vertex -4.368951e-01  2.584971e-01  2.431516e-01
     vertex -4.535635e-01  3.066960e-01  2.104286e-01
     vertex -4.680020e-01  2.585115e-01  1.759947e-01
   endloop
 endfacet
 facet normal -9.875215e-01  2.777200e-02  1.550161e-01
   outer loop
     vertex -4.982995e-01 -3.584796e-01  4.120204e-02
     vertex -4.940369e-01 -4.066714e-01  7.699050e-02
     vertex -4.869611e-01 -3.585268e-01  1.134411e-01
   endloop
 endfacet
 facet normal -9.464078e-01  2.874878e-02  3.216921e-01
   outer loop
     vertex -4.839938e-01 -7.340093e-02  1.254991e-01
     vertex -4.746347e-01 -1.203843e-01  1.572320e-01
     vertex -4.602536e-01 -7.363396e-02  1.953629e-01
   endloop
 endfacet
 facet normal  9.065872e-01  1.337554e-03 -4.220163e-01
   outer loop
     vertex  4.421377e-01  1.551176e-01 -2.334828e-01
     vertex  4.631032e-01  1.348555e-01 -1.885085e-01
     vertex  4.426903e-01  1.116864e-01 -2.324334e-01
   endloop
 endfacet
 facet normal  9.071580e-01 -1.495046e-03 -4.207875e-01
   outer loop
     vertex  4.631032e-01  1.348555e-01 -1.885085e-01
     vertex  4.635955e-01  9.189376e-02 -1.872946e-01
     vertex  4.426903e-01  1.116864e-01 -2.324334e-01
   endloop
 endfacet
 facet normal  9.076463e-01 -3.200991e-03 -4.197236e-01
   outer loop
     vertex  4.435830e-01 -1.333729e-02 -2.307251e-01
     vertex  4.636038e-01 -3.387197e-02 -1.872739e-01
     vertex  4.423191e-01 -5.520990e-02 -2.331390e-01
   endloop
 endfacet
 facet normal  9.067602e-01  1.808228e-03 -4.216428e-01
   outer loop
     vertex  4.636038e-01 -3.387197e-02 -1.872739e-01
     vertex  4.630353e-01 -7.552641e-02 -1.886750e-01
     vertex  4.423191e-01 -5.520990e-02 -2.331390e-01
   endloop
 endfacet
 facet normal -2.386419e-01  2.855720e-02 -9.706876e-01
   outer loop
     vertex -8.301976e-02 -3.585198e-01 -4.930595e-01
     vertex -1.188679e-01 -4.067388e-01 -4.856649e-01
     vertex -1.550513e-01 -3.585481e-01 -4.753516e-01
   endloop
 endfacet
 facet normal  5.760724e-01 -2.740299e-02  8.169392e-01
   outer loop
     vertex  3.167880e-01  2.603693e-01  3.868402e-01
     vertex  2.884747e-01  3.076012e-01  4.083900e-01
     vertex  2.576137e-01  2.591531e-01  4.285268e-01
   endloop
 endfacet
 facet normal  8.383536e-01  2.667279e-02 -5.444738e-01
   outer loop
     vertex  3.978117e-01  3.077466e-01 -3.028958e-01
     vertex  4.376725e-01  3.030655e-01 -2.417494e-01
     vertex  4.122273e-01  2.615171e-01 -2.829640e-01
   endloop
 endfacet
 facet normal  9.064016e-01  3.058935e-03 -4.224059e-01
   outer loop
     vertex  4.629277e-01  2.245844e-01 -1.889390e-01
     vertex  4.431553e-01  1.998841e-01 -2.315457e-01
     vertex  4.417181e-01  2.487469e-01 -2.342758e-01
   endloop
 endfacet
 facet normal  5.785973e-01  2.318184e-02 -8.152838e-01
   outer loop
     vertex  3.163876e-01 -3.559513e-01 -3.871678e-01
     vertex  2.916211e-01 -4.053597e-01 -4.061491e-01
     vertex  2.612966e-01 -3.568612e-01 -4.262911e-01
   endloop
 endfacet
 facet normal  9.044425e-01 -1.944949e-02  4.261518e-01
   outer loop
     vertex  4.627861e-01 -3.447817e-01  1.892856e-01
     vertex  4.461852e-01 -3.199477e-01  2.256518e-01
     vertex  4.382517e-01 -3.592051e-01  2.406979e-01
   endloop
 endfacet
 facet normal  5.320245e-02  2.761923e-02 -9.982017e-01
   outer loop
     vertex  2.734868e-02 -4.065684e-01 -4.992515e-01
     vertex -9.861035e-03 -3.584296e-01 -4.999028e-01
     vertex  6.302350e-02 -3.582129e-01 -4.960121e-01
   endloop
 endfacet
 facet normal -6.251711e-01  2.850025e-02  7.799672e-01
   outer loop
     vertex -3.130017e-01 -4.069111e-01  3.899102e-01
     vertex -2.829604e-01 -3.587582e-01  4.122298e-01
     vertex -3.407510e-01 -3.587450e-01  3.659081e-01
   endloop
 endfacet
 facet normal -9.899838e-01 -2.795111e-02  1.383866e-01
   outer loop
     vertex -4.887744e-01  2.585090e-01  1.053545e-01
     vertex -4.951372e-01  3.066693e-01  6.956395e-02
     vertex -4.989292e-01  2.584893e-01  3.270576e-02
   endloop
 endfacet
 facet normal -7.440806e-01 -2.883918e-02  6.674671e-01
   outer loop
     vertex -3.462765e-01  2.585325e-01  3.606835e-01
     vertex -3.719476e-01  3.067271e-01  3.341482e-01
     vertex -3.960474e-01  2.585158e-01  3.051991e-01
   endloop
 endfacet
 facet normal -3.723561e-01  2.746268e-02  9.276835e-01
   outer loop
     vertex -1.863567e-01 -4.068234e-01  4.639732e-01
     vertex -1.520299e-01 -3.586883e-01  4.763265e-01
     vertex -2.194715e-01 -3.587178e-01  4.492574e-01
   endloop
 endfacet
 facet normal  8.950159e-01  2.703737e-02  4.452140e-01
   outer loop
     vertex  4.620018e-01  3.275431e-01  1.911918e-01
     vertex  4.329633e-01  3.190227e-01  2.500856e-01
     vertex  4.494439e-01  2.838676e-01  2.190895e-01
   endloop
 endfacet
 facet normal  8.732488e-01 -1.989356e-02  4.868684e-01
   outer loop
     vertex  4.329633e-01  3.190227e-01  2.500856e-01
     vertex  4.187623e-01  2.613461e-01  2.731997e-01
     vertex  4.494439e-01  2.838676e-01  2.190895e-01
   endloop
 endfacet
 facet normal -8.241679e-01 -2.938298e-02 -5.655828e-01
   outer loop
     vertex -4.323813e-01  2.586117e-01 -2.510904e-01
     vertex -4.125854e-01  3.068219e-01 -2.824417e-01
     vertex -3.898144e-01  2.586497e-01 -3.131209e-01
   endloop
 endfacet
 facet normal -7.599574e-01 -2.915579e-02  6.493186e-01
   outer loop
     vertex -3.549287e-01 -2.715344e-02  3.521727e-01
     vertex -3.777850e-01  1.988413e-02  3.275339e-01
     vertex -4.032393e-01 -2.712489e-02  2.956316e-01
   endloop
 endfacet
 facet normal -8.261645e-01 -2.863170e-02  5.627010e-01
   outer loop
     vertex -4.329778e-01 -3.586471e-01  2.500604e-01
     vertex -3.912403e-01 -3.586956e-01  3.113375e-01
     vertex -4.128170e-01 -3.106489e-01  2.821030e-01
   endloop
 endfacet
 facet normal  9.096452e-01 -1.467286e-03 -4.153835e-01
   outer loop
     vertex  4.635955e-01  9.189376e-02 -1.872946e-01
     vertex  4.641035e-01  4.945964e-02 -1.860322e-01
     vertex  4.448260e-01  6.979278e-02 -2.283195e-01
   endloop
 endfacet
 facet normal  9.082679e-01  5.221175e-03 -4.183565e-01
   outer loop
     vertex  4.426903e-01  1.116864e-01 -2.324334e-01
     vertex  4.635955e-01  9.189376e-02 -1.872946e-01
     vertex  4.448260e-01  6.979278e-02 -2.283195e-01
   endloop
 endfacet
 facet normal  9.100667e-01  8.508869e-04 -4.144610e-01
   outer loop
     vertex  4.641035e-01  4.945964e-02 -1.860322e-01
     vertex  4.451821e-01  2.751141e-02 -2.276244e-01
     vertex  4.448260e-01  6.979278e-02 -2.283195e-01
   endloop
 endfacet
 facet normal  9.062390e-01 -1.979118e-02  4.223022e-01
   outer loop
     vertex  4.401777e-01  1.473846e-01  2.371573e-01
     vertex  4.643888e-01  1.498857e-01  1.853187e-01
     vertex  4.529391e-01  1.899993e-01  2.117691e-01
   endloop
 endfacet
 facet normal  9.107119e-01  5.894600e-03  4.130002e-01
   outer loop
     vertex  4.469399e-01 -1.212927e-01  2.241533e-01
     vertex  4.648380e-01 -8.647710e-02  1.841891e-01
     vertex  4.440759e-01 -7.268814e-02  2.297752e-01
   endloop
 endfacet
 facet normal  4.849766e-01  2.517308e-02 -8.741648e-01
   outer loop
     vertex  2.113578e-01  2.582942e-01 -4.531312e-01
     vertex  2.724833e-01  2.579678e-01 -4.192289e-01
     vertex  2.420960e-01  2.095773e-01 -4.374809e-01
   endloop
 endfacet
 facet normal -2.348595e-01 -2.681871e-02  9.716593e-01
   outer loop
     vertex -1.520299e-01 -3.586883e-01  4.763265e-01
     vertex -8.232753e-02 -3.586380e-01  4.931756e-01
     vertex -1.169472e-01 -3.106937e-01  4.861310e-01
   endloop
 endfacet
 facet normal -8.349101e-01  2.870314e-02  5.496374e-01
   outer loop
     vertex -3.960474e-01  2.585158e-01  3.051991e-01
     vertex -4.368951e-01  2.584971e-01  2.431516e-01
     vertex -4.179821e-01  2.104097e-01  2.743920e-01
   endloop
 endfacet
 facet normal -5.132561e-01 -2.905214e-02 -8.577437e-01
   outer loop
     vertex -2.239776e-01 -3.585622e-01 -4.470280e-01
     vertex -2.880740e-01 -3.586022e-01 -4.086727e-01
     vertex -2.572945e-01 -3.105373e-01 -4.287185e-01
   endloop
 endfacet
 facet normal -6.355351e-01 -2.928738e-02 -7.715163e-01
   outer loop
     vertex -2.880740e-01 -3.586022e-01 -4.086727e-01
     vertex -3.459574e-01 -3.586491e-01 -3.609896e-01
     vertex -3.184096e-01 -3.105848e-01 -3.855066e-01
   endloop
 endfacet
 facet normal -9.306148e-02 -2.808635e-02 -9.952641e-01
   outer loop
     vertex -9.861035e-03 -3.584296e-01 -4.999028e-01
     vertex -8.301976e-02 -3.585198e-01 -4.930595e-01
     vertex -4.717611e-02 -3.103853e-01 -4.977694e-01
   endloop
 endfacet
 facet normal  7.911593e-01  3.141801e-02  6.108026e-01
   outer loop
     vertex  4.187623e-01  2.613461e-01  2.731997e-01
     vertex  3.703909e-01  2.609837e-01  3.358729e-01
     vertex  3.921857e-01  2.123185e-01  3.101458e-01
   endloop
 endfacet
 facet normal  1.968883e-01 -2.667182e-02 -9.800631e-01
   outer loop
     vertex  1.333286e-01 -3.579403e-01 -4.818957e-01
     vertex  6.302350e-02 -3.582129e-01 -4.960121e-01
     vertex  9.784590e-02 -3.098495e-01 -4.903327e-01
   endloop
 endfacet
 facet normal  8.543918e-01 -7.853107e-03 -5.195700e-01
   outer loop
     vertex  4.376725e-01  3.030655e-01 -2.417494e-01
     vertex  4.417181e-01  2.487469e-01 -2.342758e-01
     vertex  4.122273e-01  2.615171e-01 -2.829640e-01
   endloop
 endfacet
 facet normal  3.571599e-01  2.630674e-02 -9.336727e-01
   outer loop
     vertex  1.449175e-01  2.585934e-01 -4.785383e-01
     vertex  2.113578e-01  2.582942e-01 -4.531312e-01
     vertex  1.784152e-01  2.103166e-01 -4.670846e-01
   endloop
 endfacet
 facet normal  8.605922e-01  2.476584e-03 -5.092887e-01
   outer loop
     vertex  4.431553e-01  1.998841e-01 -2.315457e-01
     vertex  4.421377e-01  1.551176e-01 -2.334828e-01
     vertex  4.168338e-01  1.773119e-01 -2.761332e-01
   endloop
 endfacet
 facet normal  4.626057e-01 -2.436952e-02 -8.862292e-01
   outer loop
     vertex  2.612966e-01 -3.568612e-01 -4.262911e-01
     vertex  2.001580e-01 -3.574592e-01 -4.581886e-01
     vertex  2.303311e-01 -3.083885e-01 -4.437878e-01
   endloop
 endfacet
 facet normal -9.001679e-01 -2.839347e-02  4.346166e-01
   outer loop
     vertex -4.650838e-01 -3.585807e-01  1.835676e-01
     vertex -4.329778e-01 -3.586471e-01  2.500604e-01
     vertex -4.499244e-01 -3.105845e-01  2.181011e-01
   endloop
 endfacet
 facet normal  6.819148e-01 -2.120401e-02 -7.311242e-01
   outer loop
     vertex  3.639503e-01 -3.547455e-01 -3.428413e-01
     vertex  3.163876e-01 -3.559513e-01 -3.871678e-01
     vertex  3.385192e-01 -3.060212e-01 -3.679739e-01
   endloop
 endfacet
 facet normal  9.200415e-01 -1.443296e-02  3.915550e-01
   outer loop
     vertex  4.688633e-01  2.900443e-01  1.736872e-01
     vertex  4.620018e-01  3.275431e-01  1.911918e-01
     vertex  4.494439e-01  2.838676e-01  2.190895e-01
   endloop
 endfacet
 facet normal  9.235978e-01  1.094269e-02  3.832066e-01
   outer loop
     vertex  4.643888e-01  1.498857e-01  1.853187e-01
     vertex  4.695430e-01  1.868340e-01  1.718410e-01
     vertex  4.529391e-01  1.899993e-01  2.117691e-01
   endloop
 endfacet
 facet normal  4.436238e-01 -2.321980e-02  8.959123e-01
   outer loop
     vertex  1.909576e-01 -3.569850e-01  4.620987e-01
     vertex  2.516546e-01 -3.566185e-01  4.320532e-01
     vertex  2.188001e-01 -3.078771e-01  4.495848e-01
   endloop
 endfacet
 facet normal  7.653198e-01 -2.259156e-02  6.432536e-01
   outer loop
     vertex  3.600095e-01 -3.547575e-01  3.469772e-01
     vertex  4.041553e-01 -3.569198e-01  2.943782e-01
     vertex  3.806406e-01 -3.040778e-01  3.242109e-01
   endloop
 endfacet
 facet normal -7.337312e-01 -2.879467e-02  6.788294e-01
   outer loop
     vertex -3.912403e-01 -3.586956e-01  3.113375e-01
     vertex -3.407510e-01 -3.587450e-01  3.659081e-01
     vertex -3.665050e-01 -3.107063e-01  3.401089e-01
   endloop
 endfacet
 facet normal  9.739321e-01  9.662768e-03  2.266339e-01
   outer loop
     vertex  4.788911e-01 -4.181311e-01  1.437472e-01
     vertex  4.814483e-01 -4.691937e-01  1.349354e-01
     vertex  4.927200e-01 -4.343719e-01  8.501205e-02
   endloop
 endfacet
 facet normal -9.595318e-01 -2.824842e-02 -2.801799e-01
   outer loop
     vertex -4.683245e-01 -3.585547e-01 -1.751347e-01
     vertex -4.889739e-01 -3.584752e-01 -1.044247e-01
     vertex -4.801381e-01 -3.104606e-01 -1.395256e-01
   endloop
 endfacet
 facet normal  3.178085e-01 -2.393504e-02  9.478528e-01
   outer loop
     vertex  1.260192e-01 -3.575183e-01  4.838586e-01
     vertex  1.909576e-01 -3.569850e-01  4.620987e-01
     vertex  1.569930e-01 -3.083935e-01  4.747138e-01
   endloop
 endfacet
 facet normal  8.434710e-01 -2.242381e-02  5.367065e-01
   outer loop
     vertex  4.041553e-01 -3.569198e-01  2.943782e-01
     vertex  4.382517e-01 -3.592051e-01  2.406979e-01
     vertex  4.216405e-01 -3.129396e-01  2.687365e-01
   endloop
 endfacet
 facet normal  8.058261e-01  2.457168e-02  5.916422e-01
   outer loop
     vertex  3.806406e-01 -3.040778e-01  3.242109e-01
     vertex  4.041553e-01 -3.569198e-01  2.943782e-01
     vertex  4.216405e-01 -3.129396e-01  2.687365e-01
   endloop
 endfacet
 facet normal  8.697469e-01  1.330503e-02  4.933186e-01
   outer loop
     vertex  4.382517e-01 -3.592051e-01  2.406979e-01
     vertex  4.461852e-01 -3.199477e-01  2.256518e-01
     vertex  4.216405e-01 -3.129396e-01  2.687365e-01
   endloop
 endfacet
 facet normal  6.009528e-01  2.396815e-02 -7.989251e-01
   outer loop
     vertex  2.724833e-01  2.579678e-01 -4.192289e-01
     vertex  3.272333e-01  2.579804e-01 -3.780455e-01
     vertex  3.001179e-01  2.089866e-01 -3.999116e-01
   endloop
 endfacet
 facet normal  7.021450e-01  2.155544e-02 -7.117076e-01
   outer loop
     vertex  3.272333e-01  2.579804e-01 -3.780455e-01
     vertex  3.739263e-01  2.595462e-01 -3.319324e-01
     vertex  3.514663e-01  2.087782e-01 -3.556282e-01
   endloop
 endfacet
 facet normal  4.521076e-01  2.641997e-02  8.915721e-01
   outer loop
     vertex  2.576137e-01  2.591531e-01  4.285268e-01
     vertex  1.938409e-01  2.580966e-01  4.608966e-01
     vertex  2.254538e-01  2.102015e-01  4.462853e-01
   endloop
 endfacet
 facet normal  4.681969e-02 -2.551319e-02  9.985775e-01
   outer loop
     vertex -1.170781e-02 -3.584394e-01  4.998629e-01
     vertex  5.828197e-02 -3.580380e-01  4.965916e-01
     vertex  2.325883e-02 -3.100907e-01  4.994587e-01
   endloop
 endfacet
 facet normal -9.589988e-01  2.822017e-02  2.820017e-01
   outer loop
     vertex -4.680020e-01  2.585115e-01  1.759947e-01
     vertex -4.887744e-01  2.585090e-01  1.053545e-01
     vertex -4.798870e-01  2.104526e-01  1.403868e-01
   endloop
 endfacet
 facet normal  8.841840e-01  1.341064e-02  4.669463e-01
   outer loop
     vertex  4.401777e-01  1.473846e-01  2.371573e-01
     vertex  4.529391e-01  1.899993e-01  2.117691e-01
     vertex  4.288413e-01  2.007818e-01  2.570898e-01
   endloop
 endfacet
 facet normal -2.386202e-01 -2.863679e-02 -9.706907e-01
   outer loop
     vertex -8.301976e-02 -3.585198e-01 -4.930595e-01
     vertex -1.550513e-01 -3.585481e-01 -4.753516e-01
     vertex -1.199803e-01 -3.104681e-01 -4.853913e-01
   endloop
 endfacet
 facet normal  2.199496e-01  2.722105e-02 -9.751314e-01
   outer loop
     vertex  7.447938e-02  2.587565e-01 -4.944217e-01
     vertex  1.449175e-01  2.585934e-01 -4.785383e-01
     vertex  1.101048e-01  2.107464e-01 -4.877263e-01
   endloop
 endfacet
 facet normal -8.994281e-01  2.893753e-02 -4.361097e-01
   outer loop
     vertex -4.649101e-01  2.585564e-01 -1.840070e-01
     vertex -4.323813e-01  2.586117e-01 -2.510904e-01
     vertex -4.496038e-01  2.105335e-01 -2.187610e-01
   endloop
 endfacet
 facet normal -6.366980e-01  2.879559e-02  7.705755e-01
   outer loop
     vertex -2.889179e-01  2.585395e-01  4.080765e-01
     vertex -3.462765e-01  2.585325e-01  3.606835e-01
     vertex -3.190361e-01  2.104435e-01  3.849883e-01
   endloop
 endfacet
 facet normal  6.886001e-01  2.907373e-02  7.245583e-01
   outer loop
     vertex  3.703909e-01  2.609837e-01  3.358729e-01
     vertex  3.167880e-01  2.603693e-01  3.868402e-01
     vertex  3.428344e-01  2.137568e-01  3.639568e-01
   endloop
 endfacet
 facet normal -7.438772e-01 -2.939285e-02 -6.676696e-01
   outer loop
     vertex -3.459574e-01 -3.586491e-01 -3.609896e-01
     vertex -3.961437e-01 -3.586717e-01 -3.050741e-01
     vertex -3.725638e-01 -3.106146e-01 -3.334609e-01
   endloop
 endfacet
 facet normal  3.343815e-01 -2.596192e-02 -9.420801e-01
   outer loop
     vertex  2.001580e-01 -3.574592e-01 -4.581886e-01
     vertex  1.333286e-01 -3.579403e-01 -4.818957e-01
     vertex  1.661912e-01 -3.092842e-01 -4.715723e-01
   endloop
 endfacet
 facet normal -9.995699e-01 -2.780131e-02  9.333429e-03
   outer loop
     vertex -4.989826e-01 -3.584537e-01 -3.188012e-02
     vertex -4.982995e-01 -3.584796e-01  4.120204e-02
     vertex -4.999713e-01 -3.104056e-01  5.358766e-03
   endloop
 endfacet
 facet normal -5.156417e-01  2.846709e-02  8.563313e-01
   outer loop
     vertex -2.255344e-01  2.584927e-01  4.462446e-01
     vertex -2.889179e-01  2.585395e-01  4.080765e-01
     vertex -2.584152e-01  2.104057e-01  4.280439e-01
   endloop
 endfacet
 facet normal -9.542534e-01 -2.809764e-02  2.976760e-01
   outer loop
     vertex -4.869611e-01 -3.585268e-01  1.134411e-01
     vertex -4.650838e-01 -3.585807e-01  1.835676e-01
     vertex -4.771087e-01 -3.105105e-01  1.495571e-01
   endloop
 endfacet
 facet normal -3.723347e-01 -2.753467e-02  9.276900e-01
   outer loop
     vertex -2.194715e-01 -3.587178e-01  4.492574e-01
     vertex -1.520299e-01 -3.586883e-01  4.763265e-01
     vertex -1.856376e-01 -3.107233e-01  4.642614e-01
   endloop
 endfacet
 facet normal -7.440881e-01  2.889217e-02  6.674565e-01
   outer loop
     vertex -3.462765e-01  2.585325e-01  3.606835e-01
     vertex -3.960474e-01  2.585158e-01  3.051991e-01
     vertex -3.726357e-01  2.104197e-01  3.333806e-01
   endloop
 endfacet
 facet normal -8.241829e-01  2.946151e-02 -5.655569e-01
   outer loop
     vertex -4.323813e-01  2.586117e-01 -2.510904e-01
     vertex -3.898144e-01  2.586497e-01 -3.131209e-01
     vertex -4.118771e-01  2.105734e-01 -2.834736e-01
   endloop
 endfacet
 facet normal -5.035816e-01 -2.813933e-02  8.634893e-01
   outer loop
     vertex -2.829604e-01 -3.587582e-01  4.122298e-01
     vertex -2.194715e-01 -3.587178e-01  4.492574e-01
     vertex -2.512709e-01 -3.107181e-01  4.322765e-01
   endloop
 endfacet
 facet normal -9.876325e-01  2.810440e-02 -1.542474e-01
   outer loop
     vertex -4.983447e-01  2.584798e-01 -4.065112e-02
     vertex -4.870075e-01  2.584835e-01 -1.132416e-01
     vertex -4.939151e-01  2.104328e-01 -7.776779e-02
   endloop
 endfacet
 facet normal -9.070147e-01  2.850255e-02  4.201333e-01
   outer loop
     vertex -4.368951e-01  2.584971e-01  2.431516e-01
     vertex -4.680020e-01  2.585115e-01  1.759947e-01
     vertex -4.539802e-01  2.104288e-01  2.095280e-01
   endloop
 endfacet
 facet normal -9.416715e-02 -2.624812e-02  9.952103e-01
   outer loop
     vertex -8.232753e-02 -3.586380e-01  4.931756e-01
     vertex -1.170781e-02 -3.584394e-01  4.998629e-01
     vertex -4.687884e-02 -3.105707e-01  4.977975e-01
   endloop
 endfacet
 facet normal  1.848665e-01 -2.447949e-02  9.824587e-01
   outer loop
     vertex  5.828197e-02 -3.580380e-01  4.965916e-01
     vertex  1.260192e-01 -3.575183e-01  4.838586e-01
     vertex  9.159667e-02 -3.092515e-01  4.915385e-01
   endloop
 endfacet
 facet normal  3.207326e-01  2.599690e-02  9.468129e-01
   outer loop
     vertex  1.938409e-01  2.580966e-01  4.608966e-01
     vertex  1.263672e-01  2.575677e-01  4.837678e-01
     vertex  1.598095e-01  2.089907e-01  4.737731e-01
   endloop
 endfacet
 facet normal  1.830296e-01  2.604672e-02  9.827623e-01
   outer loop
     vertex  1.263672e-01  2.575677e-01  4.837678e-01
     vertex  5.626734e-02  2.575429e-01  4.968239e-01
     vertex  9.099874e-02  2.087203e-01  4.916495e-01
   endloop
 endfacet
 facet normal  4.113654e-02  2.646103e-02  9.988031e-01
   outer loop
     vertex  5.626734e-02  2.575429e-01  4.968239e-01
     vertex -1.532161e-02  2.578131e-01  4.997652e-01
     vertex  1.988408e-02  2.091488e-01  4.996045e-01
   endloop
 endfacet
 facet normal -1.025441e-01  2.700073e-02  9.943619e-01
   outer loop
     vertex -1.532161e-02  2.578131e-01  4.997652e-01
     vertex -8.710441e-02  2.581145e-01  4.923544e-01
     vertex -5.203116e-02  2.097208e-01  4.972854e-01
   endloop
 endfacet
 facet normal -2.452509e-01  2.754768e-02  9.690682e-01
   outer loop
     vertex -8.710441e-02  2.581145e-01  4.923544e-01
     vertex -1.576747e-01  2.583498e-01  4.744878e-01
     vertex -1.234660e-01  2.101180e-01  4.845164e-01
   endloop
 endfacet
 facet normal -3.840462e-01  2.810818e-02  9.228859e-01
   outer loop
     vertex -1.576747e-01  2.583498e-01  4.744878e-01
     vertex -2.255344e-01  2.584927e-01  4.462446e-01
     vertex -1.927213e-01  2.103393e-01  4.613659e-01
   endloop
 endfacet
 facet normal  5.336626e-02 -2.768799e-02 -9.981911e-01
   outer loop
     vertex  6.302350e-02 -3.582129e-01 -4.960121e-01
     vertex -9.861035e-03 -3.584296e-01 -4.999028e-01
     vertex  2.602222e-02 -3.101906e-01 -4.993224e-01
   endloop
 endfacet
 facet normal -6.251777e-01 -2.857916e-02  7.799590e-01
   outer loop
     vertex -3.407510e-01 -3.587450e-01  3.659081e-01
     vertex -2.829604e-01 -3.587582e-01  4.122298e-01
     vertex -3.121081e-01 -3.107417e-01  3.906258e-01
   endloop
 endfacet
 facet normal -9.875254e-01 -2.783080e-02  1.549804e-01
   outer loop
     vertex -4.982995e-01 -3.584796e-01  4.120204e-02
     vertex -4.869611e-01 -3.585268e-01  1.134411e-01
     vertex -4.938549e-01 -3.104404e-01  7.814956e-02
   endloop
 endfacet
 facet normal -9.899842e-01  2.801219e-02  1.383715e-01
   outer loop
     vertex -4.887744e-01  2.585090e-01  1.053545e-01
     vertex -4.989292e-01  2.584893e-01  3.270576e-02
     vertex -4.952804e-01  2.104464e-01  6.853688e-02
   endloop
 endfacet
 facet normal  5.753170e-01  2.749002e-02  8.174684e-01
   outer loop
     vertex  3.167880e-01  2.603693e-01  3.868402e-01
     vertex  2.576137e-01  2.591531e-01  4.285268e-01
     vertex  2.868722e-01  2.121104e-01  4.095172e-01
   endloop
 endfacet
 facet normal -8.353649e-01 -2.913515e-02 -5.489232e-01
   outer loop
     vertex -3.961437e-01 -3.586717e-01 -3.050741e-01
     vertex -4.372252e-01 -3.586290e-01 -2.425574e-01
     vertex -4.182376e-01 -3.106018e-01 -2.740024e-01
   endloop
 endfacet
 facet normal  5.791063e-01 -2.320524e-02 -8.149217e-01
   outer loop
     vertex  3.163876e-01 -3.559513e-01 -3.871678e-01
     vertex  2.612966e-01 -3.568612e-01 -4.262911e-01
     vertex  2.878608e-01 -3.073771e-01 -4.088229e-01
   endloop
 endfacet
 facet normal -9.467543e-01 -2.897721e-02 -3.206503e-01
   outer loop
     vertex -4.841517e-01 -2.658811e-02 -1.248884e-01
     vertex -4.747190e-01  2.030564e-02 -1.569772e-01
     vertex -4.603929e-01 -2.663837e-02 -1.950343e-01
   endloop
 endfacet
 facet normal  8.459647e-01 -1.931906e-02  5.328889e-01
   outer loop
     vertex  4.401777e-01  1.473846e-01  2.371573e-01
     vertex  4.288413e-01  2.007818e-01  2.570898e-01
     vertex  4.064612e-01  1.612739e-01  2.911860e-01
   endloop
 endfacet
 facet normal -3.799217e-01 -2.891740e-02 -9.245665e-01
   outer loop
     vertex -1.550513e-01 -3.585481e-01 -4.753516e-01
     vertex -2.239776e-01 -3.585622e-01 -4.470280e-01
     vertex -1.906659e-01 -3.105162e-01 -4.622191e-01
   endloop
 endfacet
 facet normal -7.298890e-01  2.956677e-02 -6.829260e-01
   outer loop
     vertex -3.898144e-01  2.586497e-01 -3.131209e-01
     vertex -3.383251e-01  2.586202e-01 -3.681523e-01
     vertex -3.646399e-01  2.105796e-01 -3.421078e-01
   endloop
 endfacet
 facet normal -6.190412e-01  2.946205e-02 -7.848057e-01
   outer loop
     vertex -3.383251e-01  2.586202e-01 -3.681523e-01
     vertex -2.792506e-01  2.585510e-01 -4.147518e-01
     vertex -3.091976e-01  2.105108e-01 -3.929336e-01
   endloop
 endfacet
 facet normal -4.944823e-01  2.929309e-02 -8.686939e-01
   outer loop
     vertex -2.792506e-01  2.585510e-01 -4.147518e-01
     vertex -2.140533e-01  2.585412e-01 -4.518641e-01
     vertex -2.468024e-01  2.104804e-01 -4.348431e-01
   endloop
 endfacet
 facet normal -3.592535e-01  2.906554e-02 -9.327873e-01
   outer loop
     vertex -2.140533e-01  2.585412e-01 -4.518641e-01
     vertex -1.443217e-01  2.586119e-01 -4.787184e-01
     vertex -1.791111e-01  2.105171e-01 -4.668182e-01
   endloop
 endfacet
 facet normal -2.166466e-01  2.875716e-02 -9.758265e-01
   outer loop
     vertex -1.443217e-01  2.586119e-01 -4.787184e-01
     vertex -7.177760e-02  2.587120e-01 -4.948212e-01
     vertex -1.077629e-01  2.106238e-01 -4.882491e-01
   endloop
 endfacet
 facet normal -7.019952e-02  2.833202e-02 -9.971305e-01
   outer loop
     vertex -7.177760e-02  2.587120e-01 -4.948212e-01
     vertex  1.761799e-03  2.587665e-01 -4.999969e-01
     vertex -3.459445e-02  2.107461e-01 -4.988018e-01
   endloop
 endfacet
 facet normal  7.641908e-02  2.775353e-02 -9.966895e-01
   outer loop
     vertex  1.761799e-03  2.587665e-01 -4.999969e-01
     vertex  7.447938e-02  2.587565e-01 -4.944217e-01
     vertex  3.864365e-02  2.108103e-01 -4.985044e-01
   endloop
 endfacet
 facet normal -9.995755e-01  2.802241e-02 -7.967305e-03
   outer loop
     vertex -4.989292e-01  2.584893e-01  3.270576e-02
     vertex -4.983447e-01  2.584798e-01 -4.065112e-02
     vertex -4.999790e-01  2.104401e-01 -4.584655e-03
   endloop
 endfacet
 facet normal -9.541618e-01  2.861604e-02 -2.979200e-01
   outer loop
     vertex -4.870075e-01  2.584835e-01 -1.132416e-01
     vertex -4.649101e-01  2.585564e-01 -1.840070e-01
     vertex -4.770753e-01  2.104740e-01 -1.496635e-01
   endloop
 endfacet
 facet normal -9.902313e-01 -2.791938e-02 -1.366104e-01
   outer loop
     vertex -4.889739e-01 -3.584752e-01 -1.044247e-01
     vertex -4.989826e-01 -3.584537e-01 -3.188012e-02
     vertex -4.954024e-01 -3.104143e-01 -6.764978e-02
   endloop
 endfacet
 facet normal -9.076944e-01 -2.869428e-02 -4.186497e-01
   outer loop
     vertex -4.372252e-01 -3.586290e-01 -2.425574e-01
     vertex -4.683245e-01 -3.585547e-01 -1.751347e-01
     vertex -4.543039e-01 -3.105276e-01 -2.088252e-01
   endloop
 endfacet
 facet normal  8.660675e-01  4.043353e-03 -4.999108e-01
   outer loop
     vertex  4.451821e-01  2.751141e-02 -2.276244e-01
     vertex  4.435830e-01 -1.333729e-02 -2.307251e-01
     vertex  4.205306e-01  1.042619e-02 -2.704700e-01
   endloop
 endfacet
 facet normal -9.961027e-01  2.777541e-02  8.371291e-02
   outer loop
     vertex -4.999713e-01 -3.104056e-01  5.358766e-03
     vertex -4.982995e-01 -3.584796e-01  4.120204e-02
     vertex -4.938549e-01 -3.104404e-01  7.814956e-02
   endloop
 endfacet
 facet normal -1.642291e-01  2.629980e-02  9.860716e-01
   outer loop
     vertex -1.169472e-01 -3.106937e-01  4.861310e-01
     vertex -8.232753e-02 -3.586380e-01  4.931756e-01
     vertex -4.687884e-02 -3.105707e-01  4.977975e-01
   endloop
 endfacet
 facet normal  8.655041e-01 -2.529365e-03 -5.008955e-01
   outer loop
     vertex  4.417181e-01  2.487469e-01 -2.342758e-01
     vertex  4.431553e-01  1.998841e-01 -2.315457e-01
     vertex  4.221973e-01  2.200064e-01 -2.678608e-01
   endloop
 endfacet
 facet normal  8.699711e-01 -5.767284e-03  4.930690e-01
   outer loop
     vertex  4.469399e-01 -1.212927e-01  2.241533e-01
     vertex  4.440759e-01 -7.268814e-02  2.297752e-01
     vertex  4.238014e-01 -9.250787e-02  2.653156e-01
   endloop
 endfacet
 facet normal  6.700167e-01 -2.392459e-02  7.419604e-01
   outer loop
     vertex  3.082504e-01 -3.560087e-01  3.936771e-01
     vertex  3.600095e-01 -3.547575e-01  3.469772e-01
     vertex  3.290073e-01 -3.073297e-01  3.765026e-01
   endloop
 endfacet
 facet normal  7.104896e-01  2.665953e-02  7.032025e-01
   outer loop
     vertex  3.290073e-01 -3.073297e-01  3.765026e-01
     vertex  3.600095e-01 -3.547575e-01  3.469772e-01
     vertex  3.806406e-01 -3.040778e-01  3.242109e-01
   endloop
 endfacet
 facet normal  8.636748e-01 -5.155500e-03 -5.040230e-01
   outer loop
     vertex  4.205306e-01  1.042619e-02 -2.704700e-01
     vertex  4.435830e-01 -1.333729e-02 -2.307251e-01
     vertex  4.180303e-01 -3.218468e-02 -2.743185e-01
   endloop
 endfacet
 facet normal  8.621091e-01  3.188351e-03 -5.067127e-01
   outer loop
     vertex  4.435830e-01 -1.333729e-02 -2.307251e-01
     vertex  4.423191e-01 -5.520990e-02 -2.331390e-01
     vertex  4.180303e-01 -3.218468e-02 -2.743185e-01
   endloop
 endfacet
 facet normal -9.366192e-01  2.847512e-02 -3.491900e-01
   outer loop
     vertex -4.543039e-01 -3.105276e-01 -2.088252e-01
     vertex -4.683245e-01 -3.585547e-01 -1.751347e-01
     vertex -4.801381e-01 -3.104606e-01 -1.395256e-01
   endloop
 endfacet
 facet normal -9.976599e-01  2.786278e-02 -6.243745e-02
   outer loop
     vertex -4.954024e-01 -3.104143e-01 -6.764978e-02
     vertex -4.989826e-01 -3.584537e-01 -3.188012e-02
     vertex -4.999713e-01 -3.104056e-01  5.358766e-03
   endloop
 endfacet
 facet normal -9.288582e-01 -2.878135e-02 -3.693157e-01
   outer loop
     vertex -4.770753e-01  2.104740e-01 -1.496635e-01
     vertex -4.649101e-01  2.585564e-01 -1.840070e-01
     vertex -4.496038e-01  2.105335e-01 -2.187610e-01
   endloop
 endfacet
 facet normal -9.961921e-01 -2.807921e-02 -8.254004e-02
   outer loop
     vertex -4.999790e-01  2.104401e-01 -4.584655e-03
     vertex -4.983447e-01  2.584798e-01 -4.065112e-02
     vertex -4.939151e-01  2.104328e-01 -7.776779e-02
   endloop
 endfacet
 facet normal  1.490593e-01 -2.724018e-02 -9.884530e-01
   outer loop
     vertex  3.864365e-02  2.108103e-01 -4.985044e-01
     vertex  7.447938e-02  2.587565e-01 -4.944217e-01
     vertex  1.101048e-01  2.107464e-01 -4.877263e-01
   endloop
 endfacet
 facet normal  4.083007e-03 -2.796884e-02 -9.996005e-01
   outer loop
     vertex -3.459445e-02  2.107461e-01 -4.988018e-01
     vertex  1.761799e-03  2.587665e-01 -4.999969e-01
     vertex  3.864365e-02  2.108103e-01 -4.985044e-01
   endloop
 endfacet
 facet normal -1.426435e-01 -2.847102e-02 -9.893646e-01
   outer loop
     vertex -1.077629e-01  2.106238e-01 -4.882491e-01
     vertex -7.177760e-02  2.587120e-01 -4.948212e-01
     vertex -3.459445e-02  2.107461e-01 -4.988018e-01
   endloop
 endfacet
 facet normal -2.875136e-01 -2.890284e-02 -9.573403e-01
   outer loop
     vertex -1.791111e-01  2.105171e-01 -4.668182e-01
     vertex -1.443217e-01  2.586119e-01 -4.787184e-01
     vertex -1.077629e-01  2.106238e-01 -4.882491e-01
   endloop
 endfacet
 facet normal -4.269173e-01 -2.918648e-02 -9.038196e-01
   outer loop
     vertex -2.468024e-01  2.104804e-01 -4.348431e-01
     vertex -2.140533e-01  2.585412e-01 -4.518641e-01
     vertex -1.791111e-01  2.105171e-01 -4.668182e-01
   endloop
 endfacet
 facet normal -5.573459e-01 -2.941348e-02 -8.297592e-01
   outer loop
     vertex -3.091976e-01  2.105108e-01 -3.929336e-01
     vertex -2.792506e-01  2.585510e-01 -4.147518e-01
     vertex -2.468024e-01  2.104804e-01 -4.348431e-01
   endloop
 endfacet
 facet normal  7.699615e-01 -1.978745e-02 -6.377834e-01
   outer loop
     vertex  4.042320e-01 -3.527663e-01 -2.942728e-01
     vertex  3.639503e-01 -3.547455e-01 -3.428413e-01
     vertex  3.815740e-01 -3.048934e-01 -3.231118e-01
   endloop
 endfacet
 facet normal  7.211163e-01  1.915436e-02 -6.925492e-01
   outer loop
     vertex  3.639503e-01 -3.547455e-01 -3.428413e-01
     vertex  3.385192e-01 -3.060212e-01 -3.679739e-01
     vertex  3.815740e-01 -3.048934e-01 -3.231118e-01
   endloop
 endfacet
 facet normal  5.431742e-01 -2.453765e-02 -8.392614e-01
   outer loop
     vertex  2.420960e-01  2.095773e-01 -4.374809e-01
     vertex  2.724833e-01  2.579678e-01 -4.192289e-01
     vertex  3.001179e-01  2.089866e-01 -3.999116e-01
   endloop
 endfacet
 facet normal -3.032733e-01  2.709999e-02  9.525182e-01
   outer loop
     vertex -1.520299e-01 -3.586883e-01  4.763265e-01
     vertex -1.169472e-01 -3.106937e-01  4.861310e-01
     vertex -1.856376e-01 -3.107233e-01  4.642614e-01
   endloop
 endfacet
 facet normal -7.924843e-01 -2.879325e-02  6.092123e-01
   outer loop
     vertex -3.960474e-01  2.585158e-01  3.051991e-01
     vertex -4.179821e-01  2.104097e-01  2.743920e-01
     vertex -3.726357e-01  2.104197e-01  3.333806e-01
   endloop
 endfacet
 facet normal -6.754786e-01 -2.943978e-02 -7.367917e-01
   outer loop
     vertex -3.646399e-01  2.105796e-01 -3.421078e-01
     vertex -3.383251e-01  2.586202e-01 -3.681523e-01
     vertex -3.091976e-01  2.105108e-01 -3.929336e-01
   endloop
 endfacet
 facet normal  5.189358e-01  2.306766e-02 -8.545019e-01
   outer loop
     vertex  2.878608e-01 -3.073771e-01 -4.088229e-01
     vertex  2.612966e-01 -3.568612e-01 -4.262911e-01
     vertex  2.303311e-01 -3.083885e-01 -4.437878e-01
   endloop
 endfacet
 facet normal -8.745934e-01  2.888399e-02 -4.839960e-01
   outer loop
     vertex -4.182376e-01 -3.106018e-01 -2.740024e-01
     vertex -4.372252e-01 -3.586290e-01 -2.425574e-01
     vertex -4.543039e-01 -3.105276e-01 -2.088252e-01
   endloop
 endfacet
 facet normal  5.140714e-01 -2.671041e-02  8.573314e-01
   outer loop
     vertex  2.868722e-01  2.121104e-01  4.095172e-01
     vertex  2.576137e-01  2.591531e-01  4.285268e-01
     vertex  2.254538e-01  2.102015e-01  4.462853e-01
   endloop
 endfacet
 facet normal -9.975518e-01 -2.795396e-02  6.410191e-02
   outer loop
     vertex -4.952804e-01  2.104464e-01  6.853688e-02
     vertex -4.989292e-01  2.584893e-01  3.270576e-02
     vertex -4.999790e-01  2.104401e-01 -4.584655e-03
   endloop
 endfacet
 facet normal -9.731979e-01  2.800311e-02  2.282581e-01
   outer loop
     vertex -4.938549e-01 -3.104404e-01  7.814956e-02
     vertex -4.869611e-01 -3.585268e-01  1.134411e-01
     vertex -4.771087e-01 -3.105105e-01  1.495571e-01
   endloop
 endfacet
 facet normal -5.646975e-01  2.831508e-02  8.248121e-01
   outer loop
     vertex -3.121081e-01 -3.107417e-01  3.906258e-01
     vertex -2.829604e-01 -3.587582e-01  4.122298e-01
     vertex -2.512709e-01 -3.107181e-01  4.322765e-01
   endloop
 endfacet
 facet normal -2.127663e-02  2.785061e-02 -9.993856e-01
   outer loop
     vertex  2.602222e-02 -3.101906e-01 -4.993224e-01
     vertex -9.861035e-03 -3.584296e-01 -4.999028e-01
     vertex -4.717611e-02 -3.103853e-01 -4.977694e-01
   endloop
 endfacet
 facet normal  9.165711e-01  1.457614e-03 -3.998690e-01
   outer loop
     vertex  4.657570e-01 -2.420016e-01 -1.818528e-01
     vertex  4.651159e-01 -2.869832e-01 -1.834861e-01
     vertex  4.504558e-01 -2.627099e-01 -2.170014e-01
   endloop
 endfacet
 facet normal  9.118841e-01 -1.557168e-02 -4.101522e-01
   outer loop
     vertex  4.651159e-01 -2.869832e-01 -1.834861e-01
     vertex  4.438572e-01 -3.015498e-01 -2.301972e-01
     vertex  4.504558e-01 -2.627099e-01 -2.170014e-01
   endloop
 endfacet
 facet normal -4.490301e-01  2.896344e-02 -8.930471e-01
   outer loop
     vertex -2.239776e-01 -3.585622e-01 -4.470280e-01
     vertex -2.572945e-01 -3.105373e-01 -4.287185e-01
     vertex -1.906659e-01 -3.105162e-01 -4.622191e-01
   endloop
 endfacet
 facet normal -4.522081e-01 -2.820579e-02  8.914663e-01
   outer loop
     vertex -1.927213e-01  2.103393e-01  4.613659e-01
     vertex -2.255344e-01  2.584927e-01  4.462446e-01
     vertex -2.584152e-01  2.104057e-01  4.280439e-01
   endloop
 endfacet
 facet normal -3.169916e-01 -2.771067e-02  9.480234e-01
   outer loop
     vertex -1.234660e-01  2.101180e-01  4.845164e-01
     vertex -1.576747e-01  2.583498e-01  4.744878e-01
     vertex -1.927213e-01  2.103393e-01  4.613659e-01
   endloop
 endfacet
 facet normal -1.760426e-01 -2.732262e-02  9.840033e-01
   outer loop
     vertex -5.203116e-02  2.097208e-01  4.972854e-01
     vertex -8.710441e-02  2.581145e-01  4.923544e-01
     vertex -1.234660e-01  2.101180e-01  4.845164e-01
   endloop
 endfacet
 facet normal -3.243171e-02 -2.676225e-02  9.991156e-01
   outer loop
     vertex  1.988408e-02  2.091488e-01  4.996045e-01
     vertex -1.532161e-02  2.578131e-01  4.997652e-01
     vertex -5.203116e-02  2.097208e-01  4.972854e-01
   endloop
 endfacet
 facet normal  1.109724e-01 -2.634857e-02  9.934741e-01
   outer loop
     vertex  9.099874e-02  2.087203e-01  4.916495e-01
     vertex  5.626734e-02  2.575429e-01  4.968239e-01
     vertex  1.988408e-02  2.091488e-01  4.996045e-01
   endloop
 endfacet
 facet normal  2.514553e-01 -2.595688e-02  9.675208e-01
   outer loop
     vertex  1.598095e-01  2.089907e-01  4.737731e-01
     vertex  1.263672e-01  2.575677e-01  4.837678e-01
     vertex  9.099874e-02  2.087203e-01  4.916495e-01
   endloop
 endfacet
 facet normal  8.583000e-01  7.988809e-05 -5.131483e-01
   outer loop
     vertex  4.415460e-01 -9.765300e-02 -2.345999e-01
     vertex  4.415139e-01 -1.408227e-01 -2.346603e-01
     vertex  4.156822e-01 -1.214589e-01 -2.778638e-01
   endloop
 endfacet
 facet normal  2.488026e-01  2.337520e-02  9.682721e-01
   outer loop
     vertex  9.159667e-02 -3.092515e-01  4.915385e-01
     vertex  1.260192e-01 -3.575183e-01  4.838586e-01
     vertex  1.569930e-01 -3.083935e-01  4.747138e-01
   endloop
 endfacet
 facet normal -2.384568e-02  2.560011e-02  9.993878e-01
   outer loop
     vertex -4.687884e-02 -3.105707e-01  4.977975e-01
     vertex -1.170781e-02 -3.584394e-01  4.998629e-01
     vertex  2.325883e-02 -3.100907e-01  4.994587e-01
   endloop
 endfacet
 facet normal -5.770930e-01  2.917128e-02 -8.161573e-01
   outer loop
     vertex -2.880740e-01 -3.586022e-01 -4.086727e-01
     vertex -3.184096e-01 -3.105848e-01 -3.855066e-01
     vertex -2.572945e-01 -3.105373e-01 -4.287185e-01
   endloop
 endfacet
 facet normal  8.211041e-01 -1.512663e-02  5.705781e-01
   outer loop
     vertex  4.187623e-01  2.613461e-01  2.731997e-01
     vertex  3.921857e-01  2.123185e-01  3.101458e-01
     vertex  4.288413e-01  2.007818e-01  2.570898e-01
   endloop
 endfacet
 facet normal  2.644139e-01  2.595803e-02 -9.640599e-01
   outer loop
     vertex  1.333286e-01 -3.579403e-01 -4.818957e-01
     vertex  9.784590e-02 -3.098495e-01 -4.903327e-01
     vertex  1.661912e-01 -3.092842e-01 -4.715723e-01
   endloop
 endfacet
 facet normal -9.777943e-01  2.811875e-02 -2.076721e-01
   outer loop
     vertex -4.801381e-01 -3.104606e-01 -1.395256e-01
     vertex -4.889739e-01 -3.584752e-01 -1.044247e-01
     vertex -4.954024e-01 -3.104143e-01 -6.764978e-02
   endloop
 endfacet
 facet normal  8.573552e-01  1.876638e-02 -5.143830e-01
   outer loop
     vertex  4.122273e-01  2.615171e-01 -2.829640e-01
     vertex  4.417181e-01  2.487469e-01 -2.342758e-01
     vertex  4.221973e-01  2.200064e-01 -2.678608e-01
   endloop
 endfacet
 facet normal  4.211711e-01 -2.551220e-02 -9.066223e-01
   outer loop
     vertex  1.784152e-01  2.103166e-01 -4.670846e-01
     vertex  2.113578e-01  2.582942e-01 -4.531312e-01
     vertex  2.420960e-01  2.095773e-01 -4.374809e-01
   endloop
 endfacet
 facet normal  8.634703e-01 -1.076420e-02 -5.042847e-01
   outer loop
     vertex  4.431553e-01  1.998841e-01 -2.315457e-01
     vertex  4.168338e-01  1.773119e-01 -2.761332e-01
     vertex  4.221973e-01  2.200064e-01 -2.678608e-01
   endloop
 endfacet
 facet normal -9.291805e-01  2.831225e-02  3.685404e-01
   outer loop
     vertex -4.650838e-01 -3.585807e-01  1.835676e-01
     vertex -4.499244e-01 -3.105845e-01  2.181011e-01
     vertex -4.771087e-01 -3.105105e-01  1.495571e-01
   endloop
 endfacet
 facet normal -9.732523e-01 -2.839450e-02 -2.279773e-01
   outer loop
     vertex -4.939151e-01  2.104328e-01 -7.776779e-02
     vertex -4.870075e-01  2.584835e-01 -1.132416e-01
     vertex -4.770753e-01  2.104740e-01 -1.496635e-01
   endloop
 endfacet
 facet normal  8.568552e-01  1.981250e-03  5.155534e-01
   outer loop
     vertex  4.392252e-01  1.014844e-01  2.389167e-01
     vertex  4.401777e-01  1.473846e-01  2.371573e-01
     vertex  4.165645e-01  1.118232e-01  2.765393e-01
   endloop
 endfacet
 facet normal -9.774240e-01 -2.810573e-02  2.094095e-01
   outer loop
     vertex -4.798870e-01  2.104526e-01  1.403868e-01
     vertex -4.887744e-01  2.585090e-01  1.053545e-01
     vertex -4.952804e-01  2.104464e-01  6.853688e-02
   endloop
 endfacet
 facet normal -6.802003e-01  2.870815e-02  7.324639e-01
   outer loop
     vertex -3.665050e-01 -3.107063e-01  3.401089e-01
     vertex -3.407510e-01 -3.587450e-01  3.659081e-01
     vertex -3.121081e-01 -3.107417e-01  3.906258e-01
   endloop
 endfacet
 facet normal  1.147973e-01  2.446939e-02  9.930875e-01
   outer loop
     vertex  2.325883e-02 -3.100907e-01  4.994587e-01
     vertex  5.828197e-02 -3.580380e-01  4.965916e-01
     vertex  9.159667e-02 -3.092515e-01  4.915385e-01
   endloop
 endfacet
 facet normal  4.959034e-01  2.202380e-02  8.680984e-01
   outer loop
     vertex  2.188001e-01 -3.078771e-01  4.495848e-01
     vertex  2.516546e-01 -3.566185e-01  4.320532e-01
     vertex  2.761350e-01 -3.078978e-01  4.168327e-01
   endloop
 endfacet
 facet normal  5.612368e-01 -2.354324e-02  8.273203e-01
   outer loop
     vertex  2.516546e-01 -3.566185e-01  4.320532e-01
     vertex  3.082504e-01 -3.560087e-01  3.936771e-01
     vertex  2.761350e-01 -3.078978e-01  4.168327e-01
   endloop
 endfacet
 facet normal -8.647483e-01  2.850053e-02  5.013962e-01
   outer loop
     vertex -4.329778e-01 -3.586471e-01  2.500604e-01
     vertex -4.128170e-01 -3.106489e-01  2.821030e-01
     vertex -4.499244e-01 -3.105845e-01  2.181011e-01
   endloop
 endfacet
 facet normal  6.528538e-01 -2.341306e-02 -7.571220e-01
   outer loop
     vertex  3.001179e-01  2.089866e-01 -3.999116e-01
     vertex  3.272333e-01  2.579804e-01 -3.780455e-01
     vertex  3.514663e-01  2.087782e-01 -3.556282e-01
   endloop
 endfacet
 facet normal  8.750317e-01 -1.384464e-02  4.838677e-01
   outer loop
     vertex  4.481255e-01  6.486571e-02  2.217737e-01
     vertex  4.392252e-01  1.014844e-01  2.389167e-01
     vertex  4.263788e-01  6.671248e-02  2.611535e-01
   endloop
 endfacet
 facet normal  8.579512e-01  1.148145e-02  5.136028e-01
   outer loop
     vertex  4.392252e-01  1.014844e-01  2.389167e-01
     vertex  4.165645e-01  1.118232e-01  2.765393e-01
     vertex  4.263788e-01  6.671248e-02  2.611535e-01
   endloop
 endfacet
 facet normal -7.783871e-01 -2.950099e-02 -6.270911e-01
   outer loop
     vertex -4.118771e-01  2.105734e-01 -2.834736e-01
     vertex -3.898144e-01  2.586497e-01 -3.131209e-01
     vertex -3.646399e-01  2.105796e-01 -3.421078e-01
   endloop
 endfacet
 facet normal  8.755549e-01  1.092015e-02  4.829952e-01
   outer loop
     vertex  4.481255e-01  6.486571e-02  2.217737e-01
     vertex  4.263788e-01  6.671248e-02  2.611535e-01
     vertex  4.408004e-01  2.304107e-02  2.359979e-01
   endloop
 endfacet
 facet normal  8.496982e-01 -2.283625e-02  5.267746e-01
   outer loop
     vertex  4.105375e-01  3.682568e-02  2.854102e-01
     vertex  4.408004e-01  2.304107e-02  2.359979e-01
     vertex  4.263788e-01  6.671248e-02  2.611535e-01
   endloop
 endfacet
 facet normal -6.041858e-01  2.906391e-02  7.963132e-01
   outer loop
     vertex -3.053629e-01 -1.207832e-01  3.959211e-01
     vertex -2.718277e-01 -7.390587e-02  4.196542e-01
     vertex -3.309349e-01 -7.394640e-02  3.748094e-01
   endloop
 endfacet
 facet normal  1.365184e-01 -2.281650e-02  9.903747e-01
   outer loop
     vertex  1.068117e-01 -5.088827e-02  4.884581e-01
     vertex  8.031348e-02  9.745360e-03  4.935076e-01
     vertex  3.541908e-02 -3.158420e-02  4.987439e-01
   endloop
 endfacet
 facet normal  8.603384e-01 -3.101177e-03  5.097139e-01
   outer loop
     vertex  4.423022e-01 -2.493995e-02  2.331711e-01
     vertex  4.408004e-01  2.304107e-02  2.359979e-01
     vertex  4.176728e-01 -5.238358e-03  2.748626e-01
   endloop
 endfacet
 facet normal  8.545054e-01  1.475127e-02  5.192329e-01
   outer loop
     vertex  4.408004e-01  2.304107e-02  2.359979e-01
     vertex  4.105375e-01  3.682568e-02  2.854102e-01
     vertex  4.176728e-01 -5.238358e-03  2.748626e-01
   endloop
 endfacet
 facet normal -9.834091e-01  2.853541e-02  1.791430e-01
   outer loop
     vertex -4.971641e-01 -7.325945e-02  5.317807e-02
     vertex -4.925467e-01 -1.202501e-01  8.601041e-02
     vertex -4.839938e-01 -7.340093e-02  1.254991e-01
   endloop
 endfacet
 facet normal -4.805784e-01  2.826857e-02  8.764960e-01
   outer loop
     vertex -2.718277e-01 -7.390587e-02  4.196542e-01
     vertex -2.438895e-01 -1.207541e-01  4.364836e-01
     vertex -2.076280e-01 -7.383351e-02  4.548523e-01
   endloop
 endfacet
 facet normal -8.888025e-01 -2.929187e-02 -4.573534e-01
   outer loop
     vertex -4.603929e-01 -2.663837e-02 -1.950343e-01
     vertex -4.461956e-01  2.030463e-02 -2.256312e-01
     vertex -4.263234e-01 -2.663461e-02 -2.612439e-01
   endloop
 endfacet
 facet normal  8.625081e-01  7.496329e-03  5.059877e-01
   outer loop
     vertex  4.423022e-01 -2.493995e-02  2.331711e-01
     vertex  4.176728e-01 -5.238358e-03  2.748626e-01
     vertex  4.216965e-01 -4.876237e-02  2.686487e-01
   endloop
 endfacet
 facet normal  8.657228e-01 -3.439053e-03  5.005120e-01
   outer loop
     vertex  4.423022e-01 -2.493995e-02  2.331711e-01
     vertex  4.216965e-01 -4.876237e-02  2.686487e-01
     vertex  4.440759e-01 -7.268814e-02  2.297752e-01
   endloop
 endfacet
 facet normal  8.676670e-01  3.873159e-03  4.971307e-01
   outer loop
     vertex  4.238014e-01 -9.250787e-02  2.653156e-01
     vertex  4.440759e-01 -7.268814e-02  2.297752e-01
     vertex  4.216965e-01 -4.876237e-02  2.686487e-01
   endloop
 endfacet
 facet normal -8.885860e-01  2.905000e-02  4.577893e-01
   outer loop
     vertex -4.602536e-01 -7.363396e-02  1.953629e-01
     vertex -4.462422e-01 -1.205896e-01  2.255392e-01
     vertex -4.263026e-01 -7.386777e-02  2.612779e-01
   endloop
 endfacet
 facet normal  8.697942e-01 -6.345560e-03  4.933739e-01
   outer loop
     vertex  4.469399e-01 -1.212927e-01  2.241533e-01
     vertex  4.238014e-01 -9.250787e-02  2.653156e-01
     vertex  4.209904e-01 -1.327465e-01  2.697538e-01
   endloop
 endfacet
 facet normal  8.670682e-01  1.774414e-02  4.978734e-01
   outer loop
     vertex  4.361690e-01 -1.645113e-01  2.444517e-01
     vertex  4.469399e-01 -1.212927e-01  2.241533e-01
     vertex  4.209904e-01 -1.327465e-01  2.697538e-01
   endloop
 endfacet
 facet normal  2.313054e-01 -2.440594e-02 -9.725750e-01
   outer loop
     vertex  8.234901e-02 -2.522961e-02 -4.931720e-01
     vertex  1.128953e-01  2.181995e-02 -4.870879e-01
     vertex  1.481587e-01 -2.426855e-02 -4.775447e-01
   endloop
 endfacet
 facet normal  3.057413e-01  2.430439e-02 -9.518044e-01
   outer loop
     vertex  1.577021e-01 -1.172311e-01 -4.744787e-01
     vertex  1.204590e-01 -7.143883e-02 -4.852727e-01
     vertex  1.854400e-01 -6.912996e-02 -4.643404e-01
   endloop
 endfacet
 facet normal  8.515997e-01 -1.052772e-02  5.240870e-01
   outer loop
     vertex  4.361690e-01 -1.645113e-01  2.444517e-01
     vertex  4.209904e-01 -1.327465e-01  2.697538e-01
     vertex  4.141103e-01 -1.691992e-01  2.802011e-01
   endloop
 endfacet
 facet normal  8.694672e-01 -1.514741e-02  4.937583e-01
   outer loop
     vertex  4.455293e-01 -1.979162e-01  2.269441e-01
     vertex  4.361690e-01 -1.645113e-01  2.444517e-01
     vertex  4.213791e-01 -2.084931e-01  2.691462e-01
   endloop
 endfacet
 facet normal  8.504455e-01  9.340723e-03  5.259803e-01
   outer loop
     vertex  4.361690e-01 -1.645113e-01  2.444517e-01
     vertex  4.141103e-01 -1.691992e-01  2.802011e-01
     vertex  4.213791e-01 -2.084931e-01  2.691462e-01
   endloop
 endfacet
 facet normal  8.669854e-01  8.486480e-03  4.982613e-01
   outer loop
     vertex  4.418904e-01 -2.375277e-01  2.339505e-01
     vertex  4.455293e-01 -1.979162e-01  2.269441e-01
     vertex  4.213791e-01 -2.084931e-01  2.691462e-01
   endloop
 endfacet
 facet normal  4.377801e-01  3.093966e-02 -8.985496e-01
   outer loop
     vertex  2.567463e-01 -5.308636e-02 -4.290470e-01
     vertex  2.208220e-01 -1.124944e-01 -4.485952e-01
     vertex  1.854400e-01 -6.912996e-02 -4.643404e-01
   endloop
 endfacet
 facet normal  8.569850e-01  3.111438e-04  5.153413e-01
   outer loop
     vertex  4.417760e-01 -2.801276e-01  2.341665e-01
     vertex  4.418904e-01 -2.375277e-01  2.339505e-01
     vertex  4.139005e-01 -2.617677e-01  2.805110e-01
   endloop
 endfacet
 facet normal  8.596843e-01 -1.173840e-02  5.106908e-01
   outer loop
     vertex  4.418904e-01 -2.375277e-01  2.339505e-01
     vertex  4.213791e-01 -2.084931e-01  2.691462e-01
     vertex  4.139005e-01 -2.617677e-01  2.805110e-01
   endloop
 endfacet
 facet normal  3.808855e-01 -2.482758e-02 -9.242888e-01
   outer loop
     vertex  2.208220e-01 -1.124944e-01 -4.485952e-01
     vertex  1.577021e-01 -1.172311e-01 -4.744787e-01
     vertex  1.854400e-01 -6.912996e-02 -4.643404e-01
   endloop
 endfacet
 facet normal  5.785865e-01 -2.508110e-02 -8.152353e-01
   outer loop
     vertex  3.167187e-01 -3.964902e-02 -3.868970e-01
     vertex  2.567463e-01 -5.308636e-02 -4.290470e-01
     vertex  2.877643e-01  7.300368e-03 -4.088908e-01
   endloop
 endfacet
 facet normal -7.811421e-01  2.869843e-02  6.236934e-01
   outer loop
     vertex -3.912403e-01 -3.586956e-01  3.113375e-01
     vertex -3.665050e-01 -3.107063e-01  3.401089e-01
     vertex -4.128170e-01 -3.106489e-01  2.821030e-01
   endloop
 endfacet
 facet normal -5.788269e-01 -2.874253e-02  8.149438e-01
   outer loop
     vertex -2.584152e-01  2.104057e-01  4.280439e-01
     vertex -2.889179e-01  2.585395e-01  4.080765e-01
     vertex -3.190361e-01  2.104435e-01  3.849883e-01
   endloop
 endfacet
 facet normal  3.763737e-01  2.262464e-02  9.261916e-01
   outer loop
     vertex  1.569930e-01 -3.083935e-01  4.747138e-01
     vertex  1.909576e-01 -3.569850e-01  4.620987e-01
     vertex  2.188001e-01 -3.078771e-01  4.495848e-01
   endloop
 endfacet
 facet normal -7.926909e-01  2.926043e-02 -6.089211e-01
   outer loop
     vertex -3.725638e-01 -3.106146e-01 -3.334609e-01
     vertex -3.961437e-01 -3.586717e-01 -3.050741e-01
     vertex -4.182376e-01 -3.106018e-01 -2.740024e-01
   endloop
 endfacet
 facet normal  6.316003e-01 -2.744613e-02  7.748082e-01
   outer loop
     vertex  3.428344e-01  2.137568e-01  3.639568e-01
     vertex  3.167880e-01  2.603693e-01  3.868402e-01
     vertex  2.868722e-01  2.121104e-01  4.095172e-01
   endloop
 endfacet
 facet normal -6.933003e-01 -2.879158e-02  7.200734e-01
   outer loop
     vertex -3.190361e-01  2.104435e-01  3.849883e-01
     vertex -3.462765e-01  2.585325e-01  3.606835e-01
     vertex -3.726357e-01  2.104197e-01  3.333806e-01
   endloop
 endfacet
 facet normal -8.635318e-01 -2.920194e-02 -5.034482e-01
   outer loop
     vertex -4.496038e-01  2.105335e-01 -2.187610e-01
     vertex -4.323813e-01  2.586117e-01 -2.510904e-01
     vertex -4.118771e-01  2.105734e-01 -2.834736e-01
   endloop
 endfacet
 facet normal  2.890029e-01 -2.651026e-02 -9.569611e-01
   outer loop
     vertex  1.101048e-01  2.107464e-01 -4.877263e-01
     vertex  1.449175e-01  2.585934e-01 -4.785383e-01
     vertex  1.784152e-01  2.103166e-01 -4.670846e-01
   endloop
 endfacet
 facet normal -9.360495e-01 -2.837211e-02  3.507226e-01
   outer loop
     vertex -4.680020e-01  2.585115e-01  1.759947e-01
     vertex -4.798870e-01  2.104526e-01  1.403868e-01
     vertex -4.539802e-01  2.104288e-01  2.095280e-01
   endloop
 endfacet
 facet normal  9.061038e-01 -1.943147e-03 -4.230510e-01
   outer loop
     vertex  4.423191e-01 -5.520990e-02 -2.331390e-01
     vertex  4.630353e-01 -7.552641e-02 -1.886750e-01
     vertex  4.415460e-01 -9.765300e-02 -2.345999e-01
   endloop
 endfacet
 facet normal -3.113977e-01  2.880250e-02 -9.498431e-01
   outer loop
     vertex -1.550513e-01 -3.585481e-01 -4.753516e-01
     vertex -1.906659e-01 -3.105162e-01 -4.622191e-01
     vertex -1.199803e-01 -3.104681e-01 -4.853913e-01
   endloop
 endfacet
 facet normal  8.432116e-01 -1.779670e-02 -5.372871e-01
   outer loop
     vertex  4.367168e-01 -3.473304e-01 -2.434717e-01
     vertex  4.042320e-01 -3.527663e-01 -2.942728e-01
     vertex  4.163300e-01 -3.042835e-01 -2.768922e-01
   endloop
 endfacet
 facet normal  8.610439e-01  1.310558e-02 -5.083618e-01
   outer loop
     vertex  4.438572e-01 -3.015498e-01 -2.301972e-01
     vertex  4.367168e-01 -3.473304e-01 -2.434717e-01
     vertex  4.163300e-01 -3.042835e-01 -2.768922e-01
   endloop
 endfacet
 facet normal  7.990361e-01  1.609118e-02 -6.010677e-01
   outer loop
     vertex  4.042320e-01 -3.527663e-01 -2.942728e-01
     vertex  3.815740e-01 -3.048934e-01 -3.231118e-01
     vertex  4.163300e-01 -3.042835e-01 -2.768922e-01
   endloop
 endfacet
 facet normal -1.675780e-01  2.836314e-02 -9.854507e-01
   outer loop
     vertex -8.301976e-02 -3.585198e-01 -4.930595e-01
     vertex -1.199803e-01 -3.104681e-01 -4.853913e-01
     vertex -4.717611e-02 -3.103853e-01 -4.977694e-01
   endloop
 endfacet
 facet normal  8.816937e-01 -1.200680e-02  4.716694e-01
   outer loop
     vertex  4.529391e-01  1.899993e-01  2.117691e-01
     vertex  4.468664e-01  2.363139e-01  2.242999e-01
     vertex  4.288413e-01  2.007818e-01  2.570898e-01
   endloop
 endfacet
 facet normal  6.272235e-01  2.126871e-02 -7.785489e-01
   outer loop
     vertex  3.385192e-01 -3.060212e-01 -3.679739e-01
     vertex  3.163876e-01 -3.559513e-01 -3.871678e-01
     vertex  2.878608e-01 -3.073771e-01 -4.088229e-01
   endloop
 endfacet
 facet normal  7.363380e-01 -2.762706e-02  6.760497e-01
   outer loop
     vertex  3.703909e-01  2.609837e-01  3.358729e-01
     vertex  3.428344e-01  2.137568e-01  3.639568e-01
     vertex  3.921857e-01  2.123185e-01  3.101458e-01
   endloop
 endfacet
 facet normal  3.970745e-01  2.508544e-02 -9.174435e-01
   outer loop
     vertex  2.303311e-01 -3.083885e-01 -4.437878e-01
     vertex  2.001580e-01 -3.574592e-01 -4.581886e-01
     vertex  1.661912e-01 -3.092842e-01 -4.715723e-01
   endloop
 endfacet
 facet normal  8.595497e-01 -2.092356e-03 -5.110478e-01
   outer loop
     vertex  4.168338e-01  1.773119e-01 -2.761332e-01
     vertex  4.421377e-01  1.551176e-01 -2.334828e-01
     vertex  4.157865e-01  1.316309e-01 -2.777077e-01
   endloop
 endfacet
 facet normal  8.593940e-01 -1.420452e-03 -5.113119e-01
   outer loop
     vertex  4.421377e-01  1.551176e-01 -2.334828e-01
     vertex  4.426903e-01  1.116864e-01 -2.324334e-01
     vertex  4.157865e-01  1.316309e-01 -2.777077e-01
   endloop
 endfacet
 facet normal -6.926402e-01  2.937056e-02 -7.206850e-01
   outer loop
     vertex -3.459574e-01 -3.586491e-01 -3.609896e-01
     vertex -3.725638e-01 -3.106146e-01 -3.334609e-01
     vertex -3.184096e-01 -3.105848e-01 -3.855066e-01
   endloop
 endfacet
 facet normal  1.240209e-01  2.718468e-02 -9.919072e-01
   outer loop
     vertex  9.784590e-02 -3.098495e-01 -4.903327e-01
     vertex  6.302350e-02 -3.582129e-01 -4.960121e-01
     vertex  2.602222e-02 -3.101906e-01 -4.993224e-01
   endloop
 endfacet
 facet normal -4.379068e-01  2.778757e-02  8.985908e-01
   outer loop
     vertex -2.512709e-01 -3.107181e-01  4.322765e-01
     vertex -2.194715e-01 -3.587178e-01  4.492574e-01
     vertex -1.856376e-01 -3.107233e-01  4.642614e-01
   endloop
 endfacet
 facet normal  8.583264e-01  2.136498e-04 -5.131041e-01
   outer loop
     vertex  4.156822e-01 -1.214589e-01 -2.778638e-01
     vertex  4.415139e-01 -1.408227e-01 -2.346603e-01
     vertex  4.157924e-01 -1.680772e-01 -2.776989e-01
   endloop
 endfacet
 facet normal  8.592650e-01 -3.172315e-03 -5.115209e-01
   outer loop
     vertex  4.415139e-01 -1.408227e-01 -2.346603e-01
     vertex  4.427461e-01 -1.832833e-01 -2.323272e-01
     vertex  4.157924e-01 -1.680772e-01 -2.776989e-01
   endloop
 endfacet
 facet normal  8.502879e-01  1.792478e-02  5.260125e-01
   outer loop
     vertex  4.165645e-01  1.118232e-01  2.765393e-01
     vertex  4.401777e-01  1.473846e-01  2.371573e-01
     vertex  4.064612e-01  1.612739e-01  2.911860e-01
   endloop
 endfacet
 facet normal  9.119344e-01 -4.671377e-03 -4.103093e-01
   outer loop
     vertex  4.642182e-01 -2.004653e-01 -1.857458e-01
     vertex  4.657570e-01 -2.420016e-01 -1.818528e-01
     vertex  4.457957e-01 -2.242074e-01 -2.264204e-01
   endloop
 endfacet
 facet normal  9.092055e-01  7.669870e-03 -4.162770e-01
   outer loop
     vertex  4.427461e-01 -1.832833e-01 -2.323272e-01
     vertex  4.642182e-01 -2.004653e-01 -1.857458e-01
     vertex  4.457957e-01 -2.242074e-01 -2.264204e-01
   endloop
 endfacet
 facet normal  9.143020e-01  1.161662e-02 -4.048665e-01
   outer loop
     vertex  4.657570e-01 -2.420016e-01 -1.818528e-01
     vertex  4.504558e-01 -2.627099e-01 -2.170014e-01
     vertex  4.457957e-01 -2.242074e-01 -2.264204e-01
   endloop
 endfacet
 facet normal -8.740166e-01 -2.863627e-02  4.850516e-01
   outer loop
     vertex -4.368951e-01  2.584971e-01  2.431516e-01
     vertex -4.539802e-01  2.104288e-01  2.095280e-01
     vertex -4.179821e-01  2.104097e-01  2.743920e-01
   endloop
 endfacet
 facet normal  3.865207e-01 -2.612546e-02  9.219106e-01
   outer loop
     vertex  2.254538e-01  2.102015e-01  4.462853e-01
     vertex  1.938409e-01  2.580966e-01  4.608966e-01
     vertex  1.598095e-01  2.089907e-01  4.737731e-01
   endloop
 endfacet
 facet normal  7.871128e-01  2.045539e-02 -6.164698e-01
   outer loop
     vertex  3.739263e-01  2.595462e-01 -3.319324e-01
     vertex  4.122273e-01  2.615171e-01 -2.829640e-01
     vertex  3.927677e-01  2.133526e-01 -3.094084e-01
   endloop
 endfacet
 facet normal  7.464952e-01 -1.982139e-02 -6.650955e-01
   outer loop
     vertex  3.739263e-01  2.595462e-01 -3.319324e-01
     vertex  3.927677e-01  2.133526e-01 -3.094084e-01
     vertex  3.514663e-01  2.087782e-01 -3.556282e-01
   endloop
 endfacet
 facet normal -9.961028e-01 -2.785243e-02  8.368630e-02
   outer loop
     vertex -4.999713e-01 -3.104056e-01  5.358766e-03
     vertex -4.938549e-01 -3.104404e-01  7.814956e-02
     vertex -4.981482e-01 -2.625294e-01  4.299248e-02
   endloop
 endfacet
 facet normal -5.330861e-01  2.969241e-02 -8.455398e-01
   outer loop
     vertex -2.342309e-01 -7.359897e-02 -4.417419e-01
     vertex -2.637636e-01 -1.204894e-01 -4.247691e-01
     vertex -2.975981e-01 -7.358037e-02 -4.017902e-01
   endloop
 endfacet
 facet normal -9.291992e-01 -2.839755e-02  3.684866e-01
   outer loop
     vertex -4.771087e-01 -3.105105e-01  1.495571e-01
     vertex -4.499244e-01 -3.105845e-01  2.181011e-01
     vertex -4.644130e-01 -2.626703e-01  1.852581e-01
   endloop
 endfacet
 facet normal -4.490144e-01 -2.904542e-02 -8.930523e-01
   outer loop
     vertex -1.906659e-01 -3.105162e-01 -4.622191e-01
     vertex -2.572945e-01 -3.105373e-01 -4.287185e-01
     vertex -2.254255e-01 -2.626391e-01 -4.462996e-01
   endloop
 endfacet
 facet normal -7.811678e-01 -2.878940e-02  6.236570e-01
   outer loop
     vertex -4.128170e-01 -3.106489e-01  2.821030e-01
     vertex -3.665050e-01 -3.107063e-01  3.401089e-01
     vertex -3.899641e-01 -2.628427e-01  3.129344e-01
   endloop
 endfacet
 facet normal  6.061882e-01  2.201081e-02  7.950166e-01
   outer loop
     vertex  3.082504e-01 -3.560087e-01  3.936771e-01
     vertex  3.290073e-01 -3.073297e-01  3.765026e-01
     vertex  2.761350e-01 -3.078978e-01  4.168327e-01
   endloop
 endfacet
 facet normal  7.120916e-01 -2.254336e-02  7.017246e-01
   outer loop
     vertex  3.290073e-01 -3.073297e-01  3.765026e-01
     vertex  3.806406e-01 -3.040778e-01  3.242109e-01
     vertex  3.437696e-01 -2.590367e-01  3.630737e-01
   endloop
 endfacet
 facet normal  8.246606e-01  2.067729e-02  5.652498e-01
   outer loop
     vertex  4.288413e-01  2.007818e-01  2.570898e-01
     vertex  3.921857e-01  2.123185e-01  3.101458e-01
     vertex  4.064612e-01  1.612739e-01  2.911860e-01
   endloop
 endfacet
 facet normal  7.725651e-01 -1.966275e-02  6.346310e-01
   outer loop
     vertex  3.659975e-01  1.680741e-01  3.406550e-01
     vertex  4.064612e-01  1.612739e-01  2.911860e-01
     vertex  3.921857e-01  2.123185e-01  3.101458e-01
   endloop
 endfacet
 facet normal  2.493772e-01 -2.326091e-02  9.681270e-01
   outer loop
     vertex  9.159667e-02 -3.092515e-01  4.915385e-01
     vertex  1.569930e-01 -3.083935e-01  4.747138e-01
     vertex  1.232926e-01 -2.598659e-01  4.845606e-01
   endloop
 endfacet
 facet normal -8.740077e-01  2.870538e-02  4.850635e-01
   outer loop
     vertex -4.179821e-01  2.104097e-01  2.743920e-01
     vertex -4.539802e-01  2.104288e-01  2.095280e-01
     vertex -4.377062e-01  1.624851e-01  2.416884e-01
   endloop
 endfacet
 facet normal  2.648133e-01 -2.603728e-02 -9.639481e-01
   outer loop
     vertex  1.661912e-01 -3.092842e-01 -4.715723e-01
     vertex  9.784590e-02 -3.098495e-01 -4.903327e-01
     vertex  1.311470e-01 -2.613630e-01 -4.824940e-01
   endloop
 endfacet
 facet normal -8.746191e-01 -2.897066e-02 -4.839443e-01
   outer loop
     vertex -4.182376e-01 -3.106018e-01 -2.740024e-01
     vertex -4.543039e-01 -3.105276e-01 -2.088252e-01
     vertex -4.379950e-01 -2.626721e-01 -2.411647e-01
   endloop
 endfacet
 facet normal -9.774229e-01  2.818417e-02  2.094044e-01
   outer loop
     vertex -4.798870e-01  2.104526e-01  1.403868e-01
     vertex -4.952804e-01  2.104464e-01  6.853688e-02
     vertex -4.891124e-01  1.625450e-01  1.037741e-01
   endloop
 endfacet
 facet normal  5.435271e-01  2.439287e-02 -8.390371e-01
   outer loop
     vertex  2.420960e-01  2.095773e-01 -4.374809e-01
     vertex  3.001179e-01  2.089866e-01 -3.999116e-01
     vertex  2.709679e-01  1.603130e-01 -4.202099e-01
   endloop
 endfacet
 facet normal -6.754371e-01  2.952797e-02 -7.368262e-01
   outer loop
     vertex -3.646399e-01  2.105796e-01 -3.421078e-01
     vertex -3.091976e-01  2.105108e-01 -3.929336e-01
     vertex -3.371704e-01  1.626320e-01 -3.692101e-01
   endloop
 endfacet
 facet normal  8.681528e-01 -9.972129e-03  4.961968e-01
   outer loop
     vertex  4.461852e-01 -3.199477e-01  2.256518e-01
     vertex  4.417760e-01 -2.801276e-01  2.341665e-01
     vertex  4.216405e-01 -3.129396e-01  2.687365e-01
   endloop
 endfacet
 facet normal -7.924873e-01  2.886970e-02  6.092047e-01
   outer loop
     vertex -3.726357e-01  2.104197e-01  3.333806e-01
     vertex -4.179821e-01  2.104097e-01  2.743920e-01
     vertex -3.970887e-01  1.624723e-01  3.038430e-01
   endloop
 endfacet
 facet normal -9.976584e-01 -2.793246e-02 -6.243063e-02
   outer loop
     vertex -4.954024e-01 -3.104143e-01 -6.764978e-02
     vertex -4.999713e-01 -3.104056e-01  5.358766e-03
     vertex -4.990853e-01 -2.625067e-01 -3.022993e-02
   endloop
 endfacet
 facet normal -9.777998e-01 -2.818353e-02 -2.076371e-01
   outer loop
     vertex -4.801381e-01 -3.104606e-01 -1.395256e-01
     vertex -4.954024e-01 -3.104143e-01 -6.764978e-02
     vertex -4.892991e-01 -2.625339e-01 -1.028903e-01
   endloop
 endfacet
 facet normal -2.349430e-02 -2.576460e-02  9.993919e-01
   outer loop
     vertex -4.687884e-02 -3.105707e-01  4.977975e-01
     vertex  2.325883e-02 -3.100907e-01  4.994587e-01
     vertex -1.151888e-02 -2.625296e-01  4.998673e-01
   endloop
 endfacet
 facet normal -9.975496e-01  2.804190e-02  6.409698e-02
   outer loop
     vertex -4.952804e-01  2.104464e-01  6.853688e-02
     vertex -4.999790e-01  2.104401e-01 -4.584655e-03
     vertex -4.990410e-01  1.625772e-01  3.095325e-02
   endloop
 endfacet
 facet normal -7.926949e-01 -2.935149e-02 -6.089116e-01
   outer loop
     vertex -3.725638e-01 -3.106146e-01 -3.334609e-01
     vertex -4.182376e-01 -3.106018e-01 -2.740024e-01
     vertex -3.971471e-01 -2.627177e-01 -3.037666e-01
   endloop
 endfacet
 facet normal -5.770610e-01 -2.926777e-02 -8.161764e-01
   outer loop
     vertex -2.572945e-01 -3.105373e-01 -4.287185e-01
     vertex -3.184096e-01 -3.105848e-01 -3.855066e-01
     vertex -2.895618e-01 -2.627025e-01 -4.076199e-01
   endloop
 endfacet
 facet normal -9.366350e-01 -2.855721e-02 -3.491408e-01
   outer loop
     vertex -4.543039e-01 -3.105276e-01 -2.088252e-01
     vertex -4.801381e-01 -3.104606e-01 -1.395256e-01
     vertex -4.688807e-01 -2.626030e-01 -1.736401e-01
   endloop
 endfacet
 facet normal  6.529625e-01  2.343340e-02 -7.570277e-01
   outer loop
     vertex  3.001179e-01  2.089866e-01 -3.999116e-01
     vertex  3.514663e-01  2.087782e-01 -3.556282e-01
     vertex  3.258191e-01  1.598308e-01 -3.792649e-01
   endloop
 endfacet
 facet normal  4.033912e-03  2.807893e-02 -9.995976e-01
   outer loop
     vertex -3.459445e-02  2.107461e-01 -4.988018e-01
     vertex  3.864365e-02  2.108103e-01 -4.985044e-01
     vertex  2.824456e-03  1.629986e-01 -4.999920e-01
   endloop
 endfacet
 facet normal -6.926215e-01 -2.946381e-02 -7.206992e-01
   outer loop
     vertex -3.184096e-01 -3.105848e-01 -3.855066e-01
     vertex -3.725638e-01 -3.106146e-01 -3.334609e-01
     vertex -3.471845e-01 -2.627196e-01 -3.598096e-01
   endloop
 endfacet
 facet normal -9.961893e-01  2.816322e-02 -8.254544e-02
   outer loop
     vertex -4.999790e-01  2.104401e-01 -4.584655e-03
     vertex -4.939151e-01  2.104328e-01 -7.776779e-02
     vertex -4.982108e-01  1.625559e-01 -4.226083e-02
   endloop
 endfacet
 facet normal  3.766985e-01 -2.239934e-02  9.260651e-01
   outer loop
     vertex  1.569930e-01 -3.083935e-01  4.747138e-01
     vertex  2.188001e-01 -3.078771e-01  4.495848e-01
     vertex  1.858193e-01 -2.587523e-01  4.641888e-01
   endloop
 endfacet
 facet normal -9.732573e-01  2.847556e-02 -2.279459e-01
   outer loop
     vertex -4.939151e-01  2.104328e-01 -7.776779e-02
     vertex -4.770753e-01  2.104740e-01 -1.496635e-01
     vertex -4.865948e-01  1.625726e-01 -1.150021e-01
   endloop
 endfacet
 facet normal  3.976646e-01 -2.515988e-02 -9.171858e-01
   outer loop
     vertex  2.303311e-01 -3.083885e-01 -4.437878e-01
     vertex  1.661912e-01 -3.092842e-01 -4.715723e-01
     vertex  1.974837e-01 -2.603366e-01 -4.593476e-01
   endloop
 endfacet
 facet normal -9.288728e-01  2.887211e-02 -3.692718e-01
   outer loop
     vertex -4.770753e-01  2.104740e-01 -1.496635e-01
     vertex -4.496038e-01  2.105335e-01 -2.187610e-01
     vertex -4.642225e-01  1.626230e-01 -1.857350e-01
   endloop
 endfacet
 facet normal  8.004690e-01 -1.393457e-02  5.992121e-01
   outer loop
     vertex  4.165645e-01  1.118232e-01  2.765393e-01
     vertex  4.064612e-01  1.612739e-01  2.911860e-01
     vertex  3.847514e-01  1.240450e-01  3.193218e-01
   endloop
 endfacet
 facet normal  7.754618e-01  2.460766e-02  6.309148e-01
   outer loop
     vertex  4.064612e-01  1.612739e-01  2.911860e-01
     vertex  3.659975e-01  1.680741e-01  3.406550e-01
     vertex  3.847514e-01  1.240450e-01  3.193218e-01
   endloop
 endfacet
 facet normal -3.168310e-01  2.781697e-02  9.480740e-01
   outer loop
     vertex -1.234660e-01  2.101180e-01  4.845164e-01
     vertex -1.927213e-01  2.103393e-01  4.613659e-01
     vertex -1.595878e-01  1.623099e-01  4.738478e-01
   endloop
 endfacet
 facet normal  1.242753e-01 -2.728686e-02 -9.918725e-01
   outer loop
     vertex  9.784590e-02 -3.098495e-01 -4.903327e-01
     vertex  2.602222e-02 -3.101906e-01 -4.993224e-01
     vertex  6.120190e-02 -2.620055e-01 -4.962402e-01
   endloop
 endfacet
 facet normal  6.279139e-01 -2.145326e-02 -7.779870e-01
   outer loop
     vertex  3.385192e-01 -3.060212e-01 -3.679739e-01
     vertex  2.878608e-01 -3.073771e-01 -4.088229e-01
     vertex  3.121454e-01 -2.575774e-01 -3.905960e-01
   endloop
 endfacet
 facet normal -5.646812e-01 -2.839774e-02  8.248204e-01
   outer loop
     vertex -3.121081e-01 -3.107417e-01  3.906258e-01
     vertex -2.512709e-01 -3.107181e-01  4.322765e-01
     vertex -2.815030e-01 -2.628753e-01  4.132264e-01
   endloop
 endfacet
 facet normal -3.113614e-01 -2.889405e-02 -9.498522e-01
   outer loop
     vertex -1.199803e-01 -3.104681e-01 -4.853913e-01
     vertex -1.906659e-01 -3.105162e-01 -4.622191e-01
     vertex -1.566764e-01 -2.626024e-01 -4.748184e-01
   endloop
 endfacet
 facet normal -3.032514e-01 -2.718027e-02  9.525229e-01
   outer loop
     vertex -1.856376e-01 -3.107233e-01  4.642614e-01
     vertex -1.169472e-01 -3.106937e-01  4.861310e-01
     vertex -1.507353e-01 -2.629022e-01  4.767377e-01
   endloop
 endfacet
 facet normal -8.635451e-01  2.929565e-02 -5.034200e-01
   outer loop
     vertex -4.496038e-01  2.105335e-01 -2.187610e-01
     vertex -4.118771e-01  2.105734e-01 -2.834736e-01
     vertex -4.314834e-01  1.626542e-01 -2.526303e-01
   endloop
 endfacet
 facet normal  2.893082e-01  2.668745e-02 -9.568639e-01
   outer loop
     vertex  1.101048e-01  2.107464e-01 -4.877263e-01
     vertex  1.784152e-01  2.103166e-01 -4.670846e-01
     vertex  1.447626e-01  1.627836e-01 -4.785852e-01
   endloop
 endfacet
 facet normal -2.112822e-02 -2.795566e-02 -9.993859e-01
   outer loop
     vertex  2.602222e-02 -3.101906e-01 -4.993224e-01
     vertex -4.717611e-02 -3.103853e-01 -4.977694e-01
     vertex -1.159214e-02 -2.623431e-01 -4.998656e-01
   endloop
 endfacet
 facet normal  1.491064e-01  2.739825e-02 -9.884415e-01
   outer loop
     vertex  3.864365e-02  2.108103e-01 -4.985044e-01
     vertex  1.101048e-01  2.107464e-01 -4.877263e-01
     vertex  7.510986e-02  1.630874e-01 -4.943263e-01
   endloop
 endfacet
 facet normal  8.169702e-01 -1.354143e-02 -5.765209e-01
   outer loop
     vertex  3.927677e-01  2.133526e-01 -3.094084e-01
     vertex  4.122273e-01  2.615171e-01 -2.829640e-01
     vertex  4.221973e-01  2.200064e-01 -2.678608e-01
   endloop
 endfacet
 facet normal  4.216582e-01  2.559103e-02 -9.063937e-01
   outer loop
     vertex  1.784152e-01  2.103166e-01 -4.670846e-01
     vertex  2.420960e-01  2.095773e-01 -4.374809e-01
     vertex  2.103429e-01  1.617398e-01 -4.536032e-01
   endloop
 endfacet
 facet normal  2.512677e-01  2.561834e-02  9.675786e-01
   outer loop
     vertex  1.598095e-01  2.089907e-01  4.737731e-01
     vertex  9.099874e-02  2.087203e-01  4.916495e-01
     vertex  1.248415e-01  1.595132e-01  4.841638e-01
   endloop
 endfacet
 facet normal  1.112856e-01  2.621145e-02  9.934427e-01
   outer loop
     vertex  9.099874e-02  2.087203e-01  4.916495e-01
     vertex  1.988408e-02  2.091488e-01  4.996045e-01
     vertex  5.453697e-02  1.600982e-01  4.970168e-01
   endloop
 endfacet
 facet normal -3.200603e-02  2.680906e-02  9.991281e-01
   outer loop
     vertex  1.988408e-02  2.091488e-01  4.996045e-01
     vertex -5.203116e-02  2.097208e-01  4.972854e-01
     vertex -1.731754e-02  1.611748e-01  4.997000e-01
   endloop
 endfacet
 facet normal -1.757471e-01  2.743243e-02  9.840531e-01
   outer loop
     vertex -5.203116e-02  2.097208e-01  4.972854e-01
     vertex -1.234660e-01  2.101180e-01  4.845164e-01
     vertex -8.897291e-02  1.619262e-01  4.920201e-01
   endloop
 endfacet
 facet normal -4.379094e-01 -2.786578e-02  8.985871e-01
   outer loop
     vertex -2.512709e-01 -3.107181e-01  4.322765e-01
     vertex -1.856376e-01 -3.107233e-01  4.642614e-01
     vertex -2.179973e-01 -2.628983e-01  4.499747e-01
   endloop
 endfacet
 facet normal  1.153910e-01 -2.454895e-02  9.930167e-01
   outer loop
     vertex  2.325883e-02 -3.100907e-01  4.994587e-01
     vertex  9.159667e-02 -3.092515e-01  4.915385e-01
     vertex  5.709344e-02 -2.614459e-01  4.967296e-01
   endloop
 endfacet
 facet normal -1.641383e-01 -2.645079e-02  9.860826e-01
   outer loop
     vertex -1.169472e-01 -3.106937e-01  4.861310e-01
     vertex -4.687884e-02 -3.105707e-01  4.977975e-01
     vertex -8.144502e-02 -2.629157e-01  4.933221e-01
   endloop
 endfacet
 facet normal  3.857083e-01  2.583124e-02  9.222591e-01
   outer loop
     vertex  2.254538e-01  2.102015e-01  4.462853e-01
     vertex  1.598095e-01  2.089907e-01  4.737731e-01
     vertex  1.920553e-01  1.605646e-01  4.616435e-01
   endloop
 endfacet
 facet normal -6.802186e-01 -2.879998e-02  7.324433e-01
   outer loop
     vertex -3.665050e-01 -3.107063e-01  3.401089e-01
     vertex -3.121081e-01 -3.107417e-01  3.906258e-01
     vertex -3.393722e-01 -2.628891e-01  3.671873e-01
   endloop
 endfacet
 facet normal -6.933122e-01  2.886026e-02  7.200592e-01
   outer loop
     vertex -3.190361e-01  2.104435e-01  3.849883e-01
     vertex -3.726357e-01  2.104197e-01  3.333806e-01
     vertex -3.475015e-01  1.624603e-01  3.595034e-01
   endloop
 endfacet
 facet normal  6.306174e-01  2.777921e-02  7.755965e-01
   outer loop
     vertex  3.428344e-01  2.137568e-01  3.639568e-01
     vertex  2.868722e-01  2.121104e-01  4.095172e-01
     vertex  3.141850e-01  1.661142e-01  3.889573e-01
   endloop
 endfacet
 facet normal -8.647709e-01 -2.859421e-02  5.013519e-01
   outer loop
     vertex -4.499244e-01 -3.105845e-01  2.181011e-01
     vertex -4.128170e-01 -3.106489e-01  2.821030e-01
     vertex -4.320027e-01 -2.627617e-01  2.517412e-01
   endloop
 endfacet
 facet normal  7.370606e-01  2.932040e-02  6.751903e-01
   outer loop
     vertex  3.921857e-01  2.123185e-01  3.101458e-01
     vertex  3.428344e-01  2.137568e-01  3.639568e-01
     vertex  3.659975e-01  1.680741e-01  3.406550e-01
   endloop
 endfacet
 facet normal -4.521615e-01  2.829997e-02  8.914870e-01
   outer loop
     vertex -1.927213e-01  2.103393e-01  4.613659e-01
     vertex -2.584152e-01  2.104057e-01  4.280439e-01
     vertex -2.270443e-01  1.624272e-01  4.454783e-01
   endloop
 endfacet
 facet normal  8.589861e-01  1.215014e-02  5.118548e-01
   outer loop
     vertex  4.417760e-01 -2.801276e-01  2.341665e-01
     vertex  4.139005e-01 -2.617677e-01  2.805110e-01
     vertex  4.216405e-01 -3.129396e-01  2.687365e-01
   endloop
 endfacet
 facet normal  5.195281e-01 -2.301705e-02 -8.541433e-01
   outer loop
     vertex  2.878608e-01 -3.073771e-01 -4.088229e-01
     vertex  2.303311e-01 -3.083885e-01 -4.437878e-01
     vertex  2.583940e-01 -2.587350e-01 -4.280567e-01
   endloop
 endfacet
 facet normal -1.675147e-01 -2.846729e-02 -9.854585e-01
   outer loop
     vertex -4.717611e-02 -3.103853e-01 -4.977694e-01
     vertex -1.199803e-01 -3.104681e-01 -4.853913e-01
     vertex -8.463505e-02 -2.625122e-01 -4.927848e-01
   endloop
 endfacet
 facet normal -5.573249e-01  2.949204e-02 -8.297706e-01
   outer loop
     vertex -3.091976e-01  2.105108e-01 -3.929336e-01
     vertex -2.468024e-01  2.104804e-01 -4.348431e-01
     vertex -2.779362e-01  1.625934e-01 -4.156338e-01
   endloop
 endfacet
 facet normal -4.269424e-01  2.924719e-02 -9.038057e-01
   outer loop
     vertex -2.468024e-01  2.104804e-01 -4.348431e-01
     vertex -1.791111e-01  2.105171e-01 -4.668182e-01
     vertex -2.127026e-01  1.625764e-01 -4.525015e-01
   endloop
 endfacet
 facet normal -2.875924e-01  2.898179e-02 -9.573143e-01
   outer loop
     vertex -1.791111e-01  2.105171e-01 -4.668182e-01
     vertex -1.077629e-01  2.106238e-01 -4.882491e-01
     vertex -1.428987e-01  1.626849e-01 -4.791450e-01
   endloop
 endfacet
 facet normal -1.427365e-01  2.855033e-02 -9.893489e-01
   outer loop
     vertex -1.077629e-01  2.106238e-01 -4.882491e-01
     vertex -3.459445e-02  2.107461e-01 -4.988018e-01
     vertex -7.048231e-02  1.628149e-01 -4.950073e-01
   endloop
 endfacet
 facet normal -9.732078e-01 -2.808610e-02  2.282053e-01
   outer loop
     vertex -4.938549e-01 -3.104404e-01  7.814956e-02
     vertex -4.771087e-01 -3.105105e-01  1.495571e-01
     vertex -4.865381e-01 -2.625910e-01  1.152416e-01
   endloop
 endfacet
 facet normal  7.447578e-01  1.644607e-02 -6.671322e-01
   outer loop
     vertex  3.514663e-01  2.087782e-01 -3.556282e-01
     vertex  3.927677e-01  2.133526e-01 -3.094084e-01
     vertex  3.786503e-01  1.579894e-01 -3.265332e-01
   endloop
 endfacet
 facet normal -7.783880e-01  2.959535e-02 -6.270855e-01
   outer loop
     vertex -4.118771e-01  2.105734e-01 -2.834736e-01
     vertex -3.646399e-01  2.105796e-01 -3.421078e-01
     vertex -3.887173e-01  1.626750e-01 -3.144819e-01
   endloop
 endfacet
 facet normal -9.360410e-01  2.844929e-02  3.507390e-01
   outer loop
     vertex -4.539802e-01  2.104288e-01  2.095280e-01
     vertex -4.798870e-01  2.104526e-01  1.403868e-01
     vertex -4.685740e-01  1.625257e-01  1.744661e-01
   endloop
 endfacet
 facet normal -5.788015e-01  2.883493e-02  8.149585e-01
   outer loop
     vertex -2.584152e-01  2.104057e-01  4.280439e-01
     vertex -3.190361e-01  2.104435e-01  3.849883e-01
     vertex -2.904262e-01  1.624870e-01  4.070044e-01
   endloop
 endfacet
 facet normal  8.594566e-01  1.940620e-03 -5.112050e-01
   outer loop
     vertex  4.423191e-01 -5.520990e-02 -2.331390e-01
     vertex  4.415460e-01 -9.765300e-02 -2.345999e-01
     vertex  4.164435e-01 -7.614744e-02 -2.767216e-01
   endloop
 endfacet
 facet normal  8.605413e-01 -3.218692e-03 -5.093704e-01
   outer loop
     vertex  4.180303e-01 -3.218468e-02 -2.743185e-01
     vertex  4.423191e-01 -5.520990e-02 -2.331390e-01
     vertex  4.164435e-01 -7.614744e-02 -2.767216e-01
   endloop
 endfacet
 facet normal  8.586833e-01 -1.506875e-03 -5.125043e-01
   outer loop
     vertex  4.415460e-01 -9.765300e-02 -2.345999e-01
     vertex  4.156822e-01 -1.214589e-01 -2.778638e-01
     vertex  4.164435e-01 -7.614744e-02 -2.767216e-01
   endloop
 endfacet
 facet normal  5.128534e-01  2.659476e-02  8.580642e-01
   outer loop
     vertex  2.868722e-01  2.121104e-01  4.095172e-01
     vertex  2.254538e-01  2.102015e-01  4.462853e-01
     vertex  2.558283e-01  1.629621e-01  4.295950e-01
   endloop
 endfacet
 facet normal  8.152452e-01  9.777316e-03 -5.790335e-01
   outer loop
     vertex  3.927677e-01  2.133526e-01 -3.094084e-01
     vertex  4.221973e-01  2.200064e-01 -2.678608e-01
     vertex  4.168338e-01  1.773119e-01 -2.761332e-01
   endloop
 endfacet
 facet normal  8.003868e-01 -1.875469e-02 -5.991905e-01
   outer loop
     vertex  3.927677e-01  2.133526e-01 -3.094084e-01
     vertex  4.168338e-01  1.773119e-01 -2.761332e-01
     vertex  3.786503e-01  1.579894e-01 -3.265332e-01
   endloop
 endfacet
 facet normal -9.931693e-01  2.844345e-02 -1.131622e-01
   outer loop
     vertex -4.912950e-01 -7.330639e-02 -9.289350e-02
     vertex -4.963738e-01 -1.202093e-01 -6.010894e-02
     vertex -4.996001e-01 -7.326280e-02 -1.999260e-02
   endloop
 endfacet
 facet normal -8.984953e-01  2.857096e-02  4.380524e-01
   outer loop
     vertex -4.644130e-01 -2.626703e-01  1.852581e-01
     vertex -4.499244e-01 -3.105845e-01  2.181011e-01
     vertex -4.320027e-01 -2.627617e-01  2.517412e-01
   endloop
 endfacet
 facet normal -3.830176e-01  2.892303e-02 -9.232881e-01
   outer loop
     vertex -1.906659e-01 -3.105162e-01 -4.622191e-01
     vertex -2.254255e-01 -2.626391e-01 -4.462996e-01
     vertex -1.566764e-01 -2.626024e-01 -4.748184e-01
   endloop
 endfacet
 facet normal -8.238820e-01  2.879488e-02  5.660294e-01
   outer loop
     vertex -4.128170e-01 -3.106489e-01  2.821030e-01
     vertex -3.899641e-01 -2.628427e-01  3.129344e-01
     vertex -4.320027e-01 -2.627617e-01  2.517412e-01
   endloop
 endfacet
 facet normal  6.064885e-01 -2.181476e-02  7.947929e-01
   outer loop
     vertex  2.761350e-01 -3.078978e-01  4.168327e-01
     vertex  3.290073e-01 -3.073297e-01  3.765026e-01
     vertex  2.966270e-01 -2.600970e-01  4.025077e-01
   endloop
 endfacet
 facet normal  7.239252e-01 -2.630807e-03  6.898735e-01
   outer loop
     vertex  3.437696e-01 -2.590367e-01  3.630737e-01
     vertex  3.806406e-01 -3.040778e-01  3.242109e-01
     vertex  3.790652e-01 -2.549384e-01  3.260515e-01
   endloop
 endfacet
 facet normal -2.492696e-01 -2.768470e-02  9.680383e-01
   outer loop
     vertex -1.234660e-01  2.101180e-01  4.845164e-01
     vertex -1.595878e-01  1.623099e-01  4.738478e-01
     vertex -8.897291e-02  1.619262e-01  4.920201e-01
   endloop
 endfacet
 facet normal  4.496629e-01 -2.631255e-02  8.928107e-01
   outer loop
     vertex  2.558283e-01  1.629621e-01  4.295950e-01
     vertex  2.254538e-01  2.102015e-01  4.462853e-01
     vertex  1.920553e-01  1.605646e-01  4.616435e-01
   endloop
 endfacet
 facet normal  8.032797e-01  1.518437e-03 -5.956000e-01
   outer loop
     vertex  4.164435e-01 -7.614744e-02 -2.767216e-01
     vertex  4.156822e-01 -1.214589e-01 -2.778638e-01
     vertex  3.861888e-01 -9.813681e-02 -3.175818e-01
   endloop
 endfacet
 facet normal -6.394216e-01 -2.874142e-02  7.683189e-01
   outer loop
     vertex -2.904262e-01  1.624870e-01  4.070044e-01
     vertex -3.190361e-01  2.104435e-01  3.849883e-01
     vertex -3.475015e-01  1.624603e-01  3.595034e-01
   endloop
 endfacet
 facet normal  7.215972e-01 -1.936640e-02 -6.920423e-01
   outer loop
     vertex  3.815740e-01 -3.048934e-01 -3.231118e-01
     vertex  3.385192e-01 -3.060212e-01 -3.679739e-01
     vertex  3.598750e-01 -2.556121e-01 -3.471167e-01
   endloop
 endfacet
 facet normal  6.728062e-01  2.094915e-02 -7.395221e-01
   outer loop
     vertex  3.385192e-01 -3.060212e-01 -3.679739e-01
     vertex  3.121454e-01 -2.575774e-01 -3.905960e-01
     vertex  3.598750e-01 -2.556121e-01 -3.471167e-01
   endloop
 endfacet
 facet normal -9.599098e-01 -2.828277e-02  2.788785e-01
   outer loop
     vertex -4.685740e-01  1.625257e-01  1.744661e-01
     vertex -4.798870e-01  2.104526e-01  1.403868e-01
     vertex -4.891124e-01  1.625450e-01  1.037741e-01
   endloop
 endfacet
 facet normal -7.276428e-01 -2.949380e-02 -6.853219e-01
   outer loop
     vertex -3.887173e-01  1.626750e-01 -3.144819e-01
     vertex -3.646399e-01  2.105796e-01 -3.421078e-01
     vertex -3.371704e-01  1.626320e-01 -3.692101e-01
   endloop
 endfacet
 facet normal -9.531382e-01  2.815131e-02  3.012227e-01
   outer loop
     vertex -4.865381e-01 -2.625910e-01  1.152416e-01
     vertex -4.771087e-01 -3.105105e-01  1.495571e-01
     vertex -4.644130e-01 -2.626703e-01  1.852581e-01
   endloop
 endfacet
 facet normal -6.774376e-02 -2.822917e-02 -9.973033e-01
   outer loop
     vertex -7.048231e-02  1.628149e-01 -4.950073e-01
     vertex -3.459445e-02  2.107461e-01 -4.988018e-01
     vertex  2.824456e-03  1.629986e-01 -4.999920e-01
   endloop
 endfacet
 facet normal  3.093549e-01  2.192848e-02  9.506938e-01
   outer loop
     vertex  1.232926e-01 -2.598659e-01  4.845606e-01
     vertex  1.569930e-01 -3.083935e-01  4.747138e-01
     vertex  1.858193e-01 -2.587523e-01  4.641888e-01
   endloop
 endfacet
 facet normal -2.138324e-01 -2.871264e-02 -9.764483e-01
   outer loop
     vertex -1.428987e-01  1.626849e-01 -4.791450e-01
     vertex -1.077629e-01  2.106238e-01 -4.882491e-01
     vertex -7.048231e-02  1.628149e-01 -4.950073e-01
   endloop
 endfacet
 facet normal -3.564069e-01 -2.915610e-02 -9.338758e-01
   outer loop
     vertex -2.127026e-01  1.625764e-01 -4.525015e-01
     vertex -1.791111e-01  2.105171e-01 -4.668182e-01
     vertex -1.428987e-01  1.626849e-01 -4.791450e-01
   endloop
 endfacet
 facet normal -4.918162e-01 -2.931821e-02 -8.702053e-01
   outer loop
     vertex -2.779362e-01  1.625934e-01 -4.156338e-01
     vertex -2.468024e-01  2.104804e-01 -4.348431e-01
     vertex -2.127026e-01  1.625764e-01 -4.525015e-01
   endloop
 endfacet
 facet normal -2.419132e-01  2.877022e-02 -9.698713e-01
   outer loop
     vertex -8.463505e-02 -2.625122e-01 -4.927848e-01
     vertex -1.199803e-01 -3.104681e-01 -4.853913e-01
     vertex -1.566764e-01 -2.626024e-01 -4.748184e-01
   endloop
 endfacet
 facet normal  5.722249e-01 -2.659302e-02  8.196655e-01
   outer loop
     vertex  3.141850e-01  1.661142e-01  3.889573e-01
     vertex  2.868722e-01  2.121104e-01  4.095172e-01
     vertex  2.558283e-01  1.629621e-01  4.295950e-01
   endloop
 endfacet
 facet normal  8.804436e-01  1.146615e-02 -4.740121e-01
   outer loop
     vertex  4.504558e-01 -2.627099e-01 -2.170014e-01
     vertex  4.438572e-01 -3.015498e-01 -2.301972e-01
     vertex  4.288065e-01 -2.599995e-01 -2.571478e-01
   endloop
 endfacet
 facet normal  8.617612e-01 -1.672277e-02 -5.070384e-01
   outer loop
     vertex  4.438572e-01 -3.015498e-01 -2.301972e-01
     vertex  4.163300e-01 -3.042835e-01 -2.768922e-01
     vertex  4.288065e-01 -2.599995e-01 -2.571478e-01
   endloop
 endfacet
 facet normal -7.463574e-01 -2.897583e-02  6.649143e-01
   outer loop
     vertex -3.475015e-01  1.624603e-01  3.595034e-01
     vertex -3.726357e-01  2.104197e-01  3.333806e-01
     vertex -3.970887e-01  1.624723e-01  3.038430e-01
   endloop
 endfacet
 facet normal -6.223297e-01  2.856980e-02  7.822336e-01
   outer loop
     vertex -3.393722e-01 -2.628891e-01  3.671873e-01
     vertex -3.121081e-01 -3.107417e-01  3.906258e-01
     vertex -2.815030e-01 -2.628753e-01  4.132264e-01
   endloop
 endfacet
 facet normal  3.179523e-01 -2.567302e-02  9.477590e-01
   outer loop
     vertex  1.920553e-01  1.605646e-01  4.616435e-01
     vertex  1.598095e-01  2.089907e-01  4.737731e-01
     vertex  1.248415e-01  1.595132e-01  4.841638e-01
   endloop
 endfacet
 facet normal -9.330421e-02  2.579419e-02  9.953035e-01
   outer loop
     vertex -8.144502e-02 -2.629157e-01  4.933221e-01
     vertex -4.687884e-02 -3.105707e-01  4.977975e-01
     vertex -1.151888e-02 -2.625296e-01  4.998673e-01
   endloop
 endfacet
 facet normal  1.802095e-01  2.328259e-02  9.833527e-01
   outer loop
     vertex  5.709344e-02 -2.614459e-01  4.967296e-01
     vertex  9.159667e-02 -3.092515e-01  4.915385e-01
     vertex  1.232926e-01 -2.598659e-01  4.845606e-01
   endloop
 endfacet
 facet normal -3.695623e-01  2.740559e-02  9.288017e-01
   outer loop
     vertex -2.179973e-01 -2.628983e-01  4.499747e-01
     vertex -1.856376e-01 -3.107233e-01  4.642614e-01
     vertex -1.507353e-01 -2.629022e-01  4.767377e-01
   endloop
 endfacet
 facet normal -9.084059e-01 -2.855137e-02  4.171133e-01
   outer loop
     vertex -4.377062e-01  1.624851e-01  2.416884e-01
     vertex -4.539802e-01  2.104288e-01  2.095280e-01
     vertex -4.685740e-01  1.625257e-01  1.744661e-01
   endloop
 endfacet
 facet normal -8.367620e-01 -2.875985e-02  5.468109e-01
   outer loop
     vertex -4.179821e-01  2.104097e-01  2.743920e-01
     vertex -4.377062e-01  1.624851e-01  2.416884e-01
     vertex -3.970887e-01  1.624723e-01  3.038430e-01
   endloop
 endfacet
 facet normal -1.068081e-01 -2.693871e-02  9.939146e-01
   outer loop
     vertex -1.731754e-02  1.611748e-01  4.997000e-01
     vertex -5.203116e-02  2.097208e-01  4.972854e-01
     vertex -8.897291e-02  1.619262e-01  4.920201e-01
   endloop
 endfacet
 facet normal  3.690438e-02 -2.662807e-02  9.989640e-01
   outer loop
     vertex  5.453697e-02  1.600982e-01  4.970168e-01
     vertex  1.988408e-02  2.091488e-01  4.996045e-01
     vertex -1.731754e-02  1.611748e-01  4.997000e-01
   endloop
 endfacet
 facet normal  3.289873e-01  2.544063e-02 -9.439916e-01
   outer loop
     vertex  1.661912e-01 -3.092842e-01 -4.715723e-01
     vertex  1.311470e-01 -2.613630e-01 -4.824940e-01
     vertex  1.974837e-01 -2.603366e-01 -4.593476e-01
   endloop
 endfacet
 facet normal -8.371190e-01  2.916934e-02 -5.462426e-01
   outer loop
     vertex -4.182376e-01 -3.106018e-01 -2.740024e-01
     vertex -4.379950e-01 -2.626721e-01 -2.411647e-01
     vertex -3.971471e-01 -2.627177e-01 -3.037666e-01
   endloop
 endfacet
 facet normal  1.795669e-01 -2.610143e-02  9.833994e-01
   outer loop
     vertex  1.248415e-01  1.595132e-01  4.841638e-01
     vertex  9.099874e-02  2.087203e-01  4.916495e-01
     vertex  5.453697e-02  1.600982e-01  4.970168e-01
   endloop
 endfacet
 facet normal  2.202460e-01 -2.668841e-02 -9.750792e-01
   outer loop
     vertex  7.510986e-02  1.630874e-01 -4.943263e-01
     vertex  1.101048e-01  2.107464e-01 -4.877263e-01
     vertex  1.447626e-01  1.627836e-01 -4.785852e-01
   endloop
 endfacet
 facet normal -9.651371e-02  2.807513e-02 -9.949356e-01
   outer loop
     vertex -1.159214e-02 -2.623431e-01 -4.998656e-01
     vertex -4.717611e-02 -3.103853e-01 -4.977694e-01
     vertex -8.463505e-02 -2.625122e-01 -4.927848e-01
   endloop
 endfacet
 facet normal  3.555098e-01 -2.563635e-02 -9.343209e-01
   outer loop
     vertex  1.447626e-01  1.627836e-01 -4.785852e-01
     vertex  1.784152e-01  2.103166e-01 -4.670846e-01
     vertex  2.103429e-01  1.617398e-01 -4.536032e-01
   endloop
 endfacet
 facet normal -8.221666e-01 -2.951146e-02 -5.684814e-01
   outer loop
     vertex -4.314834e-01  1.626542e-01 -2.526303e-01
     vertex -4.118771e-01  2.105734e-01 -2.834736e-01
     vertex -3.887173e-01  1.626750e-01 -3.144819e-01
   endloop
 endfacet
 facet normal -2.326847e-01  2.657490e-02  9.721891e-01
   outer loop
     vertex -1.507353e-01 -2.629022e-01  4.767377e-01
     vertex -1.169472e-01 -3.106937e-01  4.861310e-01
     vertex -8.144502e-02 -2.629157e-01  4.933221e-01
   endloop
 endfacet
 facet normal  4.818758e-01 -2.465926e-02 -8.758925e-01
   outer loop
     vertex  2.420960e-01  2.095773e-01 -4.374809e-01
     vertex  2.709679e-01  1.603130e-01 -4.202099e-01
     vertex  2.103429e-01  1.617398e-01 -4.536032e-01
   endloop
 endfacet
 facet normal  8.685770e-01  7.213015e-03  4.955017e-01
   outer loop
     vertex  4.468664e-01  2.363139e-01  2.242999e-01
     vertex  4.494439e-01  2.838676e-01  2.190895e-01
     vertex  4.187623e-01  2.613461e-01  2.731997e-01
   endloop
 endfacet
 facet normal -5.006442e-01  2.814412e-02  8.651955e-01
   outer loop
     vertex -2.815030e-01 -2.628753e-01  4.132264e-01
     vertex -2.512709e-01 -3.107181e-01  4.322765e-01
     vertex -2.179973e-01 -2.628983e-01  4.499747e-01
   endloop
 endfacet
 facet normal  6.412850e-01  1.728235e-02  7.671081e-01
   outer loop
     vertex  3.290073e-01 -3.073297e-01  3.765026e-01
     vertex  3.437696e-01 -2.590367e-01  3.630737e-01
     vertex  2.966270e-01 -2.600970e-01  4.025077e-01
   endloop
 endfacet
 facet normal  5.713192e-01  2.168352e-02 -8.204415e-01
   outer loop
     vertex  3.121454e-01 -2.575774e-01 -3.905960e-01
     vertex  2.878608e-01 -3.073771e-01 -4.088229e-01
     vertex  2.583940e-01 -2.587350e-01 -4.280567e-01
   endloop
 endfacet
 facet normal  4.615607e-02  1.787154e-02  9.987744e-01
   outer loop
     vertex  2.260033e-02 -1.219481e-01  4.994890e-01
     vertex  5.092722e-02 -7.834309e-02  4.973997e-01
     vertex -5.743359e-03 -7.546244e-02  4.999670e-01
   endloop
 endfacet
 facet normal  4.959510e-02  2.765336e-02 -9.983865e-01
   outer loop
     vertex  6.120190e-02 -2.620055e-01 -4.962402e-01
     vertex  2.602222e-02 -3.101906e-01 -4.993224e-01
     vertex -1.159214e-02 -2.623431e-01 -4.998656e-01
   endloop
 endfacet
 facet normal  8.122077e-01  5.028872e-03 -5.833467e-01
   outer loop
     vertex  4.205306e-01  1.042619e-02 -2.704700e-01
     vertex  4.180303e-01 -3.218468e-02 -2.743185e-01
     vertex  3.914775e-01 -3.245145e-03 -3.110392e-01
   endloop
 endfacet
 facet normal  8.292341e-01  1.394428e-02  5.587275e-01
   outer loop
     vertex  4.105375e-01  3.682568e-02  2.854102e-01
     vertex  4.263788e-01  6.671248e-02  2.611535e-01
     vertex  3.995812e-01  8.143539e-02  3.005576e-01
   endloop
 endfacet
 facet normal  7.043907e-01  1.174256e-02  7.097153e-01
   outer loop
     vertex  3.516019e-01 -1.010224e-01  3.554942e-01
     vertex  3.682266e-01 -5.569608e-02  3.382443e-01
     vertex  3.358355e-01 -5.765673e-02  3.704248e-01
   endloop
 endfacet
 facet normal  7.927003e-01 -1.226440e-02  6.094881e-01
   outer loop
     vertex  4.105375e-01  3.682568e-02  2.854102e-01
     vertex  3.995812e-01  8.143539e-02  3.005576e-01
     vertex  3.836425e-01  4.991175e-02  3.206532e-01
   endloop
 endfacet
 facet normal  8.029886e-01 -1.319898e-02  5.958482e-01
   outer loop
     vertex  4.176728e-01 -5.238358e-03  2.748626e-01
     vertex  4.105375e-01  3.682568e-02  2.854102e-01
     vertex  3.866824e-01  1.075079e-02  3.169806e-01
   endloop
 endfacet
 facet normal  7.958455e-01  4.996639e-03  6.054791e-01
   outer loop
     vertex  4.105375e-01  3.682568e-02  2.854102e-01
     vertex  3.836425e-01  4.991175e-02  3.206532e-01
     vertex  3.866824e-01  1.075079e-02  3.169806e-01
   endloop
 endfacet
 facet normal  4.932274e-01 -1.204401e-02 -8.698170e-01
   outer loop
     vertex  2.567463e-01 -5.308636e-02 -4.290470e-01
     vertex  2.717714e-01 -1.134866e-01 -4.196908e-01
     vertex  2.208220e-01 -1.124944e-01 -4.485952e-01
   endloop
 endfacet
 facet normal  8.075017e-01  1.160969e-02  5.897509e-01
   outer loop
     vertex  4.176728e-01 -5.238358e-03  2.748626e-01
     vertex  3.866824e-01  1.075079e-02  3.169806e-01
     vertex  3.930296e-01 -2.916222e-02  3.090756e-01
   endloop
 endfacet
 facet normal  8.139418e-01 -7.688030e-03  5.808955e-01
   outer loop
     vertex  4.216965e-01 -4.876237e-02  2.686487e-01
     vertex  4.176728e-01 -5.238358e-03  2.748626e-01
     vertex  3.930296e-01 -2.916222e-02  3.090756e-01
   endloop
 endfacet
 facet normal  4.209053e-01 -1.343224e-02  9.070052e-01
   outer loop
     vertex  2.253488e-01  6.220292e-03  4.463384e-01
     vertex  1.809540e-01 -5.004872e-02  4.661069e-01
     vertex  2.401801e-01 -5.590733e-02  4.385356e-01
   endloop
 endfacet
 facet normal  8.227587e-01 -3.716270e-03  5.683786e-01
   outer loop
     vertex  4.238014e-01 -9.250787e-02  2.653156e-01
     vertex  4.216965e-01 -4.876237e-02  2.686487e-01
     vertex  3.993685e-01 -6.855464e-02  3.008401e-01
   endloop
 endfacet
 facet normal  8.183051e-01  1.153780e-02  5.746683e-01
   outer loop
     vertex  4.216965e-01 -4.876237e-02  2.686487e-01
     vertex  3.930296e-01 -2.916222e-02  3.090756e-01
     vertex  3.993685e-01 -6.855464e-02  3.008401e-01
   endloop
 endfacet
 facet normal  8.241791e-01  4.885547e-03  5.663082e-01
   outer loop
     vertex  4.209904e-01 -1.327465e-01  2.697538e-01
     vertex  4.238014e-01 -9.250787e-02  2.653156e-01
     vertex  4.008024e-01 -1.087173e-01  2.989271e-01
   endloop
 endfacet
 facet normal  8.247221e-01  2.507141e-03  5.655327e-01
   outer loop
     vertex  4.238014e-01 -9.250787e-02  2.653156e-01
     vertex  3.993685e-01 -6.855464e-02  3.008401e-01
     vertex  4.008024e-01 -1.087173e-01  2.989271e-01
   endloop
 endfacet
 facet normal  5.299438e-01 -1.547549e-02  8.478916e-01
   outer loop
     vertex  2.910280e-01 -6.580657e-02  4.065743e-01
     vertex  2.773821e-01 -1.646380e-02  4.160038e-01
     vertex  2.401801e-01 -5.590733e-02  4.385356e-01
   endloop
 endfacet
 facet normal  7.763732e-01  7.787667e-03  6.302253e-01
   outer loop
     vertex  3.768134e-01 -1.226480e-01  3.286513e-01
     vertex  3.950794e-01 -1.470595e-01  3.064511e-01
     vertex  4.008024e-01 -1.087173e-01  2.989271e-01
   endloop
 endfacet
 facet normal  8.028995e-01 -1.567367e-02  5.959083e-01
   outer loop
     vertex  4.216405e-01 -3.129396e-01  2.687365e-01
     vertex  4.139005e-01 -2.617677e-01  2.805110e-01
     vertex  3.806406e-01 -3.040778e-01  3.242109e-01
   endloop
 endfacet
 facet normal  8.027595e-01 -3.361762e-04 -5.963028e-01
   outer loop
     vertex  3.861888e-01 -9.813681e-02 -3.175818e-01
     vertex  4.156822e-01 -1.214589e-01 -2.778638e-01
     vertex  3.859797e-01 -1.467335e-01 -3.178360e-01
   endloop
 endfacet
 facet normal  8.027221e-01 -2.122429e-04 -5.963533e-01
   outer loop
     vertex  4.156822e-01 -1.214589e-01 -2.778638e-01
     vertex  4.157924e-01 -1.680772e-01 -2.776989e-01
     vertex  3.859797e-01 -1.467335e-01 -3.178360e-01
   endloop
 endfacet
 facet normal  8.145289e-01  1.249028e-02  5.799885e-01
   outer loop
     vertex  4.141103e-01 -1.691992e-01  2.802011e-01
     vertex  4.209904e-01 -1.327465e-01  2.697538e-01
     vertex  3.950794e-01 -1.470595e-01  3.064511e-01
   endloop
 endfacet
 facet normal  8.185982e-01 -9.491501e-03  5.742882e-01
   outer loop
     vertex  4.209904e-01 -1.327465e-01  2.697538e-01
     vertex  4.008024e-01 -1.087173e-01  2.989271e-01
     vertex  3.950794e-01 -1.470595e-01  3.064511e-01
   endloop
 endfacet
 facet normal  8.094672e-01 -1.539655e-02  5.869632e-01
   outer loop
     vertex  4.213791e-01 -2.084931e-01  2.691462e-01
     vertex  4.141103e-01 -1.691992e-01  2.802011e-01
     vertex  3.910172e-01 -1.856162e-01  3.116177e-01
   endloop
 endfacet
 facet normal  8.072081e-01 -5.953725e-03  5.902370e-01
   outer loop
     vertex  4.141103e-01 -1.691992e-01  2.802011e-01
     vertex  3.950794e-01 -1.470595e-01  3.064511e-01
     vertex  3.910172e-01 -1.856162e-01  3.116177e-01
   endloop
 endfacet
 facet normal  5.078442e-01  1.305612e-02  8.613500e-01
   outer loop
     vertex  2.773821e-01 -1.646380e-02  4.160038e-01
     vertex  2.253488e-01  6.220292e-03  4.463384e-01
     vertex  2.401801e-01 -5.590733e-02  4.385356e-01
   endloop
 endfacet
 facet normal  8.156751e-01  8.655697e-03  5.784455e-01
   outer loop
     vertex  4.213791e-01 -2.084931e-01  2.691462e-01
     vertex  3.910172e-01 -1.856162e-01  3.116177e-01
     vertex  3.951861e-01 -2.240076e-01  3.063135e-01
   endloop
 endfacet
 facet normal -8.978186e-01 -2.895338e-02 -4.394127e-01
   outer loop
     vertex -4.642225e-01  1.626230e-01 -1.857350e-01
     vertex -4.496038e-01  2.105335e-01 -2.187610e-01
     vertex -4.314834e-01  1.626542e-01 -2.526303e-01
   endloop
 endfacet
 facet normal -9.906597e-01  2.806766e-02 -1.334372e-01
   outer loop
     vertex -4.954024e-01 -3.104143e-01 -6.764978e-02
     vertex -4.990853e-01 -2.625067e-01 -3.022993e-02
     vertex -4.892991e-01 -2.625339e-01 -1.028903e-01
   endloop
 endfacet
 facet normal -9.530450e-01 -2.873753e-02 -3.014621e-01
   outer loop
     vertex -4.865948e-01  1.625726e-01 -1.150021e-01
     vertex -4.770753e-01  2.104740e-01 -1.496635e-01
     vertex -4.642225e-01  1.626230e-01 -1.857350e-01
   endloop
 endfacet
 facet normal -9.603956e-01  2.831544e-02 -2.771976e-01
   outer loop
     vertex -4.801381e-01 -3.104606e-01 -1.395256e-01
     vertex -4.892991e-01 -2.625339e-01 -1.028903e-01
     vertex -4.688807e-01 -2.626030e-01 -1.736401e-01
   endloop
 endfacet
 facet normal -7.310367e-01  2.875300e-02  6.817321e-01
   outer loop
     vertex -3.899641e-01 -2.628427e-01  3.129344e-01
     vertex -3.665050e-01 -3.107063e-01  3.401089e-01
     vertex -3.393722e-01 -2.628891e-01  3.671873e-01
   endloop
 endfacet
 facet normal  4.305703e-01  2.082857e-02  9.023167e-01
   outer loop
     vertex  1.858193e-01 -2.587523e-01  4.641888e-01
     vertex  2.188001e-01 -3.078771e-01  4.495848e-01
     vertex  2.439675e-01 -2.586910e-01  4.364400e-01
   endloop
 endfacet
 facet normal  4.958945e-01 -2.173771e-02  8.681107e-01
   outer loop
     vertex  2.188001e-01 -3.078771e-01  4.495848e-01
     vertex  2.761350e-01 -3.078978e-01  4.168327e-01
     vertex  2.439675e-01 -2.586910e-01  4.364400e-01
   endloop
 endfacet
 facet normal -9.904404e-01 -2.820582e-02  1.350267e-01
   outer loop
     vertex -4.952804e-01  2.104464e-01  6.853688e-02
     vertex -4.990410e-01  1.625772e-01  3.095325e-02
     vertex -4.891124e-01  1.625450e-01  1.037741e-01
   endloop
 endfacet
 facet normal -9.870908e-01 -2.834129e-02 -1.576343e-01
   outer loop
     vertex -4.982108e-01  1.625559e-01 -4.226083e-02
     vertex -4.939151e-01  2.104328e-01 -7.776779e-02
     vertex -4.865948e-01  1.625726e-01 -1.150021e-01
   endloop
 endfacet
 facet normal -7.461146e-01  2.943221e-02 -6.651668e-01
   outer loop
     vertex -3.471845e-01 -2.627196e-01 -3.598096e-01
     vertex -3.725638e-01 -3.106146e-01 -3.334609e-01
     vertex -3.971471e-01 -2.627177e-01 -3.037666e-01
   endloop
 endfacet
 facet normal -9.995260e-01  2.799869e-02  1.280057e-02
   outer loop
     vertex -4.999713e-01 -3.104056e-01  5.358766e-03
     vertex -4.981482e-01 -2.625294e-01  4.299248e-02
     vertex -4.990853e-01 -2.625067e-01 -3.022993e-02
   endloop
 endfacet
 facet normal  7.814397e-02 -2.753675e-02 -9.965617e-01
   outer loop
     vertex  2.824456e-03  1.629986e-01 -4.999920e-01
     vertex  3.864365e-02  2.108103e-01 -4.985044e-01
     vertex  7.510986e-02  1.630874e-01 -4.943263e-01
   endloop
 endfacet
 facet normal  7.056790e-01 -2.787228e-02 -7.079833e-01
   outer loop
     vertex  3.258191e-01  1.598308e-01 -3.792649e-01
     vertex  3.514663e-01  2.087782e-01 -3.556282e-01
     vertex  3.786503e-01  1.579894e-01 -3.265332e-01
   endloop
 endfacet
 facet normal -5.162373e-01  2.930186e-02 -8.559442e-01
   outer loop
     vertex -2.572945e-01 -3.105373e-01 -4.287185e-01
     vertex -2.895618e-01 -2.627025e-01 -4.076199e-01
     vertex -2.254255e-01 -2.626391e-01 -4.462996e-01
   endloop
 endfacet
 facet normal -9.089979e-01  2.879222e-02 -4.158050e-01
   outer loop
     vertex -4.543039e-01 -3.105276e-01 -2.088252e-01
     vertex -4.688807e-01 -2.626030e-01 -1.736401e-01
     vertex -4.379950e-01 -2.626721e-01 -2.411647e-01
   endloop
 endfacet
 facet normal -6.382700e-01  2.927836e-02 -7.692556e-01
   outer loop
     vertex -2.895618e-01 -2.627025e-01 -4.076199e-01
     vertex -3.184096e-01 -3.105848e-01 -3.855066e-01
     vertex -3.471845e-01 -2.627196e-01 -3.598096e-01
   endloop
 endfacet
 facet normal  5.978836e-01 -2.392898e-02 -8.012257e-01
   outer loop
     vertex  3.001179e-01  2.089866e-01 -3.999116e-01
     vertex  3.258191e-01  1.598308e-01 -3.792649e-01
     vertex  2.709679e-01  1.603130e-01 -4.202099e-01
   endloop
 endfacet
 facet normal -9.995438e-01 -2.799781e-02 -1.132540e-02
   outer loop
     vertex -4.990410e-01  1.625772e-01  3.095325e-02
     vertex -4.999790e-01  2.104401e-01 -4.584655e-03
     vertex -4.982108e-01  1.625559e-01 -4.226083e-02
   endloop
 endfacet
 facet normal -6.165981e-01 -2.957134e-02 -7.867225e-01
   outer loop
     vertex -3.371704e-01  1.626320e-01 -3.692101e-01
     vertex -3.091976e-01  2.105108e-01 -3.929336e-01
     vertex -2.779362e-01  1.625934e-01 -4.156338e-01
   endloop
 endfacet
 facet normal  7.966017e-01  2.571828e-03 -6.044991e-01
   outer loop
     vertex  3.786503e-01  1.579894e-01 -3.265332e-01
     vertex  4.168338e-01  1.773119e-01 -2.761332e-01
     vertex  4.157865e-01  1.316309e-01 -2.777077e-01
   endloop
 endfacet
 facet normal  8.609596e-01  6.783786e-03 -5.086280e-01
   outer loop
     vertex  4.157865e-01  1.316309e-01 -2.777077e-01
     vertex  4.426903e-01  1.116864e-01 -2.324334e-01
     vertex  4.192021e-01  8.676616e-02 -2.725244e-01
   endloop
 endfacet
 facet normal  8.642555e-01 -5.336890e-03 -5.030249e-01
   outer loop
     vertex  4.426903e-01  1.116864e-01 -2.324334e-01
     vertex  4.448260e-01  6.979278e-02 -2.283195e-01
     vertex  4.192021e-01  8.676616e-02 -2.725244e-01
   endloop
 endfacet
 facet normal  1.925395e-01  2.634760e-02 -9.809354e-01
   outer loop
     vertex  1.311470e-01 -2.613630e-01 -4.824940e-01
     vertex  9.784590e-02 -3.098495e-01 -4.903327e-01
     vertex  6.120190e-02 -2.620055e-01 -4.962402e-01
   endloop
 endfacet
 facet normal  8.607699e-01  7.185334e-03 -5.089435e-01
   outer loop
     vertex  4.157924e-01 -1.680772e-01 -2.776989e-01
     vertex  4.427461e-01 -1.832833e-01 -2.323272e-01
     vertex  4.196114e-01 -2.143998e-01 -2.718938e-01
   endloop
 endfacet
 facet normal  8.658585e-01 -7.677731e-03 -5.002300e-01
   outer loop
     vertex  4.427461e-01 -1.832833e-01 -2.323272e-01
     vertex  4.457957e-01 -2.242074e-01 -2.264204e-01
     vertex  4.196114e-01 -2.143998e-01 -2.718938e-01
   endloop
 endfacet
 facet normal  4.563223e-01  2.390473e-02 -8.894934e-01
   outer loop
     vertex  2.303311e-01 -3.083885e-01 -4.437878e-01
     vertex  1.974837e-01 -2.603366e-01 -4.593476e-01
     vertex  2.583940e-01 -2.587350e-01 -4.280567e-01
   endloop
 endfacet
 facet normal -3.875618e-01 -2.790368e-02  9.214213e-01
   outer loop
     vertex -1.595878e-01  1.623099e-01  4.738478e-01
     vertex -1.927213e-01  2.103393e-01  4.613659e-01
     vertex -2.270443e-01  1.624272e-01  4.454783e-01
   endloop
 endfacet
 facet normal  7.923118e-01 -2.390955e-02  6.096478e-01
   outer loop
     vertex  3.790652e-01 -2.549384e-01  3.260515e-01
     vertex  4.139005e-01 -2.617677e-01  2.805110e-01
     vertex  3.951861e-01 -2.240076e-01  3.063135e-01
   endloop
 endfacet
 facet normal  8.141012e-01 -6.902448e-03 -5.806820e-01
   outer loop
     vertex  4.205306e-01  1.042619e-02 -2.704700e-01
     vertex  3.914775e-01 -3.245145e-03 -3.110392e-01
     vertex  3.964673e-01  4.805290e-02 -3.046534e-01
   endloop
 endfacet
 facet normal -9.869438e-01  2.795525e-02  1.586207e-01
   outer loop
     vertex -4.981482e-01 -2.625294e-01  4.299248e-02
     vertex -4.938549e-01 -3.104404e-01  7.814956e-02
     vertex -4.865381e-01 -2.625910e-01  1.152416e-01
   endloop
 endfacet
 facet normal  4.528203e-02  2.453229e-02  9.986730e-01
   outer loop
     vertex  2.325883e-02 -3.100907e-01  4.994587e-01
     vertex  5.709344e-02 -2.614459e-01  4.967296e-01
     vertex -1.151888e-02 -2.625296e-01  4.998673e-01
   endloop
 endfacet
 facet normal  6.821927e-01 -2.680444e-02  7.306810e-01
   outer loop
     vertex  3.428344e-01  2.137568e-01  3.639568e-01
     vertex  3.141850e-01  1.661142e-01  3.889573e-01
     vertex  3.659975e-01  1.680741e-01  3.406550e-01
   endloop
 endfacet
 facet normal -5.187054e-01 -2.866020e-02  8.544725e-01
   outer loop
     vertex -2.270443e-01  1.624272e-01  4.454783e-01
     vertex -2.584152e-01  2.104057e-01  4.280439e-01
     vertex -2.904262e-01  1.624870e-01  4.070044e-01
   endloop
 endfacet
 facet normal  8.713126e-01 -7.292813e-04 -4.907279e-01
   outer loop
     vertex  4.448260e-01  6.979278e-02 -2.283195e-01
     vertex  4.451821e-01  2.751141e-02 -2.276244e-01
     vertex  4.256240e-01  4.831990e-02 -2.623819e-01
   endloop
 endfacet
 facet normal  8.673381e-01  1.361976e-02 -4.975330e-01
   outer loop
     vertex  4.192021e-01  8.676616e-02 -2.725244e-01
     vertex  4.448260e-01  6.979278e-02 -2.283195e-01
     vertex  4.256240e-01  4.831990e-02 -2.623819e-01
   endloop
 endfacet
 facet normal  8.686128e-01 -1.101902e-02 -4.953689e-01
   outer loop
     vertex  4.451821e-01  2.751141e-02 -2.276244e-01
     vertex  4.205306e-01  1.042619e-02 -2.704700e-01
     vertex  4.256240e-01  4.831990e-02 -2.623819e-01
   endloop
 endfacet
 facet normal  7.944664e-01  2.723556e-03  6.073020e-01
   outer loop
     vertex  3.790652e-01 -2.549384e-01  3.260515e-01
     vertex  3.806406e-01 -3.040778e-01  3.242109e-01
     vertex  4.139005e-01 -2.617677e-01  2.805110e-01
   endloop
 endfacet
 facet normal  8.231002e-01  1.055770e-02 -5.677980e-01
   outer loop
     vertex  4.205306e-01  1.042619e-02 -2.704700e-01
     vertex  3.964673e-01  4.805290e-02 -3.046534e-01
     vertex  4.256240e-01  4.831990e-02 -2.623819e-01
   endloop
 endfacet
 facet normal -8.985236e-01 -2.867711e-02  4.379875e-01
   outer loop
     vertex -4.644130e-01 -2.626703e-01  1.852581e-01
     vertex -4.320027e-01 -2.627617e-01  2.517412e-01
     vertex -4.487184e-01 -2.150760e-01  2.205715e-01
   endloop
 endfacet
 facet normal  1.930061e-01 -2.649959e-02 -9.808396e-01
   outer loop
     vertex  1.311470e-01 -2.613630e-01 -4.824940e-01
     vertex  6.120190e-02 -2.620055e-01 -4.962402e-01
     vertex  9.488366e-02 -2.138092e-01 -4.909145e-01
   endloop
 endfacet
 facet normal  5.719470e-01 -2.132272e-02 -8.200134e-01
   outer loop
     vertex  3.121454e-01 -2.575774e-01 -3.905960e-01
     vertex  2.583940e-01 -2.587350e-01 -4.280567e-01
     vertex  2.842643e-01 -2.080026e-01 -4.113318e-01
   endloop
 endfacet
 facet normal  7.244740e-01 -1.375901e-02  6.891648e-01
   outer loop
     vertex  3.437696e-01 -2.590367e-01  3.630737e-01
     vertex  3.790652e-01 -2.549384e-01  3.260515e-01
     vertex  3.605213e-01 -2.098647e-01  3.464454e-01
   endloop
 endfacet
 facet normal  7.598774e-01  1.861733e-02  6.497998e-01
   outer loop
     vertex  3.790652e-01 -2.549384e-01  3.260515e-01
     vertex  3.951861e-01 -2.240076e-01  3.063135e-01
     vertex  3.605213e-01 -2.098647e-01  3.464454e-01
   endloop
 endfacet
 facet normal -2.489858e-01  2.782541e-02  9.681073e-01
   outer loop
     vertex -8.897291e-02  1.619262e-01  4.920201e-01
     vertex -1.595878e-01  1.623099e-01  4.738478e-01
     vertex -1.263238e-01  1.144262e-01  4.837792e-01
   endloop
 endfacet
 facet normal -6.394359e-01  2.882988e-02  7.683037e-01
   outer loop
     vertex -2.904262e-01  1.624870e-01  4.070044e-01
     vertex -3.475015e-01  1.624603e-01  3.595034e-01
     vertex -3.210259e-01  1.146942e-01  3.833306e-01
   endloop
 endfacet
 facet normal -8.978265e-01  2.905734e-02 -4.393896e-01
   outer loop
     vertex -4.642225e-01  1.626230e-01 -1.857350e-01
     vertex -4.314834e-01  1.626542e-01 -2.526303e-01
     vertex -4.484214e-01  1.149515e-01 -2.211747e-01
   endloop
 endfacet
 facet normal  5.419230e-01  1.947249e-02  8.402025e-01
   outer loop
     vertex  2.761350e-01 -3.078978e-01  4.168327e-01
     vertex  2.966270e-01 -2.600970e-01  4.025077e-01
     vertex  2.439675e-01 -2.586910e-01  4.364400e-01
   endloop
 endfacet
 facet normal  4.480920e-01  2.610634e-02  8.936062e-01
   outer loop
     vertex  2.558283e-01  1.629621e-01  4.295950e-01
     vertex  1.920553e-01  1.605646e-01  4.616435e-01
     vertex  2.231428e-01  1.129741e-01  4.474453e-01
   endloop
 endfacet
 facet normal -3.695643e-01 -2.747304e-02  9.287989e-01
   outer loop
     vertex -2.179973e-01 -2.628983e-01  4.499747e-01
     vertex -1.507353e-01 -2.629022e-01  4.767377e-01
     vertex -1.833042e-01 -2.152693e-01  4.651877e-01
   endloop
 endfacet
 facet normal -7.276172e-01  2.960303e-02 -6.853443e-01
   outer loop
     vertex -3.887173e-01  1.626750e-01 -3.144819e-01
     vertex -3.371704e-01  1.626320e-01 -3.692101e-01
     vertex -3.629145e-01  1.149525e-01 -3.439375e-01
   endloop
 endfacet
 facet normal  8.798617e-01 -9.740599e-03 -4.751300e-01
   outer loop
     vertex  4.457957e-01 -2.242074e-01 -2.264204e-01
     vertex  4.504558e-01 -2.627099e-01 -2.170014e-01
     vertex  4.288065e-01 -2.599995e-01 -2.571478e-01
   endloop
 endfacet
 facet normal  8.678515e-01  1.440486e-02 -4.966149e-01
   outer loop
     vertex  4.196114e-01 -2.143998e-01 -2.718938e-01
     vertex  4.457957e-01 -2.242074e-01 -2.264204e-01
     vertex  4.288065e-01 -2.599995e-01 -2.571478e-01
   endloop
 endfacet
 facet normal -4.622082e-01 -2.969270e-02 -8.862742e-01
   outer loop
     vertex -1.973848e-01 -1.203924e-01 -4.593901e-01
     vertex -2.637636e-01 -1.204894e-01 -4.247691e-01
     vertex -2.342309e-01 -7.359897e-02 -4.417419e-01
   endloop
 endfacet
 facet normal -9.531540e-01 -2.824521e-02  3.011639e-01
   outer loop
     vertex -4.865381e-01 -2.625910e-01  1.152416e-01
     vertex -4.644130e-01 -2.626703e-01  1.852581e-01
     vertex -4.762649e-01 -2.149592e-01  1.522228e-01
   endloop
 endfacet
 facet normal -8.239151e-01 -2.890392e-02  5.659757e-01
   outer loop
     vertex -4.320027e-01 -2.627617e-01  2.517412e-01
     vertex -3.899641e-01 -2.628427e-01  3.129344e-01
     vertex -4.112146e-01 -2.151722e-01  2.844338e-01
   endloop
 endfacet
 facet normal  1.571568e-01  2.563049e-02 -9.872410e-01
   outer loop
     vertex  4.414196e-02  2.124042e-02 -4.980477e-01
     vertex  1.128953e-01  2.181995e-02 -4.870879e-01
     vertex  8.234901e-02 -2.522961e-02 -4.931720e-01
   endloop
 endfacet
 facet normal  8.244531e-01 -1.359791e-02  5.657669e-01
   outer loop
     vertex  4.263788e-01  6.671248e-02  2.611535e-01
     vertex  4.165645e-01  1.118232e-01  2.765393e-01
     vertex  3.995812e-01  8.143539e-02  3.005576e-01
   endloop
 endfacet
 facet normal  8.699282e-01  1.363682e-02  4.929898e-01
   outer loop
     vertex  4.187623e-01  2.613461e-01  2.731997e-01
     vertex  4.288413e-01  2.007818e-01  2.570898e-01
     vertex  4.468664e-01  2.363139e-01  2.242999e-01
   endloop
 endfacet
 facet normal  8.084326e-01 -5.058741e-03 -5.885670e-01
   outer loop
     vertex  3.914775e-01 -3.245145e-03 -3.110392e-01
     vertex  4.180303e-01 -3.218468e-02 -2.743185e-01
     vertex  3.882758e-01 -5.095552e-02 -3.150268e-01
   endloop
 endfacet
 facet normal  8.066272e-01  3.192285e-03 -5.910519e-01
   outer loop
     vertex  4.180303e-01 -3.218468e-02 -2.743185e-01
     vertex  4.164435e-01 -7.614744e-02 -2.767216e-01
     vertex  3.882758e-01 -5.095552e-02 -3.150268e-01
   endloop
 endfacet
 facet normal  8.231515e-01 -1.226886e-02 -5.676892e-01
   outer loop
     vertex  4.256240e-01  4.831990e-02 -2.623819e-01
     vertex  3.964673e-01  4.805290e-02 -3.046534e-01
     vertex  4.192021e-01  8.676616e-02 -2.725244e-01
   endloop
 endfacet
 facet normal  7.796690e-01 -1.990440e-03  6.261887e-01
   outer loop
     vertex  3.790879e-01 -8.946779e-02  3.260251e-01
     vertex  4.008024e-01 -1.087173e-01  2.989271e-01
     vertex  3.993685e-01 -6.855464e-02  3.008401e-01
   endloop
 endfacet
 facet normal  8.156219e-01  8.915965e-03  5.785166e-01
   outer loop
     vertex  4.213791e-01 -2.084931e-01  2.691462e-01
     vertex  3.951861e-01 -2.240076e-01  3.063135e-01
     vertex  4.139005e-01 -2.617677e-01  2.805110e-01
   endloop
 endfacet
 facet normal -9.230513e-01 -2.892014e-02  3.835881e-01
   outer loop
     vertex -4.746347e-01 -1.203843e-01  1.572320e-01
     vertex -4.462422e-01 -1.205896e-01  2.255392e-01
     vertex -4.602536e-01 -7.363396e-02  1.953629e-01
   endloop
 endfacet
 facet normal -1.062473e-01  2.710644e-02  9.939702e-01
   outer loop
     vertex -1.731754e-02  1.611748e-01  4.997000e-01
     vertex -8.897291e-02  1.619262e-01  4.920201e-01
     vertex -5.497742e-02  1.137317e-01  4.969683e-01
   endloop
 endfacet
 facet normal -8.371359e-01 -2.927434e-02 -5.462110e-01
   outer loop
     vertex -3.971471e-01 -2.627177e-01 -3.037666e-01
     vertex -4.379950e-01 -2.626721e-01 -2.411647e-01
     vertex -4.196020e-01 -2.150153e-01 -2.719084e-01
   endloop
 endfacet
 facet normal -6.223198e-01 -2.866277e-02  7.822382e-01
   outer loop
     vertex -3.393722e-01 -2.628891e-01  3.671873e-01
     vertex -2.815030e-01 -2.628753e-01  4.132264e-01
     vertex -3.099170e-01 -2.152467e-01  3.923664e-01
   endloop
 endfacet
 facet normal  1.812844e-01 -2.327428e-02  9.831553e-01
   outer loop
     vertex  5.709344e-02 -2.614459e-01  4.967296e-01
     vertex  1.232926e-01 -2.598659e-01  4.845606e-01
     vertex  8.961263e-02 -2.119967e-01  4.919040e-01
   endloop
 endfacet
 facet normal -6.788468e-02  2.833652e-02 -9.972907e-01
   outer loop
     vertex -7.048231e-02  1.628149e-01 -4.950073e-01
     vertex  2.824456e-03  1.629986e-01 -4.999920e-01
     vertex -3.257641e-02  1.152983e-01 -4.989376e-01
   endloop
 endfacet
 facet normal -7.310591e-01 -2.885591e-02  6.817037e-01
   outer loop
     vertex -3.899641e-01 -2.628427e-01  3.129344e-01
     vertex -3.393722e-01 -2.628891e-01  3.671873e-01
     vertex -3.644541e-01 -2.152559e-01  3.423057e-01
   endloop
 endfacet
 facet normal -9.995238e-01 -2.808614e-02  1.278316e-02
   outer loop
     vertex -4.990853e-01 -2.625067e-01 -3.022993e-02
     vertex -4.981482e-01 -2.625294e-01  4.299248e-02
     vertex -4.999374e-01 -2.148231e-01  7.911845e-03
   endloop
 endfacet
 facet normal  1.799860e-01  2.573282e-02  9.833325e-01
   outer loop
     vertex  1.248415e-01  1.595132e-01  4.841638e-01
     vertex  5.453697e-02  1.600982e-01  4.970168e-01
     vertex  8.836163e-02  1.102443e-01  4.921303e-01
   endloop
 endfacet
 facet normal  7.992330e-01 -1.711093e-02 -6.007777e-01
   outer loop
     vertex  4.163300e-01 -3.042835e-01 -2.768922e-01
     vertex  3.815740e-01 -3.048934e-01 -3.231118e-01
     vertex  3.987196e-01 -2.558403e-01 -3.016996e-01
   endloop
 endfacet
 facet normal  8.292929e-01  1.541471e-02 -5.586015e-01
   outer loop
     vertex  4.288065e-01 -2.599995e-01 -2.571478e-01
     vertex  4.163300e-01 -3.042835e-01 -2.768922e-01
     vertex  3.987196e-01 -2.558403e-01 -3.016996e-01
   endloop
 endfacet
 facet normal  7.598739e-01  1.805375e-02 -6.498197e-01
   outer loop
     vertex  3.815740e-01 -3.048934e-01 -3.231118e-01
     vertex  3.598750e-01 -2.556121e-01 -3.471167e-01
     vertex  3.987196e-01 -2.558403e-01 -3.016996e-01
   endloop
 endfacet
 facet normal -7.463493e-01  2.905918e-02  6.649197e-01
   outer loop
     vertex -3.475015e-01  1.624603e-01  3.595034e-01
     vertex -3.970887e-01  1.624723e-01  3.038430e-01
     vertex -3.743842e-01  1.146988e-01  3.314159e-01
   endloop
 endfacet
 facet normal -9.530539e-01  2.884081e-02 -3.014239e-01
   outer loop
     vertex -4.865948e-01  1.625726e-01 -1.150021e-01
     vertex -4.642225e-01  1.626230e-01 -1.857350e-01
     vertex -4.762757e-01  1.149209e-01 -1.521888e-01
   endloop
 endfacet
 facet normal  7.807629e-02  2.767481e-02 -9.965632e-01
   outer loop
     vertex  2.824456e-03  1.629986e-01 -4.999920e-01
     vertex  7.510986e-02  1.630874e-01 -4.943263e-01
     vertex  4.010980e-02  1.155476e-01 -4.983886e-01
   endloop
 endfacet
 facet normal  8.048970e-01  1.894493e-02  5.931120e-01
   outer loop
     vertex  3.995812e-01  8.143539e-02  3.005576e-01
     vertex  4.165645e-01  1.118232e-01  2.765393e-01
     vertex  3.847514e-01  1.240450e-01  3.193218e-01
   endloop
 endfacet
 facet normal  3.100581e-01 -2.161325e-02  9.504719e-01
   outer loop
     vertex  1.232926e-01 -2.598659e-01  4.845606e-01
     vertex  1.858193e-01 -2.587523e-01  4.641888e-01
     vertex  1.530459e-01 -2.094510e-01  4.760010e-01
   endloop
 endfacet
 facet normal  5.981592e-01  2.328754e-02 -8.010389e-01
   outer loop
     vertex  2.709679e-01  1.603130e-01 -4.202099e-01
     vertex  3.258191e-01  1.598308e-01 -3.792649e-01
     vertex  2.973115e-01  1.099573e-01 -4.020024e-01
   endloop
 endfacet
 facet normal -6.165725e-01  2.966243e-02 -7.867391e-01
   outer loop
     vertex -3.371704e-01  1.626320e-01 -3.692101e-01
     vertex -2.779362e-01  1.625934e-01 -4.156338e-01
     vertex -3.072630e-01  1.149029e-01 -3.944483e-01
   endloop
 endfacet
 facet normal -2.139304e-01  2.879267e-02 -9.764245e-01
   outer loop
     vertex -1.428987e-01  1.626849e-01 -4.791450e-01
     vertex -7.048231e-02  1.628149e-01 -4.950073e-01
     vertex -1.056006e-01  1.150578e-01 -4.887213e-01
   endloop
 endfacet
 facet normal -7.461133e-01 -2.953497e-02 -6.651636e-01
   outer loop
     vertex -3.471845e-01 -2.627196e-01 -3.598096e-01
     vertex -3.971471e-01 -2.627177e-01 -3.037666e-01
     vertex -3.742130e-01 -2.150325e-01 -3.316092e-01
   endloop
 endfacet
 facet normal -9.995410e-01  2.809210e-02 -1.134173e-02
   outer loop
     vertex -4.990410e-01  1.625772e-01  3.095325e-02
     vertex -4.982108e-01  1.625559e-01 -4.226083e-02
     vertex -4.999476e-01  1.148993e-01 -7.236851e-03
   endloop
 endfacet
 facet normal -9.870900e-01  2.843965e-02 -1.576212e-01
   outer loop
     vertex -4.982108e-01  1.625559e-01 -4.226083e-02
     vertex -4.865948e-01  1.625726e-01 -1.150021e-01
     vertex -4.935079e-01  1.148971e-01 -8.031177e-02
   endloop
 endfacet
 facet normal -6.382578e-01 -2.938440e-02 -7.692617e-01
   outer loop
     vertex -2.895618e-01 -2.627025e-01 -4.076199e-01
     vertex -3.471845e-01 -2.627196e-01 -3.598096e-01
     vertex -3.204401e-01 -2.150469e-01 -3.838205e-01
   endloop
 endfacet
 facet normal  7.573512e-01  7.615411e-03 -6.529634e-01
   outer loop
     vertex  3.964673e-01  4.805290e-02 -3.046534e-01
     vertex  3.914775e-01 -3.245145e-03 -3.110392e-01
     vertex  3.620000e-01  2.498012e-02 -3.449000e-01
   endloop
 endfacet
 facet normal -9.604080e-01 -2.840212e-02 -2.771458e-01
   outer loop
     vertex -4.688807e-01 -2.626030e-01 -1.736401e-01
     vertex -4.892991e-01 -2.625339e-01 -1.028903e-01
     vertex -4.808359e-01 -2.148825e-01 -1.371016e-01
   endloop
 endfacet
 facet normal -9.599031e-01  2.837701e-02  2.788920e-01
   outer loop
     vertex -4.685740e-01  1.625257e-01  1.744661e-01
     vertex -4.891124e-01  1.625450e-01  1.037741e-01
     vertex -4.805672e-01  1.148286e-01  1.380403e-01
   endloop
 endfacet
 facet normal  3.172465e-01  2.493928e-02  9.480151e-01
   outer loop
     vertex  1.920553e-01  1.605646e-01  4.616435e-01
     vertex  1.248415e-01  1.595132e-01  4.841638e-01
     vertex  1.575560e-01  1.096744e-01  4.745272e-01
   endloop
 endfacet
 facet normal  5.702998e-01  2.640833e-02  8.210120e-01
   outer loop
     vertex  3.141850e-01  1.661142e-01  3.889573e-01
     vertex  2.558283e-01  1.629621e-01  4.295950e-01
     vertex  2.850287e-01  1.166114e-01  4.108024e-01
   endloop
 endfacet
 facet normal -9.083906e-01  2.863545e-02  4.171409e-01
   outer loop
     vertex -4.377062e-01  1.624851e-01  2.416884e-01
     vertex -4.685740e-01  1.625257e-01  1.744661e-01
     vertex -4.550476e-01  1.147791e-01  2.071996e-01
   endloop
 endfacet
 facet normal -9.906602e-01 -2.815235e-02 -1.334163e-01
   outer loop
     vertex -4.892991e-01 -2.625339e-01 -1.028903e-01
     vertex -4.990853e-01 -2.625067e-01 -3.022993e-02
     vertex -4.957269e-01 -2.148228e-01 -6.522882e-02
   endloop
 endfacet
 facet normal -9.638431e-02 -2.820101e-02 -9.949446e-01
   outer loop
     vertex -1.159214e-02 -2.623431e-01 -4.998656e-01
     vertex -8.463505e-02 -2.625122e-01 -4.927848e-01
     vertex -4.967378e-02 -2.147175e-01 -4.975264e-01
   endloop
 endfacet
 facet normal -9.869489e-01 -2.803989e-02  1.585738e-01
   outer loop
     vertex -4.981482e-01 -2.625294e-01  4.299248e-02
     vertex -4.865381e-01 -2.625910e-01  1.152416e-01
     vertex -4.934065e-01 -2.148682e-01  8.093225e-02
   endloop
 endfacet
 facet normal  7.066529e-01  2.757882e-02 -7.070227e-01
   outer loop
     vertex  3.258191e-01  1.598308e-01 -3.792649e-01
     vertex  3.786503e-01  1.579894e-01 -3.265332e-01
     vertex  3.467804e-01  1.115211e-01 -3.601991e-01
   endloop
 endfacet
 facet normal -9.090181e-01 -2.887507e-02 -4.157552e-01
   outer loop
     vertex -4.379950e-01 -2.626721e-01 -2.411647e-01
     vertex -4.688807e-01 -2.626030e-01 -1.736401e-01
     vertex -4.553141e-01 -2.149320e-01 -2.066133e-01
   endloop
 endfacet
 facet normal  4.985139e-02 -2.778702e-02 -9.983700e-01
   outer loop
     vertex  6.120190e-02 -2.620055e-01 -4.962402e-01
     vertex -1.159214e-02 -2.623431e-01 -4.998656e-01
     vertex  2.360744e-02 -2.143994e-01 -4.994424e-01
   endloop
 endfacet
 facet normal -9.301980e-02 -2.604965e-02  9.953234e-01
   outer loop
     vertex -8.144502e-02 -2.629157e-01  4.933221e-01
     vertex -1.151888e-02 -2.625296e-01  4.998673e-01
     vertex -4.578005e-02 -2.153640e-01  4.978998e-01
   endloop
 endfacet
 facet normal -5.006583e-01 -2.822331e-02  8.651848e-01
   outer loop
     vertex -2.815030e-01 -2.628753e-01  4.132264e-01
     vertex -2.179973e-01 -2.628983e-01  4.499747e-01
     vertex -2.488597e-01 -2.152718e-01  4.336690e-01
   endloop
 endfacet
 facet normal -9.904341e-01  2.831066e-02  1.350509e-01
   outer loop
     vertex -4.891124e-01  1.625450e-01  1.037741e-01
     vertex -4.990410e-01  1.625772e-01  3.095325e-02
     vertex -4.956317e-01  1.149101e-01  6.594845e-02
   endloop
 endfacet
 facet normal  2.204670e-01  2.696075e-02 -9.750218e-01
   outer loop
     vertex  7.510986e-02  1.630874e-01 -4.943263e-01
     vertex  1.447626e-01  1.627836e-01 -4.785852e-01
     vertex  1.107554e-01  1.156168e-01 -4.875789e-01
   endloop
 endfacet
 facet normal  3.296897e-01 -2.555661e-02 -9.437434e-01
   outer loop
     vertex  1.974837e-01 -2.603366e-01 -4.593476e-01
     vertex  1.311470e-01 -2.613630e-01 -4.824940e-01
     vertex  1.631832e-01 -2.126456e-01 -4.726217e-01
   endloop
 endfacet
 facet normal  3.770114e-02  2.662445e-02  9.989343e-01
   outer loop
     vertex  5.453697e-02  1.600982e-01  4.970168e-01
     vertex -1.731754e-02  1.611748e-01  4.997000e-01
     vertex  1.675175e-02  1.122078e-01  4.997193e-01
   endloop
 endfacet
 facet normal  4.827660e-01  2.461270e-02 -8.754034e-01
   outer loop
     vertex  2.103429e-01  1.617398e-01 -4.536032e-01
     vertex  2.709679e-01  1.603130e-01 -4.202099e-01
     vertex  2.402933e-01  1.123928e-01 -4.384736e-01
   endloop
 endfacet
 facet normal  8.045483e-01 -3.428192e-03 -5.938773e-01
   outer loop
     vertex  4.164435e-01 -7.614744e-02 -2.767216e-01
     vertex  3.861888e-01 -9.813681e-02 -3.175818e-01
     vertex  3.882758e-01 -5.095552e-02 -3.150268e-01
   endloop
 endfacet
 facet normal -3.829899e-01 -2.903833e-02 -9.232960e-01
   outer loop
     vertex -1.566764e-01 -2.626024e-01 -4.748184e-01
     vertex -2.254255e-01 -2.626391e-01 -4.462996e-01
     vertex -1.929094e-01 -2.149531e-01 -4.612873e-01
   endloop
 endfacet
 facet normal -5.186642e-01  2.876596e-02  8.544940e-01
   outer loop
     vertex -2.270443e-01  1.624272e-01  4.454783e-01
     vertex -2.904262e-01  1.624870e-01  4.070044e-01
     vertex -2.607870e-01  1.147196e-01  4.266030e-01
   endloop
 endfacet
 facet normal  4.573184e-01 -2.404740e-02 -8.889779e-01
   outer loop
     vertex  2.583940e-01 -2.587350e-01 -4.280567e-01
     vertex  1.974837e-01 -2.603366e-01 -4.593476e-01
     vertex  2.266452e-01 -2.109668e-01 -4.456814e-01
   endloop
 endfacet
 facet normal -3.874778e-01  2.802885e-02  9.214529e-01
   outer loop
     vertex -1.595878e-01  1.623099e-01  4.738478e-01
     vertex -2.270443e-01  1.624272e-01  4.454783e-01
     vertex -1.952221e-01  1.146412e-01  4.603133e-01
   endloop
 endfacet
 facet normal  3.562237e-01  2.589613e-02 -9.340418e-01
   outer loop
     vertex  1.447626e-01  1.627836e-01 -4.785852e-01
     vertex  2.103429e-01  1.617398e-01 -4.536032e-01
     vertex  1.777706e-01  1.146802e-01 -4.673303e-01
   endloop
 endfacet
 facet normal  7.994630e-01  1.391044e-02 -6.005542e-01
   outer loop
     vertex  3.786503e-01  1.579894e-01 -3.265332e-01
     vertex  4.157865e-01  1.316309e-01 -2.777077e-01
     vertex  3.880778e-01  1.024065e-01 -3.152707e-01
   endloop
 endfacet
 facet normal  7.348803e-01 -1.275161e-02 -6.780770e-01
   outer loop
     vertex  3.467804e-01  1.115211e-01 -3.601991e-01
     vertex  3.786503e-01  1.579894e-01 -3.265332e-01
     vertex  3.880778e-01  1.024065e-01 -3.152707e-01
   endloop
 endfacet
 facet normal  8.072186e-01 -6.733347e-03 -5.902141e-01
   outer loop
     vertex  4.157865e-01  1.316309e-01 -2.777077e-01
     vertex  4.192021e-01  8.676616e-02 -2.725244e-01
     vertex  3.880778e-01  1.024065e-01 -3.152707e-01
   endloop
 endfacet
 facet normal -2.418444e-01 -2.888127e-02 -9.698851e-01
   outer loop
     vertex -8.463505e-02 -2.625122e-01 -4.927848e-01
     vertex -1.566764e-01 -2.626024e-01 -4.748184e-01
     vertex -1.222466e-01 -2.148518e-01 -4.848255e-01
   endloop
 endfacet
 facet normal -4.918036e-01  2.939220e-02 -8.702099e-01
   outer loop
     vertex -2.779362e-01  1.625934e-01 -4.156338e-01
     vertex -2.127026e-01  1.625764e-01 -4.525015e-01
     vertex -2.447795e-01  1.148497e-01 -4.359851e-01
   endloop
 endfacet
 facet normal -3.564852e-01  2.923844e-02 -9.338433e-01
   outer loop
     vertex -2.127026e-01  1.625764e-01 -4.525015e-01
     vertex -1.428987e-01  1.626849e-01 -4.791450e-01
     vertex -1.768989e-01  1.149309e-01 -4.676610e-01
   endloop
 endfacet
 facet normal  4.605930e-02 -2.480178e-02  9.986308e-01
   outer loop
     vertex -1.151888e-02 -2.625296e-01  4.998673e-01
     vertex  5.709344e-02 -2.614459e-01  4.967296e-01
     vertex  2.305459e-02 -2.143927e-01  4.994682e-01
   endloop
 endfacet
 facet normal -5.161931e-01 -2.940859e-02 -8.559672e-01
   outer loop
     vertex -2.254255e-01 -2.626391e-01 -4.462996e-01
     vertex -2.895618e-01 -2.627025e-01 -4.076199e-01
     vertex -2.595600e-01 -2.150226e-01 -4.273507e-01
   endloop
 endfacet
 facet normal -2.326939e-01 -2.668663e-02  9.721838e-01
   outer loop
     vertex -1.507353e-01 -2.629022e-01  4.767377e-01
     vertex -8.144502e-02 -2.629157e-01  4.933221e-01
     vertex -1.150335e-01 -2.153845e-01  4.865874e-01
   endloop
 endfacet
 facet normal -8.367548e-01  2.883576e-02  5.468180e-01
   outer loop
     vertex -3.970887e-01  1.624723e-01  3.038430e-01
     vertex -4.377062e-01  1.624851e-01  2.416884e-01
     vertex -4.194076e-01  1.147215e-01  2.722081e-01
   endloop
 endfacet
 facet normal -8.221733e-01  2.961881e-02 -5.684661e-01
   outer loop
     vertex -4.314834e-01  1.626542e-01 -2.526303e-01
     vertex -3.887173e-01  1.626750e-01 -3.144819e-01
     vertex -4.104685e-01  1.149563e-01 -2.855093e-01
   endloop
 endfacet
 facet normal  2.582158e-01  2.590147e-02 -9.657400e-01
   outer loop
     vertex  1.311470e-01 -2.613630e-01 -4.824940e-01
     vertex  9.488366e-02 -2.138092e-01 -4.909145e-01
     vertex  1.631832e-01 -2.126456e-01 -4.726217e-01
   endloop
 endfacet
 facet normal  8.017655e-01 -3.941054e-03 -5.976257e-01
   outer loop
     vertex  3.859797e-01 -1.467335e-01 -3.178360e-01
     vertex  4.157924e-01 -1.680772e-01 -2.776989e-01
     vertex  3.832711e-01 -2.032595e-01 -3.210970e-01
   endloop
 endfacet
 facet normal  8.034548e-01 -8.362812e-03 -5.953070e-01
   outer loop
     vertex  4.157924e-01 -1.680772e-01 -2.776989e-01
     vertex  4.196114e-01 -2.143998e-01 -2.718938e-01
     vertex  3.832711e-01 -2.032595e-01 -3.210970e-01
   endloop
 endfacet
 facet normal -3.223548e-01 -2.768368e-02  9.462140e-01
   outer loop
     vertex -1.263238e-01  1.144262e-01  4.837792e-01
     vertex -1.595878e-01  1.623099e-01  4.738478e-01
     vertex -1.952221e-01  1.146412e-01  4.603133e-01
   endloop
 endfacet
 facet normal -5.831706e-01 -2.876006e-02  8.118405e-01
   outer loop
     vertex -2.904262e-01  1.624870e-01  4.070044e-01
     vertex -3.210259e-01  1.146942e-01  3.833306e-01
     vertex -2.607870e-01  1.147196e-01  4.266030e-01
   endloop
 endfacet
 facet normal  7.601325e-01 -2.180418e-02  6.494021e-01
   outer loop
     vertex  3.950794e-01 -1.470595e-01  3.064511e-01
     vertex  3.768134e-01 -1.226480e-01  3.286513e-01
     vertex  3.617124e-01 -1.561715e-01  3.452016e-01
   endloop
 endfacet
 facet normal -9.268726e-01 -2.899239e-02 -3.742548e-01
   outer loop
     vertex -4.642225e-01  1.626230e-01 -1.857350e-01
     vertex -4.484214e-01  1.149515e-01 -2.211747e-01
     vertex -4.762757e-01  1.149209e-01 -1.521888e-01
   endloop
 endfacet
 facet normal  6.737559e-01 -2.180788e-02 -7.386321e-01
   outer loop
     vertex  3.598750e-01 -2.556121e-01 -3.471167e-01
     vertex  3.121454e-01 -2.575774e-01 -3.905960e-01
     vertex  3.350691e-01 -2.090622e-01 -3.711182e-01
   endloop
 endfacet
 facet normal  6.207698e-01  2.132327e-02 -7.837029e-01
   outer loop
     vertex  3.121454e-01 -2.575774e-01 -3.905960e-01
     vertex  2.842643e-01 -2.080026e-01 -4.113318e-01
     vertex  3.350691e-01 -2.090622e-01 -3.711182e-01
   endloop
 endfacet
 facet normal  5.411908e-01 -1.938471e-02  8.406764e-01
   outer loop
     vertex  2.439675e-01 -2.586910e-01  4.364400e-01
     vertex  2.966270e-01 -2.600970e-01  4.025077e-01
     vertex  2.666829e-01 -2.098781e-01  4.229424e-01
   endloop
 endfacet
 facet normal  3.826353e-01 -2.558386e-02  9.235452e-01
   outer loop
     vertex  2.231428e-01  1.129741e-01  4.474453e-01
     vertex  1.920553e-01  1.605646e-01  4.616435e-01
     vertex  1.575560e-01  1.096744e-01  4.745272e-01
   endloop
 endfacet
 facet normal -7.956688e-01 -2.894018e-02  6.050402e-01
   outer loop
     vertex -3.743842e-01  1.146988e-01  3.314159e-01
     vertex -3.970887e-01  1.624723e-01  3.038430e-01
     vertex -4.194076e-01  1.147215e-01  2.722081e-01
   endloop
 endfacet
 facet normal -7.752455e-01 -2.971576e-02 -6.309607e-01
   outer loop
     vertex -4.104685e-01  1.149563e-01 -2.855093e-01
     vertex -3.887173e-01  1.626750e-01 -3.144819e-01
     vertex -3.629145e-01  1.149525e-01 -3.439375e-01
   endloop
 endfacet
 facet normal -8.765162e-01 -2.876498e-02  4.805121e-01
   outer loop
     vertex -4.194076e-01  1.147215e-01  2.722081e-01
     vertex -4.377062e-01  1.624851e-01  2.416884e-01
     vertex -4.550476e-01  1.147791e-01  2.071996e-01
   endloop
 endfacet
 facet normal -1.611643e-01  2.590136e-02  9.865877e-01
   outer loop
     vertex -1.150335e-01 -2.153845e-01  4.865874e-01
     vertex -8.144502e-02 -2.629157e-01  4.933221e-01
     vertex -4.578005e-02 -2.153640e-01  4.978998e-01
   endloop
 endfacet
 facet normal -4.331458e-01  2.775200e-02  9.008965e-01
   outer loop
     vertex -2.179973e-01 -2.628983e-01  4.499747e-01
     vertex -1.833042e-01 -2.152693e-01  4.651877e-01
     vertex -2.488597e-01 -2.152718e-01  4.336690e-01
   endloop
 endfacet
 facet normal -5.813884e-01  2.935513e-02 -8.130965e-01
   outer loop
     vertex -2.595600e-01 -2.150226e-01 -4.273507e-01
     vertex -2.895618e-01 -2.627025e-01 -4.076199e-01
     vertex -3.204401e-01 -2.150469e-01 -3.838205e-01
   endloop
 endfacet
 facet normal  1.120640e-01  2.324954e-02  9.934290e-01
   outer loop
     vertex  2.305459e-02 -2.143927e-01  4.994682e-01
     vertex  5.709344e-02 -2.614459e-01  4.967296e-01
     vertex  8.961263e-02 -2.119967e-01  4.919040e-01
   endloop
 endfacet
 facet normal -2.831172e-01 -2.896373e-02 -9.586479e-01
   outer loop
     vertex -1.768989e-01  1.149309e-01 -4.676610e-01
     vertex -1.428987e-01  1.626849e-01 -4.791450e-01
     vertex -1.056006e-01  1.150578e-01 -4.887213e-01
   endloop
 endfacet
 facet normal  4.181904e-01 -2.458265e-02 -9.080267e-01
   outer loop
     vertex  1.777706e-01  1.146802e-01 -4.673303e-01
     vertex  2.103429e-01  1.617398e-01 -4.536032e-01
     vertex  2.402933e-01  1.123928e-01 -4.384736e-01
   endloop
 endfacet
 facet normal -4.570956e-01 -2.841818e-02  8.889634e-01
   outer loop
     vertex -1.952221e-01  1.146412e-01  4.603133e-01
     vertex -2.270443e-01  1.624272e-01  4.454783e-01
     vertex -2.607870e-01  1.147196e-01  4.266030e-01
   endloop
 endfacet
 facet normal  3.900958e-01  2.437173e-02 -9.204517e-01
   outer loop
     vertex  2.266452e-01 -2.109668e-01 -4.456814e-01
     vertex  1.974837e-01 -2.603366e-01 -4.593476e-01
     vertex  1.631832e-01 -2.126456e-01 -4.726217e-01
   endloop
 endfacet
 facet normal  5.379908e-01 -2.322831e-02 -8.426306e-01
   outer loop
     vertex  2.402933e-01  1.123928e-01 -4.384736e-01
     vertex  2.709679e-01  1.603130e-01 -4.202099e-01
     vertex  2.973115e-01  1.099573e-01 -4.020024e-01
   endloop
 endfacet
 facet normal -3.887636e-02 -2.665520e-02  9.988884e-01
   outer loop
     vertex  1.675175e-02  1.122078e-01  4.997193e-01
     vertex -1.731754e-02  1.611748e-01  4.997000e-01
     vertex -5.497742e-02  1.137317e-01  4.969683e-01
   endloop
 endfacet
 facet normal  2.888101e-01 -2.574324e-02 -9.570402e-01
   outer loop
     vertex  1.107554e-01  1.156168e-01 -4.875789e-01
     vertex  1.447626e-01  1.627836e-01 -4.785852e-01
     vertex  1.777706e-01  1.146802e-01 -4.673303e-01
   endloop
 endfacet
 facet normal -7.774764e-01  2.902447e-02  6.282420e-01
   outer loop
     vertex -4.112146e-01 -2.151722e-01  2.844338e-01
     vertex -3.899641e-01 -2.628427e-01  3.129344e-01
     vertex -3.644541e-01 -2.152559e-01  3.423057e-01
   endloop
 endfacet
 facet normal -9.978694e-01 -2.816400e-02  5.885082e-02
   outer loop
     vertex -4.956317e-01  1.149101e-01  6.594845e-02
     vertex -4.990410e-01  1.625772e-01  3.095325e-02
     vertex -4.999476e-01  1.148993e-01 -7.236851e-03
   endloop
 endfacet
 facet normal -8.619257e-01  2.875122e-02  5.062188e-01
   outer loop
     vertex -4.320027e-01 -2.627617e-01  2.517412e-01
     vertex -4.112146e-01 -2.151722e-01  2.844338e-01
     vertex -4.487184e-01 -2.150760e-01  2.205715e-01
   endloop
 endfacet
 facet normal -9.946644e-01 -2.845332e-02  9.916188e-02
   outer loop
     vertex -4.998322e-01 -1.201716e-01  1.295412e-02
     vertex -4.925467e-01 -1.202501e-01  8.601041e-02
     vertex -4.971641e-01 -7.325945e-02  5.317807e-02
   endloop
 endfacet
 facet normal -2.312356e-02  2.489412e-02  9.994226e-01
   outer loop
     vertex -4.578005e-02 -2.153640e-01  4.978998e-01
     vertex -1.151888e-02 -2.625296e-01  4.998673e-01
     vertex  2.305459e-02 -2.143927e-01  4.994682e-01
   endloop
 endfacet
 facet normal -2.624818e-02  2.809211e-02 -9.992607e-01
   outer loop
     vertex  2.360744e-02 -2.143994e-01 -4.994424e-01
     vertex -1.159214e-02 -2.623431e-01 -4.998656e-01
     vertex -4.967378e-02 -2.147175e-01 -4.975264e-01
   endloop
 endfacet
 facet normal  7.647380e-01  2.381135e-02  6.439013e-01
   outer loop
     vertex  3.995812e-01  8.143539e-02  3.005576e-01
     vertex  3.637626e-01  8.299164e-02  3.430405e-01
     vertex  3.836425e-01  4.991175e-02  3.206532e-01
   endloop
 endfacet
 facet normal  7.404496e-01 -9.828422e-03  6.720400e-01
   outer loop
     vertex  3.540092e-01  3.583007e-02  3.530970e-01
     vertex  3.836425e-01  4.991175e-02  3.206532e-01
     vertex  3.637626e-01  8.299164e-02  3.430405e-01
   endloop
 endfacet
 facet normal  1.512230e-01 -2.689813e-02 -9.881336e-01
   outer loop
     vertex  4.010980e-02  1.155476e-01 -4.983886e-01
     vertex  7.510986e-02  1.630874e-01 -4.943263e-01
     vertex  1.107554e-01  1.156168e-01 -4.875789e-01
   endloop
 endfacet
 facet normal  1.046328e-01 -2.645368e-02  9.941590e-01
   outer loop
     vertex  8.836163e-02  1.102443e-01  4.921303e-01
     vertex  5.453697e-02  1.600982e-01  4.970168e-01
     vertex  1.675175e-02  1.122078e-01  4.997193e-01
   endloop
 endfacet
 facet normal -9.956278e-01  2.815399e-02  8.906576e-02
   outer loop
     vertex -4.999374e-01 -2.148231e-01  7.911845e-03
     vertex -4.981482e-01 -2.625294e-01  4.299248e-02
     vertex -4.934065e-01 -2.148682e-01  8.093225e-02
   endloop
 endfacet
 facet normal -6.759502e-01  2.872696e-02  7.363872e-01
   outer loop
     vertex -3.644541e-01 -2.152559e-01  3.423057e-01
     vertex -3.393722e-01 -2.628891e-01  3.671873e-01
     vertex -3.099170e-01 -2.152467e-01  3.923664e-01
   endloop
 endfacet
 facet normal  7.645691e-03 -2.776924e-02 -9.995851e-01
   outer loop
     vertex -3.257641e-02  1.152983e-01 -4.989376e-01
     vertex  2.824456e-03  1.629986e-01 -4.999920e-01
     vertex  4.010980e-02  1.155476e-01 -4.983886e-01
   endloop
 endfacet
 facet normal  7.395849e-01 -5.706671e-03  6.730391e-01
   outer loop
     vertex  3.866824e-01  1.075079e-02  3.169806e-01
     vertex  3.836425e-01  4.991175e-02  3.206532e-01
     vertex  3.540092e-01  3.583007e-02  3.530970e-01
   endloop
 endfacet
 facet normal  2.342150e-01  2.141346e-02  9.719490e-01
   outer loop
     vertex  1.519220e-01  4.791369e-03  4.763609e-01
     vertex  8.031348e-02  9.745360e-03  4.935076e-01
     vertex  1.068117e-01 -5.088827e-02  4.884581e-01
   endloop
 endfacet
 facet normal  7.461348e-01 -1.318425e-02  6.656644e-01
   outer loop
     vertex  3.930296e-01 -2.916222e-02  3.090756e-01
     vertex  3.866824e-01  1.075079e-02  3.169806e-01
     vertex  3.542500e-01 -1.339735e-02  3.528554e-01
   endloop
 endfacet
 facet normal  7.416878e-01  3.363960e-04  6.707452e-01
   outer loop
     vertex  3.866824e-01  1.075079e-02  3.169806e-01
     vertex  3.540092e-01  3.583007e-02  3.530970e-01
     vertex  3.542500e-01 -1.339735e-02  3.528554e-01
   endloop
 endfacet
 facet normal -8.812703e-01  2.901536e-02  4.717210e-01
   outer loop
     vertex -4.221138e-01  1.991589e-02  2.679924e-01
     vertex -4.571232e-01  2.005346e-02  2.025793e-01
     vertex -4.425713e-01 -2.700777e-02  2.326599e-01
   endloop
 endfacet
 facet normal  4.178212e-01 -1.802591e-02  9.083504e-01
   outer loop
     vertex  1.806824e-01 -1.576294e-01  4.662123e-01
     vertex  2.367143e-01 -1.587741e-01  4.404161e-01
     vertex  2.078758e-01 -1.054637e-01  4.547391e-01
   endloop
 endfacet
 facet normal  7.666222e-01 -1.085682e-02  6.420066e-01
   outer loop
     vertex  3.993685e-01 -6.855464e-02  3.008401e-01
     vertex  3.930296e-01 -2.916222e-02  3.090756e-01
     vertex  3.682266e-01 -5.569608e-02  3.382443e-01
   endloop
 endfacet
 facet normal  7.521376e-01  2.100234e-02  6.586713e-01
   outer loop
     vertex  3.930296e-01 -2.916222e-02  3.090756e-01
     vertex  3.542500e-01 -1.339735e-02  3.528554e-01
     vertex  3.682266e-01 -5.569608e-02  3.382443e-01
   endloop
 endfacet
 facet normal  7.305001e-01  3.975197e-03  6.829010e-01
   outer loop
     vertex  3.516019e-01 -1.010224e-01  3.554942e-01
     vertex  3.768134e-01 -1.226480e-01  3.286513e-01
     vertex  3.790879e-01 -8.946779e-02  3.260251e-01
   endloop
 endfacet
 facet normal  7.790433e-01 -3.780194e-03  6.269587e-01
   outer loop
     vertex  4.008024e-01 -1.087173e-01  2.989271e-01
     vertex  3.790879e-01 -8.946779e-02  3.260251e-01
     vertex  3.768134e-01 -1.226480e-01  3.286513e-01
   endloop
 endfacet
 facet normal -9.696249e-01  2.883281e-02 -2.428914e-01
   outer loop
     vertex -4.926625e-01  2.032525e-02 -8.534431e-02
     vertex -4.747190e-01  2.030564e-02 -1.569772e-01
     vertex -4.841517e-01 -2.658811e-02 -1.248884e-01
   endloop
 endfacet
 facet normal -9.383331e-01  2.872811e-02 -3.445369e-01
   outer loop
     vertex -4.553141e-01 -2.149320e-01 -2.066133e-01
     vertex -4.688807e-01 -2.626030e-01 -1.736401e-01
     vertex -4.808359e-01 -2.148825e-01 -1.371016e-01
   endloop
 endfacet
 facet normal -3.159377e-01  2.905903e-02 -9.483348e-01
   outer loop
     vertex -1.566764e-01 -2.626024e-01 -4.748184e-01
     vertex -1.929094e-01 -2.149531e-01 -4.612873e-01
     vertex -1.222466e-01 -2.148518e-01 -4.848255e-01
   endloop
 endfacet
 facet normal  7.568483e-01  7.835197e-03  6.535437e-01
   outer loop
     vertex  3.910172e-01 -1.856162e-01  3.116177e-01
     vertex  3.950794e-01 -1.470595e-01  3.064511e-01
     vertex  3.617124e-01 -1.561715e-01  3.452016e-01
   endloop
 endfacet
 facet normal  9.182094e-02  2.637631e-02  9.954261e-01
   outer loop
     vertex  8.031348e-02  9.745360e-03  4.935076e-01
     vertex  8.693778e-03  1.690023e-02  4.999244e-01
     vertex  3.541908e-02 -3.158420e-02  4.987439e-01
   endloop
 endfacet
 facet normal  2.423031e-01  2.168196e-02  9.699583e-01
   outer loop
     vertex  8.961263e-02 -2.119967e-01  4.919040e-01
     vertex  1.232926e-01 -2.598659e-01  4.845606e-01
     vertex  1.530459e-01 -2.094510e-01  4.760010e-01
   endloop
 endfacet
 facet normal -8.769641e-01  2.901753e-02 -4.796789e-01
   outer loop
     vertex -4.196020e-01 -2.150153e-01 -2.719084e-01
     vertex -4.379950e-01 -2.626721e-01 -2.411647e-01
     vertex -4.553141e-01 -2.149320e-01 -2.066133e-01
   endloop
 endfacet
 facet normal -9.718948e-01  2.815560e-02  2.337256e-01
   outer loop
     vertex -4.934065e-01 -2.148682e-01  8.093225e-02
     vertex -4.865381e-01 -2.625910e-01  1.152416e-01
     vertex -4.762649e-01 -2.149592e-01  1.522228e-01
   endloop
 endfacet
 facet normal -7.957070e-01  2.946623e-02 -6.049646e-01
   outer loop
     vertex -3.971471e-01 -2.627177e-01 -3.037666e-01
     vertex -4.196020e-01 -2.150153e-01 -2.719084e-01
     vertex -3.742130e-01 -2.150325e-01 -3.316092e-01
   endloop
 endfacet
 facet normal -1.723703e-01  2.840588e-02 -9.846226e-01
   outer loop
     vertex -4.967378e-02 -2.147175e-01 -4.975264e-01
     vertex -8.463505e-02 -2.625122e-01 -4.927848e-01
     vertex -1.222466e-01 -2.148518e-01 -4.848255e-01
   endloop
 endfacet
 facet normal -9.979524e-01  2.811972e-02 -5.744859e-02
   outer loop
     vertex -4.957269e-01 -2.148228e-01 -6.522882e-02
     vertex -4.990853e-01 -2.625067e-01 -3.022993e-02
     vertex -4.999374e-01 -2.148231e-01  7.911845e-03
   endloop
 endfacet
 facet normal -9.377943e-01 -2.844997e-02  3.460238e-01
   outer loop
     vertex -4.550476e-01  1.147791e-01  2.071996e-01
     vertex -4.685740e-01  1.625257e-01  1.744661e-01
     vertex -4.805672e-01  1.148286e-01  1.380403e-01
   endloop
 endfacet
 facet normal  5.104759e-01 -2.687349e-02  8.594720e-01
   outer loop
     vertex  2.558283e-01  1.629621e-01  4.295950e-01
     vertex  2.231428e-01  1.129741e-01  4.474453e-01
     vertex  2.850287e-01  1.166114e-01  4.108024e-01
   endloop
 endfacet
 facet normal -1.384057e-01 -2.852693e-02 -9.899647e-01
   outer loop
     vertex -7.048231e-02  1.628149e-01 -4.950073e-01
     vertex -3.257641e-02  1.152983e-01 -4.989376e-01
     vertex -1.056006e-01  1.150578e-01 -4.887213e-01
   endloop
 endfacet
 facet normal  2.462668e-01 -2.568292e-02  9.688617e-01
   outer loop
     vertex  1.575560e-01  1.096744e-01  4.745272e-01
     vertex  1.248415e-01  1.595132e-01  4.841638e-01
     vertex  8.836163e-02  1.102443e-01  4.921303e-01
   endloop
 endfacet
 facet normal -9.784684e-01 -2.841985e-02  2.044309e-01
   outer loop
     vertex -4.805672e-01  1.148286e-01  1.380403e-01
     vertex -4.891124e-01  1.625450e-01  1.037741e-01
     vertex -4.956317e-01  1.149101e-01  6.594845e-02
   endloop
 endfacet
 facet normal  7.381358e-01  3.516094e-04 -6.746521e-01
   outer loop
     vertex  3.861888e-01 -9.813681e-02 -3.175818e-01
     vertex  3.859797e-01 -1.467335e-01 -3.178360e-01
     vertex  3.510456e-01 -1.203493e-01 -3.560436e-01
   endloop
 endfacet
 facet normal -9.788092e-01  2.822863e-02 -2.028192e-01
   outer loop
     vertex -4.808359e-01 -2.148825e-01 -1.371016e-01
     vertex -4.892991e-01 -2.625339e-01 -1.028903e-01
     vertex -4.957269e-01 -2.148228e-01 -6.522882e-02
   endloop
 endfacet
 facet normal  7.520225e-01 -5.330525e-03 -6.591159e-01
   outer loop
     vertex  3.620000e-01  2.498012e-02 -3.449000e-01
     vertex  3.914775e-01 -3.245145e-03 -3.110392e-01
     vertex  3.581915e-01 -2.345317e-02 -3.488537e-01
   endloop
 endfacet
 facet normal  7.492671e-01  5.069967e-03 -6.622485e-01
   outer loop
     vertex  3.914775e-01 -3.245145e-03 -3.110392e-01
     vertex  3.882758e-01 -5.095552e-02 -3.150268e-01
     vertex  3.581915e-01 -2.345317e-02 -3.488537e-01
   endloop
 endfacet
 facet normal -6.963066e-01  2.943221e-02 -7.171408e-01
   outer loop
     vertex -3.204401e-01 -2.150469e-01 -3.838205e-01
     vertex -3.471845e-01 -2.627196e-01 -3.598096e-01
     vertex -3.742130e-01 -2.150325e-01 -3.316092e-01
   endloop
 endfacet
 facet normal -9.720429e-01 -2.862804e-02 -2.330517e-01
   outer loop
     vertex -4.935079e-01  1.148971e-01 -8.031177e-02
     vertex -4.865948e-01  1.625726e-01 -1.150021e-01
     vertex -4.762757e-01  1.149209e-01 -1.521888e-01
   endloop
 endfacet
 facet normal -9.957433e-01 -2.820012e-02 -8.774940e-02
   outer loop
     vertex -4.999476e-01  1.148993e-01 -7.236851e-03
     vertex -4.982108e-01  1.625559e-01 -4.226083e-02
     vertex -4.935079e-01  1.148971e-01 -8.031177e-02
   endloop
 endfacet
 facet normal -5.533797e-01 -2.948455e-02 -8.324071e-01
   outer loop
     vertex -3.072630e-01  1.149029e-01 -3.944483e-01
     vertex -2.779362e-01  1.625934e-01 -4.156338e-01
     vertex -2.447795e-01  1.148497e-01 -4.359851e-01
   endloop
 endfacet
 facet normal  6.456923e-01 -2.108457e-02 -7.633066e-01
   outer loop
     vertex  2.973115e-01  1.099573e-01 -4.020024e-01
     vertex  3.258191e-01  1.598308e-01 -3.792649e-01
     vertex  3.467804e-01  1.115211e-01 -3.601991e-01
   endloop
 endfacet
 facet normal  7.640743e-01 -1.805841e-02  6.448755e-01
   outer loop
     vertex  3.995812e-01  8.143539e-02  3.005576e-01
     vertex  3.847514e-01  1.240450e-01  3.193218e-01
     vertex  3.637626e-01  8.299164e-02  3.430405e-01
   endloop
 endfacet
 facet normal  3.657456e-01  2.019159e-02  9.304958e-01
   outer loop
     vertex  1.530459e-01 -2.094510e-01  4.760010e-01
     vertex  1.858193e-01 -2.587523e-01  4.641888e-01
     vertex  2.122757e-01 -2.086262e-01  4.527019e-01
   endloop
 endfacet
 facet normal  4.306087e-01 -2.050290e-02  9.023058e-01
   outer loop
     vertex  1.858193e-01 -2.587523e-01  4.641888e-01
     vertex  2.439675e-01 -2.586910e-01  4.364400e-01
     vertex  2.122757e-01 -2.086262e-01  4.527019e-01
   endloop
 endfacet
 facet normal -6.717986e-01 -2.958179e-02 -7.401429e-01
   outer loop
     vertex -3.371704e-01  1.626320e-01 -3.692101e-01
     vertex -3.072630e-01  1.149029e-01 -3.944483e-01
     vertex -3.629145e-01  1.149525e-01 -3.439375e-01
   endloop
 endfacet
 facet normal  5.110715e-01  2.265156e-02 -8.592397e-01
   outer loop
     vertex  2.842643e-01 -2.080026e-01 -4.113318e-01
     vertex  2.583940e-01 -2.587350e-01 -4.280567e-01
     vertex  2.266452e-01 -2.109668e-01 -4.456814e-01
   endloop
 endfacet
 facet normal  7.604684e-01 -3.315616e-03 -6.493664e-01
   outer loop
     vertex  3.964673e-01  4.805290e-02 -3.046534e-01
     vertex  3.620000e-01  2.498012e-02 -3.449000e-01
     vertex  3.639540e-01  6.919055e-02 -3.428374e-01
   endloop
 endfacet
 facet normal -9.271128e-01  2.844873e-02  3.737012e-01
   outer loop
     vertex -4.762649e-01 -2.149592e-01  1.522228e-01
     vertex -4.644130e-01 -2.626703e-01  1.852581e-01
     vertex -4.487184e-01 -2.150760e-01  2.205715e-01
   endloop
 endfacet
 facet normal -1.819701e-01 -2.744137e-02  9.829211e-01
   outer loop
     vertex -8.897291e-02  1.619262e-01  4.920201e-01
     vertex -1.263238e-01  1.144262e-01  4.837792e-01
     vertex -5.497742e-02  1.137317e-01  4.969683e-01
   endloop
 endfacet
 facet normal -5.600655e-01  2.850063e-02  8.279579e-01
   outer loop
     vertex -3.099170e-01 -2.152467e-01  3.923664e-01
     vertex -2.815030e-01 -2.628753e-01  4.132264e-01
     vertex -2.488597e-01 -2.152718e-01  4.336690e-01
   endloop
 endfacet
 facet normal  6.273545e-01 -2.604519e-02  7.782981e-01
   outer loop
     vertex  3.141850e-01  1.661142e-01  3.889573e-01
     vertex  2.850287e-01  1.166114e-01  4.108024e-01
     vertex  3.394543e-01  1.219671e-01  3.671114e-01
   endloop
 endfacet
 facet normal  7.249281e-01  2.704037e-02  6.882936e-01
   outer loop
     vertex  3.637626e-01  8.299164e-02  3.430405e-01
     vertex  3.847514e-01  1.240450e-01  3.193218e-01
     vertex  3.394543e-01  1.219671e-01  3.671114e-01
   endloop
 endfacet
 facet normal  1.185356e-01  2.684184e-02 -9.925869e-01
   outer loop
     vertex  6.120190e-02 -2.620055e-01 -4.962402e-01
     vertex  2.360744e-02 -2.143994e-01 -4.994424e-01
     vertex  9.488366e-02 -2.138092e-01 -4.909145e-01
   endloop
 endfacet
 facet normal -2.989548e-01  2.689001e-02  9.538883e-01
   outer loop
     vertex -1.833042e-01 -2.152693e-01  4.651877e-01
     vertex -1.507353e-01 -2.629022e-01  4.767377e-01
     vertex -1.150335e-01 -2.153845e-01  4.865874e-01
   endloop
 endfacet
 facet normal  6.417457e-01 -1.979748e-02  7.666619e-01
   outer loop
     vertex  2.966270e-01 -2.600970e-01  4.025077e-01
     vertex  3.437696e-01 -2.590367e-01  3.630737e-01
     vertex  3.150528e-01 -2.147633e-01  3.882547e-01
   endloop
 endfacet
 facet normal -8.609275e-01 -2.921314e-02 -5.078883e-01
   outer loop
     vertex -4.484214e-01  1.149515e-01 -2.211747e-01
     vertex -4.314834e-01  1.626542e-01 -2.526303e-01
     vertex -4.104685e-01  1.149563e-01 -2.855093e-01
   endloop
 endfacet
 facet normal  7.415102e-01  3.533095e-03 -6.709323e-01
   outer loop
     vertex  3.882758e-01 -5.095552e-02 -3.150268e-01
     vertex  3.861888e-01 -9.813681e-02 -3.175818e-01
     vertex  3.531241e-01 -7.106393e-02 -3.539822e-01
   endloop
 endfacet
 facet normal  7.442683e-01 -7.276829e-03 -6.678411e-01
   outer loop
     vertex  3.581915e-01 -2.345317e-02 -3.488537e-01
     vertex  3.882758e-01 -5.095552e-02 -3.150268e-01
     vertex  3.531241e-01 -7.106393e-02 -3.539822e-01
   endloop
 endfacet
 facet normal  7.390948e-01 -2.996659e-03 -6.735947e-01
   outer loop
     vertex  3.861888e-01 -9.813681e-02 -3.175818e-01
     vertex  3.510456e-01 -1.203493e-01 -3.560436e-01
     vertex  3.531241e-01 -7.106393e-02 -3.539822e-01
   endloop
 endfacet
 facet normal -4.535695e-01  2.932118e-02 -8.907385e-01
   outer loop
     vertex -1.929094e-01 -2.149531e-01 -4.612873e-01
     vertex -2.254255e-01 -2.626391e-01 -4.462996e-01
     vertex -2.595600e-01 -2.150226e-01 -4.273507e-01
   endloop
 endfacet
 facet normal -6.970536e-01 -2.898097e-02  7.164331e-01
   outer loop
     vertex -3.475015e-01  1.624603e-01  3.595034e-01
     vertex -3.743842e-01  1.146988e-01  3.314159e-01
     vertex -3.210259e-01  1.146942e-01  3.833306e-01
   endloop
 endfacet
 facet normal -4.226547e-01 -2.940362e-02 -9.058137e-01
   outer loop
     vertex -2.447795e-01  1.148497e-01 -4.359851e-01
     vertex -2.127026e-01  1.625764e-01 -4.525015e-01
     vertex -1.768989e-01  1.149309e-01 -4.676610e-01
   endloop
 endfacet
 facet normal  5.838672e-01  1.787220e-02  8.116524e-01
   outer loop
     vertex  2.966270e-01 -2.600970e-01  4.025077e-01
     vertex  3.150528e-01 -2.147633e-01  3.882547e-01
     vertex  2.666829e-01 -2.098781e-01  4.229424e-01
   endloop
 endfacet
 facet normal  7.714069e-01  1.794446e-02  6.360892e-01
   outer loop
     vertex  3.790879e-01 -8.946779e-02  3.260251e-01
     vertex  3.993685e-01 -6.855464e-02  3.008401e-01
     vertex  3.682266e-01 -5.569608e-02  3.382443e-01
   endloop
 endfacet
 facet normal  7.332344e-01 -1.018362e-02  6.798997e-01
   outer loop
     vertex  3.516019e-01 -1.010224e-01  3.554942e-01
     vertex  3.790879e-01 -8.946779e-02  3.260251e-01
     vertex  3.682266e-01 -5.569608e-02  3.382443e-01
   endloop
 endfacet
 facet normal -7.043968e-01  2.921124e-02  7.092050e-01
   outer loop
     vertex -3.249595e-01  1.987383e-02  3.800018e-01
     vertex -3.777850e-01  1.988413e-02  3.275339e-01
     vertex -3.549287e-01 -2.715344e-02  3.521727e-01
   endloop
 endfacet
 facet normal  8.102031e-01  1.057644e-02 -5.860538e-01
   outer loop
     vertex  4.192021e-01  8.676616e-02 -2.725244e-01
     vertex  3.964673e-01  4.805290e-02 -3.046534e-01
     vertex  3.880778e-01  1.024065e-01 -3.152707e-01
   endloop
 endfacet
 facet normal  6.810704e-01  2.776421e-02  7.316913e-01
   outer loop
     vertex  3.659975e-01  1.680741e-01  3.406550e-01
     vertex  3.141850e-01  1.661142e-01  3.889573e-01
     vertex  3.394543e-01  1.219671e-01  3.671114e-01
   endloop
 endfacet
 facet normal  4.801326e-01  1.907006e-02  8.769886e-01
   outer loop
     vertex  2.439675e-01 -2.586910e-01  4.364400e-01
     vertex  2.666829e-01 -2.098781e-01  4.229424e-01
     vertex  2.122757e-01 -2.086262e-01  4.527019e-01
   endloop
 endfacet
 facet normal  6.756306e-01  1.905501e-02  7.369941e-01
   outer loop
     vertex  3.437696e-01 -2.590367e-01  3.630737e-01
     vertex  3.605213e-01 -2.098647e-01  3.464454e-01
     vertex  3.150528e-01 -2.147633e-01  3.882547e-01
   endloop
 endfacet
 facet normal  7.316701e-01  6.924632e-03  6.816237e-01
   outer loop
     vertex  3.617124e-01 -1.561715e-01  3.452016e-01
     vertex  3.768134e-01 -1.226480e-01  3.286513e-01
     vertex  3.516019e-01 -1.010224e-01  3.554942e-01
   endloop
 endfacet
 facet normal -9.268786e-01  2.910080e-02 -3.742315e-01
   outer loop
     vertex -4.762757e-01  1.149209e-01 -1.521888e-01
     vertex -4.484214e-01  1.149515e-01 -2.211747e-01
     vertex -4.628541e-01  6.748897e-02 -1.891192e-01
   endloop
 endfacet
 facet normal  3.805167e-01  2.404562e-02  9.244614e-01
   outer loop
     vertex  2.231428e-01  1.129741e-01  4.474453e-01
     vertex  1.575560e-01  1.096744e-01  4.745272e-01
     vertex  1.899382e-01  5.891820e-02  4.625186e-01
   endloop
 endfacet
 facet normal -8.764928e-01  2.884115e-02  4.805503e-01
   outer loop
     vertex -4.194076e-01  1.147215e-01  2.722081e-01
     vertex -4.550476e-01  1.147791e-01  2.071996e-01
     vertex -4.394720e-01  6.722608e-02  2.384625e-01
   endloop
 endfacet
 facet normal  2.439288e-01 -2.132349e-02  9.695587e-01
   outer loop
     vertex  8.961263e-02 -2.119967e-01  4.919040e-01
     vertex  1.530459e-01 -2.094510e-01  4.760010e-01
     vertex  1.202883e-01 -1.606776e-01  4.853151e-01
   endloop
 endfacet
 facet normal -2.241372e-02 -2.541417e-02  9.994257e-01
   outer loop
     vertex -4.578005e-02 -2.153640e-01  4.978998e-01
     vertex  2.305459e-02 -2.143927e-01  4.994682e-01
     vertex -1.061710e-02 -1.682165e-01  4.998873e-01
   endloop
 endfacet
 facet normal -5.813709e-01 -2.946932e-02 -8.131048e-01
   outer loop
     vertex -2.595600e-01 -2.150226e-01 -4.273507e-01
     vertex -3.204401e-01 -2.150469e-01 -3.838205e-01
     vertex -2.925773e-01 -1.676312e-01 -4.054609e-01
   endloop
 endfacet
 facet normal  7.260911e-01 -2.368850e-02  6.871904e-01
   outer loop
     vertex  3.847514e-01  1.240450e-01  3.193218e-01
     vertex  3.659975e-01  1.680741e-01  3.406550e-01
     vertex  3.394543e-01  1.219671e-01  3.671114e-01
   endloop
 endfacet
 facet normal  7.552550e-01 -8.533996e-03  6.553755e-01
   outer loop
     vertex  3.951861e-01 -2.240076e-01  3.063135e-01
     vertex  3.910172e-01 -1.856162e-01  3.116177e-01
     vertex  3.605213e-01 -2.098647e-01  3.464454e-01
   endloop
 endfacet
 facet normal  7.528457e-01 -1.453950e-03  6.581954e-01
   outer loop
     vertex  3.910172e-01 -1.856162e-01  3.116177e-01
     vertex  3.617124e-01 -1.561715e-01  3.452016e-01
     vertex  3.605213e-01 -2.098647e-01  3.464454e-01
   endloop
 endfacet
 facet normal  7.454974e-03  2.783747e-02 -9.995847e-01
   outer loop
     vertex -3.257641e-02  1.152983e-01 -4.989376e-01
     vertex  4.010980e-02  1.155476e-01 -4.983886e-01
     vertex  5.721497e-03  6.807072e-02 -4.999673e-01
   endloop
 endfacet
 facet normal -2.832114e-01  2.904456e-02 -9.586176e-01
   outer loop
     vertex -1.768989e-01  1.149309e-01 -4.676610e-01
     vertex -1.056006e-01  1.150578e-01 -4.887213e-01
     vertex -1.396438e-01  6.752805e-02 -4.801037e-01
   endloop
 endfacet
 facet normal -1.385899e-01  2.860118e-02 -9.899368e-01
   outer loop
     vertex -1.056006e-01  1.150578e-01 -4.887213e-01
     vertex -3.257641e-02  1.152983e-01 -4.989376e-01
     vertex -6.722038e-02  6.776673e-02 -4.954608e-01
   endloop
 endfacet
 facet normal  7.397638e-01  5.121129e-03 -6.728471e-01
   outer loop
     vertex  3.510456e-01 -1.203493e-01 -3.560436e-01
     vertex  3.859797e-01 -1.467335e-01 -3.178360e-01
     vertex  3.544580e-01 -1.669543e-01 -3.526465e-01
   endloop
 endfacet
 facet normal  7.402937e-01  3.311090e-03 -6.722755e-01
   outer loop
     vertex  3.859797e-01 -1.467335e-01 -3.178360e-01
     vertex  3.832711e-01 -2.032595e-01 -3.210970e-01
     vertex  3.544580e-01 -1.669543e-01 -3.526465e-01
   endloop
 endfacet
 facet normal -9.788163e-01 -2.831074e-02 -2.027738e-01
   outer loop
     vertex -4.808359e-01 -2.148825e-01 -1.371016e-01
     vertex -4.957269e-01 -2.148228e-01 -6.522882e-02
     vertex -4.900572e-01 -1.674132e-01 -9.921675e-02
   endloop
 endfacet
 facet normal -9.978669e-01  2.827129e-02  5.884232e-02
   outer loop
     vertex -4.956317e-01  1.149101e-01  6.594845e-02
     vertex -4.999476e-01  1.148993e-01 -7.236851e-03
     vertex -4.992530e-01  6.748970e-02  2.732197e-02
   endloop
 endfacet
 facet normal -9.377786e-01  2.854229e-02  3.460587e-01
   outer loop
     vertex -4.550476e-01  1.147791e-01  2.071996e-01
     vertex -4.805672e-01  1.148286e-01  1.380403e-01
     vertex -4.698259e-01  6.732447e-02  1.710663e-01
   endloop
 endfacet
 facet normal -9.784526e-01  2.852141e-02  2.044920e-01
   outer loop
     vertex -4.805672e-01  1.148286e-01  1.380403e-01
     vertex -4.956317e-01  1.149101e-01  6.594845e-02
     vertex -4.898845e-01  6.745968e-02  1.000659e-01
   endloop
 endfacet
 facet normal -1.722674e-01 -2.853924e-02 -9.846367e-01
   outer loop
     vertex -4.967378e-02 -2.147175e-01 -4.975264e-01
     vertex -1.222466e-01 -2.148518e-01 -4.848255e-01
     vertex -8.800119e-02 -1.673110e-01 -4.921949e-01
   endloop
 endfacet
 facet normal  2.466629e-01  2.481266e-02  9.687836e-01
   outer loop
     vertex  1.575560e-01  1.096744e-01  4.745272e-01
     vertex  8.836163e-02  1.102443e-01  4.921303e-01
     vertex  1.209018e-01  5.880787e-02  4.851626e-01
   endloop
 endfacet
 facet normal -9.957403e-01  2.830311e-02 -8.775081e-02
   outer loop
     vertex -4.999476e-01  1.148993e-01 -7.236851e-03
     vertex -4.935079e-01  1.148971e-01 -8.031177e-02
     vertex -4.978657e-01  6.750058e-02 -4.614904e-02
   endloop
 endfacet
 facet normal -9.383439e-01 -2.881981e-02 -3.444999e-01
   outer loop
     vertex -4.553141e-01 -2.149320e-01 -2.066133e-01
     vertex -4.808359e-01 -2.148825e-01 -1.371016e-01
     vertex -4.701170e-01 -1.674630e-01 -1.702645e-01
   endloop
 endfacet
 facet normal -3.774015e-02  2.689399e-02  9.989256e-01
   outer loop
     vertex  1.675175e-02  1.122078e-01  4.997193e-01
     vertex -5.497742e-02  1.137317e-01  4.969683e-01
     vertex -2.215589e-02  6.542485e-02  4.995089e-01
   endloop
 endfacet
 facet normal  4.196793e-01  2.488703e-02 -9.073312e-01
   outer loop
     vertex  1.777706e-01  1.146802e-01 -4.673303e-01
     vertex  2.402933e-01  1.123928e-01 -4.384736e-01
     vertex  2.087991e-01  6.591405e-02 -4.543159e-01
   endloop
 endfacet
 facet normal -9.720444e-01  2.872572e-02 -2.330331e-01
   outer loop
     vertex -4.935079e-01  1.148971e-01 -8.031177e-02
     vertex -4.762757e-01  1.149209e-01 -1.521888e-01
     vertex -4.857136e-01  6.747987e-02 -1.186687e-01
   endloop
 endfacet
 facet normal  6.871191e-01  3.526528e-03 -7.265362e-01
   outer loop
     vertex  3.639540e-01  6.919055e-02 -3.428374e-01
     vertex  3.620000e-01  2.498012e-02 -3.449000e-01
     vertex  3.225863e-01  5.731119e-02 -3.820184e-01
   endloop
 endfacet
 facet normal -8.619608e-01 -2.886061e-02  5.061527e-01
   outer loop
     vertex -4.487184e-01 -2.150760e-01  2.205715e-01
     vertex -4.112146e-01 -2.151722e-01  2.844338e-01
     vertex -4.299766e-01 -1.677541e-01  2.551865e-01
   endloop
 endfacet
 facet normal -5.533434e-01  2.957265e-02 -8.324281e-01
   outer loop
     vertex -3.072630e-01  1.149029e-01 -3.944483e-01
     vertex -2.447795e-01  1.148497e-01 -4.359851e-01
     vertex -2.751008e-01  6.737878e-02 -4.175159e-01
   endloop
 endfacet
 facet normal  1.137291e-01 -2.363085e-02  9.932307e-01
   outer loop
     vertex  2.305459e-02 -2.143927e-01  4.994682e-01
     vertex  8.961263e-02 -2.119967e-01  4.919040e-01
     vertex  5.606665e-02 -1.657037e-01  4.968466e-01
   endloop
 endfacet
 facet normal -9.271439e-01 -2.854996e-02  3.736163e-01
   outer loop
     vertex -4.762649e-01 -2.149592e-01  1.522228e-01
     vertex -4.487184e-01 -2.150760e-01  2.205715e-01
     vertex -4.628934e-01 -1.676074e-01  1.890231e-01
   endloop
 endfacet
 facet normal  5.127990e-01 -2.295663e-02 -8.582017e-01
   outer loop
     vertex  2.842643e-01 -2.080026e-01 -4.113318e-01
     vertex  2.266452e-01 -2.109668e-01 -4.456814e-01
     vertex  2.524385e-01 -1.613812e-01 -4.315956e-01
   endloop
 endfacet
 facet normal -3.158615e-01 -2.918201e-02 -9.483564e-01
   outer loop
     vertex -1.222466e-01 -2.148518e-01 -4.848255e-01
     vertex -1.929094e-01 -2.149531e-01 -4.612873e-01
     vertex -1.600151e-01 -1.674885e-01 -4.737037e-01
   endloop
 endfacet
 facet normal  5.080893e-01  2.770209e-02  8.608588e-01
   outer loop
     vertex  2.850287e-01  1.166114e-01  4.108024e-01
     vertex  2.231428e-01  1.129741e-01  4.474453e-01
     vertex  2.524258e-01  6.819507e-02  4.316031e-01
   endloop
 endfacet
 facet normal -6.963125e-01 -2.953738e-02 -7.171307e-01
   outer loop
     vertex -3.204401e-01 -2.150469e-01 -3.838205e-01
     vertex -3.742130e-01 -2.150325e-01 -3.316092e-01
     vertex -3.498249e-01 -1.675993e-01 -3.572430e-01
   endloop
 endfacet
 facet normal -9.979501e-01 -2.820143e-02 -5.744865e-02
   outer loop
     vertex -4.957269e-01 -2.148228e-01 -6.522882e-02
     vertex -4.999374e-01 -2.148231e-01  7.911845e-03
     vertex -4.992964e-01 -1.673733e-01 -2.651524e-02
   endloop
 endfacet
 facet normal -8.769931e-01 -2.910622e-02 -4.796206e-01
   outer loop
     vertex -4.196020e-01 -2.150153e-01 -2.719084e-01
     vertex -4.553141e-01 -2.149320e-01 -2.066133e-01
     vertex -4.396977e-01 -1.675087e-01 -2.380460e-01
   endloop
 endfacet
 facet normal -3.221983e-01  2.782669e-02  9.462631e-01
   outer loop
     vertex -1.263238e-01  1.144262e-01  4.837792e-01
     vertex -1.952221e-01  1.146412e-01  4.603133e-01
     vertex -1.634342e-01  6.710143e-02  4.725349e-01
   endloop
 endfacet
 facet normal -7.956562e-01  2.902276e-02  6.050528e-01
   outer loop
     vertex -3.743842e-01  1.146988e-01  3.314159e-01
     vertex -4.194076e-01  1.147215e-01  2.722081e-01
     vertex -3.993560e-01  6.718107e-02  3.008568e-01
   endloop
 endfacet
 facet normal  6.243563e-01  2.447437e-02  7.807562e-01
   outer loop
     vertex  3.394543e-01  1.219671e-01  3.671114e-01
     vertex  2.850287e-01  1.166114e-01  4.108024e-01
     vertex  3.146395e-01  6.982823e-02  3.885897e-01
   endloop
 endfacet
 facet normal  5.689711e-01 -3.007222e-02  8.218075e-01
   outer loop
     vertex  2.850287e-01  1.166114e-01  4.108024e-01
     vertex  2.524258e-01  6.819507e-02  4.316031e-01
     vertex  3.146395e-01  6.982823e-02  3.885897e-01
   endloop
 endfacet
 facet normal  6.832556e-01 -2.456292e-02  7.297660e-01
   outer loop
     vertex  3.637626e-01  8.299164e-02  3.430405e-01
     vertex  3.394543e-01  1.219671e-01  3.671114e-01
     vertex  3.146395e-01  6.982823e-02  3.885897e-01
   endloop
 endfacet
 facet normal -1.611488e-01 -2.603468e-02  9.865867e-01
   outer loop
     vertex -1.150335e-01 -2.153845e-01  4.865874e-01
     vertex -4.578005e-02 -2.153640e-01  4.978998e-01
     vertex -7.870165e-02 -1.681911e-01  4.937672e-01
   endloop
 endfacet
 facet normal  1.511706e-01  2.708814e-02 -9.881365e-01
   outer loop
     vertex  4.010980e-02  1.155476e-01 -4.983886e-01
     vertex  1.107554e-01  1.156168e-01 -4.875789e-01
     vertex  7.703409e-02  6.847628e-02 -4.940301e-01
   endloop
 endfacet
 facet normal  7.585491e-01 -1.018747e-02 -6.515362e-01
   outer loop
     vertex  3.880778e-01  1.024065e-01 -3.152707e-01
     vertex  3.964673e-01  4.805290e-02 -3.046534e-01
     vertex  3.639540e-01  6.919055e-02 -3.428374e-01
   endloop
 endfacet
 facet normal -6.759431e-01 -2.882261e-02  7.363899e-01
   outer loop
     vertex -3.644541e-01 -2.152559e-01  3.423057e-01
     vertex -3.099170e-01 -2.152467e-01  3.923664e-01
     vertex -3.363241e-01 -1.678738e-01  3.699812e-01
   endloop
 endfacet
 facet normal  1.189749e-01 -2.704656e-02 -9.925288e-01
   outer loop
     vertex  9.488366e-02 -2.138092e-01 -4.909145e-01
     vertex  2.360744e-02 -2.143994e-01 -4.994424e-01
     vertex  5.759665e-02 -1.665658e-01 -4.966715e-01
   endloop
 endfacet
 facet normal -9.719086e-01 -2.825275e-02  2.336569e-01
   outer loop
     vertex -4.934065e-01 -2.148682e-01  8.093225e-02
     vertex -4.762649e-01 -2.149592e-01  1.522228e-01
     vertex -4.856085e-01 -1.674816e-01  1.190981e-01
   endloop
 endfacet
 facet normal -4.331434e-01 -2.780547e-02  9.008960e-01
   outer loop
     vertex -2.488597e-01 -2.152718e-01  4.336690e-01
     vertex -1.833042e-01 -2.152693e-01  4.651877e-01
     vertex -2.144125e-01 -1.678769e-01  4.516938e-01
   endloop
 endfacet
 facet normal -4.535191e-01 -2.944133e-02 -8.907601e-01
   outer loop
     vertex -1.929094e-01 -2.149531e-01 -4.612873e-01
     vertex -2.595600e-01 -2.150226e-01 -4.273507e-01
     vertex -2.286470e-01 -1.675778e-01 -4.446578e-01
   endloop
 endfacet
 facet normal  1.060623e-01  2.624555e-02  9.940131e-01
   outer loop
     vertex  8.836163e-02  1.102443e-01  4.921303e-01
     vertex  1.675175e-02  1.122078e-01  4.997193e-01
     vertex  4.958381e-02  6.224163e-02  4.975354e-01
   endloop
 endfacet
 facet normal -7.957128e-01 -2.956484e-02 -6.049521e-01
   outer loop
     vertex -3.742130e-01 -2.150325e-01 -3.316092e-01
     vertex -4.196020e-01 -2.150153e-01 -2.719084e-01
     vertex -3.993710e-01 -1.675851e-01 -3.008369e-01
   endloop
 endfacet
 facet normal  5.393909e-01  2.277634e-02 -8.417474e-01
   outer loop
     vertex  2.402933e-01  1.123928e-01 -4.384736e-01
     vertex  2.973115e-01  1.099573e-01 -4.020024e-01
     vertex  2.671178e-01  6.127044e-02 -4.226678e-01
   endloop
 endfacet
 facet normal -9.956284e-01 -2.823997e-02  8.903098e-02
   outer loop
     vertex -4.999374e-01 -2.148231e-01  7.911845e-03
     vertex -4.934065e-01 -2.148682e-01  8.093225e-02
     vertex -4.978213e-01 -1.673768e-01  4.662594e-02
   endloop
 endfacet
 facet normal -4.570404e-01  2.852688e-02  8.889884e-01
   outer loop
     vertex -1.952221e-01  1.146412e-01  4.603133e-01
     vertex -2.607870e-01  1.147196e-01  4.266030e-01
     vertex -2.307021e-01  6.719693e-02  4.435950e-01
   endloop
 endfacet
 facet normal -8.609264e-01  2.933132e-02 -5.078832e-01
   outer loop
     vertex -4.484214e-01  1.149515e-01 -2.211747e-01
     vertex -4.104685e-01  1.149563e-01 -2.855093e-01
     vertex -4.296295e-01  6.748935e-02 -2.557703e-01
   endloop
 endfacet
 facet normal -6.717677e-01  2.968156e-02 -7.401670e-01
   outer loop
     vertex -3.629145e-01  1.149525e-01 -3.439375e-01
     vertex -3.072630e-01  1.149029e-01 -3.944483e-01
     vertex -3.344557e-01  6.745808e-02 -3.716711e-01
   endloop
 endfacet
 facet normal -4.227116e-01  2.948258e-02 -9.057846e-01
   outer loop
     vertex -2.447795e-01  1.148497e-01 -4.359851e-01
     vertex -1.768989e-01  1.149309e-01 -4.676610e-01
     vertex -2.095456e-01  6.741301e-02 -4.539721e-01
   endloop
 endfacet
 facet normal  3.911886e-01 -2.439335e-02 -9.199872e-01
   outer loop
     vertex  2.266452e-01 -2.109668e-01 -4.456814e-01
     vertex  1.631832e-01 -2.126456e-01 -4.726217e-01
     vertex  1.930705e-01 -1.633668e-01 -4.612199e-01
   endloop
 endfacet
 facet normal -1.814505e-01  2.765001e-02  9.830113e-01
   outer loop
     vertex -5.497742e-02  1.137317e-01  4.969683e-01
     vertex -1.263238e-01  1.144262e-01  4.837792e-01
     vertex -9.334107e-02  6.668579e-02  4.912102e-01
   endloop
 endfacet
 facet normal -5.831849e-01  2.886379e-02  8.118265e-01
   outer loop
     vertex -2.607870e-01  1.147196e-01  4.266030e-01
     vertex -3.210259e-01  1.146942e-01  3.833306e-01
     vertex -2.933977e-01  6.716220e-02  4.048676e-01
   endloop
 endfacet
 facet normal -2.990372e-01 -2.691882e-02  9.538617e-01
   outer loop
     vertex -1.833042e-01 -2.152693e-01  4.651877e-01
     vertex -1.150335e-01 -2.153845e-01  4.865874e-01
     vertex -1.472939e-01 -1.679549e-01  4.778122e-01
   endloop
 endfacet
 facet normal -7.775151e-01 -2.913108e-02  6.281892e-01
   outer loop
     vertex -4.112146e-01 -2.151722e-01  2.844338e-01
     vertex -3.644541e-01 -2.152559e-01  3.423057e-01
     vertex -3.873560e-01 -1.678734e-01  3.161571e-01
   endloop
 endfacet
 facet normal  7.383658e-01  2.311763e-02 -6.740041e-01
   outer loop
     vertex  3.467804e-01  1.115211e-01 -3.601991e-01
     vertex  3.880778e-01  1.024065e-01 -3.152707e-01
     vertex  3.639540e-01  6.919055e-02 -3.428374e-01
   endloop
 endfacet
 facet normal  5.815165e-01 -1.744074e-02  8.133477e-01
   outer loop
     vertex  2.666829e-01 -2.098781e-01  4.229424e-01
     vertex  3.150528e-01 -2.147633e-01  3.882547e-01
     vertex  2.895103e-01 -1.616138e-01  4.076565e-01
   endloop
 endfacet
 facet normal -2.600375e-02 -2.824043e-02 -9.992629e-01
   outer loop
     vertex  2.360744e-02 -2.143994e-01 -4.994424e-01
     vertex -4.967378e-02 -2.147175e-01 -4.975264e-01
     vertex -1.510211e-02 -1.670968e-01 -4.997719e-01
   endloop
 endfacet
 facet normal -6.970492e-01  2.906942e-02  7.164338e-01
   outer loop
     vertex -3.210259e-01  1.146942e-01  3.833306e-01
     vertex -3.743842e-01  1.146988e-01  3.314159e-01
     vertex -3.502415e-01  6.715224e-02  3.568345e-01
   endloop
 endfacet
 facet normal -7.752409e-01  2.983059e-02 -6.309609e-01
   outer loop
     vertex -4.104685e-01  1.149563e-01 -2.855093e-01
     vertex -3.629145e-01  1.149525e-01 -3.439375e-01
     vertex -3.864622e-01  6.749388e-02 -3.172491e-01
   endloop
 endfacet
 facet normal  2.590415e-01 -2.614735e-02 -9.655122e-01
   outer loop
     vertex  1.631832e-01 -2.126456e-01 -4.726217e-01
     vertex  9.488366e-02 -2.138092e-01 -4.909145e-01
     vertex  1.273936e-01 -1.655744e-01 -4.834986e-01
   endloop
 endfacet
 facet normal -5.600806e-01 -2.856484e-02  8.279455e-01
   outer loop
     vertex -3.099170e-01 -2.152467e-01  3.923664e-01
     vertex -2.488597e-01 -2.152718e-01  4.336690e-01
     vertex -2.780113e-01 -1.678898e-01  4.155836e-01
   endloop
 endfacet
 facet normal  2.894723e-01  2.627561e-02 -9.568257e-01
   outer loop
     vertex  1.107554e-01  1.156168e-01 -4.875789e-01
     vertex  1.777706e-01  1.146802e-01 -4.673303e-01
     vertex  1.448100e-01  6.847522e-02 -4.785708e-01
   endloop
 endfacet
 facet normal  8.062737e-01  1.877415e-02 -5.912447e-01
   outer loop
     vertex  3.832711e-01 -2.032595e-01 -3.210970e-01
     vertex  4.196114e-01 -2.143998e-01 -2.718938e-01
     vertex  3.987196e-01 -2.558403e-01 -3.016996e-01
   endloop
 endfacet
 facet normal -9.114325e-01 -2.869034e-02  4.104482e-01
   outer loop
     vertex -4.394720e-01  6.722608e-02  2.384625e-01
     vertex -4.550476e-01  1.147791e-01  2.071996e-01
     vertex -4.698259e-01  6.732447e-02  1.710663e-01
   endloop
 endfacet
 facet normal  3.115962e-01 -2.593459e-02  9.498606e-01
   outer loop
     vertex  1.899382e-01  5.891820e-02  4.625186e-01
     vertex  1.575560e-01  1.096744e-01  4.745272e-01
     vertex  1.209018e-01  5.880787e-02  4.851626e-01
   endloop
 endfacet
 facet normal -8.945886e-01 -2.914845e-02 -4.459390e-01
   outer loop
     vertex -4.628541e-01  6.748897e-02 -1.891192e-01
     vertex -4.484214e-01  1.149515e-01 -2.211747e-01
     vertex -4.296295e-01  6.748935e-02 -2.557703e-01
   endloop
 endfacet
 facet normal  4.462474e-01 -2.466566e-02  8.945697e-01
   outer loop
     vertex  2.231428e-01  1.129741e-01  4.474453e-01
     vertex  1.899382e-01  5.891820e-02  4.625186e-01
     vertex  2.524258e-01  6.819507e-02  4.316031e-01
   endloop
 endfacet
 facet normal  6.202797e-01 -1.908664e-02 -7.841484e-01
   outer loop
     vertex  3.350691e-01 -2.090622e-01 -3.711182e-01
     vertex  2.842643e-01 -2.080026e-01 -4.113318e-01
     vertex  3.100239e-01 -1.534962e-01 -3.922821e-01
   endloop
 endfacet
 facet normal  5.614556e-01  2.374792e-02 -8.271660e-01
   outer loop
     vertex  2.842643e-01 -2.080026e-01 -4.113318e-01
     vertex  2.524385e-01 -1.613812e-01 -4.315956e-01
     vertex  3.100239e-01 -1.534962e-01 -3.922821e-01
   endloop
 endfacet
 facet normal -8.408040e-01 -2.887886e-02  5.405689e-01
   outer loop
     vertex -4.194076e-01  1.147215e-01  2.722081e-01
     vertex -4.394720e-01  6.722608e-02  2.384625e-01
     vertex -3.993560e-01  6.718107e-02  3.008568e-01
   endloop
 endfacet
 facet normal  3.534692e-01 -2.465702e-02 -9.351211e-01
   outer loop
     vertex  1.448100e-01  6.847522e-02 -4.785708e-01
     vertex  1.777706e-01  1.146802e-01 -4.673303e-01
     vertex  2.087991e-01  6.591405e-02 -4.543159e-01
   endloop
 endfacet
 facet normal -4.935549e-01  2.813414e-02  8.692595e-01
   outer loop
     vertex -2.780113e-01 -1.678898e-01  4.155836e-01
     vertex -2.488597e-01 -2.152718e-01  4.336690e-01
     vertex -2.144125e-01 -1.678769e-01  4.516938e-01
   endloop
 endfacet
 facet normal  1.850332e-01  2.632699e-02 -9.823796e-01
   outer loop
     vertex  1.273936e-01 -1.655744e-01 -4.834986e-01
     vertex  9.488366e-02 -2.138092e-01 -4.909145e-01
     vertex  5.759665e-02 -1.665658e-01 -4.966715e-01
   endloop
 endfacet
 facet normal -7.226583e-01 -2.977724e-02 -6.905637e-01
   outer loop
     vertex -3.864622e-01  6.749388e-02 -3.172491e-01
     vertex -3.629145e-01  1.149525e-01 -3.439375e-01
     vertex -3.344557e-01  6.745808e-02 -3.716711e-01
   endloop
 endfacet
 facet normal -7.513740e-01 -2.909367e-02  6.592350e-01
   outer loop
     vertex -3.502415e-01  6.715224e-02  3.568345e-01
     vertex -3.743842e-01  1.146988e-01  3.314159e-01
     vertex -3.993560e-01  6.718107e-02  3.008568e-01
   endloop
 endfacet
 facet normal -1.034222e-01  2.820076e-02 -9.942377e-01
   outer loop
     vertex -1.510211e-02 -1.670968e-01 -4.997719e-01
     vertex -4.967378e-02 -2.147175e-01 -4.975264e-01
     vertex -8.800119e-02 -1.673110e-01 -4.921949e-01
   endloop
 endfacet
 facet normal -6.152253e-02 -2.813881e-02 -9.977090e-01
   outer loop
     vertex -3.257641e-02  1.152983e-01 -4.989376e-01
     vertex  5.721497e-03  6.807072e-02 -4.999673e-01
     vertex -6.722038e-02  6.776673e-02 -4.954608e-01
   endloop
 endfacet
 facet normal  1.750405e-01  2.174943e-02  9.843210e-01
   outer loop
     vertex  8.961263e-02 -2.119967e-01  4.919040e-01
     vertex  1.202883e-01 -1.606776e-01  4.853151e-01
     vertex  5.606665e-02 -1.657037e-01  4.968466e-01
   endloop
 endfacet
 facet normal -7.253749e-01  2.893720e-02  6.877455e-01
   outer loop
     vertex -3.873560e-01 -1.678734e-01  3.161571e-01
     vertex -3.644541e-01 -2.152559e-01  3.423057e-01
     vertex -3.363241e-01 -1.678738e-01  3.699812e-01
   endloop
 endfacet
 facet normal -2.263951e-01  2.615804e-02  9.736843e-01
   outer loop
     vertex -1.472939e-01 -1.679549e-01  4.778122e-01
     vertex -1.150335e-01 -2.153845e-01  4.865874e-01
     vertex -7.870165e-02 -1.681911e-01  4.937672e-01
   endloop
 endfacet
 facet normal -6.451536e-01 -2.905277e-02  7.635003e-01
   outer loop
     vertex -2.933977e-01  6.716220e-02  4.048676e-01
     vertex -3.210259e-01  1.146942e-01  3.833306e-01
     vertex -3.502415e-01  6.715224e-02  3.568345e-01
   endloop
 endfacet
 facet normal -8.949151e-02  2.477086e-02  9.956795e-01
   outer loop
     vertex -4.578005e-02 -2.153640e-01  4.978998e-01
     vertex -1.061710e-02 -1.682165e-01  4.998873e-01
     vertex -7.870165e-02 -1.681911e-01  4.937672e-01
   endloop
 endfacet
 facet normal -2.575083e-01 -2.756258e-02  9.658829e-01
   outer loop
     vertex -9.334107e-02  6.668579e-02  4.912102e-01
     vertex -1.263238e-01  1.144262e-01  4.837792e-01
     vertex -1.634342e-01  6.710143e-02  4.725349e-01
   endloop
 endfacet
 facet normal  3.203916e-01  2.478554e-02 -9.469609e-01
   outer loop
     vertex  1.930705e-01 -1.633668e-01 -4.612199e-01
     vertex  1.631832e-01 -2.126456e-01 -4.726217e-01
     vertex  1.273936e-01 -1.655744e-01 -4.834986e-01
   endloop
 endfacet
 facet normal -9.623992e-01  2.863141e-02 -2.701258e-01
   outer loop
     vertex -4.808359e-01 -2.148825e-01 -1.371016e-01
     vertex -4.900572e-01 -1.674132e-01 -9.921675e-02
     vertex -4.701170e-01 -1.674630e-01 -1.702645e-01
   endloop
 endfacet
 facet normal -3.499734e-01 -2.928292e-02 -9.363018e-01
   outer loop
     vertex -2.095456e-01  6.741301e-02 -4.539721e-01
     vertex -1.768989e-01  1.149309e-01 -4.676610e-01
     vertex -1.396438e-01  6.752805e-02 -4.801037e-01
   endloop
 endfacet
 facet normal -6.110358e-01 -2.955488e-02 -7.910511e-01
   outer loop
     vertex -3.344557e-01  6.745808e-02 -3.716711e-01
     vertex -3.072630e-01  1.149029e-01 -3.944483e-01
     vertex -2.751008e-01  6.737878e-02 -4.175159e-01
   endloop
 endfacet
 facet normal -8.180434e-01 -2.964834e-02 -5.743919e-01
   outer loop
     vertex -4.296295e-01  6.748935e-02 -2.557703e-01
     vertex -4.104685e-01  1.149563e-01 -2.855093e-01
     vertex -3.864622e-01  6.749388e-02 -3.172491e-01
   endloop
 endfacet
 facet normal -5.224852e-01  2.958371e-02 -8.521350e-01
   outer loop
     vertex -2.595600e-01 -2.150226e-01 -4.273507e-01
     vertex -2.925773e-01 -1.676312e-01 -4.054609e-01
     vertex -2.286470e-01 -1.675778e-01 -4.446578e-01
   endloop
 endfacet
 facet normal -5.253042e-01 -2.847244e-02  8.504380e-01
   outer loop
     vertex -2.307021e-01  6.719693e-02  4.435950e-01
     vertex -2.607870e-01  1.147196e-01  4.266030e-01
     vertex -2.933977e-01  6.716220e-02  4.048676e-01
   endloop
 endfacet
 facet normal -9.856924e-01  2.838948e-02  1.661464e-01
   outer loop
     vertex -4.978213e-01 -1.673768e-01  4.662594e-02
     vertex -4.934065e-01 -2.148682e-01  8.093225e-02
     vertex -4.856085e-01 -1.674816e-01  1.190981e-01
   endloop
 endfacet
 facet normal  5.898662e-01 -2.320405e-02 -8.071675e-01
   outer loop
     vertex  2.671178e-01  6.127044e-02 -4.226678e-01
     vertex  2.973115e-01  1.099573e-01 -4.020024e-01
     vertex  3.225863e-01  5.731119e-02 -3.820184e-01
   endloop
 endfacet
 facet normal -8.410381e-01  2.927174e-02 -5.401833e-01
   outer loop
     vertex -3.993710e-01 -1.675851e-01 -3.008369e-01
     vertex -4.196020e-01 -2.150153e-01 -2.719084e-01
     vertex -4.396977e-01 -1.675087e-01 -2.380460e-01
   endloop
 endfacet
 facet normal  2.631943e-02 -2.638364e-02  9.993054e-01
   outer loop
     vertex  4.958381e-02  6.224163e-02  4.975354e-01
     vertex  1.675175e-02  1.122078e-01  4.997193e-01
     vertex -2.215589e-02  6.542485e-02  4.995089e-01
   endloop
 endfacet
 facet normal -9.694195e-01 -2.847656e-02  2.437516e-01
   outer loop
     vertex -4.925467e-01 -1.202501e-01  8.601041e-02
     vertex -4.746347e-01 -1.203843e-01  1.572320e-01
     vertex -4.839938e-01 -7.340093e-02  1.254991e-01
   endloop
 endfacet
 facet normal -2.072561e-01 -2.884744e-02 -9.778613e-01
   outer loop
     vertex -1.396438e-01  6.752805e-02 -4.801037e-01
     vertex -1.056006e-01  1.150578e-01 -4.887213e-01
     vertex -6.722038e-02  6.776673e-02 -4.954608e-01
   endloop
 endfacet
 facet normal  6.721677e-01 -3.456913e-04  7.403989e-01
   outer loop
     vertex  3.542500e-01 -1.339735e-02  3.528554e-01
     vertex  3.540092e-01  3.583007e-02  3.530970e-01
     vertex  3.172288e-01  1.638750e-02  3.864788e-01
   endloop
 endfacet
 facet normal -7.689747e-01  2.993715e-02 -6.385778e-01
   outer loop
     vertex -4.076140e-01  2.029548e-02 -2.895701e-01
     vertex -3.595289e-01  2.027352e-02 -3.474752e-01
     vertex -3.824229e-01 -2.666442e-02 -3.221067e-01
   endloop
 endfacet
 facet normal  6.712760e-01 -2.362563e-03  7.412037e-01
   outer loop
     vertex  3.542500e-01 -1.339735e-02  3.528554e-01
     vertex  3.172288e-01  1.638750e-02  3.864788e-01
     vertex  3.156806e-01 -2.644467e-02  3.877445e-01
   endloop
 endfacet
 facet normal  7.051101e-01 -1.192079e-02  7.089977e-01
   outer loop
     vertex  3.682266e-01 -5.569608e-02  3.382443e-01
     vertex  3.542500e-01 -1.339735e-02  3.528554e-01
     vertex  3.358355e-01 -5.765673e-02  3.704248e-01
   endloop
 endfacet
 facet normal  6.674032e-01  1.785381e-02  7.444825e-01
   outer loop
     vertex  3.542500e-01 -1.339735e-02  3.528554e-01
     vertex  3.156806e-01 -2.644467e-02  3.877445e-01
     vertex  3.358355e-01 -5.765673e-02  3.704248e-01
   endloop
 endfacet
 facet normal -6.439200e-01  2.945780e-02 -7.645255e-01
   outer loop
     vertex -2.925773e-01 -1.676312e-01 -4.054609e-01
     vertex -3.204401e-01 -2.150469e-01 -3.838205e-01
     vertex -3.498249e-01 -1.675993e-01 -3.572430e-01
   endloop
 endfacet
 facet normal -9.507838e-01 -2.883355e-02 -3.085107e-01
   outer loop
     vertex -4.762757e-01  1.149209e-01 -1.521888e-01
     vertex -4.628541e-01  6.748897e-02 -1.891192e-01
     vertex -4.857136e-01  6.747987e-02 -1.186687e-01
   endloop
 endfacet
 facet normal -3.624852e-01  2.731353e-02  9.315892e-01
   outer loop
     vertex -2.144125e-01 -1.678769e-01  4.516938e-01
     vertex -1.833042e-01 -2.152693e-01  4.651877e-01
     vertex -1.472939e-01 -1.679549e-01  4.778122e-01
   endloop
 endfacet
 facet normal -2.891283e-01 -2.643260e-02  9.569254e-01
   outer loop
     vertex -1.781673e-01 -1.207582e-01  4.671792e-01
     vertex -1.102521e-01 -1.209861e-01  4.876930e-01
     vertex -1.405495e-01 -7.390413e-02  4.798394e-01
   endloop
 endfacet
 facet normal -9.506770e-01  2.840732e-02  3.088789e-01
   outer loop
     vertex -4.856085e-01 -1.674816e-01  1.190981e-01
     vertex -4.762649e-01 -2.149592e-01  1.522228e-01
     vertex -4.628934e-01 -1.676074e-01  1.890231e-01
   endloop
 endfacet
 facet normal  8.309074e-02 -2.706016e-02 -9.961745e-01
   outer loop
     vertex  5.721497e-03  6.807072e-02 -4.999673e-01
     vertex  4.010980e-02  1.155476e-01 -4.983886e-01
     vertex  7.703409e-02  6.847628e-02 -4.940301e-01
   endloop
 endfacet
 facet normal  4.238893e-02  2.773170e-02 -9.987162e-01
   outer loop
     vertex  5.759665e-02 -1.665658e-01 -4.966715e-01
     vertex  2.360744e-02 -2.143994e-01 -4.994424e-01
     vertex -1.510211e-02 -1.670968e-01 -4.997719e-01
   endloop
 endfacet
 facet normal -3.950748e-01 -2.811256e-02  9.182187e-01
   outer loop
     vertex -1.634342e-01  6.710143e-02  4.725349e-01
     vertex -1.952221e-01  1.146412e-01  4.603133e-01
     vertex -2.307021e-01  6.719693e-02  4.435950e-01
   endloop
 endfacet
 facet normal -9.119445e-01  2.902186e-02 -4.092859e-01
   outer loop
     vertex -4.396977e-01 -1.675087e-01 -2.380460e-01
     vertex -4.553141e-01 -2.149320e-01 -2.066133e-01
     vertex -4.701170e-01 -1.674630e-01 -1.702645e-01
   endloop
 endfacet
 facet normal -9.994011e-01  2.812559e-02  2.015812e-02
   outer loop
     vertex -4.992964e-01 -1.673733e-01 -2.651524e-02
     vertex -4.999374e-01 -2.148231e-01  7.911845e-03
     vertex -4.978213e-01 -1.673768e-01  4.662594e-02
   endloop
 endfacet
 facet normal -7.509826e-01  2.963163e-02 -6.596568e-01
   outer loop
     vertex -3.498249e-01 -1.675993e-01 -3.572430e-01
     vertex -3.742130e-01 -2.150325e-01 -3.316092e-01
     vertex -3.993710e-01 -1.675851e-01 -3.008369e-01
   endloop
 endfacet
 facet normal -3.896118e-01  2.921199e-02 -9.205158e-01
   outer loop
     vertex -1.600151e-01 -1.674885e-01 -4.737037e-01
     vertex -1.929094e-01 -2.149531e-01 -4.612873e-01
     vertex -2.286470e-01 -1.675778e-01 -4.446578e-01
   endloop
 endfacet
 facet normal  4.457840e-01  2.231727e-02 -8.948623e-01
   outer loop
     vertex  2.524385e-01 -1.613812e-01 -4.315956e-01
     vertex  2.266452e-01 -2.109668e-01 -4.456814e-01
     vertex  1.930705e-01 -1.633668e-01 -4.612199e-01
   endloop
 endfacet
 facet normal -9.916238e-01  2.823416e-02 -1.260360e-01
   outer loop
     vertex -4.900572e-01 -1.674132e-01 -9.921675e-02
     vertex -4.957269e-01 -2.148228e-01 -6.522882e-02
     vertex -4.992964e-01 -1.673733e-01 -2.651524e-02
   endloop
 endfacet
 facet normal -9.914134e-01 -2.828480e-02  1.276693e-01
   outer loop
     vertex -4.956317e-01  1.149101e-01  6.594845e-02
     vertex -4.992530e-01  6.748970e-02  2.732197e-02
     vertex -4.898845e-01  6.745968e-02  1.000659e-01
   endloop
 endfacet
 facet normal -2.486669e-01  2.904914e-02 -9.681534e-01
   outer loop
     vertex -8.800119e-02 -1.673110e-01 -4.921949e-01
     vertex -1.222466e-01 -2.148518e-01 -4.848255e-01
     vertex -1.600151e-01 -1.674885e-01 -4.737037e-01
   endloop
 endfacet
 facet normal -8.949236e-01  2.871039e-02  4.452948e-01
   outer loop
     vertex -4.628934e-01 -1.676074e-01  1.890231e-01
     vertex -4.487184e-01 -2.150760e-01  2.205715e-01
     vertex -4.299766e-01 -1.677541e-01  2.551865e-01
   endloop
 endfacet
 facet normal -4.857911e-01 -2.958360e-02 -8.735741e-01
   outer loop
     vertex -2.751008e-01  6.737878e-02 -4.175159e-01
     vertex -2.447795e-01  1.148497e-01 -4.359851e-01
     vertex -2.095456e-01  6.741301e-02 -4.539721e-01
   endloop
 endfacet
 facet normal -9.619534e-01 -2.861197e-02  2.717113e-01
   outer loop
     vertex -4.805672e-01  1.148286e-01  1.380403e-01
     vertex -4.898845e-01  6.745968e-02  1.000659e-01
     vertex -4.698259e-01  6.732447e-02  1.710663e-01
   endloop
 endfacet
 facet normal -8.192295e-01  2.910947e-02  5.727265e-01
   outer loop
     vertex -4.299766e-01 -1.677541e-01  2.551865e-01
     vertex -4.112146e-01 -2.151722e-01  2.844338e-01
     vertex -3.873560e-01 -1.678734e-01  3.161571e-01
   endloop
 endfacet
 facet normal -9.994183e-01 -2.840263e-02 -1.887470e-02
   outer loop
     vertex -4.999476e-01  1.148993e-01 -7.236851e-03
     vertex -4.978657e-01  6.750058e-02 -4.614904e-02
     vertex -4.992530e-01  6.748970e-02  2.732197e-02
   endloop
 endfacet
 facet normal  6.894497e-01  8.960002e-03 -7.242782e-01
   outer loop
     vertex  3.225863e-01  5.731119e-02 -3.820184e-01
     vertex  3.620000e-01  2.498012e-02 -3.449000e-01
     vertex  3.295290e-01  5.861960e-03 -3.760461e-01
   endloop
 endfacet
 facet normal  6.907784e-01  4.704466e-03 -7.230512e-01
   outer loop
     vertex  3.620000e-01  2.498012e-02 -3.449000e-01
     vertex  3.581915e-01 -2.345317e-02 -3.488537e-01
     vertex  3.295290e-01  5.861960e-03 -3.760461e-01
   endloop
 endfacet
 facet normal  6.780515e-01 -2.352808e-02  7.346377e-01
   outer loop
     vertex  3.150528e-01 -2.147633e-01  3.882547e-01
     vertex  3.605213e-01 -2.098647e-01  3.464454e-01
     vertex  3.316033e-01 -1.760724e-01  3.742182e-01
   endloop
 endfacet
 facet normal  4.754685e-01 -2.242035e-02 -8.794470e-01
   outer loop
     vertex  2.087991e-01  6.591405e-02 -4.543159e-01
     vertex  2.402933e-01  1.123928e-01 -4.384736e-01
     vertex  2.671178e-01  6.127044e-02 -4.226678e-01
   endloop
 endfacet
 facet normal -1.162207e-01 -2.674755e-02  9.928632e-01
   outer loop
     vertex -2.215589e-02  6.542485e-02  4.995089e-01
     vertex -5.497742e-02  1.137317e-01  4.969683e-01
     vertex -9.334107e-02  6.668579e-02  4.912102e-01
   endloop
 endfacet
 facet normal -9.858520e-01 -2.842348e-02 -1.651905e-01
   outer loop
     vertex -4.935079e-01  1.148971e-01 -8.031177e-02
     vertex -4.857136e-01  6.747987e-02 -1.186687e-01
     vertex -4.978657e-01  6.750058e-02 -4.614904e-02
   endloop
 endfacet
 facet normal  4.465489e-02  2.349866e-02  9.987261e-01
   outer loop
     vertex  2.305459e-02 -2.143927e-01  4.994682e-01
     vertex  5.606665e-02 -1.657037e-01  4.968466e-01
     vertex -1.061710e-02 -1.682165e-01  4.998873e-01
   endloop
 endfacet
 facet normal -8.558262e-01  2.948450e-02 -5.164224e-01
   outer loop
     vertex -4.461956e-01  2.030463e-02 -2.256312e-01
     vertex -4.076140e-01  2.029548e-02 -2.895701e-01
     vertex -4.263234e-01 -2.663461e-02 -2.612439e-01
   endloop
 endfacet
 facet normal  2.223086e-01 -2.564659e-02 -9.746390e-01
   outer loop
     vertex  7.703409e-02  6.847628e-02 -4.940301e-01
     vertex  1.107554e-01  1.156168e-01 -4.875789e-01
     vertex  1.448100e-01  6.847522e-02 -4.785708e-01
   endloop
 endfacet
 facet normal  6.252235e-01  1.563163e-02  7.802892e-01
   outer loop
     vertex  3.150528e-01 -2.147633e-01  3.882547e-01
     vertex  3.316033e-01 -1.760724e-01  3.742182e-01
     vertex  2.895103e-01 -1.616138e-01  4.076565e-01
   endloop
 endfacet
 facet normal -6.157646e-01  2.882769e-02  7.874026e-01
   outer loop
     vertex -3.363241e-01 -1.678738e-01  3.699812e-01
     vertex -3.099170e-01 -2.152467e-01  3.923664e-01
     vertex -2.780113e-01 -1.678898e-01  4.155836e-01
   endloop
 endfacet
 facet normal  4.794638e-01 -1.882254e-02  8.773598e-01
   outer loop
     vertex  2.122757e-01 -2.086262e-01  4.527019e-01
     vertex  2.666829e-01 -2.098781e-01  4.229424e-01
     vertex  2.367143e-01 -1.587741e-01  4.404161e-01
   endloop
 endfacet
 facet normal  5.278928e-01  1.924251e-02  8.490930e-01
   outer loop
     vertex  2.666829e-01 -2.098781e-01  4.229424e-01
     vertex  2.895103e-01 -1.616138e-01  4.076565e-01
     vertex  2.367143e-01 -1.587741e-01  4.404161e-01
   endloop
 endfacet
 facet normal  1.696545e-01 -2.612305e-02  9.851573e-01
   outer loop
     vertex  8.836163e-02  1.102443e-01  4.921303e-01
     vertex  4.958381e-02  6.224163e-02  4.975354e-01
     vertex  1.209018e-01  5.880787e-02  4.851626e-01
   endloop
 endfacet
 facet normal  6.860978e-01 -9.981080e-03  7.274408e-01
   outer loop
     vertex  3.617124e-01 -1.561715e-01  3.452016e-01
     vertex  3.516019e-01 -1.010224e-01  3.554942e-01
     vertex  3.269098e-01 -1.343801e-01  3.783252e-01
   endloop
 endfacet
 facet normal  6.740975e-01  6.548668e-03  7.386133e-01
   outer loop
     vertex  3.516019e-01 -1.010224e-01  3.554942e-01
     vertex  3.210136e-01 -9.315690e-02  3.833410e-01
     vertex  3.269098e-01 -1.343801e-01  3.783252e-01
   endloop
 endfacet
 facet normal  6.654423e-01  3.156416e-03 -7.464426e-01
   outer loop
     vertex  3.531241e-01 -7.106393e-02 -3.539822e-01
     vertex  3.510456e-01 -1.203493e-01 -3.560436e-01
     vertex  3.122230e-01 -9.213886e-02 -3.905340e-01
   endloop
 endfacet
 facet normal  6.900958e-01 -1.677576e-02 -7.235235e-01
   outer loop
     vertex  3.467804e-01  1.115211e-01 -3.601991e-01
     vertex  3.639540e-01  6.919055e-02 -3.428374e-01
     vertex  3.225863e-01  5.731119e-02 -3.820184e-01
   endloop
 endfacet
 facet normal  6.449600e-01  1.964557e-02 -7.639637e-01
   outer loop
     vertex  2.973115e-01  1.099573e-01 -4.020024e-01
     vertex  3.467804e-01  1.115211e-01 -3.601991e-01
     vertex  3.225863e-01  5.731119e-02 -3.820184e-01
   endloop
 endfacet
 facet normal  6.631691e-01 -2.445405e-03 -7.484656e-01
   outer loop
     vertex  3.122230e-01 -9.213886e-02 -3.905340e-01
     vertex  3.510456e-01 -1.203493e-01 -3.560436e-01
     vertex  3.100239e-01 -1.534962e-01 -3.922821e-01
   endloop
 endfacet
 facet normal  3.006085e-01  1.980274e-02  9.535420e-01
   outer loop
     vertex  1.202883e-01 -1.606776e-01  4.853151e-01
     vertex  1.530459e-01 -2.094510e-01  4.760010e-01
     vertex  1.806824e-01 -1.576294e-01  4.662123e-01
   endloop
 endfacet
 facet normal  3.662297e-01 -1.957991e-02  9.303185e-01
   outer loop
     vertex  1.530459e-01 -2.094510e-01  4.760010e-01
     vertex  2.122757e-01 -2.086262e-01  4.527019e-01
     vertex  1.806824e-01 -1.576294e-01  4.662123e-01
   endloop
 endfacet
 facet normal -9.113993e-01  2.875884e-02  4.105171e-01
   outer loop
     vertex -4.394720e-01  6.722608e-02  2.384625e-01
     vertex -4.698259e-01  6.732447e-02  1.710663e-01
     vertex -4.571232e-01  2.005346e-02  2.025793e-01
   endloop
 endfacet
 facet normal  1.783446e-01 -2.183455e-02  9.837258e-01
   outer loop
     vertex  5.606665e-02 -1.657037e-01  4.968466e-01
     vertex  1.202883e-01 -1.606776e-01  4.853151e-01
     vertex  8.667076e-02 -1.146725e-01  4.924309e-01
   endloop
 endfacet
 facet normal  5.839569e-01  2.197650e-03 -8.117817e-01
   outer loop
     vertex  3.122230e-01 -9.213886e-02 -3.905340e-01
     vertex  3.100239e-01 -1.534962e-01 -3.922821e-01
     vertex  2.717714e-01 -1.134866e-01 -4.196908e-01
   endloop
 endfacet
 facet normal  5.658768e-01 -2.356341e-02 -8.241530e-01
   outer loop
     vertex  3.100239e-01 -1.534962e-01 -3.922821e-01
     vertex  2.524385e-01 -1.613812e-01 -4.315956e-01
     vertex  2.717714e-01 -1.134866e-01 -4.196908e-01
   endloop
 endfacet
 facet normal -8.410686e-01 -2.934986e-02 -5.401316e-01
   outer loop
     vertex -3.993710e-01 -1.675851e-01 -3.008369e-01
     vertex -4.396977e-01 -1.675087e-01 -2.380460e-01
     vertex -4.222774e-01 -1.203524e-01 -2.677346e-01
   endloop
 endfacet
 facet normal  6.716207e-01 -1.087922e-02  7.408153e-01
   outer loop
     vertex  3.210136e-01 -9.315690e-02  3.833410e-01
     vertex  3.516019e-01 -1.010224e-01  3.554942e-01
     vertex  3.358355e-01 -5.765673e-02  3.704248e-01
   endloop
 endfacet
 facet normal  7.598081e-01 -1.652970e-02 -6.499372e-01
   outer loop
     vertex  3.987196e-01 -2.558403e-01 -3.016996e-01
     vertex  3.598750e-01 -2.556121e-01 -3.471167e-01
     vertex  3.832711e-01 -2.032595e-01 -3.210970e-01
   endloop
 endfacet
 facet normal -2.074379e-01  2.889727e-02 -9.778213e-01
   outer loop
     vertex -1.396438e-01  6.752805e-02 -4.801037e-01
     vertex -6.722038e-02  6.776673e-02 -4.954608e-01
     vertex -1.009775e-01  2.046410e-02 -4.896974e-01
   endloop
 endfacet
 facet normal  6.711260e-01  3.234524e-03  7.413363e-01
   outer loop
     vertex  3.172288e-01  1.638750e-02  3.864788e-01
     vertex  3.540092e-01  3.583007e-02  3.530970e-01
     vertex  3.146395e-01  6.982823e-02  3.885897e-01
   endloop
 endfacet
 facet normal -6.439373e-01 -2.955603e-02 -7.645071e-01
   outer loop
     vertex -2.925773e-01 -1.676312e-01 -4.054609e-01
     vertex -3.498249e-01 -1.675993e-01 -3.572430e-01
     vertex -3.242560e-01 -1.204504e-01 -3.806022e-01
   endloop
 endfacet
 facet normal -5.253256e-01  2.857018e-02  8.504215e-01
   outer loop
     vertex -2.307021e-01  6.719693e-02  4.435950e-01
     vertex -2.933977e-01  6.716220e-02  4.048676e-01
     vertex -2.652199e-01  1.990607e-02  4.238613e-01
   endloop
 endfacet
 facet normal  6.916041e-01  6.709763e-03  7.222456e-01
   outer loop
     vertex  3.316033e-01 -1.760724e-01  3.742182e-01
     vertex  3.617124e-01 -1.561715e-01  3.452016e-01
     vertex  3.269098e-01 -1.343801e-01  3.783252e-01
   endloop
 endfacet
 facet normal -9.507046e-01 -2.850111e-02  3.087854e-01
   outer loop
     vertex -4.856085e-01 -1.674816e-01  1.190981e-01
     vertex -4.628934e-01 -1.676074e-01  1.890231e-01
     vertex -4.746347e-01 -1.203843e-01  1.572320e-01
   endloop
 endfacet
 facet normal  6.934744e-01  1.305868e-03  7.204801e-01
   outer loop
     vertex  3.605213e-01 -2.098647e-01  3.464454e-01
     vertex  3.617124e-01 -1.561715e-01  3.452016e-01
     vertex  3.316033e-01 -1.760724e-01  3.742182e-01
   endloop
 endfacet
 facet normal  3.552277e-01  2.590982e-02 -9.344207e-01
   outer loop
     vertex  1.448100e-01  6.847522e-02 -4.785708e-01
     vertex  2.087991e-01  6.591405e-02 -4.543159e-01
     vertex  1.765485e-01  2.201890e-02 -4.677934e-01
   endloop
 endfacet
 facet normal -6.109846e-01  2.964283e-02 -7.910873e-01
   outer loop
     vertex -3.344557e-01  6.745808e-02 -3.716711e-01
     vertex -2.751008e-01  6.737878e-02 -4.175159e-01
     vertex -3.034700e-01  2.018403e-02 -3.973738e-01
   endloop
 endfacet
 facet normal  6.646745e-01 -5.789964e-03 -7.471106e-01
   outer loop
     vertex  3.510456e-01 -1.203493e-01 -3.560436e-01
     vertex  3.544580e-01 -1.669543e-01 -3.526465e-01
     vertex  3.100239e-01 -1.534962e-01 -3.922821e-01
   endloop
 endfacet
 facet normal  3.115381e-01  2.412213e-02  9.499274e-01
   outer loop
     vertex  1.899382e-01  5.891820e-02  4.625186e-01
     vertex  1.209018e-01  5.880787e-02  4.851626e-01
     vertex  1.519220e-01  4.791369e-03  4.763609e-01
   endloop
 endfacet
 facet normal -7.253734e-01 -2.901989e-02  6.877436e-01
   outer loop
     vertex -3.873560e-01 -1.678734e-01  3.161571e-01
     vertex -3.363241e-01 -1.678738e-01  3.699812e-01
     vertex -3.606457e-01 -1.207836e-01  3.463159e-01
   endloop
 endfacet
 facet normal -6.175627e-02  2.817639e-02 -9.976935e-01
   outer loop
     vertex -6.722038e-02  6.776673e-02 -4.954608e-01
     vertex  5.721497e-03  6.807072e-02 -4.999673e-01
     vertex -2.806819e-02  2.077013e-02 -4.992116e-01
   endloop
 endfacet
 facet normal -8.945864e-01  2.923940e-02 -4.459375e-01
   outer loop
     vertex -4.628541e-01  6.748897e-02 -1.891192e-01
     vertex -4.296295e-01  6.748935e-02 -2.557703e-01
     vertex -4.461956e-01  2.030463e-02 -2.256312e-01
   endloop
 endfacet
 facet normal  2.899365e-01  2.373061e-02 -9.567516e-01
   outer loop
     vertex  1.128953e-01  2.181995e-02 -4.870879e-01
     vertex  1.765485e-01  2.201890e-02 -4.677934e-01
     vertex  1.481587e-01 -2.426855e-02 -4.775447e-01
   endloop
 endfacet
 facet normal  7.184475e-01  2.442628e-02 -6.951521e-01
   outer loop
     vertex  3.598750e-01 -2.556121e-01 -3.471167e-01
     vertex  3.350691e-01 -2.090622e-01 -3.711182e-01
     vertex  3.832711e-01 -2.032595e-01 -3.210970e-01
   endloop
 endfacet
 facet normal -3.625407e-01 -2.727937e-02  9.315686e-01
   outer loop
     vertex -2.144125e-01 -1.678769e-01  4.516938e-01
     vertex -1.472939e-01 -1.679549e-01  4.778122e-01
     vertex -1.781673e-01 -1.207582e-01  4.671792e-01
   endloop
 endfacet
 facet normal -9.993992e-01 -2.819629e-02  2.015534e-02
   outer loop
     vertex -4.992964e-01 -1.673733e-01 -2.651524e-02
     vertex -4.978213e-01 -1.673768e-01  4.662594e-02
     vertex -4.998322e-01 -1.201716e-01  1.295412e-02
   endloop
 endfacet
 facet normal  4.782148e-01  2.218745e-02 -8.779626e-01
   outer loop
     vertex  2.087991e-01  6.591405e-02 -4.543159e-01
     vertex  2.671178e-01  6.127044e-02 -4.226678e-01
     vertex  2.360404e-01  1.448368e-02 -4.407777e-01
   endloop
 endfacet
 facet normal -4.935460e-01 -2.815124e-02  8.692640e-01
   outer loop
     vertex -2.780113e-01 -1.678898e-01  4.155836e-01
     vertex -2.144125e-01 -1.678769e-01  4.516938e-01
     vertex -2.438895e-01 -1.207541e-01  4.364836e-01
   endloop
 endfacet
 facet normal -4.858139e-01  2.964696e-02 -8.735594e-01
   outer loop
     vertex -2.751008e-01  6.737878e-02 -4.175159e-01
     vertex -2.095456e-01  6.741301e-02 -4.539721e-01
     vertex -2.405473e-01  2.017144e-02 -4.383343e-01
   endloop
 endfacet
 facet normal -8.180427e-01  2.975996e-02 -5.743871e-01
   outer loop
     vertex -4.296295e-01  6.748935e-02 -2.557703e-01
     vertex -3.864622e-01  6.749388e-02 -3.172491e-01
     vertex -4.076140e-01  2.029548e-02 -2.895701e-01
   endloop
 endfacet
 facet normal  8.278489e-02  2.708378e-02 -9.961993e-01
   outer loop
     vertex  5.721497e-03  6.807072e-02 -4.999673e-01
     vertex  7.703409e-02  6.847628e-02 -4.940301e-01
     vertex  4.414196e-02  2.124042e-02 -4.980477e-01
   endloop
 endfacet
 facet normal -8.407834e-01  2.894341e-02  5.405974e-01
   outer loop
     vertex -3.993560e-01  6.718107e-02  3.008568e-01
     vertex -4.394720e-01  6.722608e-02  2.384625e-01
     vertex -4.221138e-01  1.991589e-02  2.679924e-01
   endloop
 endfacet
 facet normal -3.500573e-01  2.935403e-02 -9.362682e-01
   outer loop
     vertex -2.095456e-01  6.741301e-02 -4.539721e-01
     vertex -1.396438e-01  6.752805e-02 -4.801037e-01
     vertex -1.725188e-01  2.025290e-02 -4.692944e-01
   endloop
 endfacet
 facet normal -8.949720e-01 -2.880392e-02  4.451915e-01
   outer loop
     vertex -4.628934e-01 -1.676074e-01  1.890231e-01
     vertex -4.299766e-01 -1.677541e-01  2.551865e-01
     vertex -4.462422e-01 -1.205896e-01  2.255392e-01
   endloop
 endfacet
 facet normal -9.507833e-01  2.893100e-02 -3.085031e-01
   outer loop
     vertex -4.857136e-01  6.747987e-02 -1.186687e-01
     vertex -4.628541e-01  6.748897e-02 -1.891192e-01
     vertex -4.747190e-01  2.030564e-02 -1.569772e-01
   endloop
 endfacet
 facet normal -9.914077e-01  2.838212e-02  1.276919e-01
   outer loop
     vertex -4.898845e-01  6.745968e-02  1.000659e-01
     vertex -4.992530e-01  6.748970e-02  2.732197e-02
     vertex -4.962685e-01  2.034668e-02  6.097182e-02
   endloop
 endfacet
 facet normal  2.867667e-02  2.678811e-02  9.992297e-01
   outer loop
     vertex  4.958381e-02  6.224163e-02  4.975354e-01
     vertex -2.215589e-02  6.542485e-02  4.995089e-01
     vertex  8.693778e-03  1.690023e-02  4.999244e-01
   endloop
 endfacet
 facet normal  3.218956e-01 -2.522429e-02 -9.464391e-01
   outer loop
     vertex  1.930705e-01 -1.633668e-01 -4.612199e-01
     vertex  1.273936e-01 -1.655744e-01 -4.834986e-01
     vertex  1.577021e-01 -1.172311e-01 -4.744787e-01
   endloop
 endfacet
 facet normal -1.032574e-01 -2.834556e-02 -9.942507e-01
   outer loop
     vertex -1.510211e-02 -1.670968e-01 -4.997719e-01
     vertex -8.800119e-02 -1.673110e-01 -4.921949e-01
     vertex -5.413689e-02 -1.200029e-01 -4.970606e-01
   endloop
 endfacet
 facet normal -6.451581e-01  2.912798e-02  7.634936e-01
   outer loop
     vertex -2.933977e-01  6.716220e-02  4.048676e-01
     vertex -3.502415e-01  6.715224e-02  3.568345e-01
     vertex -3.249595e-01  1.987383e-02  3.800018e-01
   endloop
 endfacet
 facet normal -2.572014e-01  2.768909e-02  9.659610e-01
   outer loop
     vertex -9.334107e-02  6.668579e-02  4.912102e-01
     vertex -1.634342e-01  6.710143e-02  4.725349e-01
     vertex -1.320852e-01  1.979812e-02  4.822380e-01
   endloop
 endfacet
 facet normal  4.279435e-02 -2.790964e-02 -9.986940e-01
   outer loop
     vertex  5.759665e-02 -1.665658e-01 -4.966715e-01
     vertex -1.510211e-02 -1.670968e-01 -4.997719e-01
     vertex  1.858266e-02 -1.196450e-01 -4.996546e-01
   endloop
 endfacet
 facet normal  6.252281e-01  2.278692e-02  7.801093e-01
   outer loop
     vertex  3.210136e-01 -9.315690e-02  3.833410e-01
     vertex  3.358355e-01 -5.765673e-02  3.704248e-01
     vertex  2.910280e-01 -6.580657e-02  4.065743e-01
   endloop
 endfacet
 facet normal  5.953042e-01 -2.894448e-03  8.034952e-01
   outer loop
     vertex  3.172288e-01  1.638750e-02  3.864788e-01
     vertex  3.146395e-01  6.982823e-02  3.885897e-01
     vertex  2.780263e-01  3.022558e-02  4.155735e-01
   endloop
 endfacet
 facet normal  5.677033e-01  3.554858e-02  8.224653e-01
   outer loop
     vertex  3.146395e-01  6.982823e-02  3.885897e-01
     vertex  2.524258e-01  6.819507e-02  4.316031e-01
     vertex  2.780263e-01  3.022558e-02  4.155735e-01
   endloop
 endfacet
 facet normal  6.686216e-01  1.823057e-02 -7.433794e-01
   outer loop
     vertex  3.100239e-01 -1.534962e-01 -3.922821e-01
     vertex  3.544580e-01 -1.669543e-01 -3.526465e-01
     vertex  3.350691e-01 -2.090622e-01 -3.711182e-01
   endloop
 endfacet
 facet normal  1.720557e-01  2.515982e-02  9.847659e-01
   outer loop
     vertex  1.209018e-01  5.880787e-02  4.851626e-01
     vertex  4.958381e-02  6.224163e-02  4.975354e-01
     vertex  8.031348e-02  9.745360e-03  4.935076e-01
   endloop
 endfacet
 facet normal -7.226366e-01  2.987270e-02 -6.905823e-01
   outer loop
     vertex -3.864622e-01  6.749388e-02 -3.172491e-01
     vertex -3.344557e-01  6.745808e-02 -3.716711e-01
     vertex -3.595289e-01  2.027352e-02 -3.474752e-01
   endloop
 endfacet
 facet normal  5.919402e-01  2.077405e-02 -8.057141e-01
   outer loop
     vertex  2.671178e-01  6.127044e-02 -4.226678e-01
     vertex  3.225863e-01  5.731119e-02 -3.820184e-01
     vertex  2.877643e-01  7.300368e-03 -4.088908e-01
   endloop
 endfacet
 facet normal  5.229328e-01 -1.749001e-02 -8.521944e-01
   outer loop
     vertex  2.360404e-01  1.448368e-02 -4.407777e-01
     vertex  2.671178e-01  6.127044e-02 -4.226678e-01
     vertex  2.877643e-01  7.300368e-03 -4.088908e-01
   endloop
 endfacet
 facet normal  6.179799e-01 -7.867081e-03 -7.861545e-01
   outer loop
     vertex  3.225863e-01  5.731119e-02 -3.820184e-01
     vertex  3.295290e-01  5.861960e-03 -3.760461e-01
     vertex  2.877643e-01  7.300368e-03 -4.088908e-01
   endloop
 endfacet
 facet normal  1.857577e-01 -2.658506e-02 -9.822359e-01
   outer loop
     vertex  1.273936e-01 -1.655744e-01 -4.834986e-01
     vertex  5.759665e-02 -1.665658e-01 -4.966715e-01
     vertex  9.008519e-02 -1.188930e-01 -4.918177e-01
   endloop
 endfacet
 facet normal  4.646842e-02 -2.476448e-02  9.986127e-01
   outer loop
     vertex -1.061710e-02 -1.682165e-01  4.998873e-01
     vertex  5.606665e-02 -1.657037e-01  4.968466e-01
     vertex  2.260033e-02 -1.219481e-01  4.994890e-01
   endloop
 endfacet
 facet normal  4.469721e-01 -2.190069e-02 -8.942797e-01
   outer loop
     vertex  2.524385e-01 -1.613812e-01 -4.315956e-01
     vertex  1.930705e-01 -1.633668e-01 -4.612199e-01
     vertex  2.208220e-01 -1.124944e-01 -4.485952e-01
   endloop
 endfacet
 facet normal  4.936190e-01  1.687897e-02 -8.695144e-01
   outer loop
     vertex  2.717714e-01 -1.134866e-01 -4.196908e-01
     vertex  2.524385e-01 -1.613812e-01 -4.315956e-01
     vertex  2.208220e-01 -1.124944e-01 -4.485952e-01
   endloop
 endfacet
 facet normal  3.777848e-01  2.361253e-02 -9.255923e-01
   outer loop
     vertex  1.930705e-01 -1.633668e-01 -4.612199e-01
     vertex  1.577021e-01 -1.172311e-01 -4.744787e-01
     vertex  2.208220e-01 -1.124944e-01 -4.485952e-01
   endloop
 endfacet
 facet normal -3.895460e-01 -2.932258e-02 -9.205401e-01
   outer loop
     vertex -1.600151e-01 -1.674885e-01 -4.737037e-01
     vertex -2.286470e-01 -1.675778e-01 -4.446578e-01
     vertex -1.973848e-01 -1.203924e-01 -4.593901e-01
   endloop
 endfacet
 facet normal -1.152805e-01  2.700888e-02  9.929657e-01
   outer loop
     vertex -2.215589e-02  6.542485e-02  4.995089e-01
     vertex -9.334107e-02  6.668579e-02  4.912102e-01
     vertex -6.175930e-02  1.909819e-02  4.961711e-01
   endloop
 endfacet
 facet normal -7.509881e-01 -2.971613e-02 -6.596467e-01
   outer loop
     vertex -3.498249e-01 -1.675993e-01 -3.572430e-01
     vertex -3.993710e-01 -1.675851e-01 -3.008369e-01
     vertex -3.775518e-01 -1.204051e-01 -3.278027e-01
   endloop
 endfacet
 facet normal -9.119573e-01 -2.909300e-02 -4.092524e-01
   outer loop
     vertex -4.396977e-01 -1.675087e-01 -2.380460e-01
     vertex -4.701170e-01 -1.674630e-01 -1.702645e-01
     vertex -4.573639e-01 -1.203041e-01 -2.020353e-01
   endloop
 endfacet
 facet normal  4.408733e-01  2.073215e-02  8.973299e-01
   outer loop
     vertex  2.524258e-01  6.819507e-02  4.316031e-01
     vertex  1.899382e-01  5.891820e-02  4.625186e-01
     vertex  2.253488e-01  6.220292e-03  4.463384e-01
   endloop
 endfacet
 facet normal -7.513575e-01  2.916521e-02  6.592505e-01
   outer loop
     vertex -3.502415e-01  6.715224e-02  3.568345e-01
     vertex -3.993560e-01  6.718107e-02  3.008568e-01
     vertex -3.777850e-01  1.988413e-02  3.275339e-01
   endloop
 endfacet
 facet normal -2.485312e-01 -2.918139e-02 -9.681842e-01
   outer loop
     vertex -8.800119e-02 -1.673110e-01 -4.921949e-01
     vertex -1.600151e-01 -1.674885e-01 -4.737037e-01
     vertex -1.269259e-01 -1.202445e-01 -4.836216e-01
   endloop
 endfacet
 facet normal -9.619227e-01  2.869074e-02  2.718118e-01
   outer loop
     vertex -4.698259e-01  6.732447e-02  1.710663e-01
     vertex -4.898845e-01  6.745968e-02  1.000659e-01
     vertex -4.819678e-01  2.022974e-02  1.330677e-01
   endloop
 endfacet
 facet normal -8.192807e-01 -2.920698e-02  5.726482e-01
   outer loop
     vertex -4.299766e-01 -1.677541e-01  2.551865e-01
     vertex -3.873560e-01 -1.678734e-01  3.161571e-01
     vertex -4.079817e-01 -1.207473e-01  2.890517e-01
   endloop
 endfacet
 facet normal -9.916258e-01 -2.830074e-02 -1.260052e-01
   outer loop
     vertex -4.900572e-01 -1.674132e-01 -9.921675e-02
     vertex -4.992964e-01 -1.673733e-01 -2.651524e-02
     vertex -4.963738e-01 -1.202093e-01 -6.010894e-02
   endloop
 endfacet
 facet normal -9.858465e-01  2.852613e-02 -1.652058e-01
   outer loop
     vertex -4.978657e-01  6.750058e-02 -4.614904e-02
     vertex -4.857136e-01  6.747987e-02 -1.186687e-01
     vertex -4.926625e-01  2.032525e-02 -8.534431e-02
   endloop
 endfacet
 facet normal -2.265660e-01 -2.614458e-02  9.736449e-01
   outer loop
     vertex -1.472939e-01 -1.679549e-01  4.778122e-01
     vertex -7.870165e-02 -1.681911e-01  4.937672e-01
     vertex -1.102521e-01 -1.209861e-01  4.876930e-01
   endloop
 endfacet
 facet normal -9.857039e-01 -2.845976e-02  1.660661e-01
   outer loop
     vertex -4.978213e-01 -1.673768e-01  4.662594e-02
     vertex -4.856085e-01 -1.674816e-01  1.190981e-01
     vertex -4.925467e-01 -1.202501e-01  8.601041e-02
   endloop
 endfacet
 facet normal  2.223082e-01  2.585198e-02 -9.746336e-01
   outer loop
     vertex  7.703409e-02  6.847628e-02 -4.940301e-01
     vertex  1.448100e-01  6.847522e-02 -4.785708e-01
     vertex  1.128953e-01  2.181995e-02 -4.870879e-01
   endloop
 endfacet
 facet normal -9.994159e-01  2.849507e-02 -1.886622e-02
   outer loop
     vertex -4.992530e-01  6.748970e-02  2.732197e-02
     vertex -4.978657e-01  6.750058e-02 -4.614904e-02
     vertex -4.998464e-01  2.038072e-02 -1.239116e-02
   endloop
 endfacet
 facet normal -6.157736e-01 -2.887608e-02  7.873938e-01
   outer loop
     vertex -3.363241e-01 -1.678738e-01  3.699812e-01
     vertex -2.780113e-01 -1.678898e-01  4.155836e-01
     vertex -3.053629e-01 -1.207832e-01  3.959211e-01
   endloop
 endfacet
 facet normal -3.950057e-01  2.825224e-02  9.182442e-01
   outer loop
     vertex -1.634342e-01  6.710143e-02  4.725349e-01
     vertex -2.307021e-01  6.719693e-02  4.435950e-01
     vertex -2.002345e-01  1.994827e-02  4.581551e-01
   endloop
 endfacet
 facet normal -8.950967e-02 -2.488770e-02  9.956750e-01
   outer loop
     vertex -7.870165e-02 -1.681911e-01  4.937672e-01
     vertex -1.061710e-02 -1.682165e-01  4.998873e-01
     vertex -4.225537e-02 -1.214786e-01  4.982113e-01
   endloop
 endfacet
 facet normal -5.224475e-01 -2.969576e-02 -8.521542e-01
   outer loop
     vertex -2.286470e-01 -1.675778e-01 -4.446578e-01
     vertex -2.925773e-01 -1.676312e-01 -4.054609e-01
     vertex -2.637636e-01 -1.204894e-01 -4.247691e-01
   endloop
 endfacet
 facet normal -9.624076e-01 -2.870679e-02 -2.700879e-01
   outer loop
     vertex -4.701170e-01 -1.674630e-01 -1.702645e-01
     vertex -4.900572e-01 -1.674132e-01 -9.921675e-02
     vertex -4.821861e-01 -1.202697e-01 -1.322746e-01
   endloop
 endfacet
 facet normal  6.743117e-01  7.769989e-03 -7.384060e-01
   outer loop
     vertex  3.581915e-01 -2.345317e-02 -3.488537e-01
     vertex  3.531241e-01 -7.106393e-02 -3.539822e-01
     vertex  3.167187e-01 -3.964902e-02 -3.868970e-01
   endloop
 endfacet
 facet normal  6.679555e-01 -5.645406e-03 -7.441798e-01
   outer loop
     vertex  3.531241e-01 -7.106393e-02 -3.539822e-01
     vertex  3.122230e-01 -9.213886e-02 -3.905340e-01
     vertex  3.167187e-01 -3.964902e-02 -3.868970e-01
   endloop
 endfacet
 facet normal  7.214439e-01 -2.868399e-02 -6.918785e-01
   outer loop
     vertex  3.544580e-01 -1.669543e-01 -3.526465e-01
     vertex  3.832711e-01 -2.032595e-01 -3.210970e-01
     vertex  3.350691e-01 -2.090622e-01 -3.711182e-01
   endloop
 endfacet
 facet normal  1.070234e-01  2.182831e-02  9.940169e-01
   outer loop
     vertex  5.606665e-02 -1.657037e-01  4.968466e-01
     vertex  8.667076e-02 -1.146725e-01  4.924309e-01
     vertex  2.260033e-02 -1.219481e-01  4.994890e-01
   endloop
 endfacet
 facet normal -8.017185e-01  2.956806e-02 -5.969700e-01
   outer loop
     vertex -3.993710e-01 -1.675851e-01 -3.008369e-01
     vertex -4.222774e-01 -1.203524e-01 -2.677346e-01
     vertex -3.775518e-01 -1.204051e-01 -3.278027e-01
   endloop
 endfacet
 facet normal  5.738561e-01  7.592814e-03 -8.189210e-01
   outer loop
     vertex  3.167187e-01 -3.964902e-02 -3.868970e-01
     vertex  3.122230e-01 -9.213886e-02 -3.905340e-01
     vertex  2.567463e-01 -5.308636e-02 -4.290470e-01
   endloop
 endfacet
 facet normal  5.785072e-01  1.758589e-02 -8.154877e-01
   outer loop
     vertex  3.122230e-01 -9.213886e-02 -3.905340e-01
     vertex  2.717714e-01 -1.134866e-01 -4.196908e-01
     vertex  2.567463e-01 -5.308636e-02 -4.290470e-01
   endloop
 endfacet
 facet normal -9.808134e-01  2.852662e-02 -1.928505e-01
   outer loop
     vertex -4.821861e-01 -1.202697e-01 -1.322746e-01
     vertex -4.900572e-01 -1.674132e-01 -9.921675e-02
     vertex -4.963738e-01 -1.202093e-01 -6.010894e-02
   endloop
 endfacet
 facet normal -5.894050e-01  2.960287e-02 -8.072951e-01
   outer loop
     vertex -2.637636e-01 -1.204894e-01 -4.247691e-01
     vertex -2.925773e-01 -1.676312e-01 -4.054609e-01
     vertex -3.242560e-01 -1.204504e-01 -3.806022e-01
   endloop
 endfacet
 facet normal -1.952775e-02  2.262417e-02  9.995533e-01
   outer loop
     vertex -4.225537e-02 -1.214786e-01  4.982113e-01
     vertex -1.061710e-02 -1.682165e-01  4.998873e-01
     vertex  2.260033e-02 -1.219481e-01  4.994890e-01
   endloop
 endfacet
 facet normal -4.665135e-01 -2.839311e-02  8.840582e-01
   outer loop
     vertex -2.002345e-01  1.994827e-02  4.581551e-01
     vertex -2.307021e-01  6.719693e-02  4.435950e-01
     vertex -2.652199e-01  1.990607e-02  4.238613e-01
   endloop
 endfacet
 facet normal -5.505324e-01  2.859384e-02  8.343240e-01
   outer loop
     vertex -3.053629e-01 -1.207832e-01  3.959211e-01
     vertex -2.780113e-01 -1.678898e-01  4.155836e-01
     vertex -2.438895e-01 -1.207541e-01  4.364836e-01
   endloop
 endfacet
 facet normal -9.947886e-01 -2.834877e-02 -9.793840e-02
   outer loop
     vertex -4.998464e-01  2.038072e-02 -1.239116e-02
     vertex -4.978657e-01  6.750058e-02 -4.614904e-02
     vertex -4.926625e-01  2.032525e-02 -8.534431e-02
   endloop
 endfacet
 facet normal  2.900722e-01 -2.377448e-02 -9.567094e-01
   outer loop
     vertex  1.128953e-01  2.181995e-02 -4.870879e-01
     vertex  1.448100e-01  6.847522e-02 -4.785708e-01
     vertex  1.765485e-01  2.201890e-02 -4.677934e-01
   endloop
 endfacet
 facet normal -9.693955e-01  2.842886e-02  2.438529e-01
   outer loop
     vertex -4.925467e-01 -1.202501e-01  8.601041e-02
     vertex -4.856085e-01 -1.674816e-01  1.190981e-01
     vertex -4.746347e-01 -1.203843e-01  1.572320e-01
   endloop
 endfacet
 facet normal -1.526440e-01  2.510511e-02  9.879623e-01
   outer loop
     vertex -1.102521e-01 -1.209861e-01  4.876930e-01
     vertex -7.870165e-02 -1.681911e-01  4.937672e-01
     vertex -4.225537e-02 -1.214786e-01  4.982113e-01
   endloop
 endfacet
 facet normal -9.696308e-01 -2.875417e-02 -2.428771e-01
   outer loop
     vertex -4.926625e-01  2.032525e-02 -8.534431e-02
     vertex -4.857136e-01  6.747987e-02 -1.186687e-01
     vertex -4.747190e-01  2.030564e-02 -1.569772e-01
   endloop
 endfacet
 facet normal -9.984837e-01  2.820021e-02 -4.727719e-02
   outer loop
     vertex -4.963738e-01 -1.202093e-01 -6.010894e-02
     vertex -4.992964e-01 -1.673733e-01 -2.651524e-02
     vertex -4.998322e-01 -1.201716e-01  1.295412e-02
   endloop
 endfacet
 facet normal -7.704218e-01  2.911515e-02  6.368694e-01
   outer loop
     vertex -4.079817e-01 -1.207473e-01  2.890517e-01
     vertex -3.873560e-01 -1.678734e-01  3.161571e-01
     vertex -3.606457e-01 -1.207836e-01  3.463159e-01
   endloop
 endfacet
 facet normal -9.805003e-01 -2.848499e-02  1.944424e-01
   outer loop
     vertex -4.819678e-01  2.022974e-02  1.330677e-01
     vertex -4.898845e-01  6.745968e-02  1.000659e-01
     vertex -4.962685e-01  2.034668e-02  6.097182e-02
   endloop
 endfacet
 facet normal -3.251302e-01  2.928945e-02 -9.452156e-01
   outer loop
     vertex -1.269259e-01 -1.202445e-01 -4.836216e-01
     vertex -1.600151e-01 -1.674885e-01 -4.737037e-01
     vertex -1.973848e-01 -1.203924e-01 -4.593901e-01
   endloop
 endfacet
 facet normal -8.017820e-01 -2.899272e-02  5.969129e-01
   outer loop
     vertex -3.777850e-01  1.988413e-02  3.275339e-01
     vertex -3.993560e-01  6.718107e-02  3.008568e-01
     vertex -4.221138e-01  1.991589e-02  2.679924e-01
   endloop
 endfacet
 facet normal  3.787904e-01 -2.948441e-02  9.250127e-01
   outer loop
     vertex  2.253488e-01  6.220292e-03  4.463384e-01
     vertex  1.899382e-01  5.891820e-02  4.625186e-01
     vertex  1.519220e-01  4.791369e-03  4.763609e-01
   endloop
 endfacet
 facet normal -9.417378e-01  2.891512e-02 -3.351027e-01
   outer loop
     vertex -4.573639e-01 -1.203041e-01 -2.020353e-01
     vertex -4.701170e-01 -1.674630e-01 -1.702645e-01
     vertex -4.821861e-01 -1.202697e-01 -1.322746e-01
   endloop
 endfacet
 facet normal -8.813220e-01 -2.898020e-02  4.716267e-01
   outer loop
     vertex -4.394720e-01  6.722608e-02  2.384625e-01
     vertex -4.571232e-01  2.005346e-02  2.025793e-01
     vertex -4.221138e-01  1.991589e-02  2.679924e-01
   endloop
 endfacet
 facet normal  6.774220e-01  1.671775e-02  7.354046e-01
   outer loop
     vertex  3.540092e-01  3.583007e-02  3.530970e-01
     vertex  3.637626e-01  8.299164e-02  3.430405e-01
     vertex  3.146395e-01  6.982823e-02  3.885897e-01
   endloop
 endfacet
 facet normal -8.817049e-01  2.925272e-02 -4.708935e-01
   outer loop
     vertex -4.222774e-01 -1.203524e-01 -2.677346e-01
     vertex -4.396977e-01 -1.675087e-01 -2.380460e-01
     vertex -4.573639e-01 -1.203041e-01 -2.020353e-01
   endloop
 endfacet
 facet normal -4.230073e-01  2.773454e-02  9.057017e-01
   outer loop
     vertex -2.144125e-01 -1.678769e-01  4.516938e-01
     vertex -1.781673e-01 -1.207582e-01  4.671792e-01
     vertex -2.438895e-01 -1.207541e-01  4.364836e-01
   endloop
 endfacet
 facet normal -1.292253e-01 -2.854902e-02 -9.912042e-01
   outer loop
     vertex -1.009775e-01  2.046410e-02 -4.896974e-01
     vertex -6.722038e-02  6.776673e-02 -4.954608e-01
     vertex -2.806819e-02  2.077013e-02 -4.992116e-01
   endloop
 endfacet
 facet normal -6.646073e-01 -2.969015e-02 -7.466027e-01
   outer loop
     vertex -3.595289e-01  2.027352e-02 -3.474752e-01
     vertex -3.344557e-01  6.745808e-02 -3.716711e-01
     vertex -3.034700e-01  2.018403e-02 -3.973738e-01
   endloop
 endfacet
 facet normal -5.894285e-01 -2.969067e-02 -8.072748e-01
   outer loop
     vertex -2.637636e-01 -1.204894e-01 -4.247691e-01
     vertex -3.242560e-01 -1.204504e-01 -3.806022e-01
     vertex -2.975981e-01 -7.358037e-02 -4.017902e-01
   endloop
 endfacet
 facet normal  5.955894e-01  1.121771e-02  8.032107e-01
   outer loop
     vertex  2.773821e-01 -1.646380e-02  4.160038e-01
     vertex  2.910280e-01 -6.580657e-02  4.065743e-01
     vertex  3.156806e-01 -2.644467e-02  3.877445e-01
   endloop
 endfacet
 facet normal  5.105585e-01 -1.867479e-02  8.596402e-01
   outer loop
     vertex  2.780263e-01  3.022558e-02  4.155735e-01
     vertex  2.524258e-01  6.819507e-02  4.316031e-01
     vertex  2.253488e-01  6.220292e-03  4.463384e-01
   endloop
 endfacet
 facet normal  6.303234e-01 -2.356535e-02  7.759749e-01
   outer loop
     vertex  3.358355e-01 -5.765673e-02  3.704248e-01
     vertex  3.156806e-01 -2.644467e-02  3.877445e-01
     vertex  2.910280e-01 -6.580657e-02  4.065743e-01
   endloop
 endfacet
 facet normal  6.204348e-01 -7.407344e-03  7.842231e-01
   outer loop
     vertex  3.316033e-01 -1.760724e-01  3.742182e-01
     vertex  3.269098e-01 -1.343801e-01  3.783252e-01
     vertex  2.895103e-01 -1.616138e-01  4.076565e-01
   endloop
 endfacet
 facet normal -9.229918e-01  2.884740e-02  3.837369e-01
   outer loop
     vertex -4.746347e-01 -1.203843e-01  1.572320e-01
     vertex -4.628934e-01 -1.676074e-01  1.890231e-01
     vertex -4.462422e-01 -1.205896e-01  2.255392e-01
   endloop
 endfacet
 facet normal -3.577187e-02  2.786314e-02 -9.989715e-01
   outer loop
     vertex  1.858266e-02 -1.196450e-01 -4.996546e-01
     vertex -1.510211e-02 -1.670968e-01 -4.997719e-01
     vertex -5.413689e-02 -1.200029e-01 -4.970606e-01
   endloop
 endfacet
 facet normal  4.110401e-01 -2.218112e-02 -9.113474e-01
   outer loop
     vertex  1.765485e-01  2.201890e-02 -4.677934e-01
     vertex  2.087991e-01  6.591405e-02 -4.543159e-01
     vertex  2.360404e-01  1.448368e-02 -4.407777e-01
   endloop
 endfacet
 facet normal -3.331195e-01 -2.743896e-02  9.424853e-01
   outer loop
     vertex -1.320852e-01  1.979812e-02  4.822380e-01
     vertex -1.634342e-01  6.710143e-02  4.725349e-01
     vertex -2.002345e-01  1.994827e-02  4.581551e-01
   endloop
 endfacet
 facet normal -7.044037e-01 -2.915814e-02  7.092004e-01
   outer loop
     vertex -3.249595e-01  1.987383e-02  3.800018e-01
     vertex -3.502415e-01  6.715224e-02  3.568345e-01
     vertex -3.777850e-01  1.988413e-02  3.275339e-01
   endloop
 endfacet
 facet normal -1.815778e-01  2.888027e-02 -9.829524e-01
   outer loop
     vertex -5.413689e-02 -1.200029e-01 -4.970606e-01
     vertex -8.800119e-02 -1.673110e-01 -4.921949e-01
     vertex -1.269259e-01 -1.202445e-01 -4.836216e-01
   endloop
 endfacet
 facet normal  2.477275e-01  2.539052e-02 -9.684970e-01
   outer loop
     vertex  1.577021e-01 -1.172311e-01 -4.744787e-01
     vertex  1.273936e-01 -1.655744e-01 -4.834986e-01
     vertex  9.008519e-02 -1.188930e-01 -4.918177e-01
   endloop
 endfacet
 facet normal  8.666342e-02 -2.568091e-02  9.959066e-01
   outer loop
     vertex  8.031348e-02  9.745360e-03  4.935076e-01
     vertex  4.958381e-02  6.224163e-02  4.975354e-01
     vertex  8.693778e-03  1.690023e-02  4.999244e-01
   endloop
 endfacet
 facet normal -5.398212e-02 -2.577120e-02  9.982093e-01
   outer loop
     vertex  8.693778e-03  1.690023e-02  4.999244e-01
     vertex -2.215589e-02  6.542485e-02  4.995089e-01
     vertex -6.175930e-02  1.909819e-02  4.961711e-01
   endloop
 endfacet
 facet normal -9.984089e-01 -2.845890e-02  4.867934e-02
   outer loop
     vertex -4.962685e-01  2.034668e-02  6.097182e-02
     vertex -4.992530e-01  6.748970e-02  2.732197e-02
     vertex -4.998464e-01  2.038072e-02 -1.239116e-02
   endloop
 endfacet
 facet normal -2.742188e-01  2.924641e-02 -9.612225e-01
   outer loop
     vertex -1.725188e-01  2.025290e-02 -4.692944e-01
     vertex -1.009775e-01  2.046410e-02 -4.896974e-01
     vertex -1.337651e-01 -2.656860e-02 -4.817747e-01
   endloop
 endfacet
 facet normal  2.311044e-01 -2.576115e-02  9.725878e-01
   outer loop
     vertex  1.209018e-01  5.880787e-02  4.851626e-01
     vertex  8.031348e-02  9.745360e-03  4.935076e-01
     vertex  1.519220e-01  4.791369e-03  4.763609e-01
   endloop
 endfacet
 facet normal -9.230785e-01 -2.912955e-02 -3.835070e-01
   outer loop
     vertex -4.747190e-01  2.030564e-02 -1.569772e-01
     vertex -4.628541e-01  6.748897e-02 -1.891192e-01
     vertex -4.461956e-01  2.030463e-02 -2.256312e-01
   endloop
 endfacet
 facet normal -8.561901e-01  2.898450e-02  5.158473e-01
   outer loop
     vertex -4.462422e-01 -1.205896e-01  2.255392e-01
     vertex -4.299766e-01 -1.677541e-01  2.551865e-01
     vertex -4.079817e-01 -1.207473e-01  2.890517e-01
   endloop
 endfacet
 facet normal -2.740595e-01 -2.921108e-02 -9.612690e-01
   outer loop
     vertex -1.725188e-01  2.025290e-02 -4.692944e-01
     vertex -1.396438e-01  6.752805e-02 -4.801037e-01
     vertex -1.009775e-01  2.046410e-02 -4.896974e-01
   endloop
 endfacet
 facet normal  1.575787e-01 -2.576599e-02 -9.871702e-01
   outer loop
     vertex  4.414196e-02  2.124042e-02 -4.980477e-01
     vertex  7.703409e-02  6.847628e-02 -4.940301e-01
     vertex  1.128953e-01  2.181995e-02 -4.870879e-01
   endloop
 endfacet
 facet normal -7.689876e-01 -2.986082e-02 -6.385658e-01
   outer loop
     vertex -4.076140e-01  2.029548e-02 -2.895701e-01
     vertex -3.864622e-01  6.749388e-02 -3.172491e-01
     vertex -3.595289e-01  2.027352e-02 -3.474752e-01
   endloop
 endfacet
 facet normal -4.140158e-01 -2.946351e-02 -9.097928e-01
   outer loop
     vertex -2.405473e-01  2.017144e-02 -4.383343e-01
     vertex -2.095456e-01  6.741301e-02 -4.539721e-01
     vertex -1.725188e-01  2.025290e-02 -4.692944e-01
   endloop
 endfacet
 facet normal  1.086278e-01  2.714667e-02 -9.937118e-01
   outer loop
     vertex  9.008519e-02 -1.188930e-01 -4.918177e-01
     vertex  5.759665e-02 -1.665658e-01 -4.966715e-01
     vertex  1.858266e-02 -1.196450e-01 -4.996546e-01
   endloop
 endfacet
 facet normal  6.793413e-01 -1.630129e-02 -7.336414e-01
   outer loop
     vertex  3.295290e-01  5.861960e-03 -3.760461e-01
     vertex  3.581915e-01 -2.345317e-02 -3.488537e-01
     vertex  3.167187e-01 -3.964902e-02 -3.868970e-01
   endloop
 endfacet
 facet normal -9.946598e-01  2.840477e-02  9.922252e-02
   outer loop
     vertex -4.998322e-01 -1.201716e-01  1.295412e-02
     vertex -4.978213e-01 -1.673768e-01  4.662594e-02
     vertex -4.925467e-01 -1.202501e-01  8.601041e-02
   endloop
 endfacet
 facet normal -2.889642e-01  2.657313e-02  9.569710e-01
   outer loop
     vertex -1.781673e-01 -1.207582e-01  4.671792e-01
     vertex -1.472939e-01 -1.679549e-01  4.778122e-01
     vertex -1.102521e-01 -1.209861e-01  4.876930e-01
   endloop
 endfacet
 facet normal -8.558325e-01 -2.938571e-02 -5.164177e-01
   outer loop
     vertex -4.461956e-01  2.030463e-02 -2.256312e-01
     vertex -4.296295e-01  6.748935e-02 -2.557703e-01
     vertex -4.076140e-01  2.029548e-02 -2.895701e-01
   endloop
 endfacet
 facet normal -5.453203e-01 -2.972257e-02 -8.377006e-01
   outer loop
     vertex -2.751008e-01  6.737878e-02 -4.175159e-01
     vertex -2.405473e-01  2.017144e-02 -4.383343e-01
     vertex -3.034700e-01  2.018403e-02 -3.973738e-01
   endloop
 endfacet
 facet normal  1.628945e-02 -2.760505e-02 -9.994862e-01
   outer loop
     vertex -2.806819e-02  2.077013e-02 -4.992116e-01
     vertex  5.721497e-03  6.807072e-02 -4.999673e-01
     vertex  4.414196e-02  2.124042e-02 -4.980477e-01
   endloop
 endfacet
 facet normal -6.675707e-01  2.909524e-02  7.439777e-01
   outer loop
     vertex -3.606457e-01 -1.207836e-01  3.463159e-01
     vertex -3.363241e-01 -1.678738e-01  3.699812e-01
     vertex -3.053629e-01 -1.207832e-01  3.959211e-01
   endloop
 endfacet
 facet normal  2.325513e-01  1.952988e-02  9.723880e-01
   outer loop
     vertex  8.667076e-02 -1.146725e-01  4.924309e-01
     vertex  1.202883e-01 -1.606776e-01  4.853151e-01
     vertex  1.482541e-01 -1.053230e-01  4.775152e-01
   endloop
 endfacet
 facet normal  3.023724e-01 -1.847492e-02  9.530108e-01
   outer loop
     vertex  1.202883e-01 -1.606776e-01  4.853151e-01
     vertex  1.806824e-01 -1.576294e-01  4.662123e-01
     vertex  1.482541e-01 -1.053230e-01  4.775152e-01
   endloop
 endfacet
 facet normal -5.915500e-01 -2.887231e-02  8.057512e-01
   outer loop
     vertex -2.652199e-01  1.990607e-02  4.238613e-01
     vertex -2.933977e-01  6.716220e-02  4.048676e-01
     vertex -3.249595e-01  1.987383e-02  3.800018e-01
   endloop
 endfacet
 facet normal -1.945318e-01 -2.688337e-02  9.805277e-01
   outer loop
     vertex -9.334107e-02  6.668579e-02  4.912102e-01
     vertex -1.320852e-01  1.979812e-02  4.822380e-01
     vertex -6.175930e-02  1.909819e-02  4.961711e-01
   endloop
 endfacet
 facet normal -7.034683e-01  2.967957e-02 -7.101066e-01
   outer loop
     vertex -3.242560e-01 -1.204504e-01 -3.806022e-01
     vertex -3.498249e-01 -1.675993e-01 -3.572430e-01
     vertex -3.775518e-01 -1.204051e-01 -3.278027e-01
   endloop
 endfacet
 facet normal  6.202524e-01 -6.997344e-03  7.843711e-01
   outer loop
     vertex  2.895103e-01 -1.616138e-01  4.076565e-01
     vertex  3.269098e-01 -1.343801e-01  3.783252e-01
     vertex  2.956448e-01 -1.140697e-01  4.032296e-01
   endloop
 endfacet
 facet normal  6.203756e-01 -6.691279e-03  7.842763e-01
   outer loop
     vertex  3.269098e-01 -1.343801e-01  3.783252e-01
     vertex  3.210136e-01 -9.315690e-02  3.833410e-01
     vertex  2.956448e-01 -1.140697e-01  4.032296e-01
   endloop
 endfacet
 facet normal -9.412950e-01 -2.871005e-02  3.363620e-01
   outer loop
     vertex -4.698259e-01  6.732447e-02  1.710663e-01
     vertex -4.819678e-01  2.022974e-02  1.330677e-01
     vertex -4.571232e-01  2.005346e-02  2.025793e-01
   endloop
 endfacet
 facet normal -4.622779e-01  2.957389e-02 -8.862418e-01
   outer loop
     vertex -1.973848e-01 -1.203924e-01 -4.593901e-01
     vertex -2.286470e-01 -1.675778e-01 -4.446578e-01
     vertex -2.637636e-01 -1.204894e-01 -4.247691e-01
   endloop
 endfacet
 facet normal  4.184348e-01  1.866005e-02  9.080551e-01
   outer loop
     vertex  1.806824e-01 -1.576294e-01  4.662123e-01
     vertex  2.122757e-01 -2.086262e-01  4.527019e-01
     vertex  2.367143e-01 -1.587741e-01  4.404161e-01
   endloop
 endfacet
 facet normal -1.529984e-01 -2.484971e-02  9.879140e-01
   outer loop
     vertex -1.102521e-01 -1.209861e-01  4.876930e-01
     vertex -4.225537e-02 -1.214786e-01  4.982113e-01
     vertex -7.199430e-02 -7.440557e-02  4.947897e-01
   endloop
 endfacet
 facet normal  6.148465e-01  4.162026e-03  7.886358e-01
   outer loop
     vertex  2.956448e-01 -1.140697e-01  4.032296e-01
     vertex  3.210136e-01 -9.315690e-02  3.833410e-01
     vertex  2.910280e-01 -6.580657e-02  4.065743e-01
   endloop
 endfacet
 facet normal  8.280206e-01 -1.429110e-02 -5.605155e-01
   outer loop
     vertex  3.987196e-01 -2.558403e-01 -3.016996e-01
     vertex  4.196114e-01 -2.143998e-01 -2.718938e-01
     vertex  4.288065e-01 -2.599995e-01 -2.571478e-01
   endloop
 endfacet
 facet normal -9.808214e-01 -2.856245e-02 -1.928043e-01
   outer loop
     vertex -4.821861e-01 -1.202697e-01 -1.322746e-01
     vertex -4.963738e-01 -1.202093e-01 -6.010894e-02
     vertex -4.912950e-01 -7.330639e-02 -9.289350e-02
   endloop
 endfacet
 facet normal  5.957791e-01 -8.190805e-04  8.031479e-01
   outer loop
     vertex  3.172288e-01  1.638750e-02  3.864788e-01
     vertex  2.780263e-01  3.022558e-02  4.155735e-01
     vertex  2.773821e-01 -1.646380e-02  4.160038e-01
   endloop
 endfacet
 facet normal  5.941208e-01  2.292998e-03  8.043726e-01
   outer loop
     vertex  3.156806e-01 -2.644467e-02  3.877445e-01
     vertex  3.172288e-01  1.638750e-02  3.864788e-01
     vertex  2.773821e-01 -1.646380e-02  4.160038e-01
   endloop
 endfacet
 facet normal -1.985357e-02 -2.238449e-02  9.995523e-01
   outer loop
     vertex -4.225537e-02 -1.214786e-01  4.982113e-01
     vertex  2.260033e-02 -1.219481e-01  4.994890e-01
     vertex -5.743359e-03 -7.546244e-02  4.999670e-01
   endloop
 endfacet
 facet normal -5.505137e-01 -2.858271e-02  8.343367e-01
   outer loop
     vertex -3.053629e-01 -1.207832e-01  3.959211e-01
     vertex -2.438895e-01 -1.207541e-01  4.364836e-01
     vertex -2.718277e-01 -7.390587e-02  4.196542e-01
   endloop
 endfacet
 facet normal  5.039722e-01  1.005985e-03  8.637193e-01
   outer loop
     vertex  2.780263e-01  3.022558e-02  4.155735e-01
     vertex  2.253488e-01  6.220292e-03  4.463384e-01
     vertex  2.773821e-01 -1.646380e-02  4.160038e-01
   endloop
 endfacet
 facet normal  1.123087e-01 -2.536273e-02  9.933496e-01
   outer loop
     vertex  2.260033e-02 -1.219481e-01  4.994890e-01
     vertex  8.667076e-02 -1.146725e-01  4.924309e-01
     vertex  5.092722e-02 -7.834309e-02  4.973997e-01
   endloop
 endfacet
 facet normal -9.230761e-01  2.920604e-02 -3.835069e-01
   outer loop
     vertex -4.747190e-01  2.030564e-02 -1.569772e-01
     vertex -4.461956e-01  2.030463e-02 -2.256312e-01
     vertex -4.603929e-01 -2.663837e-02 -1.950343e-01
   endloop
 endfacet
 facet normal -9.804809e-01  2.854505e-02  1.945311e-01
   outer loop
     vertex -4.819678e-01  2.022974e-02  1.330677e-01
     vertex -4.962685e-01  2.034668e-02  6.097182e-02
     vertex -4.911703e-01 -2.655833e-02  9.355061e-02
   endloop
 endfacet
 facet normal -6.645531e-01  2.975586e-02 -7.466484e-01
   outer loop
     vertex -3.595289e-01  2.027352e-02 -3.474752e-01
     vertex -3.034700e-01  2.018403e-02 -3.973738e-01
     vertex -3.298105e-01 -2.673087e-02 -3.757992e-01
   endloop
 endfacet
 facet normal -1.294610e-01  2.855867e-02 -9.911732e-01
   outer loop
     vertex -1.009775e-01  2.046410e-02 -4.896974e-01
     vertex -2.806819e-02  2.077013e-02 -4.992116e-01
     vertex -6.128344e-02 -2.632481e-02 -4.962301e-01
   endloop
 endfacet
 facet normal -8.562515e-01 -2.907750e-02  5.157401e-01
   outer loop
     vertex -4.462422e-01 -1.205896e-01  2.255392e-01
     vertex -4.079817e-01 -1.207473e-01  2.890517e-01
     vertex -4.263026e-01 -7.386777e-02  2.612779e-01
   endloop
 endfacet
 facet normal -7.704388e-01 -2.916449e-02  6.368465e-01
   outer loop
     vertex -4.079817e-01 -1.207473e-01  2.890517e-01
     vertex -3.606457e-01 -1.207836e-01  3.463159e-01
     vertex -3.828602e-01 -7.393566e-02  3.215868e-01
   endloop
 endfacet
 facet normal -3.330108e-01  2.754989e-02  9.425205e-01
   outer loop
     vertex -1.320852e-01  1.979812e-02  4.822380e-01
     vertex -2.002345e-01  1.994827e-02  4.581551e-01
     vertex -1.702187e-01 -2.703343e-02  4.701336e-01
   endloop
 endfacet
 facet normal -9.947827e-01  2.840805e-02 -9.798098e-02
   outer loop
     vertex -4.998464e-01  2.038072e-02 -1.239116e-02
     vertex -4.926625e-01  2.032525e-02 -8.534431e-02
     vertex -4.972350e-01 -2.654685e-02 -5.251088e-02
   endloop
 endfacet
 facet normal -5.453112e-01  2.976991e-02 -8.377049e-01
   outer loop
     vertex -3.034700e-01  2.018403e-02 -3.973738e-01
     vertex -2.405473e-01  2.017144e-02 -4.383343e-01
     vertex -2.699030e-01 -2.681347e-02 -4.208947e-01
   endloop
 endfacet
 facet normal -6.675697e-01 -2.913299e-02  7.439771e-01
   outer loop
     vertex -3.606457e-01 -1.207836e-01  3.463159e-01
     vertex -3.053629e-01 -1.207832e-01  3.959211e-01
     vertex -3.309349e-01 -7.394640e-02  3.748094e-01
   endloop
 endfacet
 facet normal  1.593054e-02  2.752257e-02 -9.994942e-01
   outer loop
     vertex -2.806819e-02  2.077013e-02 -4.992116e-01
     vertex  4.414196e-02  2.124042e-02 -4.980477e-01
     vertex  1.178462e-02 -2.588600e-02 -4.998611e-01
   endloop
 endfacet
 facet normal  3.778752e-01  2.700193e-02  9.254627e-01
   outer loop
     vertex  2.253488e-01  6.220292e-03  4.463384e-01
     vertex  1.519220e-01  4.791369e-03  4.763609e-01
     vertex  1.809540e-01 -5.004872e-02  4.661069e-01
   endloop
 endfacet
 facet normal  1.091935e-01 -2.734829e-02 -9.936442e-01
   outer loop
     vertex  9.008519e-02 -1.188930e-01 -4.918177e-01
     vertex  1.858266e-02 -1.196450e-01 -4.996546e-01
     vertex  5.116212e-02 -7.236839e-02 -4.973756e-01
   endloop
 endfacet
 facet normal -3.549702e-02 -2.801396e-02 -9.989771e-01
   outer loop
     vertex  1.858266e-02 -1.196450e-01 -4.996546e-01
     vertex -5.413689e-02 -1.200029e-01 -4.970606e-01
     vertex -2.095732e-02 -7.289402e-02 -4.995606e-01
   endloop
 endfacet
 facet normal -9.984837e-01 -2.824617e-02 -4.724805e-02
   outer loop
     vertex -4.963738e-01 -1.202093e-01 -6.010894e-02
     vertex -4.998322e-01 -1.201716e-01  1.295412e-02
     vertex -4.996001e-01 -7.326280e-02 -1.999260e-02
   endloop
 endfacet
 facet normal -8.817220e-01 -2.928490e-02 -4.708596e-01
   outer loop
     vertex -4.222774e-01 -1.203524e-01 -2.677346e-01
     vertex -4.573639e-01 -1.203041e-01 -2.020353e-01
     vertex -4.427813e-01 -7.339258e-02 -2.322600e-01
   endloop
 endfacet
 facet normal -3.250193e-01 -2.937380e-02 -9.452511e-01
   outer loop
     vertex -1.269259e-01 -1.202445e-01 -4.836216e-01
     vertex -1.973848e-01 -1.203924e-01 -4.593901e-01
     vertex -1.657603e-01 -7.340915e-02 -4.717240e-01
   endloop
 endfacet
 facet normal -5.236859e-02  2.608195e-02  9.982872e-01
   outer loop
     vertex  8.693778e-03  1.690023e-02  4.999244e-01
     vertex -6.175930e-02  1.909819e-02  4.961711e-01
     vertex -3.235498e-02 -2.830250e-02  4.989521e-01
   endloop
 endfacet
 facet normal -8.017662e-01  2.903435e-02  5.969321e-01
   outer loop
     vertex -3.777850e-01  1.988413e-02  3.275339e-01
     vertex -4.221138e-01  1.991589e-02  2.679924e-01
     vertex -4.032393e-01 -2.712489e-02  2.956316e-01
   endloop
 endfacet
 facet normal  4.160210e-01  2.557665e-02 -9.089952e-01
   outer loop
     vertex  1.765485e-01  2.201890e-02 -4.677934e-01
     vertex  2.360404e-01  1.448368e-02 -4.407777e-01
     vertex  2.028562e-01 -2.231078e-02 -4.570004e-01
   endloop
 endfacet
 facet normal -1.940141e-01  2.707410e-02  9.806251e-01
   outer loop
     vertex -6.175930e-02  1.909819e-02  4.961711e-01
     vertex -1.320852e-01  1.979812e-02  4.822380e-01
     vertex -1.014477e-01 -2.731144e-02  4.896002e-01
   endloop
 endfacet
 facet normal  6.183945e-01  1.327910e-02 -7.857556e-01
   outer loop
     vertex  3.295290e-01  5.861960e-03 -3.760461e-01
     vertex  3.167187e-01 -3.964902e-02 -3.868970e-01
     vertex  2.877643e-01  7.300368e-03 -4.088908e-01
   endloop
 endfacet
 facet normal -4.140737e-01  2.950539e-02 -9.097650e-01
   outer loop
     vertex -2.405473e-01  2.017144e-02 -4.383343e-01
     vertex -1.725188e-01  2.025290e-02 -4.692944e-01
     vertex -2.039754e-01 -2.676232e-02 -4.565019e-01
   endloop
 endfacet
 facet normal -8.017422e-01 -2.961665e-02 -5.969357e-01
   outer loop
     vertex -3.775518e-01 -1.204051e-01 -3.278027e-01
     vertex -4.222774e-01 -1.203524e-01 -2.677346e-01
     vertex -4.032216e-01 -7.344197e-02 -2.956557e-01
   endloop
 endfacet
 facet normal -4.665412e-01  2.848143e-02  8.840408e-01
   outer loop
     vertex -2.002345e-01  1.994827e-02  4.581551e-01
     vertex -2.652199e-01  1.990607e-02  4.238613e-01
     vertex -2.365088e-01 -2.706461e-02  4.405265e-01
   endloop
 endfacet
 facet normal -7.034927e-01 -2.973566e-02 -7.100802e-01
   outer loop
     vertex -3.242560e-01 -1.204504e-01 -3.806022e-01
     vertex -3.775518e-01 -1.204051e-01 -3.278027e-01
     vertex -3.543800e-01 -7.347489e-02 -3.527248e-01
   endloop
 endfacet
 facet normal -9.412476e-01  2.875734e-02  3.364908e-01
   outer loop
     vertex -4.571232e-01  2.005346e-02  2.025793e-01
     vertex -4.819678e-01  2.022974e-02  1.330677e-01
     vertex -4.720648e-01 -2.678851e-02  1.647872e-01
   endloop
 endfacet
 facet normal -9.984057e-01  2.852902e-02  4.870562e-02
   outer loop
     vertex -4.962685e-01  2.034668e-02  6.097182e-02
     vertex -4.998464e-01  2.038072e-02 -1.239116e-02
     vertex -4.995717e-01 -2.648327e-02  2.069033e-02
   endloop
 endfacet
 facet normal -5.915689e-01  2.895317e-02  8.057344e-01
   outer loop
     vertex -2.652199e-01  1.990607e-02  4.238613e-01
     vertex -3.249595e-01  1.987383e-02  3.800018e-01
     vertex -2.988034e-01 -2.713327e-02  4.008947e-01
   endloop
 endfacet
 facet normal -4.230111e-01 -2.765479e-02  9.057024e-01
   outer loop
     vertex -2.438895e-01 -1.207541e-01  4.364836e-01
     vertex -1.781673e-01 -1.207582e-01  4.671792e-01
     vertex -2.076280e-01 -7.383351e-02  4.548523e-01
   endloop
 endfacet
 facet normal -1.813913e-01 -2.901539e-02 -9.829829e-01
   outer loop
     vertex -5.413689e-02 -1.200029e-01 -4.970606e-01
     vertex -1.269259e-01 -1.202445e-01 -4.836216e-01
     vertex -9.396762e-02 -7.324525e-02 -4.910907e-01
   endloop
 endfacet
 facet normal  2.489051e-01 -2.578184e-02 -9.681847e-01
   outer loop
     vertex  1.577021e-01 -1.172311e-01 -4.744787e-01
     vertex  9.008519e-02 -1.188930e-01 -4.918177e-01
     vertex  1.204590e-01 -7.143883e-02 -4.852727e-01
   endloop
 endfacet
 facet normal -9.417457e-01 -2.895503e-02 -3.350770e-01
   outer loop
     vertex -4.573639e-01 -1.203041e-01 -2.020353e-01
     vertex -4.821861e-01 -1.202697e-01 -1.322746e-01
     vertex -4.723203e-01 -7.339403e-02 -1.640535e-01
   endloop
 endfacet
endsolid walls
