solid cylinder
 facet normal  0.000000e+00  1.000000e+00  0.000000e+00
   outer loop
     vertex  2.958663e-01  2.000000e-01  4.962966e-02
     vertex  2.996495e-01  2.000000e-01  1.449821e-02
     vertex  2.696131e-01  2.000000e-01  3.757018e-02
   endloop
 endfacet
 facet normal  0.000000e+00  1.000000e+00  0.000000e+00
   outer loop
     vertex  2.860730e-01  2.000000e-01  9.034516e-02
     vertex  2.958663e-01  2.000000e-01  4.962966e-02
     vertex  2.627315e-01  2.000000e-01  7.048663e-02
   endloop
 endfacet
 facet normal -2.697364e-16  1.000000e+00 -7.034884e-16
   outer loop
     vertex  2.667928e-01  2.000000e-01  1.371919e-01
     vertex  2.860730e-01  2.000000e-01  9.034516e-02
     vertex  2.471737e-01  2.000000e-01  1.052602e-01
   endloop
 endfacet
 facet normal  0.000000e+00  1.000000e+00  0.000000e+00
   outer loop
     vertex  2.860730e-01  2.000000e-01  9.034516e-02
     vertex  2.627315e-01  2.000000e-01  7.048663e-02
     vertex  2.471737e-01  2.000000e-01  1.052602e-01
   endloop
 endfacet
 facet normal  0.000000e+00  1.000000e+00  0.000000e+00
   outer loop
     vertex  2.439031e-01  2.000000e-01  1.746747e-01
     vertex  2.667928e-01  2.000000e-01  1.371919e-01
     vertex  2.260169e-01  2.000000e-01  1.406168e-01
   endloop
 endfacet
 facet normal -6.942453e-17  1.000000e+00 -8.265610e-16
   outer loop
     vertex  2.667928e-01  2.000000e-01  1.371919e-01
     vertex  2.471737e-01  2.000000e-01  1.052602e-01
     vertex  2.260169e-01  2.000000e-01  1.406168e-01
   endloop
 endfacet
 facet normal  0.000000e+00  1.000000e+00  0.000000e+00
   outer loop
     vertex  2.171617e-01  2.000000e-01  2.069801e-01
     vertex  2.439031e-01  2.000000e-01  1.746747e-01
     vertex  1.997359e-01  2.000000e-01  1.743643e-01
   endloop
 endfacet
 facet normal  0.000000e+00  1.000000e+00  0.000000e+00
   outer loop
     vertex  2.439031e-01  2.000000e-01  1.746747e-01
     vertex  2.260169e-01  2.000000e-01  1.406168e-01
     vertex  1.997359e-01  2.000000e-01  1.743643e-01
   endloop
 endfacet
 facet normal  0.000000e+00  1.000000e+00  0.000000e+00
   outer loop
     vertex  1.862243e-01  2.000000e-01  2.352031e-01
     vertex  2.171617e-01  2.000000e-01  2.069801e-01
     vertex  1.633335e-01  2.000000e-01  2.102861e-01
   endloop
 endfacet
 facet normal  0.000000e+00  1.000000e+00  0.000000e+00
   outer loop
     vertex  2.171617e-01  2.000000e-01  2.069801e-01
     vertex  1.997359e-01  2.000000e-01  1.743643e-01
     vertex  1.633335e-01  2.000000e-01  2.102861e-01
   endloop
 endfacet
 facet normal  0.000000e+00  1.000000e+00  0.000000e+00
   outer loop
     vertex  1.491176e-01  2.000000e-01  2.603151e-01
     vertex  1.862243e-01  2.000000e-01  2.352031e-01
     vertex  1.633335e-01  2.000000e-01  2.102861e-01
   endloop
 endfacet
 facet normal  0.000000e+00  1.000000e+00  0.000000e+00
   outer loop
     vertex  1.052558e-01  2.000000e-01  2.809292e-01
     vertex  1.491176e-01  2.000000e-01  2.603151e-01
     vertex  1.183149e-01  2.000000e-01  2.380507e-01
   endloop
 endfacet
 facet normal  0.000000e+00  1.000000e+00  0.000000e+00
   outer loop
     vertex  6.511129e-02  2.000000e-01  2.928490e-01
     vertex  1.052558e-01  2.000000e-01  2.809292e-01
     vertex  7.823184e-02  2.000000e-01  2.543449e-01
   endloop
 endfacet
 facet normal  0.000000e+00  1.000000e+00  0.000000e+00
   outer loop
     vertex  1.052558e-01  2.000000e-01  2.809292e-01
     vertex  1.183149e-01  2.000000e-01  2.380507e-01
     vertex  7.823184e-02  2.000000e-01  2.543449e-01
   endloop
 endfacet
 facet normal  0.000000e+00  1.000000e+00  0.000000e+00
   outer loop
     vertex  2.369809e-02  2.000000e-01  2.990625e-01
     vertex  6.511129e-02  2.000000e-01  2.928490e-01
     vertex  3.862987e-02  2.000000e-01  2.624051e-01
   endloop
 endfacet
 facet normal  0.000000e+00  1.000000e+00  0.000000e+00
   outer loop
     vertex  6.511129e-02  2.000000e-01  2.928490e-01
     vertex  7.823184e-02  2.000000e-01  2.543449e-01
     vertex  3.862987e-02  2.000000e-01  2.624051e-01
   endloop
 endfacet
 facet normal  0.000000e+00  1.000000e+00  0.000000e+00
   outer loop
     vertex -1.817687e-02  2.000000e-01  2.994488e-01
     vertex  2.369809e-02  2.000000e-01  2.990625e-01
     vertex -1.595245e-03  2.000000e-01  2.639560e-01
   endloop
 endfacet
 facet normal  0.000000e+00  1.000000e+00  0.000000e+00
   outer loop
     vertex  2.369809e-02  2.000000e-01  2.990625e-01
     vertex  3.862987e-02  2.000000e-01  2.624051e-01
     vertex -1.595245e-03  2.000000e-01  2.639560e-01
   endloop
 endfacet
 facet normal -0.000000e+00  1.000000e+00  0.000000e+00
   outer loop
     vertex -5.969766e-02  2.000000e-01  2.940003e-01
     vertex -1.817687e-02  2.000000e-01  2.994488e-01
     vertex -4.343378e-02  2.000000e-01  2.602283e-01
   endloop
 endfacet
 facet normal  0.000000e+00  1.000000e+00  0.000000e+00
   outer loop
     vertex -1.817687e-02  2.000000e-01  2.994488e-01
     vertex -1.595245e-03  2.000000e-01  2.639560e-01
     vertex -4.343378e-02  2.000000e-01  2.602283e-01
   endloop
 endfacet
 facet normal -0.000000e+00  1.000000e+00  0.000000e+00
   outer loop
     vertex -1.000552e-01  2.000000e-01  2.828232e-01
     vertex -5.969766e-02  2.000000e-01  2.940003e-01
     vertex -9.215174e-02  2.000000e-01  2.498573e-01
   endloop
 endfacet
 facet normal  0.000000e+00  1.000000e+00  0.000000e+00
   outer loop
     vertex -5.969766e-02  2.000000e-01  2.940003e-01
     vertex -4.343378e-02  2.000000e-01  2.602283e-01
     vertex -9.215174e-02  2.000000e-01  2.498573e-01
   endloop
 endfacet
 facet normal -0.000000e+00  1.000000e+00  0.000000e+00
   outer loop
     vertex -1.391140e-01  2.000000e-01  2.657956e-01
     vertex -1.000552e-01  2.000000e-01  2.828232e-01
     vertex -9.215174e-02  2.000000e-01  2.498573e-01
   endloop
 endfacet
 facet normal -0.000000e+00  1.000000e+00  0.000000e+00
   outer loop
     vertex -1.747704e-01  2.000000e-01  2.438346e-01
     vertex -1.391140e-01  2.000000e-01  2.657956e-01
     vertex -1.381081e-01  2.000000e-01  2.281094e-01
   endloop
 endfacet
 facet normal -0.000000e+00  1.000000e+00  0.000000e+00
   outer loop
     vertex -2.115529e-01  2.000000e-01  2.127096e-01
     vertex -1.747704e-01  2.000000e-01  2.438346e-01
     vertex -1.735832e-01  2.000000e-01  2.037500e-01
   endloop
 endfacet
 facet normal  0.000000e+00  1.000000e+00  0.000000e+00
   outer loop
     vertex -1.747704e-01  2.000000e-01  2.438346e-01
     vertex -1.381081e-01  2.000000e-01  2.281094e-01
     vertex -1.735832e-01  2.000000e-01  2.037500e-01
   endloop
 endfacet
 facet normal -0.000000e+00  1.000000e+00  0.000000e+00
   outer loop
     vertex -2.426119e-01  2.000000e-01  1.764638e-01
     vertex -2.115529e-01  2.000000e-01  2.127096e-01
     vertex -2.035278e-01  2.000000e-01  1.740451e-01
   endloop
 endfacet
 facet normal  0.000000e+00  1.000000e+00  0.000000e+00
   outer loop
     vertex -2.648206e-01  2.000000e-01  1.409612e-01
     vertex -2.426119e-01  2.000000e-01  1.764638e-01
     vertex -2.272171e-01  2.000000e-01  1.410297e-01
   endloop
 endfacet
 facet normal  0.000000e+00  1.000000e+00  0.000000e+00
   outer loop
     vertex -2.426119e-01  2.000000e-01  1.764638e-01
     vertex -2.035278e-01  2.000000e-01  1.740451e-01
     vertex -2.272171e-01  2.000000e-01  1.410297e-01
   endloop
 endfacet
 facet normal  4.473599e-17  1.000000e+00 -7.455901e-16
   outer loop
     vertex -2.818692e-01  2.000000e-01  1.027120e-01
     vertex -2.648206e-01  2.000000e-01  1.409612e-01
     vertex -2.449616e-01  2.000000e-01  1.049265e-01
   endloop
 endfacet
 facet normal  1.401790e-18  1.000000e+00 -7.694718e-16
   outer loop
     vertex -2.648206e-01  2.000000e-01  1.409612e-01
     vertex -2.272171e-01  2.000000e-01  1.410297e-01
     vertex -2.449616e-01  2.000000e-01  1.049265e-01
   endloop
 endfacet
 facet normal  0.000000e+00  1.000000e+00  0.000000e+00
   outer loop
     vertex -2.934256e-01  2.000000e-01  6.246136e-02
     vertex -2.818692e-01  2.000000e-01  1.027120e-01
     vertex -2.568703e-01  2.000000e-01  6.444817e-02
   endloop
 endfacet
 facet normal -0.000000e+00  1.000000e+00  0.000000e+00
   outer loop
     vertex -2.818692e-01  2.000000e-01  1.027120e-01
     vertex -2.449616e-01  2.000000e-01  1.049265e-01
     vertex -2.568703e-01  2.000000e-01  6.444817e-02
   endloop
 endfacet
 facet normal -0.000000e+00  1.000000e+00  0.000000e+00
   outer loop
     vertex -2.994990e-01  2.000000e-01  1.733091e-02
     vertex -2.934256e-01  2.000000e-01  6.246136e-02
     vertex -2.646479e-01  2.000000e-01  1.210781e-02
   endloop
 endfacet
 facet normal -0.000000e+00  1.000000e+00  0.000000e+00
   outer loop
     vertex -2.934256e-01  2.000000e-01  6.246136e-02
     vertex -2.568703e-01  2.000000e-01  6.444817e-02
     vertex -2.646479e-01  2.000000e-01  1.210781e-02
   endloop
 endfacet
 facet normal  0.000000e+00  1.000000e+00 -0.000000e+00
   outer loop
     vertex -2.989944e-01  2.000000e-01 -2.454279e-02
     vertex -2.994990e-01  2.000000e-01  1.733091e-02
     vertex -2.646479e-01  2.000000e-01  1.210781e-02
   endloop
 endfacet
 facet normal  0.000000e+00  1.000000e+00 -0.000000e+00
   outer loop
     vertex -2.913172e-01  2.000000e-01 -7.165413e-02
     vertex -2.989944e-01  2.000000e-01 -2.454279e-02
     vertex -2.626504e-01  2.000000e-01 -4.009397e-02
   endloop
 endfacet
 facet normal  0.000000e+00  1.000000e+00 -0.000000e+00
   outer loop
     vertex -2.785012e-01  2.000000e-01 -1.115216e-01
     vertex -2.913172e-01  2.000000e-01 -7.165413e-02
     vertex -2.546575e-01  2.000000e-01 -8.168063e-02
   endloop
 endfacet
 facet normal -0.000000e+00  1.000000e+00  0.000000e+00
   outer loop
     vertex -2.913172e-01  2.000000e-01 -7.165413e-02
     vertex -2.626504e-01  2.000000e-01 -4.009397e-02
     vertex -2.546575e-01  2.000000e-01 -8.168063e-02
   endloop
 endfacet
 facet normal -1.163107e-16  1.000000e+00 -7.926203e-16
   outer loop
     vertex -2.602587e-01  2.000000e-01 -1.492160e-01
     vertex -2.785012e-01  2.000000e-01 -1.115216e-01
     vertex -2.377719e-01  2.000000e-01 -1.174983e-01
   endloop
 endfacet
 facet normal -0.000000e+00  1.000000e+00  0.000000e+00
   outer loop
     vertex -2.785012e-01  2.000000e-01 -1.115216e-01
     vertex -2.546575e-01  2.000000e-01 -8.168063e-02
     vertex -2.377719e-01  2.000000e-01 -1.174983e-01
   endloop
 endfacet
 facet normal  0.000000e+00  1.000000e+00 -0.000000e+00
   outer loop
     vertex -2.369450e-01  2.000000e-01 -1.840030e-01
     vertex -2.602587e-01  2.000000e-01 -1.492160e-01
     vertex -2.160752e-01  2.000000e-01 -1.512937e-01
   endloop
 endfacet
 facet normal -3.982169e-17  1.000000e+00 -8.468485e-16
   outer loop
     vertex -2.602587e-01  2.000000e-01 -1.492160e-01
     vertex -2.377719e-01  2.000000e-01 -1.174983e-01
     vertex -2.160752e-01  2.000000e-01 -1.512937e-01
   endloop
 endfacet
 facet normal  0.000000e+00  1.000000e+00 -0.000000e+00
   outer loop
     vertex -2.068980e-01  2.000000e-01 -2.172400e-01
     vertex -2.369450e-01  2.000000e-01 -1.840030e-01
     vertex -1.902034e-01  2.000000e-01 -1.830528e-01
   endloop
 endfacet
 facet normal  0.000000e+00  1.000000e+00  0.000000e+00
   outer loop
     vertex -2.369450e-01  2.000000e-01 -1.840030e-01
     vertex -2.160752e-01  2.000000e-01 -1.512937e-01
     vertex -1.902034e-01  2.000000e-01 -1.830528e-01
   endloop
 endfacet
 facet normal  0.000000e+00  1.000000e+00  0.000000e+00
   outer loop
     vertex -1.902034e-01  2.000000e-01 -1.830528e-01
     vertex -1.625248e-01  2.000000e-01 -2.118131e-01
     vertex -2.068980e-01  2.000000e-01 -2.172400e-01
   endloop
 endfacet
 facet normal  0.000000e+00  1.000000e+00  0.000000e+00
   outer loop
     vertex -1.353827e-01  2.000000e-01 -2.677154e-01
     vertex -1.722361e-01  2.000000e-01 -2.456313e-01
     vertex -1.390573e-01  2.000000e-01 -2.365416e-01
   endloop
 endfacet
 facet normal  0.000000e+00  1.000000e+00  0.000000e+00
   outer loop
     vertex -9.433857e-02  2.000000e-01 -2.847810e-01
     vertex -1.353827e-01  2.000000e-01 -2.677154e-01
     vertex -1.052319e-01  2.000000e-01 -2.464305e-01
   endloop
 endfacet
 facet normal  0.000000e+00  1.000000e+00 -0.000000e+00
   outer loop
     vertex -1.353827e-01  2.000000e-01 -2.677154e-01
     vertex -1.390573e-01  2.000000e-01 -2.365416e-01
     vertex -1.052319e-01  2.000000e-01 -2.464305e-01
   endloop
 endfacet
 facet normal  0.000000e+00  1.000000e+00  0.000000e+00
   outer loop
     vertex -5.376407e-02  2.000000e-01 -2.951431e-01
     vertex -9.433857e-02  2.000000e-01 -2.847810e-01
     vertex -6.578392e-02  2.000000e-01 -2.566715e-01
   endloop
 endfacet
 facet normal  0.000000e+00  1.000000e+00 -0.000000e+00
   outer loop
     vertex -9.433857e-02  2.000000e-01 -2.847810e-01
     vertex -1.052319e-01  2.000000e-01 -2.464305e-01
     vertex -6.578392e-02  2.000000e-01 -2.566715e-01
   endloop
 endfacet
 facet normal  0.000000e+00  1.000000e+00  0.000000e+00
   outer loop
     vertex -1.214197e-02  2.000000e-01 -2.997542e-01
     vertex -5.376407e-02  2.000000e-01 -2.951431e-01
     vertex -2.347173e-02  2.000000e-01 -2.632042e-01
   endloop
 endfacet
 facet normal  0.000000e+00  1.000000e+00 -0.000000e+00
   outer loop
     vertex -5.376407e-02  2.000000e-01 -2.951431e-01
     vertex -6.578392e-02  2.000000e-01 -2.566715e-01
     vertex -2.347173e-02  2.000000e-01 -2.632042e-01
   endloop
 endfacet
 facet normal  0.000000e+00  1.000000e+00  0.000000e+00
   outer loop
     vertex  2.971671e-02  2.000000e-01 -2.985246e-01
     vertex -1.214197e-02  2.000000e-01 -2.997542e-01
     vertex  2.698704e-02  2.000000e-01 -2.645656e-01
   endloop
 endfacet
 facet normal  0.000000e+00  1.000000e+00 -0.000000e+00
   outer loop
     vertex -1.214197e-02  2.000000e-01 -2.997542e-01
     vertex -2.347173e-02  2.000000e-01 -2.632042e-01
     vertex  2.698704e-02  2.000000e-01 -2.645656e-01
   endloop
 endfacet
 facet normal  0.000000e+00  1.000000e+00  0.000000e+00
   outer loop
     vertex  7.099637e-02  2.000000e-01 -2.914782e-01
     vertex  2.971671e-02  2.000000e-01 -2.985246e-01
     vertex  2.698704e-02  2.000000e-01 -2.645656e-01
   endloop
 endfacet
 facet normal  0.000000e+00  1.000000e+00  0.000000e+00
   outer loop
     vertex  1.108926e-01  2.000000e-01 -2.787523e-01
     vertex  7.099637e-02  2.000000e-01 -2.914782e-01
     vertex  7.621646e-02  2.000000e-01 -2.537660e-01
   endloop
 endfacet
 facet normal  0.000000e+00  1.000000e+00  0.000000e+00
   outer loop
     vertex  1.505371e-01  2.000000e-01 -2.594968e-01
     vertex  1.108926e-01  2.000000e-01 -2.787523e-01
     vertex  1.159888e-01  2.000000e-01 -2.387184e-01
   endloop
 endfacet
 facet normal  0.000000e+00  1.000000e+00 -0.000000e+00
   outer loop
     vertex  1.108926e-01  2.000000e-01 -2.787523e-01
     vertex  7.621646e-02  2.000000e-01 -2.537660e-01
     vertex  1.159888e-01  2.000000e-01 -2.387184e-01
   endloop
 endfacet
 facet normal  0.000000e+00  1.000000e+00  0.000000e+00
   outer loop
     vertex  1.903570e-01  2.000000e-01 -2.318711e-01
     vertex  1.505371e-01  2.000000e-01 -2.594968e-01
     vertex  1.523714e-01  2.000000e-01 -2.180608e-01
   endloop
 endfacet
 facet normal  0.000000e+00  1.000000e+00  0.000000e+00
   outer loop
     vertex  2.207902e-01  2.000000e-01 -2.031051e-01
     vertex  1.903570e-01  2.000000e-01 -2.318711e-01
     vertex  1.844070e-01  2.000000e-01 -1.927081e-01
   endloop
 endfacet
 facet normal  0.000000e+00  1.000000e+00  0.000000e+00
   outer loop
     vertex  1.903570e-01  2.000000e-01 -2.318711e-01
     vertex  1.523714e-01  2.000000e-01 -2.180608e-01
     vertex  1.844070e-01  2.000000e-01 -1.927081e-01
   endloop
 endfacet
 facet normal  0.000000e+00  1.000000e+00  0.000000e+00
   outer loop
     vertex  2.493960e-01  2.000000e-01 -1.667383e-01
     vertex  2.207902e-01  2.000000e-01 -2.031051e-01
     vertex  2.119269e-01  2.000000e-01 -1.622090e-01
   endloop
 endfacet
 facet normal  0.000000e+00  1.000000e+00  0.000000e+00
   outer loop
     vertex  2.207902e-01  2.000000e-01 -2.031051e-01
     vertex  1.844070e-01  2.000000e-01 -1.927081e-01
     vertex  2.119269e-01  2.000000e-01 -1.622090e-01
   endloop
 endfacet
 facet normal  7.088599e-16  1.000000e+00 -4.026519e-16
   outer loop
     vertex  2.709330e-01  2.000000e-01 -1.288228e-01
     vertex  2.493960e-01  2.000000e-01 -1.667383e-01
     vertex  2.340275e-01  2.000000e-01 -1.248623e-01
   endloop
 endfacet
 facet normal -8.383995e-17  1.000000e+00 -6.935726e-16
   outer loop
     vertex  2.493960e-01  2.000000e-01 -1.667383e-01
     vertex  2.119269e-01  2.000000e-01 -1.622090e-01
     vertex  2.340275e-01  2.000000e-01 -1.248623e-01
   endloop
 endfacet
 facet normal -1.091560e-16  1.000000e+00 -5.941403e-16
   outer loop
     vertex  2.876534e-01  2.000000e-01 -8.517920e-02
     vertex  2.709330e-01  2.000000e-01 -1.288228e-01
     vertex  2.548792e-01  2.000000e-01 -7.915788e-02
   endloop
 endfacet
 facet normal  7.169675e-16  1.000000e+00 -3.271029e-16
   outer loop
     vertex  2.709330e-01  2.000000e-01 -1.288228e-01
     vertex  2.340275e-01  2.000000e-01 -1.248623e-01
     vertex  2.548792e-01  2.000000e-01 -7.915788e-02
   endloop
 endfacet
 facet normal  0.000000e+00  1.000000e+00  0.000000e+00
   outer loop
     vertex  2.967121e-01  2.000000e-01 -4.429395e-02
     vertex  2.876534e-01  2.000000e-01 -8.517920e-02
     vertex  2.548792e-01  2.000000e-01 -7.915788e-02
   endloop
 endfacet
 facet normal -0.000000e+00  1.000000e+00  0.000000e+00
   outer loop
     vertex  2.615232e-01  2.000000e-01 -3.993819e-02
     vertex  2.764779e-01  2.000000e-01 -1.372246e-02
     vertex  2.967121e-01  2.000000e-01 -4.429395e-02
   endloop
 endfacet
 facet normal  0.000000e+00  1.000000e+00  0.000000e+00
   outer loop
     vertex  2.996495e-01  2.000000e-01  1.449821e-02
     vertex  3.000000e-01  2.000000e-01 -7.347881e-17
     vertex  2.707278e-01  2.000000e-01  1.014549e-02
   endloop
 endfacet
 facet normal  0.000000e+00  1.000000e+00  0.000000e+00
   outer loop
     vertex -1.391140e-01  2.000000e-01  2.657956e-01
     vertex -9.215174e-02  2.000000e-01  2.498573e-01
     vertex -1.381081e-01  2.000000e-01  2.281094e-01
   endloop
 endfacet
 facet normal  0.000000e+00  1.000000e+00  0.000000e+00
   outer loop
     vertex  1.491176e-01  2.000000e-01  2.603151e-01
     vertex  1.633335e-01  2.000000e-01  2.102861e-01
     vertex  1.183149e-01  2.000000e-01  2.380507e-01
   endloop
 endfacet
 facet normal  0.000000e+00  1.000000e+00  0.000000e+00
   outer loop
     vertex -2.115529e-01  2.000000e-01  2.127096e-01
     vertex -1.735832e-01  2.000000e-01  2.037500e-01
     vertex -2.035278e-01  2.000000e-01  1.740451e-01
   endloop
 endfacet
 facet normal -0.000000e+00  1.000000e+00  0.000000e+00
   outer loop
     vertex -2.989944e-01  2.000000e-01 -2.454279e-02
     vertex -2.646479e-01  2.000000e-01  1.210781e-02
     vertex -2.626504e-01  2.000000e-01 -4.009397e-02
   endloop
 endfacet
 facet normal  0.000000e+00  1.000000e+00 -0.000000e+00
   outer loop
     vertex  7.099637e-02  2.000000e-01 -2.914782e-01
     vertex  2.698704e-02  2.000000e-01 -2.645656e-01
     vertex  7.621646e-02  2.000000e-01 -2.537660e-01
   endloop
 endfacet
 facet normal  0.000000e+00  1.000000e+00 -0.000000e+00
   outer loop
     vertex  1.505371e-01  2.000000e-01 -2.594968e-01
     vertex  1.159888e-01  2.000000e-01 -2.387184e-01
     vertex  1.523714e-01  2.000000e-01 -2.180608e-01
   endloop
 endfacet
 facet normal  0.000000e+00  1.000000e+00  0.000000e+00
   outer loop
     vertex  2.967121e-01  2.000000e-01 -4.429395e-02
     vertex  2.548792e-01  2.000000e-01 -7.915788e-02
     vertex  2.615232e-01  2.000000e-01 -3.993819e-02
   endloop
 endfacet
 facet normal  0.000000e+00  1.000000e+00  0.000000e+00
   outer loop
     vertex  2.996495e-01  2.000000e-01  1.449821e-02
     vertex  2.707278e-01  2.000000e-01  1.014549e-02
     vertex  2.696131e-01  2.000000e-01  3.757018e-02
   endloop
 endfacet
 facet normal  0.000000e+00  1.000000e+00  0.000000e+00
   outer loop
     vertex  2.958663e-01  2.000000e-01  4.962966e-02
     vertex  2.696131e-01  2.000000e-01  3.757018e-02
     vertex  2.627315e-01  2.000000e-01  7.048663e-02
   endloop
 endfacet
 facet normal -0.000000e+00  1.000000e+00  0.000000e+00
   outer loop
     vertex -1.381081e-01  2.000000e-01  2.281094e-01
     vertex -9.215174e-02  2.000000e-01  2.498573e-01
     vertex -1.046593e-01  2.000000e-01  2.094210e-01
   endloop
 endfacet
 facet normal -7.101793e-17  1.000000e+00 -8.275144e-16
   outer loop
     vertex  2.260169e-01  2.000000e-01  1.406168e-01
     vertex  2.471737e-01  2.000000e-01  1.052602e-01
     vertex  2.094682e-01  2.000000e-01  1.084961e-01
   endloop
 endfacet
 facet normal  0.000000e+00  1.000000e+00  0.000000e+00
   outer loop
     vertex  1.997359e-01  2.000000e-01  1.743643e-01
     vertex  2.260169e-01  2.000000e-01  1.406168e-01
     vertex  1.865338e-01  2.000000e-01  1.405152e-01
   endloop
 endfacet
 facet normal  2.225251e-18  1.000000e+00 -8.652495e-16
   outer loop
     vertex  2.260169e-01  2.000000e-01  1.406168e-01
     vertex  2.094682e-01  2.000000e-01  1.084961e-01
     vertex  1.865338e-01  2.000000e-01  1.405152e-01
   endloop
 endfacet
 facet normal  0.000000e+00  1.000000e+00  0.000000e+00
   outer loop
     vertex  1.633335e-01  2.000000e-01  2.102861e-01
     vertex  1.997359e-01  2.000000e-01  1.743643e-01
     vertex  1.574197e-01  2.000000e-01  1.711707e-01
   endloop
 endfacet
 facet normal  0.000000e+00  1.000000e+00  0.000000e+00
   outer loop
     vertex  1.997359e-01  2.000000e-01  1.743643e-01
     vertex  1.865338e-01  2.000000e-01  1.405152e-01
     vertex  1.574197e-01  2.000000e-01  1.711707e-01
   endloop
 endfacet
 facet normal  0.000000e+00  1.000000e+00  0.000000e+00
   outer loop
     vertex  7.823184e-02  2.000000e-01  2.543449e-01
     vertex  1.183149e-01  2.000000e-01  2.380507e-01
     vertex  8.829012e-02  2.000000e-01  2.181733e-01
   endloop
 endfacet
 facet normal -0.000000e+00  1.000000e+00  0.000000e+00
   outer loop
     vertex -2.035278e-01  2.000000e-01  1.740451e-01
     vertex -1.735832e-01  2.000000e-01  2.037500e-01
     vertex -1.690656e-01  2.000000e-01  1.672230e-01
   endloop
 endfacet
 facet normal  0.000000e+00  1.000000e+00  0.000000e+00
   outer loop
     vertex  3.862987e-02  2.000000e-01  2.624051e-01
     vertex  7.823184e-02  2.000000e-01  2.543449e-01
     vertex  5.211158e-02  2.000000e-01  2.290843e-01
   endloop
 endfacet
 facet normal  0.000000e+00  1.000000e+00  0.000000e+00
   outer loop
     vertex  7.823184e-02  2.000000e-01  2.543449e-01
     vertex  8.829012e-02  2.000000e-01  2.181733e-01
     vertex  5.211158e-02  2.000000e-01  2.290843e-01
   endloop
 endfacet
 facet normal  0.000000e+00  1.000000e+00  0.000000e+00
   outer loop
     vertex -1.595245e-03  2.000000e-01  2.639560e-01
     vertex  3.862987e-02  2.000000e-01  2.624051e-01
     vertex  1.523891e-02  2.000000e-01  2.308552e-01
   endloop
 endfacet
 facet normal  0.000000e+00  1.000000e+00  0.000000e+00
   outer loop
     vertex  3.862987e-02  2.000000e-01  2.624051e-01
     vertex  5.211158e-02  2.000000e-01  2.290843e-01
     vertex  1.523891e-02  2.000000e-01  2.308552e-01
   endloop
 endfacet
 facet normal -0.000000e+00  1.000000e+00  0.000000e+00
   outer loop
     vertex -4.343378e-02  2.000000e-01  2.602283e-01
     vertex -1.595245e-03  2.000000e-01  2.639560e-01
     vertex -2.373152e-02  2.000000e-01  2.287727e-01
   endloop
 endfacet
 facet normal  0.000000e+00  1.000000e+00  0.000000e+00
   outer loop
     vertex -1.595245e-03  2.000000e-01  2.639560e-01
     vertex  1.523891e-02  2.000000e-01  2.308552e-01
     vertex -2.373152e-02  2.000000e-01  2.287727e-01
   endloop
 endfacet
 facet normal -0.000000e+00  1.000000e+00  0.000000e+00
   outer loop
     vertex -9.215174e-02  2.000000e-01  2.498573e-01
     vertex -4.343378e-02  2.000000e-01  2.602283e-01
     vertex -6.439229e-02  2.000000e-01  2.221639e-01
   endloop
 endfacet
 facet normal  0.000000e+00  1.000000e+00  0.000000e+00
   outer loop
     vertex -1.046593e-01  2.000000e-01  2.094210e-01
     vertex -9.215174e-02  2.000000e-01  2.498573e-01
     vertex -6.439229e-02  2.000000e-01  2.221639e-01
   endloop
 endfacet
 facet normal  0.000000e+00  1.000000e+00  0.000000e+00
   outer loop
     vertex -4.343378e-02  2.000000e-01  2.602283e-01
     vertex -2.373152e-02  2.000000e-01  2.287727e-01
     vertex -6.439229e-02  2.000000e-01  2.221639e-01
   endloop
 endfacet
 facet normal -0.000000e+00  1.000000e+00  0.000000e+00
   outer loop
     vertex -1.735832e-01  2.000000e-01  2.037500e-01
     vertex -1.381081e-01  2.000000e-01  2.281094e-01
     vertex -1.401544e-01  2.000000e-01  1.917828e-01
   endloop
 endfacet
 facet normal  0.000000e+00  1.000000e+00 -0.000000e+00
   outer loop
     vertex -1.690656e-01  2.000000e-01  1.672230e-01
     vertex -1.735832e-01  2.000000e-01  2.037500e-01
     vertex -1.401544e-01  2.000000e-01  1.917828e-01
   endloop
 endfacet
 facet normal  0.000000e+00  1.000000e+00  0.000000e+00
   outer loop
     vertex -1.381081e-01  2.000000e-01  2.281094e-01
     vertex -1.046593e-01  2.000000e-01  2.094210e-01
     vertex -1.401544e-01  2.000000e-01  1.917828e-01
   endloop
 endfacet
 facet normal  0.000000e+00  1.000000e+00  0.000000e+00
   outer loop
     vertex  1.183149e-01  2.000000e-01  2.380507e-01
     vertex  1.633335e-01  2.000000e-01  2.102861e-01
     vertex  1.232453e-01  2.000000e-01  1.976148e-01
   endloop
 endfacet
 facet normal -0.000000e+00  1.000000e+00  0.000000e+00
   outer loop
     vertex  8.829012e-02  2.000000e-01  2.181733e-01
     vertex  1.183149e-01  2.000000e-01  2.380507e-01
     vertex  1.232453e-01  2.000000e-01  1.976148e-01
   endloop
 endfacet
 facet normal  0.000000e+00  1.000000e+00  0.000000e+00
   outer loop
     vertex  1.633335e-01  2.000000e-01  2.102861e-01
     vertex  1.574197e-01  2.000000e-01  1.711707e-01
     vertex  1.232453e-01  2.000000e-01  1.976148e-01
   endloop
 endfacet
 facet normal  7.611484e-17  1.000000e+00 -8.061927e-16
   outer loop
     vertex -2.449616e-01  2.000000e-01  1.049265e-01
     vertex -2.272171e-01  2.000000e-01  1.410297e-01
     vertex -2.111613e-01  2.000000e-01  1.081176e-01
   endloop
 endfacet
 facet normal  0.000000e+00  1.000000e+00  0.000000e+00
   outer loop
     vertex -2.568703e-01  2.000000e-01  6.444817e-02
     vertex -2.449616e-01  2.000000e-01  1.049265e-01
     vertex -2.222517e-01  2.000000e-01  7.201466e-02
   endloop
 endfacet
 facet normal -0.000000e+00  1.000000e+00  0.000000e+00
   outer loop
     vertex -2.449616e-01  2.000000e-01  1.049265e-01
     vertex -2.111613e-01  2.000000e-01  1.081176e-01
     vertex -2.222517e-01  2.000000e-01  7.201466e-02
   endloop
 endfacet
 facet normal  0.000000e+00  1.000000e+00  0.000000e+00
   outer loop
     vertex -2.646479e-01  2.000000e-01  1.210781e-02
     vertex -2.568703e-01  2.000000e-01  6.444817e-02
     vertex -2.291587e-01  2.000000e-01  3.016797e-02
   endloop
 endfacet
 facet normal -0.000000e+00  1.000000e+00  0.000000e+00
   outer loop
     vertex -2.568703e-01  2.000000e-01  6.444817e-02
     vertex -2.222517e-01  2.000000e-01  7.201466e-02
     vertex -2.291587e-01  2.000000e-01  3.016797e-02
   endloop
 endfacet
 facet normal  0.000000e+00  1.000000e+00 -0.000000e+00
   outer loop
     vertex -2.546575e-01  2.000000e-01 -8.168063e-02
     vertex -2.626504e-01  2.000000e-01 -4.009397e-02
     vertex -2.328530e-01  2.000000e-01 -5.720839e-02
   endloop
 endfacet
 facet normal  0.000000e+00  1.000000e+00  0.000000e+00
   outer loop
     vertex  7.621646e-02  2.000000e-01 -2.537660e-01
     vertex  2.698704e-02  2.000000e-01 -2.645656e-01
     vertex  4.544212e-02  2.000000e-01 -2.277791e-01
   endloop
 endfacet
 facet normal  0.000000e+00  1.000000e+00 -0.000000e+00
   outer loop
     vertex -1.722361e-01  2.000000e-01 -2.456313e-01
     vertex -2.068980e-01  2.000000e-01 -2.172400e-01
     vertex -1.625248e-01  2.000000e-01 -2.118131e-01
   endloop
 endfacet
 facet normal  0.000000e+00  1.000000e+00 -0.000000e+00
   outer loop
     vertex -2.377719e-01  2.000000e-01 -1.174983e-01
     vertex -2.546575e-01  2.000000e-01 -8.168063e-02
     vertex -2.176611e-01  2.000000e-01 -8.790174e-02
   endloop
 endfacet
 facet normal -0.000000e+00  1.000000e+00  0.000000e+00
   outer loop
     vertex -2.546575e-01  2.000000e-01 -8.168063e-02
     vertex -2.328530e-01  2.000000e-01 -5.720839e-02
     vertex -2.176611e-01  2.000000e-01 -8.790174e-02
   endloop
 endfacet
 facet normal -5.267935e-17  1.000000e+00 -8.551031e-16
   outer loop
     vertex -2.160752e-01  2.000000e-01 -1.512937e-01
     vertex -2.377719e-01  2.000000e-01 -1.174983e-01
     vertex -1.973154e-01  2.000000e-01 -1.199906e-01
   endloop
 endfacet
 facet normal -0.000000e+00  1.000000e+00  0.000000e+00
   outer loop
     vertex -2.377719e-01  2.000000e-01 -1.174983e-01
     vertex -2.176611e-01  2.000000e-01 -8.790174e-02
     vertex -1.973154e-01  2.000000e-01 -1.199906e-01
   endloop
 endfacet
 facet normal  0.000000e+00  1.000000e+00 -0.000000e+00
   outer loop
     vertex -1.902034e-01  2.000000e-01 -1.830528e-01
     vertex -2.160752e-01  2.000000e-01 -1.512937e-01
     vertex -1.726383e-01  2.000000e-01 -1.511176e-01
   endloop
 endfacet
 facet normal  3.603082e-18  1.000000e+00 -8.888328e-16
   outer loop
     vertex -2.160752e-01  2.000000e-01 -1.512937e-01
     vertex -1.973154e-01  2.000000e-01 -1.199906e-01
     vertex -1.726383e-01  2.000000e-01 -1.511176e-01
   endloop
 endfacet
 facet normal  0.000000e+00  1.000000e+00  0.000000e+00
   outer loop
     vertex -1.052319e-01  2.000000e-01 -2.464305e-01
     vertex -1.390573e-01  2.000000e-01 -2.365416e-01
     vertex -1.204934e-01  2.000000e-01 -2.111453e-01
   endloop
 endfacet
 facet normal  0.000000e+00  1.000000e+00  0.000000e+00
   outer loop
     vertex -1.390573e-01  2.000000e-01 -2.365416e-01
     vertex -1.722361e-01  2.000000e-01 -2.456313e-01
     vertex -1.625248e-01  2.000000e-01 -2.118131e-01
   endloop
 endfacet
 facet normal  0.000000e+00  1.000000e+00  0.000000e+00
   outer loop
     vertex -6.578392e-02  2.000000e-01 -2.566715e-01
     vertex -1.052319e-01  2.000000e-01 -2.464305e-01
     vertex -7.997810e-02  2.000000e-01 -2.198923e-01
   endloop
 endfacet
 facet normal  0.000000e+00  1.000000e+00 -0.000000e+00
   outer loop
     vertex -1.052319e-01  2.000000e-01 -2.464305e-01
     vertex -1.204934e-01  2.000000e-01 -2.111453e-01
     vertex -7.997810e-02  2.000000e-01 -2.198923e-01
   endloop
 endfacet
 facet normal  0.000000e+00  1.000000e+00  0.000000e+00
   outer loop
     vertex -2.347173e-02  2.000000e-01 -2.632042e-01
     vertex -6.578392e-02  2.000000e-01 -2.566715e-01
     vertex -3.880515e-02  2.000000e-01 -2.282859e-01
   endloop
 endfacet
 facet normal  0.000000e+00  1.000000e+00 -0.000000e+00
   outer loop
     vertex -6.578392e-02  2.000000e-01 -2.566715e-01
     vertex -7.997810e-02  2.000000e-01 -2.198923e-01
     vertex -3.880515e-02  2.000000e-01 -2.282859e-01
   endloop
 endfacet
 facet normal  0.000000e+00  1.000000e+00  0.000000e+00
   outer loop
     vertex  2.698704e-02  2.000000e-01 -2.645656e-01
     vertex -2.347173e-02  2.000000e-01 -2.632042e-01
     vertex  3.444071e-03  2.000000e-01 -2.312158e-01
   endloop
 endfacet
 facet normal  0.000000e+00  1.000000e+00  0.000000e+00
   outer loop
     vertex  4.544212e-02  2.000000e-01 -2.277791e-01
     vertex  2.698704e-02  2.000000e-01 -2.645656e-01
     vertex  3.444071e-03  2.000000e-01 -2.312158e-01
   endloop
 endfacet
 facet normal  0.000000e+00  1.000000e+00 -0.000000e+00
   outer loop
     vertex -2.347173e-02  2.000000e-01 -2.632042e-01
     vertex -3.880515e-02  2.000000e-01 -2.282859e-01
     vertex  3.444071e-03  2.000000e-01 -2.312158e-01
   endloop
 endfacet
 facet normal  0.000000e+00  1.000000e+00  0.000000e+00
   outer loop
     vertex  1.159888e-01  2.000000e-01 -2.387184e-01
     vertex  7.621646e-02  2.000000e-01 -2.537660e-01
     vertex  8.463892e-02  2.000000e-01 -2.173073e-01
   endloop
 endfacet
 facet normal  0.000000e+00  1.000000e+00 -0.000000e+00
   outer loop
     vertex  7.621646e-02  2.000000e-01 -2.537660e-01
     vertex  4.544212e-02  2.000000e-01 -2.277791e-01
     vertex  8.463892e-02  2.000000e-01 -2.173073e-01
   endloop
 endfacet
 facet normal  0.000000e+00  1.000000e+00  0.000000e+00
   outer loop
     vertex  1.523714e-01  2.000000e-01 -2.180608e-01
     vertex  1.159888e-01  2.000000e-01 -2.387184e-01
     vertex  1.195085e-01  2.000000e-01 -2.010219e-01
   endloop
 endfacet
 facet normal  0.000000e+00  1.000000e+00 -0.000000e+00
   outer loop
     vertex  1.159888e-01  2.000000e-01 -2.387184e-01
     vertex  8.463892e-02  2.000000e-01 -2.173073e-01
     vertex  1.195085e-01  2.000000e-01 -2.010219e-01
   endloop
 endfacet
 facet normal  0.000000e+00  1.000000e+00  0.000000e+00
   outer loop
     vertex  2.615232e-01  2.000000e-01 -3.993819e-02
     vertex  2.548792e-01  2.000000e-01 -7.915788e-02
     vertex  2.326154e-01  2.000000e-01 -4.782627e-02
   endloop
 endfacet
 facet normal  0.000000e+00  1.000000e+00  0.000000e+00
   outer loop
     vertex  2.119269e-01  2.000000e-01 -1.622090e-01
     vertex  1.844070e-01  2.000000e-01 -1.927081e-01
     vertex  1.776851e-01  2.000000e-01 -1.570595e-01
   endloop
 endfacet
 facet normal -7.823862e-16  1.000000e+00 -2.801971e-16
   outer loop
     vertex  2.340275e-01  2.000000e-01 -1.248623e-01
     vertex  2.119269e-01  2.000000e-01 -1.622090e-01
     vertex  1.989699e-01  2.000000e-01 -1.260295e-01
   endloop
 endfacet
 facet normal  0.000000e+00  1.000000e+00  0.000000e+00
   outer loop
     vertex  2.119269e-01  2.000000e-01 -1.622090e-01
     vertex  1.776851e-01  2.000000e-01 -1.570595e-01
     vertex  1.989699e-01  2.000000e-01 -1.260295e-01
   endloop
 endfacet
 facet normal  0.000000e+00  1.000000e+00  0.000000e+00
   outer loop
     vertex  2.548792e-01  2.000000e-01 -7.915788e-02
     vertex  2.340275e-01  2.000000e-01 -1.248623e-01
     vertex  2.128498e-01  2.000000e-01 -8.544202e-02
   endloop
 endfacet
 facet normal  0.000000e+00  1.000000e+00  0.000000e+00
   outer loop
     vertex  2.326154e-01  2.000000e-01 -4.782627e-02
     vertex  2.548792e-01  2.000000e-01 -7.915788e-02
     vertex  2.128498e-01  2.000000e-01 -8.544202e-02
   endloop
 endfacet
 facet normal -7.778027e-16  1.000000e+00 -4.178580e-16
   outer loop
     vertex  2.340275e-01  2.000000e-01 -1.248623e-01
     vertex  1.989699e-01  2.000000e-01 -1.260295e-01
     vertex  2.128498e-01  2.000000e-01 -8.544202e-02
   endloop
 endfacet
 facet normal  0.000000e+00  1.000000e+00  0.000000e+00
   outer loop
     vertex  2.696131e-01  2.000000e-01  3.757018e-02
     vertex  2.707278e-01  2.000000e-01  1.014549e-02
     vertex  2.414074e-01  2.000000e-01  2.351587e-02
   endloop
 endfacet
 facet normal  0.000000e+00  1.000000e+00  0.000000e+00
   outer loop
     vertex  2.627315e-01  2.000000e-01  7.048663e-02
     vertex  2.696131e-01  2.000000e-01  3.757018e-02
     vertex  2.429848e-01  2.000000e-01  5.151802e-02
   endloop
 endfacet
 facet normal  0.000000e+00  1.000000e+00  0.000000e+00
   outer loop
     vertex  2.696131e-01  2.000000e-01  3.757018e-02
     vertex  2.414074e-01  2.000000e-01  2.351587e-02
     vertex  2.429848e-01  2.000000e-01  5.151802e-02
   endloop
 endfacet
 facet normal  0.000000e+00  1.000000e+00  0.000000e+00
   outer loop
     vertex  2.471737e-01  2.000000e-01  1.052602e-01
     vertex  2.627315e-01  2.000000e-01  7.048663e-02
     vertex  2.280083e-01  2.000000e-01  7.760904e-02
   endloop
 endfacet
 facet normal  0.000000e+00  1.000000e+00  0.000000e+00
   outer loop
     vertex  2.094682e-01  2.000000e-01  1.084961e-01
     vertex  2.471737e-01  2.000000e-01  1.052602e-01
     vertex  2.280083e-01  2.000000e-01  7.760904e-02
   endloop
 endfacet
 facet normal  0.000000e+00  1.000000e+00  0.000000e+00
   outer loop
     vertex  2.627315e-01  2.000000e-01  7.048663e-02
     vertex  2.429848e-01  2.000000e-01  5.151802e-02
     vertex  2.280083e-01  2.000000e-01  7.760904e-02
   endloop
 endfacet
 facet normal -0.000000e+00  1.000000e+00  0.000000e+00
   outer loop
     vertex -2.272171e-01  2.000000e-01  1.410297e-01
     vertex -2.035278e-01  2.000000e-01  1.740451e-01
     vertex -1.920451e-01  2.000000e-01  1.395778e-01
   endloop
 endfacet
 facet normal -3.552836e-17  1.000000e+00 -8.606568e-16
   outer loop
     vertex -2.111613e-01  2.000000e-01  1.081176e-01
     vertex -2.272171e-01  2.000000e-01  1.410297e-01
     vertex -1.920451e-01  2.000000e-01  1.395778e-01
   endloop
 endfacet
 facet normal  0.000000e+00  1.000000e+00  0.000000e+00
   outer loop
     vertex -2.035278e-01  2.000000e-01  1.740451e-01
     vertex -1.690656e-01  2.000000e-01  1.672230e-01
     vertex -1.920451e-01  2.000000e-01  1.395778e-01
   endloop
 endfacet
 facet normal  0.000000e+00  1.000000e+00  0.000000e+00
   outer loop
     vertex  1.844070e-01  2.000000e-01 -1.927081e-01
     vertex  1.523714e-01  2.000000e-01 -2.180608e-01
     vertex  1.503225e-01  2.000000e-01 -1.804437e-01
   endloop
 endfacet
 facet normal  0.000000e+00  1.000000e+00  0.000000e+00
   outer loop
     vertex  1.776851e-01  2.000000e-01 -1.570595e-01
     vertex  1.844070e-01  2.000000e-01 -1.927081e-01
     vertex  1.503225e-01  2.000000e-01 -1.804437e-01
   endloop
 endfacet
 facet normal  0.000000e+00  1.000000e+00  0.000000e+00
   outer loop
     vertex  1.523714e-01  2.000000e-01 -2.180608e-01
     vertex  1.195085e-01  2.000000e-01 -2.010219e-01
     vertex  1.503225e-01  2.000000e-01 -1.804437e-01
   endloop
 endfacet
 facet normal  0.000000e+00  1.000000e+00 -0.000000e+00
   outer loop
     vertex -1.625248e-01  2.000000e-01 -2.118131e-01
     vertex -1.902034e-01  2.000000e-01 -1.830528e-01
     vertex -1.453416e-01  2.000000e-01 -1.807731e-01
   endloop
 endfacet
 facet normal  0.000000e+00  1.000000e+00  0.000000e+00
   outer loop
     vertex -1.902034e-01  2.000000e-01 -1.830528e-01
     vertex -1.726383e-01  2.000000e-01 -1.511176e-01
     vertex -1.453416e-01  2.000000e-01 -1.807731e-01
   endloop
 endfacet
 facet normal  0.000000e+00  1.000000e+00 -0.000000e+00
   outer loop
     vertex -1.390573e-01  2.000000e-01 -2.365416e-01
     vertex -1.625248e-01  2.000000e-01 -2.118131e-01
     vertex -1.204934e-01  2.000000e-01 -2.111453e-01
   endloop
 endfacet
 facet normal  0.000000e+00  1.000000e+00 -0.000000e+00
   outer loop
     vertex -2.626504e-01  2.000000e-01 -4.009397e-02
     vertex -2.646479e-01  2.000000e-01  1.210781e-02
     vertex -2.260672e-01  2.000000e-01 -1.947297e-02
   endloop
 endfacet
 facet normal  0.000000e+00  1.000000e+00 -0.000000e+00
   outer loop
     vertex -2.328530e-01  2.000000e-01 -5.720839e-02
     vertex -2.626504e-01  2.000000e-01 -4.009397e-02
     vertex -2.260672e-01  2.000000e-01 -1.947297e-02
   endloop
 endfacet
 facet normal -0.000000e+00  1.000000e+00  0.000000e+00
   outer loop
     vertex -2.646479e-01  2.000000e-01  1.210781e-02
     vertex -2.291587e-01  2.000000e-01  3.016797e-02
     vertex -2.260672e-01  2.000000e-01 -1.947297e-02
   endloop
 endfacet
 facet normal  0.000000e+00  1.000000e+00  0.000000e+00
   outer loop
     vertex  2.615232e-01  2.000000e-01 -3.993819e-02
     vertex  2.326154e-01  2.000000e-01 -4.782627e-02
     vertex  2.430283e-01  2.000000e-01 -1.061209e-02
   endloop
 endfacet
 facet normal  0.000000e+00  1.000000e+00  0.000000e+00
   outer loop
     vertex -1.625248e-01  2.000000e-01 -2.118131e-01
     vertex -1.453416e-01  2.000000e-01 -1.807731e-01
     vertex -1.204934e-01  2.000000e-01 -2.111453e-01
   endloop
 endfacet
 facet normal  0.000000e+00  1.000000e+00  0.000000e+00
   outer loop
     vertex  2.414074e-01  2.000000e-01  2.351587e-02
     vertex  2.707278e-01  2.000000e-01  1.014549e-02
     vertex  2.430283e-01  2.000000e-01 -1.061209e-02
   endloop
 endfacet
 facet normal  0.000000e+00  1.000000e+00  0.000000e+00
   outer loop
     vertex  3.000000e-01  2.000000e-01 -7.347881e-17
     vertex  2.998306e-01  2.000000e-01 -1.008130e-02
     vertex  2.764779e-01  2.000000e-01 -1.372246e-02
   endloop
 endfacet
 facet normal  0.000000e+00  1.000000e+00  0.000000e+00
   outer loop
     vertex  2.998306e-01  2.000000e-01 -1.008130e-02
     vertex  2.967121e-01  2.000000e-01 -4.429395e-02
     vertex  2.764779e-01  2.000000e-01 -1.372246e-02
   endloop
 endfacet
 facet normal  0.000000e+00  1.000000e+00  0.000000e+00
   outer loop
     vertex  3.000000e-01  2.000000e-01 -7.347881e-17
     vertex  2.764779e-01  2.000000e-01 -1.372246e-02
     vertex  2.707278e-01  2.000000e-01  1.014549e-02
   endloop
 endfacet
 facet normal  0.000000e+00  1.000000e+00  0.000000e+00
   outer loop
     vertex  1.574197e-01  2.000000e-01  1.711707e-01
     vertex  1.865338e-01  2.000000e-01  1.405152e-01
     vertex  1.497307e-01  2.000000e-01  1.365768e-01
   endloop
 endfacet
 facet normal  0.000000e+00  1.000000e+00  0.000000e+00
   outer loop
     vertex  1.523891e-02  2.000000e-01  2.308552e-01
     vertex  5.211158e-02  2.000000e-01  2.290843e-01
     vertex  3.210783e-02  2.000000e-01  1.996030e-01
   endloop
 endfacet
 facet normal -0.000000e+00  1.000000e+00  0.000000e+00
   outer loop
     vertex -2.373152e-02  2.000000e-01  2.287727e-01
     vertex  1.523891e-02  2.000000e-01  2.308552e-01
     vertex -3.543110e-03  2.000000e-01  1.981901e-01
   endloop
 endfacet
 facet normal  0.000000e+00  1.000000e+00  0.000000e+00
   outer loop
     vertex  1.523891e-02  2.000000e-01  2.308552e-01
     vertex  3.210783e-02  2.000000e-01  1.996030e-01
     vertex -3.543110e-03  2.000000e-01  1.981901e-01
   endloop
 endfacet
 facet normal  0.000000e+00  1.000000e+00  0.000000e+00
   outer loop
     vertex  8.463892e-02  2.000000e-01 -2.173073e-01
     vertex  4.544212e-02  2.000000e-01 -2.277791e-01
     vertex  5.805358e-02  2.000000e-01 -1.944699e-01
   endloop
 endfacet
 facet normal  0.000000e+00  1.000000e+00  0.000000e+00
   outer loop
     vertex -2.222517e-01  2.000000e-01  7.201466e-02
     vertex -2.111613e-01  2.000000e-01  1.081176e-01
     vertex -1.896580e-01  2.000000e-01  8.036394e-02
   endloop
 endfacet
 facet normal  0.000000e+00  1.000000e+00  0.000000e+00
   outer loop
     vertex  1.989699e-01  2.000000e-01 -1.260295e-01
     vertex  1.776851e-01  2.000000e-01 -1.570595e-01
     vertex  1.691568e-01  2.000000e-01 -1.280530e-01
   endloop
 endfacet
 facet normal  0.000000e+00  1.000000e+00 -0.000000e+00
   outer loop
     vertex -2.176611e-01  2.000000e-01 -8.790174e-02
     vertex -2.328530e-01  2.000000e-01 -5.720839e-02
     vertex -2.014943e-01  2.000000e-01 -5.744918e-02
   endloop
 endfacet
 facet normal  0.000000e+00  1.000000e+00 -0.000000e+00
   outer loop
     vertex -1.204934e-01  2.000000e-01 -2.111453e-01
     vertex -1.453416e-01  2.000000e-01 -1.807731e-01
     vertex -9.711992e-02  2.000000e-01 -1.804690e-01
   endloop
 endfacet
 facet normal  0.000000e+00  1.000000e+00  0.000000e+00
   outer loop
     vertex -2.291587e-01  2.000000e-01  3.016797e-02
     vertex -2.222517e-01  2.000000e-01  7.201466e-02
     vertex -1.962840e-01  2.000000e-01  4.534472e-02
   endloop
 endfacet
 facet normal -0.000000e+00  1.000000e+00  0.000000e+00
   outer loop
     vertex -2.222517e-01  2.000000e-01  7.201466e-02
     vertex -1.896580e-01  2.000000e-01  8.036394e-02
     vertex -1.962840e-01  2.000000e-01  4.534472e-02
   endloop
 endfacet
 facet normal  0.000000e+00  1.000000e+00  0.000000e+00
   outer loop
     vertex  2.430283e-01  2.000000e-01 -1.061209e-02
     vertex  2.326154e-01  2.000000e-01 -4.782627e-02
     vertex  2.099946e-01  2.000000e-01 -2.058600e-02
   endloop
 endfacet
 facet normal  0.000000e+00  1.000000e+00  0.000000e+00
   outer loop
     vertex  2.414074e-01  2.000000e-01  2.351587e-02
     vertex  2.430283e-01  2.000000e-01 -1.061209e-02
     vertex  2.115054e-01  2.000000e-01  1.309902e-02
   endloop
 endfacet
 facet normal  0.000000e+00  1.000000e+00  0.000000e+00
   outer loop
     vertex  2.430283e-01  2.000000e-01 -1.061209e-02
     vertex  2.099946e-01  2.000000e-01 -2.058600e-02
     vertex  2.115054e-01  2.000000e-01  1.309902e-02
   endloop
 endfacet
 facet normal  0.000000e+00  1.000000e+00 -0.000000e+00
   outer loop
     vertex -1.973154e-01  2.000000e-01 -1.199906e-01
     vertex -2.176611e-01  2.000000e-01 -8.790174e-02
     vertex -1.812798e-01  2.000000e-01 -8.885050e-02
   endloop
 endfacet
 facet normal -0.000000e+00  1.000000e+00  0.000000e+00
   outer loop
     vertex -2.176611e-01  2.000000e-01 -8.790174e-02
     vertex -2.014943e-01  2.000000e-01 -5.744918e-02
     vertex -1.812798e-01  2.000000e-01 -8.885050e-02
   endloop
 endfacet
 facet normal  1.833061e-17  1.000000e+00 -8.771570e-16
   outer loop
     vertex -1.726383e-01  2.000000e-01 -1.511176e-01
     vertex -1.973154e-01  2.000000e-01 -1.199906e-01
     vertex -1.576520e-01  2.000000e-01 -1.191618e-01
   endloop
 endfacet
 facet normal  0.000000e+00  1.000000e+00  0.000000e+00
   outer loop
     vertex -1.973154e-01  2.000000e-01 -1.199906e-01
     vertex -1.812798e-01  2.000000e-01 -8.885050e-02
     vertex -1.576520e-01  2.000000e-01 -1.191618e-01
   endloop
 endfacet
 facet normal  0.000000e+00  1.000000e+00  0.000000e+00
   outer loop
     vertex -7.997810e-02  2.000000e-01 -2.198923e-01
     vertex -1.204934e-01  2.000000e-01 -2.111453e-01
     vertex -9.711992e-02  2.000000e-01 -1.804690e-01
   endloop
 endfacet
 facet normal  0.000000e+00  1.000000e+00  0.000000e+00
   outer loop
     vertex  5.211158e-02  2.000000e-01  2.290843e-01
     vertex  8.829012e-02  2.000000e-01  2.181733e-01
     vertex  6.298874e-02  2.000000e-01  2.002982e-01
   endloop
 endfacet
 facet normal  0.000000e+00  1.000000e+00  0.000000e+00
   outer loop
     vertex -3.880515e-02  2.000000e-01 -2.282859e-01
     vertex -7.997810e-02  2.000000e-01 -2.198923e-01
     vertex -5.365395e-02  2.000000e-01 -1.952452e-01
   endloop
 endfacet
 facet normal  0.000000e+00  1.000000e+00 -0.000000e+00
   outer loop
     vertex -1.453416e-01  2.000000e-01 -1.807731e-01
     vertex -1.726383e-01  2.000000e-01 -1.511176e-01
     vertex -1.296464e-01  2.000000e-01 -1.482854e-01
   endloop
 endfacet
 facet normal  0.000000e+00  1.000000e+00  0.000000e+00
   outer loop
     vertex -9.711992e-02  2.000000e-01 -1.804690e-01
     vertex -1.453416e-01  2.000000e-01 -1.807731e-01
     vertex -1.296464e-01  2.000000e-01 -1.482854e-01
   endloop
 endfacet
 facet normal  5.904273e-17  1.000000e+00 -8.962497e-16
   outer loop
     vertex -1.726383e-01  2.000000e-01 -1.511176e-01
     vertex -1.576520e-01  2.000000e-01 -1.191618e-01
     vertex -1.296464e-01  2.000000e-01 -1.482854e-01
   endloop
 endfacet
 facet normal  0.000000e+00  1.000000e+00  0.000000e+00
   outer loop
     vertex  1.195085e-01  2.000000e-01 -2.010219e-01
     vertex  8.463892e-02  2.000000e-01 -2.173073e-01
     vertex  9.103319e-02  2.000000e-01 -1.828977e-01
   endloop
 endfacet
 facet normal  1.237338e-17  1.000000e+00 -8.579807e-16
   outer loop
     vertex  1.865338e-01  2.000000e-01  1.405152e-01
     vertex  2.094682e-01  2.000000e-01  1.084961e-01
     vertex  1.741713e-01  2.000000e-01  1.079871e-01
   endloop
 endfacet
 facet normal  0.000000e+00  1.000000e+00  0.000000e+00
   outer loop
     vertex  2.429848e-01  2.000000e-01  5.151802e-02
     vertex  2.414074e-01  2.000000e-01  2.351587e-02
     vertex  2.144230e-01  2.000000e-01  4.670060e-02
   endloop
 endfacet
 facet normal  0.000000e+00  1.000000e+00  0.000000e+00
   outer loop
     vertex  2.414074e-01  2.000000e-01  2.351587e-02
     vertex  2.115054e-01  2.000000e-01  1.309902e-02
     vertex  2.144230e-01  2.000000e-01  4.670060e-02
   endloop
 endfacet
 facet normal  0.000000e+00  1.000000e+00  0.000000e+00
   outer loop
     vertex  2.764779e-01  2.000000e-01 -1.372246e-02
     vertex  2.615232e-01  2.000000e-01 -3.993819e-02
     vertex  2.430283e-01  2.000000e-01 -1.061209e-02
   endloop
 endfacet
 facet normal  0.000000e+00  1.000000e+00  0.000000e+00
   outer loop
     vertex  9.103319e-02  2.000000e-01 -1.828977e-01
     vertex  8.463892e-02  2.000000e-01 -2.173073e-01
     vertex  5.805358e-02  2.000000e-01 -1.944699e-01
   endloop
 endfacet
 facet normal -0.000000e+00  1.000000e+00  0.000000e+00
   outer loop
     vertex -1.046593e-01  2.000000e-01  2.094210e-01
     vertex -6.439229e-02  2.000000e-01  2.221639e-01
     vertex -7.791819e-02  2.000000e-01  1.857297e-01
   endloop
 endfacet
 facet normal  0.000000e+00  1.000000e+00  0.000000e+00
   outer loop
     vertex  1.503225e-01  2.000000e-01 -1.804437e-01
     vertex  1.195085e-01  2.000000e-01 -2.010219e-01
     vertex  1.194860e-01  2.000000e-01 -1.650060e-01
   endloop
 endfacet
 facet normal  0.000000e+00  1.000000e+00  0.000000e+00
   outer loop
     vertex  1.195085e-01  2.000000e-01 -2.010219e-01
     vertex  9.103319e-02  2.000000e-01 -1.828977e-01
     vertex  1.194860e-01  2.000000e-01 -1.650060e-01
   endloop
 endfacet
 facet normal  0.000000e+00  1.000000e+00  0.000000e+00
   outer loop
     vertex  1.776851e-01  2.000000e-01 -1.570595e-01
     vertex  1.503225e-01  2.000000e-01 -1.804437e-01
     vertex  1.460184e-01  2.000000e-01 -1.460258e-01
   endloop
 endfacet
 facet normal  0.000000e+00  1.000000e+00  0.000000e+00
   outer loop
     vertex  1.691568e-01  2.000000e-01 -1.280530e-01
     vertex  1.776851e-01  2.000000e-01 -1.570595e-01
     vertex  1.460184e-01  2.000000e-01 -1.460258e-01
   endloop
 endfacet
 facet normal  0.000000e+00  1.000000e+00  0.000000e+00
   outer loop
     vertex  1.503225e-01  2.000000e-01 -1.804437e-01
     vertex  1.194860e-01  2.000000e-01 -1.650060e-01
     vertex  1.460184e-01  2.000000e-01 -1.460258e-01
   endloop
 endfacet
 facet normal -0.000000e+00  1.000000e+00  0.000000e+00
   outer loop
     vertex -1.690656e-01  2.000000e-01  1.672230e-01
     vertex -1.401544e-01  2.000000e-01  1.917828e-01
     vertex -1.400954e-01  2.000000e-01  1.605658e-01
   endloop
 endfacet
 facet normal  0.000000e+00  1.000000e+00  0.000000e+00
   outer loop
     vertex  2.707278e-01  2.000000e-01  1.014549e-02
     vertex  2.764779e-01  2.000000e-01 -1.372246e-02
     vertex  2.430283e-01  2.000000e-01 -1.061209e-02
   endloop
 endfacet
 facet normal  0.000000e+00  1.000000e+00  0.000000e+00
   outer loop
     vertex  5.805358e-02  2.000000e-01 -1.944699e-01
     vertex  4.544212e-02  2.000000e-01 -2.277791e-01
     vertex  2.277594e-02  2.000000e-01 -1.984505e-01
   endloop
 endfacet
 facet normal  0.000000e+00  1.000000e+00  0.000000e+00
   outer loop
     vertex  4.544212e-02  2.000000e-01 -2.277791e-01
     vertex  3.444071e-03  2.000000e-01 -2.312158e-01
     vertex  2.277594e-02  2.000000e-01 -1.984505e-01
   endloop
 endfacet
 facet normal -0.000000e+00  1.000000e+00  0.000000e+00
   outer loop
     vertex -6.439229e-02  2.000000e-01  2.221639e-01
     vertex -2.373152e-02  2.000000e-01  2.287727e-01
     vertex -4.111350e-02  2.000000e-01  1.941020e-01
   endloop
 endfacet
 facet normal  0.000000e+00  1.000000e+00  0.000000e+00
   outer loop
     vertex -7.791819e-02  2.000000e-01  1.857297e-01
     vertex -6.439229e-02  2.000000e-01  2.221639e-01
     vertex -4.111350e-02  2.000000e-01  1.941020e-01
   endloop
 endfacet
 facet normal  0.000000e+00  1.000000e+00  0.000000e+00
   outer loop
     vertex -2.373152e-02  2.000000e-01  2.287727e-01
     vertex -3.543110e-03  2.000000e-01  1.981901e-01
     vertex -4.111350e-02  2.000000e-01  1.941020e-01
   endloop
 endfacet
 facet normal  0.000000e+00  1.000000e+00 -0.000000e+00
   outer loop
     vertex -7.997810e-02  2.000000e-01 -2.198923e-01
     vertex -9.711992e-02  2.000000e-01 -1.804690e-01
     vertex -5.365395e-02  2.000000e-01 -1.952452e-01
   endloop
 endfacet
 facet normal  6.575862e-17  1.000000e+00 -9.688539e-16
   outer loop
     vertex  1.989699e-01  2.000000e-01 -1.260295e-01
     vertex  1.691568e-01  2.000000e-01 -1.280530e-01
     vertex  1.762652e-01  2.000000e-01 -9.892271e-02
   endloop
 endfacet
 facet normal  0.000000e+00  1.000000e+00  0.000000e+00
   outer loop
     vertex  3.210783e-02  2.000000e-01  1.996030e-01
     vertex  5.211158e-02  2.000000e-01  2.290843e-01
     vertex  6.298874e-02  2.000000e-01  2.002982e-01
   endloop
 endfacet
 facet normal  2.883142e-16  1.000000e+00 -7.824408e-16
   outer loop
     vertex  1.989699e-01  2.000000e-01 -1.260295e-01
     vertex  1.762652e-01  2.000000e-01 -9.892271e-02
     vertex  2.128498e-01  2.000000e-01 -8.544202e-02
   endloop
 endfacet
 facet normal -0.000000e+00  1.000000e+00  0.000000e+00
   outer loop
     vertex -2.328530e-01  2.000000e-01 -5.720839e-02
     vertex -2.260672e-01  2.000000e-01 -1.947297e-02
     vertex -2.014943e-01  2.000000e-01 -5.744918e-02
   endloop
 endfacet
 facet normal  0.000000e+00  1.000000e+00 -0.000000e+00
   outer loop
     vertex -2.260672e-01  2.000000e-01 -1.947297e-02
     vertex -2.291587e-01  2.000000e-01  3.016797e-02
     vertex -1.984631e-01  2.000000e-01  7.828412e-03
   endloop
 endfacet
 facet normal -0.000000e+00  1.000000e+00  0.000000e+00
   outer loop
     vertex -2.291587e-01  2.000000e-01  3.016797e-02
     vertex -1.962840e-01  2.000000e-01  4.534472e-02
     vertex -1.984631e-01  2.000000e-01  7.828412e-03
   endloop
 endfacet
 facet normal -0.000000e+00  1.000000e+00  0.000000e+00
   outer loop
     vertex  6.298874e-02  2.000000e-01  2.002982e-01
     vertex  8.829012e-02  2.000000e-01  2.181733e-01
     vertex  8.932454e-02  2.000000e-01  1.824695e-01
   endloop
 endfacet
 facet normal  0.000000e+00  1.000000e+00  0.000000e+00
   outer loop
     vertex  8.829012e-02  2.000000e-01  2.181733e-01
     vertex  1.232453e-01  2.000000e-01  1.976148e-01
     vertex  8.932454e-02  2.000000e-01  1.824695e-01
   endloop
 endfacet
 facet normal  0.000000e+00  1.000000e+00 -0.000000e+00
   outer loop
     vertex -3.880515e-02  2.000000e-01 -2.282859e-01
     vertex -5.365395e-02  2.000000e-01 -1.952452e-01
     vertex -1.477462e-02  2.000000e-01 -1.989283e-01
   endloop
 endfacet
 facet normal  0.000000e+00  1.000000e+00  0.000000e+00
   outer loop
     vertex  3.444071e-03  2.000000e-01 -2.312158e-01
     vertex -3.880515e-02  2.000000e-01 -2.282859e-01
     vertex -1.477462e-02  2.000000e-01 -1.989283e-01
   endloop
 endfacet
 facet normal -0.000000e+00  1.000000e+00  0.000000e+00
   outer loop
     vertex  1.741713e-01  2.000000e-01  1.079871e-01
     vertex  2.094682e-01  2.000000e-01  1.084961e-01
     vertex  1.934894e-01  2.000000e-01  7.627118e-02
   endloop
 endfacet
 facet normal  0.000000e+00  1.000000e+00  0.000000e+00
   outer loop
     vertex  2.094682e-01  2.000000e-01  1.084961e-01
     vertex  2.280083e-01  2.000000e-01  7.760904e-02
     vertex  1.934894e-01  2.000000e-01  7.627118e-02
   endloop
 endfacet
 facet normal  9.518440e-17  1.000000e+00 -8.894536e-16
   outer loop
     vertex  1.865338e-01  2.000000e-01  1.405152e-01
     vertex  1.741713e-01  2.000000e-01  1.079871e-01
     vertex  1.497307e-01  2.000000e-01  1.365768e-01
   endloop
 endfacet
 facet normal  0.000000e+00  1.000000e+00  0.000000e+00
   outer loop
     vertex  1.232453e-01  2.000000e-01  1.976148e-01
     vertex  1.574197e-01  2.000000e-01  1.711707e-01
     vertex  1.199182e-01  2.000000e-01  1.605883e-01
   endloop
 endfacet
 facet normal -0.000000e+00  1.000000e+00  0.000000e+00
   outer loop
     vertex  8.932454e-02  2.000000e-01  1.824695e-01
     vertex  1.232453e-01  2.000000e-01  1.976148e-01
     vertex  1.199182e-01  2.000000e-01  1.605883e-01
   endloop
 endfacet
 facet normal  0.000000e+00  1.000000e+00  0.000000e+00
   outer loop
     vertex  1.574197e-01  2.000000e-01  1.711707e-01
     vertex  1.497307e-01  2.000000e-01  1.365768e-01
     vertex  1.199182e-01  2.000000e-01  1.605883e-01
   endloop
 endfacet
 facet normal  0.000000e+00  1.000000e+00  0.000000e+00
   outer loop
     vertex  2.429848e-01  2.000000e-01  5.151802e-02
     vertex  2.144230e-01  2.000000e-01  4.670060e-02
     vertex  2.280083e-01  2.000000e-01  7.760904e-02
   endloop
 endfacet
 facet normal -0.000000e+00  1.000000e+00  0.000000e+00
   outer loop
     vertex -1.920451e-01  2.000000e-01  1.395778e-01
     vertex -1.690656e-01  2.000000e-01  1.672230e-01
     vertex -1.559967e-01  2.000000e-01  1.307128e-01
   endloop
 endfacet
 facet normal  0.000000e+00  1.000000e+00  0.000000e+00
   outer loop
     vertex -1.690656e-01  2.000000e-01  1.672230e-01
     vertex -1.400954e-01  2.000000e-01  1.605658e-01
     vertex -1.559967e-01  2.000000e-01  1.307128e-01
   endloop
 endfacet
 facet normal -0.000000e+00  1.000000e+00  0.000000e+00
   outer loop
     vertex -1.401544e-01  2.000000e-01  1.917828e-01
     vertex -1.046593e-01  2.000000e-01  2.094210e-01
     vertex -1.117979e-01  2.000000e-01  1.735967e-01
   endloop
 endfacet
 facet normal  0.000000e+00  1.000000e+00 -0.000000e+00
   outer loop
     vertex -1.400954e-01  2.000000e-01  1.605658e-01
     vertex -1.401544e-01  2.000000e-01  1.917828e-01
     vertex -1.117979e-01  2.000000e-01  1.735967e-01
   endloop
 endfacet
 facet normal  0.000000e+00  1.000000e+00  0.000000e+00
   outer loop
     vertex -1.046593e-01  2.000000e-01  2.094210e-01
     vertex -7.791819e-02  2.000000e-01  1.857297e-01
     vertex -1.117979e-01  2.000000e-01  1.735967e-01
   endloop
 endfacet
 facet normal  0.000000e+00  1.000000e+00  0.000000e+00
   outer loop
     vertex  9.103319e-02  2.000000e-01 -1.828977e-01
     vertex  5.805358e-02  2.000000e-01 -1.944699e-01
     vertex  6.733796e-02  2.000000e-01 -1.658688e-01
   endloop
 endfacet
 facet normal  0.000000e+00  1.000000e+00  0.000000e+00
   outer loop
     vertex -1.962840e-01  2.000000e-01  4.534472e-02
     vertex -1.896580e-01  2.000000e-01  8.036394e-02
     vertex -1.644389e-01  2.000000e-01  5.812688e-02
   endloop
 endfacet
 facet normal  0.000000e+00  1.000000e+00  0.000000e+00
   outer loop
     vertex -5.365395e-02  2.000000e-01 -1.952452e-01
     vertex -9.711992e-02  2.000000e-01 -1.804690e-01
     vertex -6.335213e-02  2.000000e-01 -1.652379e-01
   endloop
 endfacet
 facet normal -0.000000e+00  1.000000e+00  0.000000e+00
   outer loop
     vertex -3.543110e-03  2.000000e-01  1.981901e-01
     vertex  3.210783e-02  2.000000e-01  1.996030e-01
     vertex  1.843870e-02  2.000000e-01  1.676301e-01
   endloop
 endfacet
 facet normal  4.588031e-16  1.000000e+00 -1.064765e-15
   outer loop
     vertex  1.762652e-01  2.000000e-01 -9.892271e-02
     vertex  1.691568e-01  2.000000e-01 -1.280530e-01
     vertex  1.447840e-01  2.000000e-01 -1.124878e-01
   endloop
 endfacet
 facet normal -0.000000e+00  1.000000e+00  0.000000e+00
   outer loop
     vertex  3.210783e-02  2.000000e-01  1.996030e-01
     vertex  6.298874e-02  2.000000e-01  2.002982e-01
     vertex  5.453189e-02  2.000000e-01  1.708014e-01
   endloop
 endfacet
 facet normal  0.000000e+00  1.000000e+00  0.000000e+00
   outer loop
     vertex  1.843870e-02  2.000000e-01  1.676301e-01
     vertex  3.210783e-02  2.000000e-01  1.996030e-01
     vertex  5.453189e-02  2.000000e-01  1.708014e-01
   endloop
 endfacet
 facet normal  0.000000e+00  1.000000e+00  0.000000e+00
   outer loop
     vertex  6.298874e-02  2.000000e-01  2.002982e-01
     vertex  8.932454e-02  2.000000e-01  1.824695e-01
     vertex  5.453189e-02  2.000000e-01  1.708014e-01
   endloop
 endfacet
 facet normal  0.000000e+00  1.000000e+00  0.000000e+00
   outer loop
     vertex  2.128498e-01  2.000000e-01 -8.544202e-02
     vertex  1.762652e-01  2.000000e-01 -9.892271e-02
     vertex  1.783926e-01  2.000000e-01 -6.657142e-02
   endloop
 endfacet
 facet normal  0.000000e+00  1.000000e+00  0.000000e+00
   outer loop
     vertex  2.099946e-01  2.000000e-01 -2.058600e-02
     vertex  2.326154e-01  2.000000e-01 -4.782627e-02
     vertex  2.037891e-01  2.000000e-01 -5.105900e-02
   endloop
 endfacet
 facet normal  0.000000e+00  1.000000e+00 -0.000000e+00
   outer loop
     vertex -1.812798e-01  2.000000e-01 -8.885050e-02
     vertex -2.014943e-01  2.000000e-01 -5.744918e-02
     vertex -1.670921e-01  2.000000e-01 -5.825468e-02
   endloop
 endfacet
 facet normal  0.000000e+00  1.000000e+00 -0.000000e+00
   outer loop
     vertex -1.576520e-01  2.000000e-01 -1.191618e-01
     vertex -1.812798e-01  2.000000e-01 -8.885050e-02
     vertex -1.454442e-01  2.000000e-01 -8.671054e-02
   endloop
 endfacet
 facet normal  0.000000e+00  1.000000e+00  0.000000e+00
   outer loop
     vertex -1.812798e-01  2.000000e-01 -8.885050e-02
     vertex -1.670921e-01  2.000000e-01 -5.825468e-02
     vertex -1.454442e-01  2.000000e-01 -8.671054e-02
   endloop
 endfacet
 facet normal  0.000000e+00  1.000000e+00  0.000000e+00
   outer loop
     vertex -1.477462e-02  2.000000e-01 -1.989283e-01
     vertex -5.365395e-02  2.000000e-01 -1.952452e-01
     vertex -2.995798e-02  2.000000e-01 -1.681295e-01
   endloop
 endfacet
 facet normal  0.000000e+00  1.000000e+00 -0.000000e+00
   outer loop
     vertex -5.365395e-02  2.000000e-01 -1.952452e-01
     vertex -6.335213e-02  2.000000e-01 -1.652379e-01
     vertex -2.995798e-02  2.000000e-01 -1.681295e-01
   endloop
 endfacet
 facet normal  0.000000e+00  1.000000e+00 -0.000000e+00
   outer loop
     vertex  3.444071e-03  2.000000e-01 -2.312158e-01
     vertex -1.477462e-02  2.000000e-01 -1.989283e-01
     vertex  2.277594e-02  2.000000e-01 -1.984505e-01
   endloop
 endfacet
 facet normal  0.000000e+00  1.000000e+00  0.000000e+00
   outer loop
     vertex  2.326154e-01  2.000000e-01 -4.782627e-02
     vertex  2.128498e-01  2.000000e-01 -8.544202e-02
     vertex  2.037891e-01  2.000000e-01 -5.105900e-02
   endloop
 endfacet
 facet normal  4.887283e-17  1.000000e+00 -9.290442e-16
   outer loop
     vertex  1.497307e-01  2.000000e-01  1.365768e-01
     vertex  1.741713e-01  2.000000e-01  1.079871e-01
     vertex  1.427191e-01  2.000000e-01  1.063325e-01
   endloop
 endfacet
 facet normal  0.000000e+00  1.000000e+00 -0.000000e+00
   outer loop
     vertex -2.014943e-01  2.000000e-01 -5.744918e-02
     vertex -2.260672e-01  2.000000e-01 -1.947297e-02
     vertex -1.875148e-01  2.000000e-01 -2.819480e-02
   endloop
 endfacet
 facet normal  0.000000e+00  1.000000e+00  0.000000e+00
   outer loop
     vertex -1.670921e-01  2.000000e-01 -5.825468e-02
     vertex -2.014943e-01  2.000000e-01 -5.744918e-02
     vertex -1.875148e-01  2.000000e-01 -2.819480e-02
   endloop
 endfacet
 facet normal -0.000000e+00  1.000000e+00  0.000000e+00
   outer loop
     vertex -2.260672e-01  2.000000e-01 -1.947297e-02
     vertex -1.984631e-01  2.000000e-01  7.828412e-03
     vertex -1.875148e-01  2.000000e-01 -2.819480e-02
   endloop
 endfacet
 facet normal  0.000000e+00  1.000000e+00  0.000000e+00
   outer loop
     vertex  2.280083e-01  2.000000e-01  7.760904e-02
     vertex  2.144230e-01  2.000000e-01  4.670060e-02
     vertex  1.934894e-01  2.000000e-01  7.627118e-02
   endloop
 endfacet
 facet normal  7.459668e-17  1.000000e+00 -9.275721e-16
   outer loop
     vertex -2.111613e-01  2.000000e-01  1.081176e-01
     vertex -1.920451e-01  2.000000e-01  1.395778e-01
     vertex -1.815726e-01  2.000000e-01  1.104972e-01
   endloop
 endfacet
 facet normal  0.000000e+00  1.000000e+00 -0.000000e+00
   outer loop
     vertex -1.896580e-01  2.000000e-01  8.036394e-02
     vertex -2.111613e-01  2.000000e-01  1.081176e-01
     vertex -1.815726e-01  2.000000e-01  1.104972e-01
   endloop
 endfacet
 facet normal  0.000000e+00  1.000000e+00  0.000000e+00
   outer loop
     vertex  2.115054e-01  2.000000e-01  1.309902e-02
     vertex  2.099946e-01  2.000000e-01 -2.058600e-02
     vertex  1.819957e-01  2.000000e-01  2.965467e-04
   endloop
 endfacet
 facet normal  0.000000e+00  1.000000e+00  0.000000e+00
   outer loop
     vertex  2.144230e-01  2.000000e-01  4.670060e-02
     vertex  2.115054e-01  2.000000e-01  1.309902e-02
     vertex  1.791102e-01  2.000000e-01  4.023904e-02
   endloop
 endfacet
 facet normal  0.000000e+00  1.000000e+00  0.000000e+00
   outer loop
     vertex  2.115054e-01  2.000000e-01  1.309902e-02
     vertex  1.819957e-01  2.000000e-01  2.965467e-04
     vertex  1.791102e-01  2.000000e-01  4.023904e-02
   endloop
 endfacet
 facet normal  0.000000e+00  1.000000e+00  0.000000e+00
   outer loop
     vertex  2.037891e-01  2.000000e-01 -5.105900e-02
     vertex  2.128498e-01  2.000000e-01 -8.544202e-02
     vertex  1.783926e-01  2.000000e-01 -6.657142e-02
   endloop
 endfacet
 facet normal -2.575193e-16  1.000000e+00 -1.047174e-15
   outer loop
     vertex -1.815726e-01  2.000000e-01  1.104972e-01
     vertex -1.920451e-01  2.000000e-01  1.395778e-01
     vertex -1.559967e-01  2.000000e-01  1.307128e-01
   endloop
 endfacet
 facet normal  0.000000e+00  1.000000e+00  0.000000e+00
   outer loop
     vertex -1.896580e-01  2.000000e-01  8.036394e-02
     vertex -1.815726e-01  2.000000e-01  1.104972e-01
     vertex -1.586010e-01  2.000000e-01  9.223077e-02
   endloop
 endfacet
 facet normal  0.000000e+00  1.000000e+00 -0.000000e+00
   outer loop
     vertex -1.644389e-01  2.000000e-01  5.812688e-02
     vertex -1.896580e-01  2.000000e-01  8.036394e-02
     vertex -1.586010e-01  2.000000e-01  9.223077e-02
   endloop
 endfacet
 facet normal -5.442400e-16  1.000000e+00 -6.844280e-16
   outer loop
     vertex -1.815726e-01  2.000000e-01  1.104972e-01
     vertex -1.559967e-01  2.000000e-01  1.307128e-01
     vertex -1.586010e-01  2.000000e-01  9.223077e-02
   endloop
 endfacet
 facet normal -0.000000e+00  1.000000e+00  0.000000e+00
   outer loop
     vertex -1.962840e-01  2.000000e-01  4.534472e-02
     vertex -1.644389e-01  2.000000e-01  5.812688e-02
     vertex -1.687781e-01  2.000000e-01  2.487457e-02
   endloop
 endfacet
 facet normal  0.000000e+00  1.000000e+00  0.000000e+00
   outer loop
     vertex  2.277594e-02  2.000000e-01 -1.984505e-01
     vertex -1.477462e-02  2.000000e-01 -1.989283e-01
     vertex  4.913553e-03  2.000000e-01 -1.676646e-01
   endloop
 endfacet
 facet normal  0.000000e+00  1.000000e+00 -0.000000e+00
   outer loop
     vertex -1.477462e-02  2.000000e-01 -1.989283e-01
     vertex -2.995798e-02  2.000000e-01 -1.681295e-01
     vertex  4.913553e-03  2.000000e-01 -1.676646e-01
   endloop
 endfacet
 facet normal -0.000000e+00  1.000000e+00  0.000000e+00
   outer loop
     vertex -1.400954e-01  2.000000e-01  1.605658e-01
     vertex -1.117979e-01  2.000000e-01  1.735967e-01
     vertex -1.206416e-01  2.000000e-01  1.393234e-01
   endloop
 endfacet
 facet normal  0.000000e+00  1.000000e+00  0.000000e+00
   outer loop
     vertex -3.543110e-03  2.000000e-01  1.981901e-01
     vertex  1.843870e-02  2.000000e-01  1.676301e-01
     vertex -1.872048e-02  2.000000e-01  1.658829e-01
   endloop
 endfacet
 facet normal -0.000000e+00  1.000000e+00  0.000000e+00
   outer loop
     vertex -4.111350e-02  2.000000e-01  1.941020e-01
     vertex -3.543110e-03  2.000000e-01  1.981901e-01
     vertex -1.872048e-02  2.000000e-01  1.658829e-01
   endloop
 endfacet
 facet normal  6.249624e-16  1.000000e+00 -8.045835e-16
   outer loop
     vertex  1.691568e-01  2.000000e-01 -1.280530e-01
     vertex  1.460184e-01  2.000000e-01 -1.460258e-01
     vertex  1.447840e-01  2.000000e-01 -1.124878e-01
   endloop
 endfacet
 facet normal  0.000000e+00  1.000000e+00  0.000000e+00
   outer loop
     vertex  2.099946e-01  2.000000e-01 -2.058600e-02
     vertex  2.037891e-01  2.000000e-01 -5.105900e-02
     vertex  1.800294e-01  2.000000e-01 -3.347730e-02
   endloop
 endfacet
 facet normal  0.000000e+00  1.000000e+00  0.000000e+00
   outer loop
     vertex -1.962840e-01  2.000000e-01  4.534472e-02
     vertex -1.687781e-01  2.000000e-01  2.487457e-02
     vertex -1.984631e-01  2.000000e-01  7.828412e-03
   endloop
 endfacet
 facet normal  0.000000e+00  1.000000e+00  0.000000e+00
   outer loop
     vertex -1.400954e-01  2.000000e-01  1.605658e-01
     vertex -1.206416e-01  2.000000e-01  1.393234e-01
     vertex -1.559967e-01  2.000000e-01  1.307128e-01
   endloop
 endfacet
 facet normal  0.000000e+00  1.000000e+00  0.000000e+00
   outer loop
     vertex  5.805358e-02  2.000000e-01 -1.944699e-01
     vertex  2.277594e-02  2.000000e-01 -1.984505e-01
     vertex  3.830107e-02  2.000000e-01 -1.664677e-01
   endloop
 endfacet
 facet normal  0.000000e+00  1.000000e+00  0.000000e+00
   outer loop
     vertex  6.733796e-02  2.000000e-01 -1.658688e-01
     vertex  5.805358e-02  2.000000e-01 -1.944699e-01
     vertex  3.830107e-02  2.000000e-01 -1.664677e-01
   endloop
 endfacet
 facet normal  0.000000e+00  1.000000e+00 -0.000000e+00
   outer loop
     vertex  2.277594e-02  2.000000e-01 -1.984505e-01
     vertex  4.913553e-03  2.000000e-01 -1.676646e-01
     vertex  3.830107e-02  2.000000e-01 -1.664677e-01
   endloop
 endfacet
 facet normal -0.000000e+00  1.000000e+00  0.000000e+00
   outer loop
     vertex -7.791819e-02  2.000000e-01  1.857297e-01
     vertex -4.111350e-02  2.000000e-01  1.941020e-01
     vertex -5.464858e-02  2.000000e-01  1.604794e-01
   endloop
 endfacet
 facet normal  0.000000e+00  1.000000e+00  0.000000e+00
   outer loop
     vertex -6.335213e-02  2.000000e-01 -1.652379e-01
     vertex -9.711992e-02  2.000000e-01 -1.804690e-01
     vertex -8.696342e-02  2.000000e-01 -1.393286e-01
   endloop
 endfacet
 facet normal  0.000000e+00  1.000000e+00 -0.000000e+00
   outer loop
     vertex -9.711992e-02  2.000000e-01 -1.804690e-01
     vertex -1.296464e-01  2.000000e-01 -1.482854e-01
     vertex -8.696342e-02  2.000000e-01 -1.393286e-01
   endloop
 endfacet
 facet normal  0.000000e+00  1.000000e+00  0.000000e+00
   outer loop
     vertex  2.037891e-01  2.000000e-01 -5.105900e-02
     vertex  1.783926e-01  2.000000e-01 -6.657142e-02
     vertex  1.800294e-01  2.000000e-01 -3.347730e-02
   endloop
 endfacet
 facet normal  0.000000e+00  1.000000e+00  0.000000e+00
   outer loop
     vertex  2.099946e-01  2.000000e-01 -2.058600e-02
     vertex  1.800294e-01  2.000000e-01 -3.347730e-02
     vertex  1.819957e-01  2.000000e-01  2.965467e-04
   endloop
 endfacet
 facet normal  0.000000e+00  1.000000e+00  0.000000e+00
   outer loop
     vertex  1.199182e-01  2.000000e-01  1.605883e-01
     vertex  1.497307e-01  2.000000e-01  1.365768e-01
     vertex  1.153788e-01  2.000000e-01  1.250994e-01
   endloop
 endfacet
 facet normal  3.323631e-16  1.000000e+00 -9.947656e-16
   outer loop
     vertex  1.497307e-01  2.000000e-01  1.365768e-01
     vertex  1.427191e-01  2.000000e-01  1.063325e-01
     vertex  1.153788e-01  2.000000e-01  1.250994e-01
   endloop
 endfacet
 facet normal  0.000000e+00  1.000000e+00  0.000000e+00
   outer loop
     vertex  1.783926e-01  2.000000e-01 -6.657142e-02
     vertex  1.762652e-01  2.000000e-01 -9.892271e-02
     vertex  1.476343e-01  2.000000e-01 -8.031190e-02
   endloop
 endfacet
 facet normal  0.000000e+00  1.000000e+00  0.000000e+00
   outer loop
     vertex  1.762652e-01  2.000000e-01 -9.892271e-02
     vertex  1.447840e-01  2.000000e-01 -1.124878e-01
     vertex  1.476343e-01  2.000000e-01 -8.031190e-02
   endloop
 endfacet
 facet normal -0.000000e+00  1.000000e+00  0.000000e+00
   outer loop
     vertex  1.427191e-01  2.000000e-01  1.063325e-01
     vertex  1.741713e-01  2.000000e-01  1.079871e-01
     vertex  1.581579e-01  2.000000e-01  7.717355e-02
   endloop
 endfacet
 facet normal  0.000000e+00  1.000000e+00  0.000000e+00
   outer loop
     vertex  1.741713e-01  2.000000e-01  1.079871e-01
     vertex  1.934894e-01  2.000000e-01  7.627118e-02
     vertex  1.581579e-01  2.000000e-01  7.717355e-02
   endloop
 endfacet
 facet normal -0.000000e+00  1.000000e+00  0.000000e+00
   outer loop
     vertex -1.117979e-01  2.000000e-01  1.735967e-01
     vertex -7.791819e-02  2.000000e-01  1.857297e-01
     vertex -8.866217e-02  2.000000e-01  1.510983e-01
   endloop
 endfacet
 facet normal  0.000000e+00  1.000000e+00  0.000000e+00
   outer loop
     vertex -1.206416e-01  2.000000e-01  1.393234e-01
     vertex -1.117979e-01  2.000000e-01  1.735967e-01
     vertex -8.866217e-02  2.000000e-01  1.510983e-01
   endloop
 endfacet
 facet normal  0.000000e+00  1.000000e+00  0.000000e+00
   outer loop
     vertex -7.791819e-02  2.000000e-01  1.857297e-01
     vertex -5.464858e-02  2.000000e-01  1.604794e-01
     vertex -8.866217e-02  2.000000e-01  1.510983e-01
   endloop
 endfacet
 facet normal  0.000000e+00  1.000000e+00  0.000000e+00
   outer loop
     vertex  1.194860e-01  2.000000e-01 -1.650060e-01
     vertex  9.103319e-02  2.000000e-01 -1.828977e-01
     vertex  9.064382e-02  2.000000e-01 -1.484568e-01
   endloop
 endfacet
 facet normal  0.000000e+00  1.000000e+00  0.000000e+00
   outer loop
     vertex  9.103319e-02  2.000000e-01 -1.828977e-01
     vertex  6.733796e-02  2.000000e-01 -1.658688e-01
     vertex  9.064382e-02  2.000000e-01 -1.484568e-01
   endloop
 endfacet
 facet normal  0.000000e+00  1.000000e+00  0.000000e+00
   outer loop
     vertex  1.934894e-01  2.000000e-01  7.627118e-02
     vertex  2.144230e-01  2.000000e-01  4.670060e-02
     vertex  1.791102e-01  2.000000e-01  4.023904e-02
   endloop
 endfacet
 facet normal  1.086340e-16  1.000000e+00 -8.485622e-16
   outer loop
     vertex -1.296464e-01  2.000000e-01 -1.482854e-01
     vertex -1.576520e-01  2.000000e-01 -1.191618e-01
     vertex -1.199673e-01  2.000000e-01 -1.143373e-01
   endloop
 endfacet
 facet normal  1.824840e-16  1.000000e+00 -8.696180e-16
   outer loop
     vertex -8.696342e-02  2.000000e-01 -1.393286e-01
     vertex -1.296464e-01  2.000000e-01 -1.482854e-01
     vertex -1.199673e-01  2.000000e-01 -1.143373e-01
   endloop
 endfacet
 facet normal  0.000000e+00  1.000000e+00  0.000000e+00
   outer loop
     vertex -1.576520e-01  2.000000e-01 -1.191618e-01
     vertex -1.454442e-01  2.000000e-01 -8.671054e-02
     vertex -1.199673e-01  2.000000e-01 -1.143373e-01
   endloop
 endfacet
 facet normal  0.000000e+00  1.000000e+00 -0.000000e+00
   outer loop
     vertex -1.454442e-01  2.000000e-01 -8.671054e-02
     vertex -1.670921e-01  2.000000e-01 -5.825468e-02
     vertex -1.331683e-01  2.000000e-01 -5.483813e-02
   endloop
 endfacet
 facet normal -4.687333e-16  1.000000e+00 -8.448395e-16
   outer loop
     vertex  1.447840e-01  2.000000e-01 -1.124878e-01
     vertex  1.460184e-01  2.000000e-01 -1.460258e-01
     vertex  1.171200e-01  2.000000e-01 -1.299924e-01
   endloop
 endfacet
 facet normal  0.000000e+00  1.000000e+00  0.000000e+00
   outer loop
     vertex  1.934894e-01  2.000000e-01  7.627118e-02
     vertex  1.791102e-01  2.000000e-01  4.023904e-02
     vertex  1.581579e-01  2.000000e-01  7.717355e-02
   endloop
 endfacet
 facet normal  0.000000e+00  1.000000e+00  0.000000e+00
   outer loop
     vertex  1.460184e-01  2.000000e-01 -1.460258e-01
     vertex  1.194860e-01  2.000000e-01 -1.650060e-01
     vertex  1.171200e-01  2.000000e-01 -1.299924e-01
   endloop
 endfacet
 facet normal  0.000000e+00  1.000000e+00  0.000000e+00
   outer loop
     vertex -4.111350e-02  2.000000e-01  1.941020e-01
     vertex -1.872048e-02  2.000000e-01  1.658829e-01
     vertex -5.464858e-02  2.000000e-01  1.604794e-01
   endloop
 endfacet
 facet normal  0.000000e+00  1.000000e+00  0.000000e+00
   outer loop
     vertex  1.819957e-01  2.000000e-01  2.965467e-04
     vertex  1.800294e-01  2.000000e-01 -3.347730e-02
     vertex  1.549961e-01  2.000000e-01 -1.648253e-02
   endloop
 endfacet
 facet normal  0.000000e+00  1.000000e+00  0.000000e+00
   outer loop
     vertex  1.791102e-01  2.000000e-01  4.023904e-02
     vertex  1.819957e-01  2.000000e-01  2.965467e-04
     vertex  1.531168e-01  2.000000e-01  1.693637e-02
   endloop
 endfacet
 facet normal  0.000000e+00  1.000000e+00  0.000000e+00
   outer loop
     vertex  1.819957e-01  2.000000e-01  2.965467e-04
     vertex  1.549961e-01  2.000000e-01 -1.648253e-02
     vertex  1.531168e-01  2.000000e-01  1.693637e-02
   endloop
 endfacet
 facet normal -0.000000e+00  1.000000e+00  0.000000e+00
   outer loop
     vertex -1.872048e-02  2.000000e-01  1.658829e-01
     vertex  1.843870e-02  2.000000e-01  1.676301e-01
     vertex  3.130201e-03  2.000000e-01  1.369120e-01
   endloop
 endfacet
 facet normal  0.000000e+00  1.000000e+00  0.000000e+00
   outer loop
     vertex -2.995798e-02  2.000000e-01 -1.681295e-01
     vertex -6.335213e-02  2.000000e-01 -1.652379e-01
     vertex -4.624923e-02  2.000000e-01 -1.400022e-01
   endloop
 endfacet
 facet normal  2.148972e-16  1.000000e+00 -8.823718e-16
   outer loop
     vertex -1.559967e-01  2.000000e-01  1.307128e-01
     vertex -1.206416e-01  2.000000e-01  1.393234e-01
     vertex -1.291743e-01  2.000000e-01  1.057896e-01
   endloop
 endfacet
 facet normal  0.000000e+00  1.000000e+00  0.000000e+00
   outer loop
     vertex  1.800294e-01  2.000000e-01 -3.347730e-02
     vertex  1.783926e-01  2.000000e-01 -6.657142e-02
     vertex  1.509938e-01  2.000000e-01 -4.814164e-02
   endloop
 endfacet
 facet normal  0.000000e+00  1.000000e+00  0.000000e+00
   outer loop
     vertex  1.549961e-01  2.000000e-01 -1.648253e-02
     vertex  1.800294e-01  2.000000e-01 -3.347730e-02
     vertex  1.509938e-01  2.000000e-01 -4.814164e-02
   endloop
 endfacet
 facet normal  0.000000e+00  1.000000e+00  0.000000e+00
   outer loop
     vertex  1.783926e-01  2.000000e-01 -6.657142e-02
     vertex  1.476343e-01  2.000000e-01 -8.031190e-02
     vertex  1.509938e-01  2.000000e-01 -4.814164e-02
   endloop
 endfacet
 facet normal  0.000000e+00  1.000000e+00  0.000000e+00
   outer loop
     vertex  8.932454e-02  2.000000e-01  1.824695e-01
     vertex  1.199182e-01  2.000000e-01  1.605883e-01
     vertex  8.411950e-02  2.000000e-01  1.474642e-01
   endloop
 endfacet
 facet normal  0.000000e+00  1.000000e+00  0.000000e+00
   outer loop
     vertex  1.199182e-01  2.000000e-01  1.605883e-01
     vertex  1.153788e-01  2.000000e-01  1.250994e-01
     vertex  8.411950e-02  2.000000e-01  1.474642e-01
   endloop
 endfacet
 facet normal  0.000000e+00  1.000000e+00  0.000000e+00
   outer loop
     vertex -1.687781e-01  2.000000e-01  2.487457e-02
     vertex -1.644389e-01  2.000000e-01  5.812688e-02
     vertex -1.380995e-01  2.000000e-01  3.582792e-02
   endloop
 endfacet
 facet normal -0.000000e+00  1.000000e+00  0.000000e+00
   outer loop
     vertex -5.464858e-02  2.000000e-01  1.604794e-01
     vertex -1.872048e-02  2.000000e-01  1.658829e-01
     vertex -3.286172e-02  2.000000e-01  1.347606e-01
   endloop
 endfacet
 facet normal  0.000000e+00  1.000000e+00  0.000000e+00
   outer loop
     vertex  1.194860e-01  2.000000e-01 -1.650060e-01
     vertex  9.064382e-02  2.000000e-01 -1.484568e-01
     vertex  1.171200e-01  2.000000e-01 -1.299924e-01
   endloop
 endfacet
 facet normal  0.000000e+00  1.000000e+00  0.000000e+00
   outer loop
     vertex  9.064382e-02  2.000000e-01 -1.484568e-01
     vertex  6.733796e-02  2.000000e-01 -1.658688e-01
     vertex  5.828253e-02  2.000000e-01 -1.368056e-01
   endloop
 endfacet
 facet normal -4.818276e-16  1.000000e+00 -8.241454e-16
   outer loop
     vertex  1.447840e-01  2.000000e-01 -1.124878e-01
     vertex  1.171200e-01  2.000000e-01 -1.299924e-01
     vertex  1.161713e-01  2.000000e-01 -9.575977e-02
   endloop
 endfacet
 facet normal  0.000000e+00  1.000000e+00  0.000000e+00
   outer loop
     vertex -4.624923e-02  2.000000e-01 -1.400022e-01
     vertex -6.335213e-02  2.000000e-01 -1.652379e-01
     vertex -8.696342e-02  2.000000e-01 -1.393286e-01
   endloop
 endfacet
 facet normal  0.000000e+00  1.000000e+00  0.000000e+00
   outer loop
     vertex  1.427191e-01  2.000000e-01  1.063325e-01
     vertex  1.581579e-01  2.000000e-01  7.717355e-02
     vertex  1.180899e-01  2.000000e-01  8.525711e-02
   endloop
 endfacet
 facet normal  0.000000e+00  1.000000e+00  0.000000e+00
   outer loop
     vertex  8.932454e-02  2.000000e-01  1.824695e-01
     vertex  8.411950e-02  2.000000e-01  1.474642e-01
     vertex  5.453189e-02  2.000000e-01  1.708014e-01
   endloop
 endfacet
 facet normal -0.000000e+00  1.000000e+00  0.000000e+00
   outer loop
     vertex  3.130201e-03  2.000000e-01  1.369120e-01
     vertex  1.843870e-02  2.000000e-01  1.676301e-01
     vertex  4.508848e-02  2.000000e-01  1.339302e-01
   endloop
 endfacet
 facet normal -0.000000e+00  1.000000e+00  0.000000e+00
   outer loop
     vertex  1.843870e-02  2.000000e-01  1.676301e-01
     vertex  5.453189e-02  2.000000e-01  1.708014e-01
     vertex  4.508848e-02  2.000000e-01  1.339302e-01
   endloop
 endfacet
 facet normal -0.000000e+00  1.000000e+00  0.000000e+00
   outer loop
     vertex -1.984631e-01  2.000000e-01  7.828412e-03
     vertex -1.687781e-01  2.000000e-01  2.487457e-02
     vertex -1.706092e-01  2.000000e-01 -4.737486e-03
   endloop
 endfacet
 facet normal  5.633159e-16  1.000000e+00 -6.583046e-16
   outer loop
     vertex  1.427191e-01  2.000000e-01  1.063325e-01
     vertex  1.180899e-01  2.000000e-01  8.525711e-02
     vertex  1.153788e-01  2.000000e-01  1.250994e-01
   endloop
 endfacet
 facet normal  0.000000e+00  1.000000e+00  0.000000e+00
   outer loop
     vertex -1.454442e-01  2.000000e-01 -8.671054e-02
     vertex -1.331683e-01  2.000000e-01 -5.483813e-02
     vertex -1.123106e-01  2.000000e-01 -8.081271e-02
   endloop
 endfacet
 facet normal  3.430304e-16  1.000000e+00 -7.444747e-16
   outer loop
     vertex -1.559967e-01  2.000000e-01  1.307128e-01
     vertex -1.291743e-01  2.000000e-01  1.057896e-01
     vertex -1.586010e-01  2.000000e-01  9.223077e-02
   endloop
 endfacet
 facet normal  0.000000e+00  1.000000e+00 -0.000000e+00
   outer loop
     vertex -1.875148e-01  2.000000e-01 -2.819480e-02
     vertex -1.984631e-01  2.000000e-01  7.828412e-03
     vertex -1.706092e-01  2.000000e-01 -4.737486e-03
   endloop
 endfacet
 facet normal  0.000000e+00  1.000000e+00  0.000000e+00
   outer loop
     vertex -3.286172e-02  2.000000e-01  1.347606e-01
     vertex -1.872048e-02  2.000000e-01  1.658829e-01
     vertex  3.130201e-03  2.000000e-01  1.369120e-01
   endloop
 endfacet
 facet normal -0.000000e+00  1.000000e+00  0.000000e+00
   outer loop
     vertex -1.454442e-01  2.000000e-01 -8.671054e-02
     vertex -1.123106e-01  2.000000e-01 -8.081271e-02
     vertex -1.199673e-01  2.000000e-01 -1.143373e-01
   endloop
 endfacet
 facet normal  0.000000e+00  1.000000e+00  0.000000e+00
   outer loop
     vertex  1.476343e-01  2.000000e-01 -8.031190e-02
     vertex  1.447840e-01  2.000000e-01 -1.124878e-01
     vertex  1.161713e-01  2.000000e-01 -9.575977e-02
   endloop
 endfacet
 facet normal -0.000000e+00  1.000000e+00  0.000000e+00
   outer loop
     vertex -8.866217e-02  2.000000e-01  1.510983e-01
     vertex -5.464858e-02  2.000000e-01  1.604794e-01
     vertex -6.615037e-02  2.000000e-01  1.279317e-01
   endloop
 endfacet
 facet normal  0.000000e+00  1.000000e+00  0.000000e+00
   outer loop
     vertex -5.464858e-02  2.000000e-01  1.604794e-01
     vertex -3.286172e-02  2.000000e-01  1.347606e-01
     vertex -6.615037e-02  2.000000e-01  1.279317e-01
   endloop
 endfacet
 facet normal  0.000000e+00  1.000000e+00  0.000000e+00
   outer loop
     vertex  6.733796e-02  2.000000e-01 -1.658688e-01
     vertex  3.830107e-02  2.000000e-01 -1.664677e-01
     vertex  5.828253e-02  2.000000e-01 -1.368056e-01
   endloop
 endfacet
 facet normal  0.000000e+00  1.000000e+00 -0.000000e+00
   outer loop
     vertex -1.670921e-01  2.000000e-01 -5.825468e-02
     vertex -1.875148e-01  2.000000e-01 -2.819480e-02
     vertex -1.533122e-01  2.000000e-01 -2.898160e-02
   endloop
 endfacet
 facet normal  0.000000e+00  1.000000e+00  0.000000e+00
   outer loop
     vertex -1.331683e-01  2.000000e-01 -5.483813e-02
     vertex -1.670921e-01  2.000000e-01 -5.825468e-02
     vertex -1.533122e-01  2.000000e-01 -2.898160e-02
   endloop
 endfacet
 facet normal -0.000000e+00  1.000000e+00  0.000000e+00
   outer loop
     vertex -1.875148e-01  2.000000e-01 -2.819480e-02
     vertex -1.706092e-01  2.000000e-01 -4.737486e-03
     vertex -1.533122e-01  2.000000e-01 -2.898160e-02
   endloop
 endfacet
 facet normal  0.000000e+00  1.000000e+00  0.000000e+00
   outer loop
     vertex  4.913553e-03  2.000000e-01 -1.676646e-01
     vertex -2.995798e-02  2.000000e-01 -1.681295e-01
     vertex -1.183041e-02  2.000000e-01 -1.372563e-01
   endloop
 endfacet
 facet normal  0.000000e+00  1.000000e+00 -0.000000e+00
   outer loop
     vertex -2.995798e-02  2.000000e-01 -1.681295e-01
     vertex -4.624923e-02  2.000000e-01 -1.400022e-01
     vertex -1.183041e-02  2.000000e-01 -1.372563e-01
   endloop
 endfacet
 facet normal  3.464358e-16  1.000000e+00 -9.158422e-16
   outer loop
     vertex -1.291743e-01  2.000000e-01  1.057896e-01
     vertex -1.206416e-01  2.000000e-01  1.393234e-01
     vertex -9.812731e-02  2.000000e-01  1.175338e-01
   endloop
 endfacet
 facet normal  0.000000e+00  1.000000e+00  0.000000e+00
   outer loop
     vertex -1.644389e-01  2.000000e-01  5.812688e-02
     vertex -1.586010e-01  2.000000e-01  9.223077e-02
     vertex -1.338880e-01  2.000000e-01  7.033716e-02
   endloop
 endfacet
 facet normal  0.000000e+00  1.000000e+00 -0.000000e+00
   outer loop
     vertex -1.380995e-01  2.000000e-01  3.582792e-02
     vertex -1.644389e-01  2.000000e-01  5.812688e-02
     vertex -1.338880e-01  2.000000e-01  7.033716e-02
   endloop
 endfacet
 facet normal -0.000000e+00  1.000000e+00  0.000000e+00
   outer loop
     vertex -1.586010e-01  2.000000e-01  9.223077e-02
     vertex -1.291743e-01  2.000000e-01  1.057896e-01
     vertex -1.338880e-01  2.000000e-01  7.033716e-02
   endloop
 endfacet
 facet normal  3.397573e-16  1.000000e+00 -9.227428e-16
   outer loop
     vertex -1.206416e-01  2.000000e-01  1.393234e-01
     vertex -8.866217e-02  2.000000e-01  1.510983e-01
     vertex -9.812731e-02  2.000000e-01  1.175338e-01
   endloop
 endfacet
 facet normal  0.000000e+00  1.000000e+00  0.000000e+00
   outer loop
     vertex -1.706092e-01  2.000000e-01 -4.737486e-03
     vertex -1.687781e-01  2.000000e-01  2.487457e-02
     vertex -1.429522e-01  2.000000e-01  2.600746e-03
   endloop
 endfacet
 facet normal -0.000000e+00  1.000000e+00  0.000000e+00
   outer loop
     vertex -1.687781e-01  2.000000e-01  2.487457e-02
     vertex -1.380995e-01  2.000000e-01  3.582792e-02
     vertex -1.429522e-01  2.000000e-01  2.600746e-03
   endloop
 endfacet
 facet normal -1.944805e-17  1.000000e+00 -1.175554e-15
   outer loop
     vertex -4.624923e-02  2.000000e-01 -1.400022e-01
     vertex -8.696342e-02  2.000000e-01 -1.393286e-01
     vertex -6.141817e-02  2.000000e-01 -1.161406e-01
   endloop
 endfacet
 facet normal  0.000000e+00  1.000000e+00  0.000000e+00
   outer loop
     vertex  1.581579e-01  2.000000e-01  7.717355e-02
     vertex  1.791102e-01  2.000000e-01  4.023904e-02
     vertex  1.402599e-01  2.000000e-01  4.968866e-02
   endloop
 endfacet
 facet normal  0.000000e+00  1.000000e+00  0.000000e+00
   outer loop
     vertex  1.180899e-01  2.000000e-01  8.525711e-02
     vertex  1.581579e-01  2.000000e-01  7.717355e-02
     vertex  1.402599e-01  2.000000e-01  4.968866e-02
   endloop
 endfacet
 facet normal  0.000000e+00  1.000000e+00  0.000000e+00
   outer loop
     vertex  1.531168e-01  2.000000e-01  1.693637e-02
     vertex  1.549961e-01  2.000000e-01 -1.648253e-02
     vertex  1.321686e-01  2.000000e-01 -2.229671e-03
   endloop
 endfacet
 facet normal -5.338444e-16  1.000000e+00 -7.461553e-16
   outer loop
     vertex  8.411950e-02  2.000000e-01  1.474642e-01
     vertex  1.153788e-01  2.000000e-01  1.250994e-01
     vertex  8.298865e-02  2.000000e-01  1.110751e-01
   endloop
 endfacet
 facet normal  0.000000e+00  1.000000e+00  0.000000e+00
   outer loop
     vertex  5.453189e-02  2.000000e-01  1.708014e-01
     vertex  8.411950e-02  2.000000e-01  1.474642e-01
     vertex  4.508848e-02  2.000000e-01  1.339302e-01
   endloop
 endfacet
 facet normal  5.974037e-17  1.000000e+00 -9.994078e-16
   outer loop
     vertex -3.286172e-02  2.000000e-01  1.347606e-01
     vertex  3.130201e-03  2.000000e-01  1.369120e-01
     vertex -1.386127e-02  2.000000e-01  1.081243e-01
   endloop
 endfacet
 facet normal  0.000000e+00  1.000000e+00  0.000000e+00
   outer loop
     vertex  1.791102e-01  2.000000e-01  4.023904e-02
     vertex  1.531168e-01  2.000000e-01  1.693637e-02
     vertex  1.402599e-01  2.000000e-01  4.968866e-02
   endloop
 endfacet
 facet normal -5.393932e-16  1.000000e+00 -7.333401e-16
   outer loop
     vertex  1.153788e-01  2.000000e-01  1.250994e-01
     vertex  1.180899e-01  2.000000e-01  8.525711e-02
     vertex  8.298865e-02  2.000000e-01  1.110751e-01
   endloop
 endfacet
 facet normal  0.000000e+00  1.000000e+00  0.000000e+00
   outer loop
     vertex  3.830107e-02  2.000000e-01 -1.664677e-01
     vertex  4.913553e-03  2.000000e-01 -1.676646e-01
     vertex  2.347180e-02  2.000000e-01 -1.346737e-01
   endloop
 endfacet
 facet normal  0.000000e+00  1.000000e+00 -0.000000e+00
   outer loop
     vertex  4.913553e-03  2.000000e-01 -1.676646e-01
     vertex -1.183041e-02  2.000000e-01 -1.372563e-01
     vertex  2.347180e-02  2.000000e-01 -1.346737e-01
   endloop
 endfacet
 facet normal  0.000000e+00  1.000000e+00 -0.000000e+00
   outer loop
     vertex -1.123106e-01  2.000000e-01 -8.081271e-02
     vertex -1.331683e-01  2.000000e-01 -5.483813e-02
     vertex -1.000061e-01  2.000000e-01 -4.888335e-02
   endloop
 endfacet
 facet normal -6.595757e-16  1.000000e+00 -6.409326e-16
   outer loop
     vertex -9.812731e-02  2.000000e-01  1.175338e-01
     vertex -8.866217e-02  2.000000e-01  1.510983e-01
     vertex -6.615037e-02  2.000000e-01  1.279317e-01
   endloop
 endfacet
 facet normal  4.753660e-16  1.000000e+00 -7.976201e-16
   outer loop
     vertex  1.161713e-01  2.000000e-01 -9.575977e-02
     vertex  1.171200e-01  2.000000e-01 -1.299924e-01
     vertex  8.550540e-02  2.000000e-01 -1.140361e-01
   endloop
 endfacet
 facet normal -3.068085e-16  1.000000e+00 -8.521642e-16
   outer loop
     vertex  9.064382e-02  2.000000e-01 -1.484568e-01
     vertex  5.828253e-02  2.000000e-01 -1.368056e-01
     vertex  8.550540e-02  2.000000e-01 -1.140361e-01
   endloop
 endfacet
 facet normal  0.000000e+00  1.000000e+00  0.000000e+00
   outer loop
     vertex  5.828253e-02  2.000000e-01 -1.368056e-01
     vertex  3.830107e-02  2.000000e-01 -1.664677e-01
     vertex  2.347180e-02  2.000000e-01 -1.346737e-01
   endloop
 endfacet
 facet normal  0.000000e+00  1.000000e+00  0.000000e+00
   outer loop
     vertex  1.476343e-01  2.000000e-01 -8.031190e-02
     vertex  1.161713e-01  2.000000e-01 -9.575977e-02
     vertex  1.188334e-01  2.000000e-01 -6.167572e-02
   endloop
 endfacet
 facet normal  0.000000e+00  1.000000e+00  0.000000e+00
   outer loop
     vertex -1.199673e-01  2.000000e-01 -1.143373e-01
     vertex -1.123106e-01  2.000000e-01 -8.081271e-02
     vertex -8.749617e-02  2.000000e-01 -1.029433e-01
   endloop
 endfacet
 facet normal  5.093288e-16  1.000000e+00 -7.303290e-16
   outer loop
     vertex  1.171200e-01  2.000000e-01 -1.299924e-01
     vertex  9.064382e-02  2.000000e-01 -1.484568e-01
     vertex  8.550540e-02  2.000000e-01 -1.140361e-01
   endloop
 endfacet
 facet normal  0.000000e+00  1.000000e+00  0.000000e+00
   outer loop
     vertex  1.180899e-01  2.000000e-01  8.525711e-02
     vertex  1.402599e-01  2.000000e-01  4.968866e-02
     vertex  1.069552e-01  2.000000e-01  5.154356e-02
   endloop
 endfacet
 facet normal  0.000000e+00  1.000000e+00  0.000000e+00
   outer loop
     vertex  1.402599e-01  2.000000e-01  4.968866e-02
     vertex  1.531168e-01  2.000000e-01  1.693637e-02
     vertex  1.215428e-01  2.000000e-01  2.321260e-02
   endloop
 endfacet
 facet normal  0.000000e+00  1.000000e+00  0.000000e+00
   outer loop
     vertex  1.531168e-01  2.000000e-01  1.693637e-02
     vertex  1.321686e-01  2.000000e-01 -2.229671e-03
     vertex  1.215428e-01  2.000000e-01  2.321260e-02
   endloop
 endfacet
 facet normal  0.000000e+00  1.000000e+00  0.000000e+00
   outer loop
     vertex  1.161713e-01  2.000000e-01 -9.575977e-02
     vertex  8.550540e-02  2.000000e-01 -1.140361e-01
     vertex  8.527672e-02  2.000000e-01 -7.785682e-02
   endloop
 endfacet
 facet normal  0.000000e+00  1.000000e+00 -0.000000e+00
   outer loop
     vertex  1.161713e-01  2.000000e-01 -9.575977e-02
     vertex  8.527672e-02  2.000000e-01 -7.785682e-02
     vertex  1.188334e-01  2.000000e-01 -6.167572e-02
   endloop
 endfacet
 facet normal  0.000000e+00  1.000000e+00  0.000000e+00
   outer loop
     vertex  1.402599e-01  2.000000e-01  4.968866e-02
     vertex  1.215428e-01  2.000000e-01  2.321260e-02
     vertex  1.069552e-01  2.000000e-01  5.154356e-02
   endloop
 endfacet
 facet normal  0.000000e+00  1.000000e+00  0.000000e+00
   outer loop
     vertex  1.321686e-01  2.000000e-01 -2.229671e-03
     vertex  1.549961e-01  2.000000e-01 -1.648253e-02
     vertex  1.250504e-01  2.000000e-01 -2.972164e-02
   endloop
 endfacet
 facet normal  0.000000e+00  1.000000e+00  0.000000e+00
   outer loop
     vertex  1.549961e-01  2.000000e-01 -1.648253e-02
     vertex  1.509938e-01  2.000000e-01 -4.814164e-02
     vertex  1.250504e-01  2.000000e-01 -2.972164e-02
   endloop
 endfacet
 facet normal  2.673625e-16  1.000000e+00 -7.710542e-16
   outer loop
     vertex  8.411950e-02  2.000000e-01  1.474642e-01
     vertex  8.298865e-02  2.000000e-01  1.110751e-01
     vertex  4.508848e-02  2.000000e-01  1.339302e-01
   endloop
 endfacet
 facet normal -4.899361e-17  1.000000e+00 -9.352293e-16
   outer loop
     vertex -1.386127e-02  2.000000e-01  1.081243e-01
     vertex  3.130201e-03  2.000000e-01  1.369120e-01
     vertex  2.017129e-02  2.000000e-01  1.063415e-01
   endloop
 endfacet
 facet normal -6.718460e-17  1.000000e+00 -9.453696e-16
   outer loop
     vertex  3.130201e-03  2.000000e-01  1.369120e-01
     vertex  4.508848e-02  2.000000e-01  1.339302e-01
     vertex  2.017129e-02  2.000000e-01  1.063415e-01
   endloop
 endfacet
 facet normal -3.243321e-16  1.000000e+00 -8.312134e-16
   outer loop
     vertex  8.550540e-02  2.000000e-01 -1.140361e-01
     vertex  5.828253e-02  2.000000e-01 -1.368056e-01
     vertex  4.712295e-02  2.000000e-01 -9.905958e-02
   endloop
 endfacet
 facet normal -3.889229e-16  1.000000e+00 -7.685191e-16
   outer loop
     vertex -6.141817e-02  2.000000e-01 -1.161406e-01
     vertex -8.696342e-02  2.000000e-01 -1.393286e-01
     vertex -8.749617e-02  2.000000e-01 -1.029433e-01
   endloop
 endfacet
 facet normal  0.000000e+00  1.000000e+00  0.000000e+00
   outer loop
     vertex -1.000061e-01  2.000000e-01 -4.888335e-02
     vertex -1.331683e-01  2.000000e-01 -5.483813e-02
     vertex -1.209772e-01  2.000000e-01 -2.281962e-02
   endloop
 endfacet
 facet normal  0.000000e+00  1.000000e+00 -0.000000e+00
   outer loop
     vertex -1.331683e-01  2.000000e-01 -5.483813e-02
     vertex -1.533122e-01  2.000000e-01 -2.898160e-02
     vertex -1.209772e-01  2.000000e-01 -2.281962e-02
   endloop
 endfacet
 facet normal -0.000000e+00  1.000000e+00  0.000000e+00
   outer loop
     vertex -1.291743e-01  2.000000e-01  1.057896e-01
     vertex -9.812731e-02  2.000000e-01  1.175338e-01
     vertex -1.046376e-01  2.000000e-01  8.331656e-02
   endloop
 endfacet
 facet normal  7.384610e-17  1.000000e+00 -9.256398e-16
   outer loop
     vertex -1.183041e-02  2.000000e-01 -1.372563e-01
     vertex -4.624923e-02  2.000000e-01 -1.400022e-01
     vertex -3.108757e-02  2.000000e-01 -1.088073e-01
   endloop
 endfacet
 facet normal  2.437669e-16  1.000000e+00 -1.008226e-15
   outer loop
     vertex -4.624923e-02  2.000000e-01 -1.400022e-01
     vertex -6.141817e-02  2.000000e-01 -1.161406e-01
     vertex -3.108757e-02  2.000000e-01 -1.088073e-01
   endloop
 endfacet
 facet normal -6.476708e-16  1.000000e+00 -6.775438e-16
   outer loop
     vertex -9.812731e-02  2.000000e-01  1.175338e-01
     vertex -6.615037e-02  2.000000e-01  1.279317e-01
     vertex -7.590965e-02  2.000000e-01  9.629574e-02
   endloop
 endfacet
 facet normal  2.043123e-16  1.000000e+00 -9.959590e-16
   outer loop
     vertex -6.615037e-02  2.000000e-01  1.279317e-01
     vertex -3.286172e-02  2.000000e-01  1.347606e-01
     vertex -4.498625e-02  2.000000e-01  1.044052e-01
   endloop
 endfacet
 facet normal  2.503274e-16  1.000000e+00 -9.545645e-16
   outer loop
     vertex -7.590965e-02  2.000000e-01  9.629574e-02
     vertex -6.615037e-02  2.000000e-01  1.279317e-01
     vertex -4.498625e-02  2.000000e-01  1.044052e-01
   endloop
 endfacet
 facet normal  1.147335e-16  1.000000e+00 -9.601795e-16
   outer loop
     vertex -3.286172e-02  2.000000e-01  1.347606e-01
     vertex -1.386127e-02  2.000000e-01  1.081243e-01
     vertex -4.498625e-02  2.000000e-01  1.044052e-01
   endloop
 endfacet
 facet normal  0.000000e+00  1.000000e+00  0.000000e+00
   outer loop
     vertex  8.298865e-02  2.000000e-01  1.110751e-01
     vertex  1.180899e-01  2.000000e-01  8.525711e-02
     vertex  8.267446e-02  2.000000e-01  7.615085e-02
   endloop
 endfacet
 facet normal  0.000000e+00  1.000000e+00  0.000000e+00
   outer loop
     vertex  1.180899e-01  2.000000e-01  8.525711e-02
     vertex  1.069552e-01  2.000000e-01  5.154356e-02
     vertex  8.267446e-02  2.000000e-01  7.615085e-02
   endloop
 endfacet
 facet normal -4.586417e-17  1.000000e+00 -7.488845e-16
   outer loop
     vertex  5.828253e-02  2.000000e-01 -1.368056e-01
     vertex  2.347180e-02  2.000000e-01 -1.346737e-01
     vertex  4.712295e-02  2.000000e-01 -9.905958e-02
   endloop
 endfacet
 facet normal  0.000000e+00  1.000000e+00 -0.000000e+00
   outer loop
     vertex -8.749617e-02  2.000000e-01 -1.029433e-01
     vertex -1.123106e-01  2.000000e-01 -8.081271e-02
     vertex -8.334781e-02  2.000000e-01 -7.376950e-02
   endloop
 endfacet
 facet normal  0.000000e+00  1.000000e+00  0.000000e+00
   outer loop
     vertex -1.123106e-01  2.000000e-01 -8.081271e-02
     vertex -1.000061e-01  2.000000e-01 -4.888335e-02
     vertex -8.334781e-02  2.000000e-01 -7.376950e-02
   endloop
 endfacet
 facet normal  0.000000e+00  1.000000e+00 -0.000000e+00
   outer loop
     vertex -1.533122e-01  2.000000e-01 -2.898160e-02
     vertex -1.706092e-01  2.000000e-01 -4.737486e-03
     vertex -1.429522e-01  2.000000e-01  2.600746e-03
   endloop
 endfacet
 facet normal  0.000000e+00  1.000000e+00  0.000000e+00
   outer loop
     vertex -1.338880e-01  2.000000e-01  7.033716e-02
     vertex -1.291743e-01  2.000000e-01  1.057896e-01
     vertex -1.046376e-01  2.000000e-01  8.331656e-02
   endloop
 endfacet
 facet normal  0.000000e+00  1.000000e+00  0.000000e+00
   outer loop
     vertex  1.509938e-01  2.000000e-01 -4.814164e-02
     vertex  1.476343e-01  2.000000e-01 -8.031190e-02
     vertex  1.188334e-01  2.000000e-01 -6.167572e-02
   endloop
 endfacet
 facet normal  0.000000e+00  1.000000e+00  0.000000e+00
   outer loop
     vertex -1.380995e-01  2.000000e-01  3.582792e-02
     vertex -1.338880e-01  2.000000e-01  7.033716e-02
     vertex -1.075057e-01  2.000000e-01  4.741291e-02
   endloop
 endfacet
 facet normal -0.000000e+00  1.000000e+00  0.000000e+00
   outer loop
     vertex -1.338880e-01  2.000000e-01  7.033716e-02
     vertex -1.046376e-01  2.000000e-01  8.331656e-02
     vertex -1.075057e-01  2.000000e-01  4.741291e-02
   endloop
 endfacet
 facet normal  0.000000e+00  1.000000e+00  0.000000e+00
   outer loop
     vertex -1.429522e-01  2.000000e-01  2.600746e-03
     vertex -1.380995e-01  2.000000e-01  3.582792e-02
     vertex -1.114473e-01  2.000000e-01  1.154186e-02
   endloop
 endfacet
 facet normal -0.000000e+00  1.000000e+00  0.000000e+00
   outer loop
     vertex -1.380995e-01  2.000000e-01  3.582792e-02
     vertex -1.075057e-01  2.000000e-01  4.741291e-02
     vertex -1.114473e-01  2.000000e-01  1.154186e-02
   endloop
 endfacet
 facet normal  2.663033e-16  1.000000e+00 -7.589252e-16
   outer loop
     vertex -1.199673e-01  2.000000e-01 -1.143373e-01
     vertex -8.749617e-02  2.000000e-01 -1.029433e-01
     vertex -8.696342e-02  2.000000e-01 -1.393286e-01
   endloop
 endfacet
 facet normal  0.000000e+00  1.000000e+00  0.000000e+00
   outer loop
     vertex -9.812731e-02  2.000000e-01  1.175338e-01
     vertex -7.590965e-02  2.000000e-01  9.629574e-02
     vertex -1.046376e-01  2.000000e-01  8.331656e-02
   endloop
 endfacet
 facet normal  0.000000e+00  1.000000e+00  0.000000e+00
   outer loop
     vertex  1.509938e-01  2.000000e-01 -4.814164e-02
     vertex  1.188334e-01  2.000000e-01 -6.167572e-02
     vertex  1.250504e-01  2.000000e-01 -2.972164e-02
   endloop
 endfacet
 facet normal  0.000000e+00  1.000000e+00  0.000000e+00
   outer loop
     vertex  1.188334e-01  2.000000e-01 -6.167572e-02
     vertex  8.527672e-02  2.000000e-01 -7.785682e-02
     vertex  8.985842e-02  2.000000e-01 -3.861665e-02
   endloop
 endfacet
 facet normal  0.000000e+00  1.000000e+00  0.000000e+00
   outer loop
     vertex  8.527672e-02  2.000000e-01 -7.785682e-02
     vertex  8.550540e-02  2.000000e-01 -1.140361e-01
     vertex  4.712295e-02  2.000000e-01 -9.905958e-02
   endloop
 endfacet
 facet normal  0.000000e+00  1.000000e+00 -0.000000e+00
   outer loop
     vertex -6.141817e-02  2.000000e-01 -1.161406e-01
     vertex -8.749617e-02  2.000000e-01 -1.029433e-01
     vertex -5.648447e-02  2.000000e-01 -8.643674e-02
   endloop
 endfacet
 facet normal  0.000000e+00  1.000000e+00  0.000000e+00
   outer loop
     vertex -8.749617e-02  2.000000e-01 -1.029433e-01
     vertex -8.334781e-02  2.000000e-01 -7.376950e-02
     vertex -5.648447e-02  2.000000e-01 -8.643674e-02
   endloop
 endfacet
 facet normal  6.146527e-17  1.000000e+00 -8.401680e-16
   outer loop
     vertex  2.347180e-02  2.000000e-01 -1.346737e-01
     vertex -1.183041e-02  2.000000e-01 -1.372563e-01
     vertex  4.331076e-03  2.000000e-01 -1.030382e-01
   endloop
 endfacet
 facet normal  7.722909e-17  1.000000e+00 -8.306302e-16
   outer loop
     vertex  4.712295e-02  2.000000e-01 -9.905958e-02
     vertex  2.347180e-02  2.000000e-01 -1.346737e-01
     vertex  4.331076e-03  2.000000e-01 -1.030382e-01
   endloop
 endfacet
 facet normal  3.538972e-16  1.000000e+00 -6.275551e-16
   outer loop
     vertex  4.508848e-02  2.000000e-01  1.339302e-01
     vertex  8.298865e-02  2.000000e-01  1.110751e-01
     vertex  5.240411e-02  2.000000e-01  9.382760e-02
   endloop
 endfacet
 facet normal -2.891834e-16  1.000000e+00 -7.448677e-16
   outer loop
     vertex  2.017129e-02  2.000000e-01  1.063415e-01
     vertex  4.508848e-02  2.000000e-01  1.339302e-01
     vertex  5.240411e-02  2.000000e-01  9.382760e-02
   endloop
 endfacet
 facet normal  0.000000e+00  1.000000e+00  0.000000e+00
   outer loop
     vertex  8.298865e-02  2.000000e-01  1.110751e-01
     vertex  8.267446e-02  2.000000e-01  7.615085e-02
     vertex  5.240411e-02  2.000000e-01  9.382760e-02
   endloop
 endfacet
 facet normal  0.000000e+00  1.000000e+00  0.000000e+00
   outer loop
     vertex -1.533122e-01  2.000000e-01 -2.898160e-02
     vertex -1.429522e-01  2.000000e-01  2.600746e-03
     vertex -1.209772e-01  2.000000e-01 -2.281962e-02
   endloop
 endfacet
 facet normal  0.000000e+00  1.000000e+00  0.000000e+00
   outer loop
     vertex -1.075057e-01  2.000000e-01  4.741291e-02
     vertex -1.046376e-01  2.000000e-01  8.331656e-02
     vertex -7.977581e-02  2.000000e-01  6.239714e-02
   endloop
 endfacet
 facet normal -0.000000e+00  1.000000e+00  0.000000e+00
   outer loop
     vertex -1.046376e-01  2.000000e-01  8.331656e-02
     vertex -7.590965e-02  2.000000e-01  9.629574e-02
     vertex -7.977581e-02  2.000000e-01  6.239714e-02
   endloop
 endfacet
 facet normal  0.000000e+00  1.000000e+00  0.000000e+00
   outer loop
     vertex  1.069552e-01  2.000000e-01  5.154356e-02
     vertex  1.215428e-01  2.000000e-01  2.321260e-02
     vertex  9.174166e-02  2.000000e-01  2.228343e-02
   endloop
 endfacet
 facet normal  0.000000e+00  1.000000e+00  0.000000e+00
   outer loop
     vertex  1.215428e-01  2.000000e-01  2.321260e-02
     vertex  1.321686e-01  2.000000e-01 -2.229671e-03
     vertex  1.051143e-01  2.000000e-01 -5.367181e-03
   endloop
 endfacet
 facet normal -0.000000e+00  1.000000e+00  0.000000e+00
   outer loop
     vertex  9.174166e-02  2.000000e-01  2.228343e-02
     vertex  1.215428e-01  2.000000e-01  2.321260e-02
     vertex  1.051143e-01  2.000000e-01 -5.367181e-03
   endloop
 endfacet
 facet normal  0.000000e+00  1.000000e+00  0.000000e+00
   outer loop
     vertex  1.321686e-01  2.000000e-01 -2.229671e-03
     vertex  1.250504e-01  2.000000e-01 -2.972164e-02
     vertex  1.051143e-01  2.000000e-01 -5.367181e-03
   endloop
 endfacet
 facet normal  0.000000e+00  1.000000e+00  0.000000e+00
   outer loop
     vertex  8.527672e-02  2.000000e-01 -7.785682e-02
     vertex  4.712295e-02  2.000000e-01 -9.905958e-02
     vertex  5.508620e-02  2.000000e-01 -5.937931e-02
   endloop
 endfacet
 facet normal  0.000000e+00  1.000000e+00  0.000000e+00
   outer loop
     vertex  8.985842e-02  2.000000e-01 -3.861665e-02
     vertex  8.527672e-02  2.000000e-01 -7.785682e-02
     vertex  5.508620e-02  2.000000e-01 -5.937931e-02
   endloop
 endfacet
 facet normal  0.000000e+00  1.000000e+00 -0.000000e+00
   outer loop
     vertex  1.188334e-01  2.000000e-01 -6.167572e-02
     vertex  8.985842e-02  2.000000e-01 -3.861665e-02
     vertex  1.250504e-01  2.000000e-01 -2.972164e-02
   endloop
 endfacet
 facet normal  0.000000e+00  1.000000e+00  0.000000e+00
   outer loop
     vertex -1.386127e-02  2.000000e-01  1.081243e-01
     vertex  2.017129e-02  2.000000e-01  1.063415e-01
     vertex  1.238928e-03  2.000000e-01  8.376879e-02
   endloop
 endfacet
 facet normal  0.000000e+00  1.000000e+00 -0.000000e+00
   outer loop
     vertex -1.209772e-01  2.000000e-01 -2.281962e-02
     vertex -1.429522e-01  2.000000e-01  2.600746e-03
     vertex -1.114473e-01  2.000000e-01  1.154186e-02
   endloop
 endfacet
 facet normal  1.431321e-16  1.000000e+00 -8.787399e-16
   outer loop
     vertex  4.331076e-03  2.000000e-01 -1.030382e-01
     vertex -1.183041e-02  2.000000e-01 -1.372563e-01
     vertex -3.108757e-02  2.000000e-01 -1.088073e-01
   endloop
 endfacet
 facet normal  0.000000e+00  1.000000e+00 -0.000000e+00
   outer loop
     vertex -1.000061e-01  2.000000e-01 -4.888335e-02
     vertex -1.209772e-01  2.000000e-01 -2.281962e-02
     vertex -8.733636e-02  2.000000e-01 -1.635696e-02
   endloop
 endfacet
 facet normal  0.000000e+00  1.000000e+00  0.000000e+00
   outer loop
     vertex -6.141817e-02  2.000000e-01 -1.161406e-01
     vertex -5.648447e-02  2.000000e-01 -8.643674e-02
     vertex -3.108757e-02  2.000000e-01 -1.088073e-01
   endloop
 endfacet
 facet normal -0.000000e+00  1.000000e+00  0.000000e+00
   outer loop
     vertex -4.498625e-02  2.000000e-01  1.044052e-01
     vertex -1.386127e-02  2.000000e-01  1.081243e-01
     vertex -2.684291e-02  2.000000e-01  7.530325e-02
   endloop
 endfacet
 facet normal  0.000000e+00  1.000000e+00  0.000000e+00
   outer loop
     vertex -1.386127e-02  2.000000e-01  1.081243e-01
     vertex  1.238928e-03  2.000000e-01  8.376879e-02
     vertex -2.684291e-02  2.000000e-01  7.530325e-02
   endloop
 endfacet
 facet normal  0.000000e+00  1.000000e+00 -0.000000e+00
   outer loop
     vertex -8.334781e-02  2.000000e-01 -7.376950e-02
     vertex -1.000061e-01  2.000000e-01 -4.888335e-02
     vertex -6.269038e-02  2.000000e-01 -4.917253e-02
   endloop
 endfacet
 facet normal -0.000000e+00  1.000000e+00  0.000000e+00
   outer loop
     vertex -1.000061e-01  2.000000e-01 -4.888335e-02
     vertex -8.733636e-02  2.000000e-01 -1.635696e-02
     vertex -6.269038e-02  2.000000e-01 -4.917253e-02
   endloop
 endfacet
 facet normal  0.000000e+00  1.000000e+00  0.000000e+00
   outer loop
     vertex  5.508620e-02  2.000000e-01 -5.937931e-02
     vertex  4.712295e-02  2.000000e-01 -9.905958e-02
     vertex  1.849008e-02  2.000000e-01 -6.830367e-02
   endloop
 endfacet
 facet normal  0.000000e+00  1.000000e+00  0.000000e+00
   outer loop
     vertex  4.712295e-02  2.000000e-01 -9.905958e-02
     vertex  4.331076e-03  2.000000e-01 -1.030382e-01
     vertex  1.849008e-02  2.000000e-01 -6.830367e-02
   endloop
 endfacet
 facet normal  0.000000e+00  1.000000e+00  0.000000e+00
   outer loop
     vertex -1.114473e-01  2.000000e-01  1.154186e-02
     vertex -1.075057e-01  2.000000e-01  4.741291e-02
     vertex -7.626892e-02  2.000000e-01  2.290453e-02
   endloop
 endfacet
 facet normal -0.000000e+00  1.000000e+00  0.000000e+00
   outer loop
     vertex -1.075057e-01  2.000000e-01  4.741291e-02
     vertex -7.977581e-02  2.000000e-01  6.239714e-02
     vertex -7.626892e-02  2.000000e-01  2.290453e-02
   endloop
 endfacet
 facet normal  0.000000e+00  1.000000e+00  0.000000e+00
   outer loop
     vertex  8.985842e-02  2.000000e-01 -3.861665e-02
     vertex  5.508620e-02  2.000000e-01 -5.937931e-02
     vertex  5.909326e-02  2.000000e-01 -2.839066e-02
   endloop
 endfacet
 facet normal -0.000000e+00  1.000000e+00  0.000000e+00
   outer loop
     vertex  1.238928e-03  2.000000e-01  8.376879e-02
     vertex  2.017129e-02  2.000000e-01  1.063415e-01
     vertex  2.698090e-02  2.000000e-01  7.191310e-02
   endloop
 endfacet
 facet normal  0.000000e+00  1.000000e+00  0.000000e+00
   outer loop
     vertex  2.017129e-02  2.000000e-01  1.063415e-01
     vertex  5.240411e-02  2.000000e-01  9.382760e-02
     vertex  2.698090e-02  2.000000e-01  7.191310e-02
   endloop
 endfacet
 facet normal  0.000000e+00  1.000000e+00  0.000000e+00
   outer loop
     vertex -1.209772e-01  2.000000e-01 -2.281962e-02
     vertex -1.114473e-01  2.000000e-01  1.154186e-02
     vertex -8.733636e-02  2.000000e-01 -1.635696e-02
   endloop
 endfacet
 facet normal  0.000000e+00  1.000000e+00 -0.000000e+00
   outer loop
     vertex -8.733636e-02  2.000000e-01 -1.635696e-02
     vertex -1.114473e-01  2.000000e-01  1.154186e-02
     vertex -7.626892e-02  2.000000e-01  2.290453e-02
   endloop
 endfacet
 facet normal  0.000000e+00  1.000000e+00 -0.000000e+00
   outer loop
     vertex -3.108757e-02  2.000000e-01 -1.088073e-01
     vertex -5.648447e-02  2.000000e-01 -8.643674e-02
     vertex -2.287751e-02  2.000000e-01 -7.087880e-02
   endloop
 endfacet
 facet normal  0.000000e+00  1.000000e+00  0.000000e+00
   outer loop
     vertex  8.267446e-02  2.000000e-01  7.615085e-02
     vertex  1.069552e-01  2.000000e-01  5.154356e-02
     vertex  7.917088e-02  2.000000e-01  4.697804e-02
   endloop
 endfacet
 facet normal -0.000000e+00  1.000000e+00  0.000000e+00
   outer loop
     vertex -7.590965e-02  2.000000e-01  9.629574e-02
     vertex -4.498625e-02  2.000000e-01  1.044052e-01
     vertex -5.559162e-02  2.000000e-01  7.774381e-02
   endloop
 endfacet
 facet normal  0.000000e+00  1.000000e+00  0.000000e+00
   outer loop
     vertex  1.250504e-01  2.000000e-01 -2.972164e-02
     vertex  8.985842e-02  2.000000e-01 -3.861665e-02
     vertex  1.051143e-01  2.000000e-01 -5.367181e-03
   endloop
 endfacet
 facet normal  0.000000e+00  1.000000e+00  0.000000e+00
   outer loop
     vertex -7.977581e-02  2.000000e-01  6.239714e-02
     vertex -7.590965e-02  2.000000e-01  9.629574e-02
     vertex -5.559162e-02  2.000000e-01  7.774381e-02
   endloop
 endfacet
 facet normal  0.000000e+00  1.000000e+00  0.000000e+00
   outer loop
     vertex  4.331076e-03  2.000000e-01 -1.030382e-01
     vertex -3.108757e-02  2.000000e-01 -1.088073e-01
     vertex -2.287751e-02  2.000000e-01 -7.087880e-02
   endloop
 endfacet
 facet normal  0.000000e+00  1.000000e+00  0.000000e+00
   outer loop
     vertex  1.069552e-01  2.000000e-01  5.154356e-02
     vertex  9.174166e-02  2.000000e-01  2.228343e-02
     vertex  7.917088e-02  2.000000e-01  4.697804e-02
   endloop
 endfacet
 facet normal -0.000000e+00  1.000000e+00  0.000000e+00
   outer loop
     vertex -5.559162e-02  2.000000e-01  7.774381e-02
     vertex -4.498625e-02  2.000000e-01  1.044052e-01
     vertex -2.684291e-02  2.000000e-01  7.530325e-02
   endloop
 endfacet
 facet normal -0.000000e+00  1.000000e+00  0.000000e+00
   outer loop
     vertex -7.977581e-02  2.000000e-01  6.239714e-02
     vertex -5.559162e-02  2.000000e-01  7.774381e-02
     vertex -5.148796e-02  2.000000e-01  4.952422e-02
   endloop
 endfacet
 facet normal  0.000000e+00  1.000000e+00 -0.000000e+00
   outer loop
     vertex -7.626892e-02  2.000000e-01  2.290453e-02
     vertex -7.977581e-02  2.000000e-01  6.239714e-02
     vertex -5.148796e-02  2.000000e-01  4.952422e-02
   endloop
 endfacet
 facet normal  0.000000e+00  1.000000e+00  0.000000e+00
   outer loop
     vertex -5.559162e-02  2.000000e-01  7.774381e-02
     vertex -2.684291e-02  2.000000e-01  7.530325e-02
     vertex -5.148796e-02  2.000000e-01  4.952422e-02
   endloop
 endfacet
 facet normal  0.000000e+00  1.000000e+00  0.000000e+00
   outer loop
     vertex  8.267446e-02  2.000000e-01  7.615085e-02
     vertex  7.917088e-02  2.000000e-01  4.697804e-02
     vertex  5.385706e-02  2.000000e-01  5.829393e-02
   endloop
 endfacet
 facet normal  0.000000e+00  1.000000e+00  0.000000e+00
   outer loop
     vertex  7.917088e-02  2.000000e-01  4.697804e-02
     vertex  9.174166e-02  2.000000e-01  2.228343e-02
     vertex  6.054009e-02  2.000000e-01  2.505095e-02
   endloop
 endfacet
 facet normal  0.000000e+00  1.000000e+00  0.000000e+00
   outer loop
     vertex  8.267446e-02  2.000000e-01  7.615085e-02
     vertex  5.385706e-02  2.000000e-01  5.829393e-02
     vertex  5.240411e-02  2.000000e-01  9.382760e-02
   endloop
 endfacet
 facet normal  0.000000e+00  1.000000e+00  0.000000e+00
   outer loop
     vertex -5.648447e-02  2.000000e-01 -8.643674e-02
     vertex -8.334781e-02  2.000000e-01 -7.376950e-02
     vertex -6.269038e-02  2.000000e-01 -4.917253e-02
   endloop
 endfacet
 facet normal  0.000000e+00  1.000000e+00  0.000000e+00
   outer loop
     vertex -8.733636e-02  2.000000e-01 -1.635696e-02
     vertex -7.626892e-02  2.000000e-01  2.290453e-02
     vertex -5.409458e-02  2.000000e-01 -1.141244e-02
   endloop
 endfacet
 facet normal  0.000000e+00  1.000000e+00  0.000000e+00
   outer loop
     vertex  7.917088e-02  2.000000e-01  4.697804e-02
     vertex  6.054009e-02  2.000000e-01  2.505095e-02
     vertex  5.385706e-02  2.000000e-01  5.829393e-02
   endloop
 endfacet
 facet normal -0.000000e+00  1.000000e+00  0.000000e+00
   outer loop
     vertex -8.733636e-02  2.000000e-01 -1.635696e-02
     vertex -5.409458e-02  2.000000e-01 -1.141244e-02
     vertex -6.269038e-02  2.000000e-01 -4.917253e-02
   endloop
 endfacet
 facet normal  0.000000e+00  1.000000e+00  0.000000e+00
   outer loop
     vertex  5.508620e-02  2.000000e-01 -5.937931e-02
     vertex  1.849008e-02  2.000000e-01 -6.830367e-02
     vertex  3.019864e-02  2.000000e-01 -3.431259e-02
   endloop
 endfacet
 facet normal  0.000000e+00  1.000000e+00 -0.000000e+00
   outer loop
     vertex  4.331076e-03  2.000000e-01 -1.030382e-01
     vertex -2.287751e-02  2.000000e-01 -7.087880e-02
     vertex  1.849008e-02  2.000000e-01 -6.830367e-02
   endloop
 endfacet
 facet normal  0.000000e+00  1.000000e+00  0.000000e+00
   outer loop
     vertex  1.051143e-01  2.000000e-01 -5.367181e-03
     vertex  8.985842e-02  2.000000e-01 -3.861665e-02
     vertex  7.520745e-02  2.000000e-01 -4.334771e-03
   endloop
 endfacet
 facet normal  0.000000e+00  1.000000e+00  0.000000e+00
   outer loop
     vertex  9.174166e-02  2.000000e-01  2.228343e-02
     vertex  1.051143e-01  2.000000e-01 -5.367181e-03
     vertex  7.520745e-02  2.000000e-01 -4.334771e-03
   endloop
 endfacet
 facet normal  0.000000e+00  1.000000e+00  0.000000e+00
   outer loop
     vertex  8.985842e-02  2.000000e-01 -3.861665e-02
     vertex  5.909326e-02  2.000000e-01 -2.839066e-02
     vertex  7.520745e-02  2.000000e-01 -4.334771e-03
   endloop
 endfacet
 facet normal  0.000000e+00  1.000000e+00 -0.000000e+00
   outer loop
     vertex -5.648447e-02  2.000000e-01 -8.643674e-02
     vertex -6.269038e-02  2.000000e-01 -4.917253e-02
     vertex -2.287751e-02  2.000000e-01 -7.087880e-02
   endloop
 endfacet
 facet normal -0.000000e+00  1.000000e+00  0.000000e+00
   outer loop
     vertex -2.684291e-02  2.000000e-01  7.530325e-02
     vertex  1.238928e-03  2.000000e-01  8.376879e-02
     vertex  9.001834e-04  2.000000e-01  5.476172e-02
   endloop
 endfacet
 facet normal  0.000000e+00  1.000000e+00  0.000000e+00
   outer loop
     vertex  1.238928e-03  2.000000e-01  8.376879e-02
     vertex  2.698090e-02  2.000000e-01  7.191310e-02
     vertex  9.001834e-04  2.000000e-01  5.476172e-02
   endloop
 endfacet
 facet normal  0.000000e+00  1.000000e+00 -0.000000e+00
   outer loop
     vertex  5.508620e-02  2.000000e-01 -5.937931e-02
     vertex  3.019864e-02  2.000000e-01 -3.431259e-02
     vertex  5.909326e-02  2.000000e-01 -2.839066e-02
   endloop
 endfacet
 facet normal  0.000000e+00  1.000000e+00  0.000000e+00
   outer loop
     vertex  9.174166e-02  2.000000e-01  2.228343e-02
     vertex  7.520745e-02  2.000000e-01 -4.334771e-03
     vertex  6.054009e-02  2.000000e-01  2.505095e-02
   endloop
 endfacet
 facet normal  0.000000e+00  1.000000e+00  0.000000e+00
   outer loop
     vertex  5.909326e-02  2.000000e-01 -2.839066e-02
     vertex  3.019864e-02  2.000000e-01 -3.431259e-02
     vertex  4.331901e-02  2.000000e-01 -2.314488e-03
   endloop
 endfacet
 facet normal  0.000000e+00  1.000000e+00  0.000000e+00
   outer loop
     vertex -2.287751e-02  2.000000e-01 -7.087880e-02
     vertex -6.269038e-02  2.000000e-01 -4.917253e-02
     vertex -3.289549e-02  2.000000e-01 -3.628466e-02
   endloop
 endfacet
 facet normal  0.000000e+00  1.000000e+00 -0.000000e+00
   outer loop
     vertex -5.409458e-02  2.000000e-01 -1.141244e-02
     vertex -7.626892e-02  2.000000e-01  2.290453e-02
     vertex -3.965383e-02  2.000000e-01  1.895932e-02
   endloop
 endfacet
 facet normal -0.000000e+00  1.000000e+00  0.000000e+00
   outer loop
     vertex -7.626892e-02  2.000000e-01  2.290453e-02
     vertex -5.148796e-02  2.000000e-01  4.952422e-02
     vertex -3.965383e-02  2.000000e-01  1.895932e-02
   endloop
 endfacet
 facet normal -0.000000e+00  1.000000e+00  0.000000e+00
   outer loop
     vertex  2.698090e-02  2.000000e-01  7.191310e-02
     vertex  5.240411e-02  2.000000e-01  9.382760e-02
     vertex  5.385706e-02  2.000000e-01  5.829393e-02
   endloop
 endfacet
 facet normal  0.000000e+00  1.000000e+00  0.000000e+00
   outer loop
     vertex  5.385706e-02  2.000000e-01  5.829393e-02
     vertex  6.054009e-02  2.000000e-01  2.505095e-02
     vertex  2.734435e-02  2.000000e-01  3.211004e-02
   endloop
 endfacet
 facet normal  0.000000e+00  1.000000e+00  0.000000e+00
   outer loop
     vertex  3.019864e-02  2.000000e-01 -3.431259e-02
     vertex  1.849008e-02  2.000000e-01 -6.830367e-02
     vertex -2.083210e-03  2.000000e-01 -3.799407e-02
   endloop
 endfacet
 facet normal  0.000000e+00  1.000000e+00  0.000000e+00
   outer loop
     vertex  7.520745e-02  2.000000e-01 -4.334771e-03
     vertex  5.909326e-02  2.000000e-01 -2.839066e-02
     vertex  4.331901e-02  2.000000e-01 -2.314488e-03
   endloop
 endfacet
 facet normal  0.000000e+00  1.000000e+00  0.000000e+00
   outer loop
     vertex -6.269038e-02  2.000000e-01 -4.917253e-02
     vertex -5.409458e-02  2.000000e-01 -1.141244e-02
     vertex -3.289549e-02  2.000000e-01 -3.628466e-02
   endloop
 endfacet
 facet normal  0.000000e+00  1.000000e+00  0.000000e+00
   outer loop
     vertex  6.054009e-02  2.000000e-01  2.505095e-02
     vertex  7.520745e-02  2.000000e-01 -4.334771e-03
     vertex  4.331901e-02  2.000000e-01 -2.314488e-03
   endloop
 endfacet
 facet normal  0.000000e+00  1.000000e+00  0.000000e+00
   outer loop
     vertex  2.698090e-02  2.000000e-01  7.191310e-02
     vertex  5.385706e-02  2.000000e-01  5.829393e-02
     vertex  2.734435e-02  2.000000e-01  3.211004e-02
   endloop
 endfacet
 facet normal  0.000000e+00  1.000000e+00 -0.000000e+00
   outer loop
     vertex -2.287751e-02  2.000000e-01 -7.087880e-02
     vertex -3.289549e-02  2.000000e-01 -3.628466e-02
     vertex -2.083210e-03  2.000000e-01 -3.799407e-02
   endloop
 endfacet
 facet normal -0.000000e+00  1.000000e+00  0.000000e+00
   outer loop
     vertex -5.148796e-02  2.000000e-01  4.952422e-02
     vertex -2.684291e-02  2.000000e-01  7.530325e-02
     vertex -2.454725e-02  2.000000e-01  4.444787e-02
   endloop
 endfacet
 facet normal  0.000000e+00  1.000000e+00 -0.000000e+00
   outer loop
     vertex -3.965383e-02  2.000000e-01  1.895932e-02
     vertex -5.148796e-02  2.000000e-01  4.952422e-02
     vertex -2.454725e-02  2.000000e-01  4.444787e-02
   endloop
 endfacet
 facet normal  0.000000e+00  1.000000e+00  0.000000e+00
   outer loop
     vertex -2.684291e-02  2.000000e-01  7.530325e-02
     vertex  9.001834e-04  2.000000e-01  5.476172e-02
     vertex -2.454725e-02  2.000000e-01  4.444787e-02
   endloop
 endfacet
 facet normal  0.000000e+00  1.000000e+00 -0.000000e+00
   outer loop
     vertex -3.289549e-02  2.000000e-01 -3.628466e-02
     vertex -5.409458e-02  2.000000e-01 -1.141244e-02
     vertex -2.029812e-02  2.000000e-01 -8.178205e-03
   endloop
 endfacet
 facet normal  0.000000e+00  1.000000e+00  0.000000e+00
   outer loop
     vertex -2.083210e-03  2.000000e-01 -3.799407e-02
     vertex -3.289549e-02  2.000000e-01 -3.628466e-02
     vertex -2.029812e-02  2.000000e-01 -8.178205e-03
   endloop
 endfacet
 facet normal  0.000000e+00  1.000000e+00  0.000000e+00
   outer loop
     vertex -5.409458e-02  2.000000e-01 -1.141244e-02
     vertex -3.965383e-02  2.000000e-01  1.895932e-02
     vertex -2.029812e-02  2.000000e-01 -8.178205e-03
   endloop
 endfacet
 facet normal  0.000000e+00  1.000000e+00  0.000000e+00
   outer loop
     vertex -2.083210e-03  2.000000e-01 -3.799407e-02
     vertex  1.849008e-02  2.000000e-01 -6.830367e-02
     vertex -2.287751e-02  2.000000e-01 -7.087880e-02
   endloop
 endfacet
 facet normal  0.000000e+00  1.000000e+00  0.000000e+00
   outer loop
     vertex  2.734435e-02  2.000000e-01  3.211004e-02
     vertex  6.054009e-02  2.000000e-01  2.505095e-02
     vertex  4.331901e-02  2.000000e-01 -2.314488e-03
   endloop
 endfacet
 facet normal  0.000000e+00  1.000000e+00  0.000000e+00
   outer loop
     vertex  3.019864e-02  2.000000e-01 -3.431259e-02
     vertex -2.083210e-03  2.000000e-01 -3.799407e-02
     vertex  1.205980e-02  2.000000e-01 -5.195891e-03
   endloop
 endfacet
 facet normal  0.000000e+00  1.000000e+00  0.000000e+00
   outer loop
     vertex  4.331901e-02  2.000000e-01 -2.314488e-03
     vertex  3.019864e-02  2.000000e-01 -3.431259e-02
     vertex  1.205980e-02  2.000000e-01 -5.195891e-03
   endloop
 endfacet
 facet normal  0.000000e+00  1.000000e+00 -0.000000e+00
   outer loop
     vertex -2.083210e-03  2.000000e-01 -3.799407e-02
     vertex -2.029812e-02  2.000000e-01 -8.178205e-03
     vertex  1.205980e-02  2.000000e-01 -5.195891e-03
   endloop
 endfacet
 facet normal  0.000000e+00  1.000000e+00  0.000000e+00
   outer loop
     vertex  2.698090e-02  2.000000e-01  7.191310e-02
     vertex  2.734435e-02  2.000000e-01  3.211004e-02
     vertex  9.001834e-04  2.000000e-01  5.476172e-02
   endloop
 endfacet
 facet normal  0.000000e+00  1.000000e+00  0.000000e+00
   outer loop
     vertex  2.734435e-02  2.000000e-01  3.211004e-02
     vertex -6.251961e-03  2.000000e-01  2.217203e-02
     vertex  9.001834e-04  2.000000e-01  5.476172e-02
   endloop
 endfacet
 facet normal  0.000000e+00  1.000000e+00  0.000000e+00
   outer loop
     vertex  2.734435e-02  2.000000e-01  3.211004e-02
     vertex  4.331901e-02  2.000000e-01 -2.314488e-03
     vertex  1.205980e-02  2.000000e-01 -5.195891e-03
   endloop
 endfacet
 facet normal  0.000000e+00  1.000000e+00 -0.000000e+00
   outer loop
     vertex -2.029812e-02  2.000000e-01 -8.178205e-03
     vertex -3.965383e-02  2.000000e-01  1.895932e-02
     vertex -6.251961e-03  2.000000e-01  2.217203e-02
   endloop
 endfacet
 facet normal  0.000000e+00  1.000000e+00  0.000000e+00
   outer loop
     vertex  1.205980e-02  2.000000e-01 -5.195891e-03
     vertex -2.029812e-02  2.000000e-01 -8.178205e-03
     vertex -6.251961e-03  2.000000e-01  2.217203e-02
   endloop
 endfacet
 facet normal  0.000000e+00  1.000000e+00  0.000000e+00
   outer loop
     vertex -3.965383e-02  2.000000e-01  1.895932e-02
     vertex -2.454725e-02  2.000000e-01  4.444787e-02
     vertex -6.251961e-03  2.000000e-01  2.217203e-02
   endloop
 endfacet
 facet normal -0.000000e+00  1.000000e+00  0.000000e+00
   outer loop
     vertex -2.454725e-02  2.000000e-01  4.444787e-02
     vertex  9.001834e-04  2.000000e-01  5.476172e-02
     vertex -6.251961e-03  2.000000e-01  2.217203e-02
   endloop
 endfacet
 facet normal  0.000000e+00  1.000000e+00 -0.000000e+00
   outer loop
     vertex  1.205980e-02  2.000000e-01 -5.195891e-03
     vertex -6.251961e-03  2.000000e-01  2.217203e-02
     vertex  2.734435e-02  2.000000e-01  3.211004e-02
   endloop
 endfacet
 facet normal  0.000000e+00 -1.000000e+00  0.000000e+00
   outer loop
     vertex  3.000000e-01 -2.000000e-01 -2.906989e-17
     vertex  2.990927e-01 -2.000000e-01  2.331457e-02
     vertex  2.716644e-01 -2.000000e-01  1.535667e-02
   endloop
 endfacet
 facet normal  0.000000e+00 -1.000000e+00  0.000000e+00
   outer loop
     vertex  2.933192e-01 -2.000000e-01  6.295910e-02
     vertex  2.815626e-01 -2.000000e-01  1.035496e-01
     vertex  2.584304e-01 -2.000000e-01  7.992923e-02
   endloop
 endfacet
 facet normal  2.211185e-16 -1.000000e+00  7.038064e-16
   outer loop
     vertex  2.815626e-01 -2.000000e-01  1.035496e-01
     vertex  2.599338e-01 -2.000000e-01  1.497812e-01
     vertex  2.432204e-01 -2.000000e-01  1.155958e-01
   endloop
 endfacet
 facet normal  0.000000e+00 -1.000000e+00  0.000000e+00
   outer loop
     vertex  2.599338e-01 -2.000000e-01  1.497812e-01
     vertex  2.350040e-01 -2.000000e-01  1.864756e-01
     vertex  2.225771e-01 -2.000000e-01  1.500734e-01
   endloop
 endfacet
 facet normal -0.000000e+00 -1.000000e+00  0.000000e+00
   outer loop
     vertex  2.350040e-01 -2.000000e-01  1.864756e-01
     vertex  2.064702e-01 -2.000000e-01  2.176466e-01
     vertex  1.980031e-01 -2.000000e-01  1.810000e-01
   endloop
 endfacet
 facet normal -0.000000e+00 -1.000000e+00  0.000000e+00
   outer loop
     vertex  2.064702e-01 -2.000000e-01  2.176466e-01
     vertex  1.714383e-01 -2.000000e-01  2.461888e-01
     vertex  1.694294e-01 -2.000000e-01  2.085428e-01
   endloop
 endfacet
 facet normal -0.000000e+00 -1.000000e+00  0.000000e+00
   outer loop
     vertex  1.714383e-01 -2.000000e-01  2.461888e-01
     vertex  1.301564e-01 -2.000000e-01  2.702949e-01
     vertex  1.363959e-01 -2.000000e-01  2.321107e-01
   endloop
 endfacet
 facet normal -0.000000e+00 -1.000000e+00  0.000000e+00
   outer loop
     vertex  1.301564e-01 -2.000000e-01  2.702949e-01
     vertex  8.988878e-02 -2.000000e-01  2.862167e-01
     vertex  1.002641e-01 -2.000000e-01  2.498995e-01
   endloop
 endfacet
 facet normal -0.000000e+00 -1.000000e+00  0.000000e+00
   outer loop
     vertex  8.988878e-02 -2.000000e-01  2.862167e-01
     vertex  4.877979e-02 -2.000000e-01  2.960077e-01
     vertex  6.301322e-02 -2.000000e-01  2.615886e-01
   endloop
 endfacet
 facet normal -0.000000e+00 -1.000000e+00  0.000000e+00
   outer loop
     vertex  4.877979e-02 -2.000000e-01  2.960077e-01
     vertex  6.702891e-03 -2.000000e-01  2.999251e-01
     vertex  2.511105e-02 -2.000000e-01  2.679375e-01
   endloop
 endfacet
 facet normal  0.000000e+00 -1.000000e+00  0.000000e+00
   outer loop
     vertex  6.702891e-03 -2.000000e-01  2.999251e-01
     vertex -3.550701e-02 -2.000000e-01  2.978913e-01
     vertex -1.300909e-02 -2.000000e-01  2.693900e-01
   endloop
 endfacet
 facet normal  0.000000e+00 -1.000000e+00  0.000000e+00
   outer loop
     vertex -3.550701e-02 -2.000000e-01  2.978913e-01
     vertex -7.701236e-02 -2.000000e-01  2.899467e-01
     vertex -5.097483e-02 -2.000000e-01  2.650901e-01
   endloop
 endfacet
 facet normal  0.000000e+00 -1.000000e+00  0.000000e+00
   outer loop
     vertex -7.701236e-02 -2.000000e-01  2.899467e-01
     vertex -1.169896e-01 -2.000000e-01  2.762489e-01
     vertex -8.782685e-02 -2.000000e-01  2.544343e-01
   endloop
 endfacet
 facet normal  0.000000e+00 -1.000000e+00  0.000000e+00
   outer loop
     vertex -1.169896e-01 -2.000000e-01  2.762489e-01
     vertex -1.552741e-01 -2.000000e-01  2.566904e-01
     vertex -1.231436e-01 -2.000000e-01  2.382938e-01
   endloop
 endfacet
 facet normal  0.000000e+00 -1.000000e+00  0.000000e+00
   outer loop
     vertex -1.552741e-01 -2.000000e-01  2.566904e-01
     vertex -1.946578e-01 -2.000000e-01  2.282725e-01
     vertex -1.575325e-01 -2.000000e-01  2.171644e-01
   endloop
 endfacet
 facet normal  0.000000e+00 -1.000000e+00 -0.000000e+00
   outer loop
     vertex -1.946578e-01 -2.000000e-01  2.282725e-01
     vertex -2.285926e-01 -2.000000e-01  1.942818e-01
     vertex -1.894775e-01 -2.000000e-01  1.910414e-01
   endloop
 endfacet
 facet normal  0.000000e+00 -1.000000e+00 -0.000000e+00
   outer loop
     vertex -2.285926e-01 -2.000000e-01  1.942818e-01
     vertex -2.536689e-01 -2.000000e-01  1.601628e-01
     vertex -2.164956e-01 -2.000000e-01  1.610594e-01
   endloop
 endfacet
 facet normal  7.184797e-16 -1.000000e+00  3.597477e-16
   outer loop
     vertex -2.536689e-01 -2.000000e-01  1.601628e-01
     vertex -2.736571e-01 -2.000000e-01  1.229300e-01
     vertex -2.376329e-01 -2.000000e-01  1.281361e-01
   endloop
 endfacet
 facet normal  0.000000e+00 -1.000000e+00 -0.000000e+00
   outer loop
     vertex -2.736571e-01 -2.000000e-01  1.229300e-01
     vertex -2.882154e-01 -2.000000e-01  8.325796e-02
     vertex -2.529865e-01 -2.000000e-01  9.245366e-02
   endloop
 endfacet
 facet normal  0.000000e+00 -1.000000e+00 -0.000000e+00
   outer loop
     vertex -2.882154e-01 -2.000000e-01  8.325796e-02
     vertex -2.974881e-01 -2.000000e-01  3.874083e-02
     vertex -2.630127e-01 -2.000000e-01  5.451773e-02
   endloop
 endfacet
 facet normal  0.000000e+00 -1.000000e+00 -0.000000e+00
   outer loop
     vertex -2.974881e-01 -2.000000e-01  3.874083e-02
     vertex -2.999747e-01 -2.000000e-01 -3.892377e-03
     vertex -2.677942e-01 -2.000000e-01  1.536633e-02
   endloop
 endfacet
 facet normal  0.000000e+00 -1.000000e+00  0.000000e+00
   outer loop
     vertex -2.999747e-01 -2.000000e-01 -3.892377e-03
     vertex -2.954945e-01 -2.000000e-01 -5.179795e-02
     vertex -2.676187e-01 -2.000000e-01 -2.453206e-02
   endloop
 endfacet
 facet normal  0.000000e+00 -1.000000e+00  0.000000e+00
   outer loop
     vertex -2.954945e-01 -2.000000e-01 -5.179795e-02
     vertex -2.852845e-01 -2.000000e-01 -9.280488e-02
     vertex -2.616025e-01 -2.000000e-01 -6.395265e-02
   endloop
 endfacet
 facet normal  1.830894e-16 -1.000000e+00  7.828663e-16
   outer loop
     vertex -2.852845e-01 -2.000000e-01 -9.280488e-02
     vertex -2.694139e-01 -2.000000e-01 -1.319703e-01
     vertex -2.499600e-01 -2.000000e-01 -1.010663e-01
   endloop
 endfacet
 facet normal  0.000000e+00 -1.000000e+00  0.000000e+00
   outer loop
     vertex -2.694139e-01 -2.000000e-01 -1.319703e-01
     vertex -2.481974e-01 -2.000000e-01 -1.685172e-01
     vertex -2.329583e-01 -2.000000e-01 -1.358014e-01
   endloop
 endfacet
 facet normal  0.000000e+00 -1.000000e+00  0.000000e+00
   outer loop
     vertex -2.481974e-01 -2.000000e-01 -1.685172e-01
     vertex -2.200712e-01 -2.000000e-01 -2.038840e-01
     vertex -2.107616e-01 -2.000000e-01 -1.681775e-01
   endloop
 endfacet
 facet normal  0.000000e+00 -1.000000e+00  0.000000e+00
   outer loop
     vertex -2.200712e-01 -2.000000e-01 -2.038840e-01
     vertex -1.869521e-01 -2.000000e-01 -2.346251e-01
     vertex -1.833733e-01 -2.000000e-01 -1.972344e-01
   endloop
 endfacet
 facet normal  0.000000e+00 -1.000000e+00  0.000000e+00
   outer loop
     vertex -1.869521e-01 -2.000000e-01 -2.346251e-01
     vertex -1.521294e-01 -2.000000e-01 -2.585665e-01
     vertex -1.521548e-01 -2.000000e-01 -2.214906e-01
   endloop
 endfacet
 facet normal  0.000000e+00 -1.000000e+00  0.000000e+00
   outer loop
     vertex -1.521294e-01 -2.000000e-01 -2.585665e-01
     vertex -1.108862e-01 -2.000000e-01 -2.787548e-01
     vertex -1.181304e-01 -2.000000e-01 -2.412509e-01
   endloop
 endfacet
 facet normal  0.000000e+00 -1.000000e+00  0.000000e+00
   outer loop
     vertex -1.108862e-01 -2.000000e-01 -2.787548e-01
     vertex -7.061734e-02 -2.000000e-01 -2.915702e-01
     vertex -8.223435e-02 -2.000000e-01 -2.563639e-01
   endloop
 endfacet
 facet normal  0.000000e+00 -1.000000e+00  0.000000e+00
   outer loop
     vertex -7.061734e-02 -2.000000e-01 -2.915702e-01
     vertex -2.894731e-02 -2.000000e-01 -2.986002e-01
     vertex -4.516240e-02 -2.000000e-01 -2.659824e-01
   endloop
 endfacet
 facet normal  0.000000e+00 -1.000000e+00  0.000000e+00
   outer loop
     vertex -2.894731e-02 -2.000000e-01 -2.986002e-01
     vertex  1.329711e-02 -2.000000e-01 -2.997052e-01
     vertex -7.256529e-03 -2.000000e-01 -2.693765e-01
   endloop
 endfacet
 facet normal  0.000000e+00 -1.000000e+00  0.000000e+00
   outer loop
     vertex  1.329711e-02 -2.000000e-01 -2.997052e-01
     vertex  5.527768e-02 -2.000000e-01 -2.948633e-01
     vertex  3.065947e-02 -2.000000e-01 -2.671510e-01
   endloop
 endfacet
 facet normal  0.000000e+00 -1.000000e+00  0.000000e+00
   outer loop
     vertex  5.527768e-02 -2.000000e-01 -2.948633e-01
     vertex  9.616141e-02 -2.000000e-01 -2.841707e-01
     vertex  6.826146e-02 -2.000000e-01 -2.599580e-01
   endloop
 endfacet
 facet normal  0.000000e+00 -1.000000e+00  0.000000e+00
   outer loop
     vertex  9.616141e-02 -2.000000e-01 -2.841707e-01
     vertex  1.351371e-01 -2.000000e-01 -2.678395e-01
     vertex  1.048245e-01 -2.000000e-01 -2.476967e-01
   endloop
 endfacet
 facet normal  0.000000e+00 -1.000000e+00  0.000000e+00
   outer loop
     vertex  1.351371e-01 -2.000000e-01 -2.678395e-01
     vertex  1.732339e-01 -2.000000e-01 -2.449286e-01
     vertex  1.400137e-01 -2.000000e-01 -2.300180e-01
   endloop
 endfacet
 facet normal  0.000000e+00 -1.000000e+00  0.000000e+00
   outer loop
     vertex  1.732339e-01 -2.000000e-01 -2.449286e-01
     vertex  2.106847e-01 -2.000000e-01 -2.135695e-01
     vertex  1.731439e-01 -2.000000e-01 -2.063010e-01
   endloop
 endfacet
 facet normal  0.000000e+00 -1.000000e+00  0.000000e+00
   outer loop
     vertex  2.106847e-01 -2.000000e-01 -2.135695e-01
     vertex  2.386038e-01 -2.000000e-01 -1.818467e-01
     vertex  2.017630e-01 -2.000000e-01 -1.777633e-01
   endloop
 endfacet
 facet normal  0.000000e+00 -1.000000e+00  0.000000e+00
   outer loop
     vertex  2.386038e-01 -2.000000e-01 -1.818467e-01
     vertex  2.639111e-01 -2.000000e-01 -1.426566e-01
     vertex  2.259203e-01 -2.000000e-01 -1.461202e-01
   endloop
 endfacet
 facet normal -2.584127e-16 -1.000000e+00  7.342349e-16
   outer loop
     vertex  2.639111e-01 -2.000000e-01 -1.426566e-01
     vertex  2.835633e-01 -2.000000e-01 -9.793806e-02
     vertex  2.458036e-01 -2.000000e-01 -1.112275e-01
   endloop
 endfacet
 facet normal  0.000000e+00 -1.000000e+00  0.000000e+00
   outer loop
     vertex  2.835633e-01 -2.000000e-01 -9.793806e-02
     vertex  2.945116e-01 -2.000000e-01 -5.712206e-02
     vertex  2.598759e-01 -2.000000e-01 -7.530540e-02
   endloop
 endfacet
 facet normal  0.000000e+00 -1.000000e+00  0.000000e+00
   outer loop
     vertex  2.945116e-01 -2.000000e-01 -5.712206e-02
     vertex  2.994775e-01 -2.000000e-01 -1.769827e-02
     vertex  2.682397e-01 -2.000000e-01 -4.153462e-02
   endloop
 endfacet
 facet normal  0.000000e+00 -1.000000e+00  0.000000e+00
   outer loop
     vertex  2.994775e-01 -2.000000e-01 -1.769827e-02
     vertex  3.000000e-01 -2.000000e-01 -2.906989e-17
     vertex  2.712660e-01 -2.000000e-01 -1.152930e-02
   endloop
 endfacet
 facet normal -0.000000e+00 -1.000000e+00  0.000000e+00
   outer loop
     vertex  3.000000e-01 -2.000000e-01 -2.906989e-17
     vertex  2.716644e-01 -2.000000e-01  1.535667e-02
     vertex  2.712660e-01 -2.000000e-01 -1.152930e-02
   endloop
 endfacet
 facet normal  0.000000e+00 -1.000000e+00  0.000000e+00
   outer loop
     vertex  2.990927e-01 -2.000000e-01  2.331457e-02
     vertex  2.933192e-01 -2.000000e-01  6.295910e-02
     vertex  2.682395e-01 -2.000000e-01  4.621740e-02
   endloop
 endfacet
 facet normal -0.000000e+00 -1.000000e+00  0.000000e+00
   outer loop
     vertex  2.815626e-01 -2.000000e-01  1.035496e-01
     vertex  2.432204e-01 -2.000000e-01  1.155958e-01
     vertex  2.584304e-01 -2.000000e-01  7.992923e-02
   endloop
 endfacet
 facet normal  6.324997e-18 -1.000000e+00  8.088199e-16
   outer loop
     vertex  2.599338e-01 -2.000000e-01  1.497812e-01
     vertex  2.225771e-01 -2.000000e-01  1.500734e-01
     vertex  2.432204e-01 -2.000000e-01  1.155958e-01
   endloop
 endfacet
 facet normal  0.000000e+00 -1.000000e+00  0.000000e+00
   outer loop
     vertex  2.350040e-01 -2.000000e-01  1.864756e-01
     vertex  1.980031e-01 -2.000000e-01  1.810000e-01
     vertex  2.225771e-01 -2.000000e-01  1.500734e-01
   endloop
 endfacet
 facet normal  0.000000e+00 -1.000000e+00  0.000000e+00
   outer loop
     vertex  2.064702e-01 -2.000000e-01  2.176466e-01
     vertex  1.694294e-01 -2.000000e-01  2.085428e-01
     vertex  1.980031e-01 -2.000000e-01  1.810000e-01
   endloop
 endfacet
 facet normal  0.000000e+00 -1.000000e+00  0.000000e+00
   outer loop
     vertex  1.714383e-01 -2.000000e-01  2.461888e-01
     vertex  1.363959e-01 -2.000000e-01  2.321107e-01
     vertex  1.694294e-01 -2.000000e-01  2.085428e-01
   endloop
 endfacet
 facet normal  0.000000e+00 -1.000000e+00 -0.000000e+00
   outer loop
     vertex  1.301564e-01 -2.000000e-01  2.702949e-01
     vertex  1.002641e-01 -2.000000e-01  2.498995e-01
     vertex  1.363959e-01 -2.000000e-01  2.321107e-01
   endloop
 endfacet
 facet normal  0.000000e+00 -1.000000e+00 -0.000000e+00
   outer loop
     vertex  8.988878e-02 -2.000000e-01  2.862167e-01
     vertex  6.301322e-02 -2.000000e-01  2.615886e-01
     vertex  1.002641e-01 -2.000000e-01  2.498995e-01
   endloop
 endfacet
 facet normal  0.000000e+00 -1.000000e+00 -0.000000e+00
   outer loop
     vertex  4.877979e-02 -2.000000e-01  2.960077e-01
     vertex  2.511105e-02 -2.000000e-01  2.679375e-01
     vertex  6.301322e-02 -2.000000e-01  2.615886e-01
   endloop
 endfacet
 facet normal  0.000000e+00 -1.000000e+00 -0.000000e+00
   outer loop
     vertex  6.702891e-03 -2.000000e-01  2.999251e-01
     vertex -1.300909e-02 -2.000000e-01  2.693900e-01
     vertex  2.511105e-02 -2.000000e-01  2.679375e-01
   endloop
 endfacet
 facet normal  0.000000e+00 -1.000000e+00 -0.000000e+00
   outer loop
     vertex -3.550701e-02 -2.000000e-01  2.978913e-01
     vertex -5.097483e-02 -2.000000e-01  2.650901e-01
     vertex -1.300909e-02 -2.000000e-01  2.693900e-01
   endloop
 endfacet
 facet normal  0.000000e+00 -1.000000e+00 -0.000000e+00
   outer loop
     vertex -7.701236e-02 -2.000000e-01  2.899467e-01
     vertex -8.782685e-02 -2.000000e-01  2.544343e-01
     vertex -5.097483e-02 -2.000000e-01  2.650901e-01
   endloop
 endfacet
 facet normal  0.000000e+00 -1.000000e+00 -0.000000e+00
   outer loop
     vertex -1.169896e-01 -2.000000e-01  2.762489e-01
     vertex -1.231436e-01 -2.000000e-01  2.382938e-01
     vertex -8.782685e-02 -2.000000e-01  2.544343e-01
   endloop
 endfacet
 facet normal  0.000000e+00 -1.000000e+00 -0.000000e+00
   outer loop
     vertex -1.552741e-01 -2.000000e-01  2.566904e-01
     vertex -1.575325e-01 -2.000000e-01  2.171644e-01
     vertex -1.231436e-01 -2.000000e-01  2.382938e-01
   endloop
 endfacet
 facet normal  0.000000e+00 -1.000000e+00  0.000000e+00
   outer loop
     vertex -1.946578e-01 -2.000000e-01  2.282725e-01
     vertex -1.894775e-01 -2.000000e-01  1.910414e-01
     vertex -1.575325e-01 -2.000000e-01  2.171644e-01
   endloop
 endfacet
 facet normal  0.000000e+00 -1.000000e+00  0.000000e+00
   outer loop
     vertex -2.285926e-01 -2.000000e-01  1.942818e-01
     vertex -2.164956e-01 -2.000000e-01  1.610594e-01
     vertex -1.894775e-01 -2.000000e-01  1.910414e-01
   endloop
 endfacet
 facet normal  0.000000e+00 -1.000000e+00  0.000000e+00
   outer loop
     vertex -2.536689e-01 -2.000000e-01  1.601628e-01
     vertex -2.376329e-01 -2.000000e-01  1.281361e-01
     vertex -2.164956e-01 -2.000000e-01  1.610594e-01
   endloop
 endfacet
 facet normal  7.016903e-16 -1.000000e+00  4.759242e-16
   outer loop
     vertex -2.736571e-01 -2.000000e-01  1.229300e-01
     vertex -2.529865e-01 -2.000000e-01  9.245366e-02
     vertex -2.376329e-01 -2.000000e-01  1.281361e-01
   endloop
 endfacet
 facet normal  0.000000e+00 -1.000000e+00  0.000000e+00
   outer loop
     vertex -2.882154e-01 -2.000000e-01  8.325796e-02
     vertex -2.630127e-01 -2.000000e-01  5.451773e-02
     vertex -2.529865e-01 -2.000000e-01  9.245366e-02
   endloop
 endfacet
 facet normal  0.000000e+00 -1.000000e+00  0.000000e+00
   outer loop
     vertex -2.974881e-01 -2.000000e-01  3.874083e-02
     vertex -2.677942e-01 -2.000000e-01  1.536633e-02
     vertex -2.630127e-01 -2.000000e-01  5.451773e-02
   endloop
 endfacet
 facet normal  0.000000e+00 -1.000000e+00  0.000000e+00
   outer loop
     vertex -2.999747e-01 -2.000000e-01 -3.892377e-03
     vertex -2.676187e-01 -2.000000e-01 -2.453206e-02
     vertex -2.677942e-01 -2.000000e-01  1.536633e-02
   endloop
 endfacet
 facet normal  0.000000e+00 -1.000000e+00  0.000000e+00
   outer loop
     vertex -2.954945e-01 -2.000000e-01 -5.179795e-02
     vertex -2.616025e-01 -2.000000e-01 -6.395265e-02
     vertex -2.676187e-01 -2.000000e-01 -2.453206e-02
   endloop
 endfacet
 facet normal  0.000000e+00 -1.000000e+00  0.000000e+00
   outer loop
     vertex -2.852845e-01 -2.000000e-01 -9.280488e-02
     vertex -2.499600e-01 -2.000000e-01 -1.010663e-01
     vertex -2.616025e-01 -2.000000e-01 -6.395265e-02
   endloop
 endfacet
 facet normal  8.852591e-17 -1.000000e+00  8.423933e-16
   outer loop
     vertex -2.694139e-01 -2.000000e-01 -1.319703e-01
     vertex -2.329583e-01 -2.000000e-01 -1.358014e-01
     vertex -2.499600e-01 -2.000000e-01 -1.010663e-01
   endloop
 endfacet
 facet normal  0.000000e+00 -1.000000e+00  0.000000e+00
   outer loop
     vertex -2.481974e-01 -2.000000e-01 -1.685172e-01
     vertex -2.107616e-01 -2.000000e-01 -1.681775e-01
     vertex -2.329583e-01 -2.000000e-01 -1.358014e-01
   endloop
 endfacet
 facet normal  0.000000e+00 -1.000000e+00  0.000000e+00
   outer loop
     vertex -2.200712e-01 -2.000000e-01 -2.038840e-01
     vertex -1.833733e-01 -2.000000e-01 -1.972344e-01
     vertex -2.107616e-01 -2.000000e-01 -1.681775e-01
   endloop
 endfacet
 facet normal  0.000000e+00 -1.000000e+00  0.000000e+00
   outer loop
     vertex -1.869521e-01 -2.000000e-01 -2.346251e-01
     vertex -1.521548e-01 -2.000000e-01 -2.214906e-01
     vertex -1.833733e-01 -2.000000e-01 -1.972344e-01
   endloop
 endfacet
 facet normal  0.000000e+00 -1.000000e+00  0.000000e+00
   outer loop
     vertex -1.521294e-01 -2.000000e-01 -2.585665e-01
     vertex -1.181304e-01 -2.000000e-01 -2.412509e-01
     vertex -1.521548e-01 -2.000000e-01 -2.214906e-01
   endloop
 endfacet
 facet normal  0.000000e+00 -1.000000e+00  0.000000e+00
   outer loop
     vertex -1.108862e-01 -2.000000e-01 -2.787548e-01
     vertex -8.223435e-02 -2.000000e-01 -2.563639e-01
     vertex -1.181304e-01 -2.000000e-01 -2.412509e-01
   endloop
 endfacet
 facet normal  0.000000e+00 -1.000000e+00  0.000000e+00
   outer loop
     vertex -7.061734e-02 -2.000000e-01 -2.915702e-01
     vertex -4.516240e-02 -2.000000e-01 -2.659824e-01
     vertex -8.223435e-02 -2.000000e-01 -2.563639e-01
   endloop
 endfacet
 facet normal  0.000000e+00 -1.000000e+00  0.000000e+00
   outer loop
     vertex -2.894731e-02 -2.000000e-01 -2.986002e-01
     vertex -7.256529e-03 -2.000000e-01 -2.693765e-01
     vertex -4.516240e-02 -2.000000e-01 -2.659824e-01
   endloop
 endfacet
 facet normal  0.000000e+00 -1.000000e+00  0.000000e+00
   outer loop
     vertex  1.329711e-02 -2.000000e-01 -2.997052e-01
     vertex  3.065947e-02 -2.000000e-01 -2.671510e-01
     vertex -7.256529e-03 -2.000000e-01 -2.693765e-01
   endloop
 endfacet
 facet normal  0.000000e+00 -1.000000e+00  0.000000e+00
   outer loop
     vertex  5.527768e-02 -2.000000e-01 -2.948633e-01
     vertex  6.826146e-02 -2.000000e-01 -2.599580e-01
     vertex  3.065947e-02 -2.000000e-01 -2.671510e-01
   endloop
 endfacet
 facet normal  0.000000e+00 -1.000000e+00  0.000000e+00
   outer loop
     vertex  9.616141e-02 -2.000000e-01 -2.841707e-01
     vertex  1.048245e-01 -2.000000e-01 -2.476967e-01
     vertex  6.826146e-02 -2.000000e-01 -2.599580e-01
   endloop
 endfacet
 facet normal  0.000000e+00 -1.000000e+00  0.000000e+00
   outer loop
     vertex  1.351371e-01 -2.000000e-01 -2.678395e-01
     vertex  1.400137e-01 -2.000000e-01 -2.300180e-01
     vertex  1.048245e-01 -2.000000e-01 -2.476967e-01
   endloop
 endfacet
 facet normal  0.000000e+00 -1.000000e+00  0.000000e+00
   outer loop
     vertex  1.732339e-01 -2.000000e-01 -2.449286e-01
     vertex  1.731439e-01 -2.000000e-01 -2.063010e-01
     vertex  1.400137e-01 -2.000000e-01 -2.300180e-01
   endloop
 endfacet
 facet normal  0.000000e+00 -1.000000e+00  0.000000e+00
   outer loop
     vertex  2.106847e-01 -2.000000e-01 -2.135695e-01
     vertex  2.017630e-01 -2.000000e-01 -1.777633e-01
     vertex  1.731439e-01 -2.000000e-01 -2.063010e-01
   endloop
 endfacet
 facet normal  0.000000e+00 -1.000000e+00  0.000000e+00
   outer loop
     vertex  2.386038e-01 -2.000000e-01 -1.818467e-01
     vertex  2.259203e-01 -2.000000e-01 -1.461202e-01
     vertex  2.017630e-01 -2.000000e-01 -1.777633e-01
   endloop
 endfacet
 facet normal -7.649474e-17 -1.000000e+00  8.390452e-16
   outer loop
     vertex  2.639111e-01 -2.000000e-01 -1.426566e-01
     vertex  2.458036e-01 -2.000000e-01 -1.112275e-01
     vertex  2.259203e-01 -2.000000e-01 -1.461202e-01
   endloop
 endfacet
 facet normal -0.000000e+00 -1.000000e+00  0.000000e+00
   outer loop
     vertex  2.835633e-01 -2.000000e-01 -9.793806e-02
     vertex  2.598759e-01 -2.000000e-01 -7.530540e-02
     vertex  2.458036e-01 -2.000000e-01 -1.112275e-01
   endloop
 endfacet
 facet normal -0.000000e+00 -1.000000e+00  0.000000e+00
   outer loop
     vertex  2.945116e-01 -2.000000e-01 -5.712206e-02
     vertex  2.682397e-01 -2.000000e-01 -4.153462e-02
     vertex  2.598759e-01 -2.000000e-01 -7.530540e-02
   endloop
 endfacet
 facet normal -0.000000e+00 -1.000000e+00  0.000000e+00
   outer loop
     vertex  2.994775e-01 -2.000000e-01 -1.769827e-02
     vertex  2.712660e-01 -2.000000e-01 -1.152930e-02
     vertex  2.682397e-01 -2.000000e-01 -4.153462e-02
   endloop
 endfacet
 facet normal  0.000000e+00 -1.000000e+00  0.000000e+00
   outer loop
     vertex  2.682395e-01 -2.000000e-01  4.621740e-02
     vertex  2.933192e-01 -2.000000e-01  6.295910e-02
     vertex  2.584304e-01 -2.000000e-01  7.992923e-02
   endloop
 endfacet
 facet normal -0.000000e+00 -1.000000e+00  0.000000e+00
   outer loop
     vertex  2.990927e-01 -2.000000e-01  2.331457e-02
     vertex  2.682395e-01 -2.000000e-01  4.621740e-02
     vertex  2.716644e-01 -2.000000e-01  1.535667e-02
   endloop
 endfacet
 facet normal  0.000000e+00 -1.000000e+00  0.000000e+00
   outer loop
     vertex  2.716644e-01 -2.000000e-01  1.535667e-02
     vertex  2.682395e-01 -2.000000e-01  4.621740e-02
     vertex  2.449607e-01 -2.000000e-01  2.997093e-02
   endloop
 endfacet
 facet normal  0.000000e+00 -1.000000e+00  0.000000e+00
   outer loop
     vertex  2.584304e-01 -2.000000e-01  7.992923e-02
     vertex  2.432204e-01 -2.000000e-01  1.155958e-01
     vertex  2.240930e-01 -2.000000e-01  8.777955e-02
   endloop
 endfacet
 facet normal  5.843322e-17 -1.000000e+00  8.400194e-16
   outer loop
     vertex  2.432204e-01 -2.000000e-01  1.155958e-01
     vertex  2.225771e-01 -2.000000e-01  1.500734e-01
     vertex  2.078951e-01 -2.000000e-01  1.180531e-01
   endloop
 endfacet
 facet normal -0.000000e+00 -1.000000e+00  0.000000e+00
   outer loop
     vertex  2.225771e-01 -2.000000e-01  1.500734e-01
     vertex  1.980031e-01 -2.000000e-01  1.810000e-01
     vertex  1.875787e-01 -2.000000e-01  1.470783e-01
   endloop
 endfacet
 facet normal -0.000000e+00 -1.000000e+00  0.000000e+00
   outer loop
     vertex  1.694294e-01 -2.000000e-01  2.085428e-01
     vertex  1.363959e-01 -2.000000e-01  2.321107e-01
     vertex  1.369049e-01 -2.000000e-01  1.969053e-01
   endloop
 endfacet
 facet normal -0.000000e+00 -1.000000e+00  0.000000e+00
   outer loop
     vertex  1.363959e-01 -2.000000e-01  2.321107e-01
     vertex  1.002641e-01 -2.000000e-01  2.498995e-01
     vertex  1.064805e-01 -2.000000e-01  2.157909e-01
   endloop
 endfacet
 facet normal -0.000000e+00 -1.000000e+00  0.000000e+00
   outer loop
     vertex  1.002641e-01 -2.000000e-01  2.498995e-01
     vertex  6.301322e-02 -2.000000e-01  2.615886e-01
     vertex  7.349433e-02 -2.000000e-01  2.287343e-01
   endloop
 endfacet
 facet normal -0.000000e+00 -1.000000e+00  0.000000e+00
   outer loop
     vertex  2.511105e-02 -2.000000e-01  2.679375e-01
     vertex -1.300909e-02 -2.000000e-01  2.693900e-01
     vertex  5.010772e-03 -2.000000e-01  2.401536e-01
   endloop
 endfacet
 facet normal  0.000000e+00 -1.000000e+00  0.000000e+00
   outer loop
     vertex -5.097483e-02 -2.000000e-01  2.650901e-01
     vertex -8.782685e-02 -2.000000e-01  2.544343e-01
     vertex -6.225828e-02 -2.000000e-01  2.332750e-01
   endloop
 endfacet
 facet normal  0.000000e+00 -1.000000e+00  0.000000e+00
   outer loop
     vertex -1.231436e-01 -2.000000e-01  2.382938e-01
     vertex -1.575325e-01 -2.000000e-01  2.171644e-01
     vertex -1.248989e-01 -2.000000e-01  2.023809e-01
   endloop
 endfacet
 facet normal  0.000000e+00 -1.000000e+00 -0.000000e+00
   outer loop
     vertex -1.575325e-01 -2.000000e-01  2.171644e-01
     vertex -1.894775e-01 -2.000000e-01  1.910414e-01
     vertex -1.546977e-01 -2.000000e-01  1.819076e-01
   endloop
 endfacet
 facet normal  0.000000e+00 -1.000000e+00 -0.000000e+00
   outer loop
     vertex -1.894775e-01 -2.000000e-01  1.910414e-01
     vertex -2.164956e-01 -2.000000e-01  1.610594e-01
     vertex -1.816614e-01 -2.000000e-01  1.582072e-01
   endloop
 endfacet
 facet normal -1.776512e-16 -1.000000e+00  8.542910e-16
   outer loop
     vertex -2.376329e-01 -2.000000e-01  1.281361e-01
     vertex -2.529865e-01 -2.000000e-01  9.245366e-02
     vertex -2.201612e-01 -2.000000e-01  9.927973e-02
   endloop
 endfacet
 facet normal  0.000000e+00 -1.000000e+00 -0.000000e+00
   outer loop
     vertex -2.630127e-01 -2.000000e-01  5.451773e-02
     vertex -2.677942e-01 -2.000000e-01  1.536633e-02
     vertex -2.361727e-01 -2.000000e-01  3.116501e-02
   endloop
 endfacet
 facet normal  0.000000e+00 -1.000000e+00  0.000000e+00
   outer loop
     vertex -2.677942e-01 -2.000000e-01  1.536633e-02
     vertex -2.676187e-01 -2.000000e-01 -2.453206e-02
     vertex -2.383540e-01 -2.000000e-01 -4.035349e-03
   endloop
 endfacet
 facet normal  0.000000e+00 -1.000000e+00  0.000000e+00
   outer loop
     vertex -2.676187e-01 -2.000000e-01 -2.453206e-02
     vertex -2.616025e-01 -2.000000e-01 -6.395265e-02
     vertex -2.366935e-01 -2.000000e-01 -3.927935e-02
   endloop
 endfacet
 facet normal  1.347264e-16 -1.000000e+00  8.650069e-16
   outer loop
     vertex -2.499600e-01 -2.000000e-01 -1.010663e-01
     vertex -2.329583e-01 -2.000000e-01 -1.358014e-01
     vertex -2.163851e-01 -2.000000e-01 -1.062956e-01
   endloop
 endfacet
 facet normal  0.000000e+00 -1.000000e+00  0.000000e+00
   outer loop
     vertex -2.107616e-01 -2.000000e-01 -1.681775e-01
     vertex -1.833733e-01 -2.000000e-01 -1.972344e-01
     vertex -1.768072e-01 -2.000000e-01 -1.637549e-01
   endloop
 endfacet
 facet normal  0.000000e+00 -1.000000e+00  0.000000e+00
   outer loop
     vertex -1.833733e-01 -2.000000e-01 -1.972344e-01
     vertex -1.521548e-01 -2.000000e-01 -2.214906e-01
     vertex -1.500314e-01 -2.000000e-01 -1.871727e-01
   endloop
 endfacet
 facet normal  0.000000e+00 -1.000000e+00  0.000000e+00
   outer loop
     vertex -1.521548e-01 -2.000000e-01 -2.214906e-01
     vertex -1.181304e-01 -2.000000e-01 -2.412509e-01
     vertex -1.202428e-01 -2.000000e-01 -2.062326e-01
   endloop
 endfacet
 facet normal  0.000000e+00 -1.000000e+00  0.000000e+00
   outer loop
     vertex -1.181304e-01 -2.000000e-01 -2.412509e-01
     vertex -8.223435e-02 -2.000000e-01 -2.563639e-01
     vertex -8.884895e-02 -2.000000e-01 -2.219340e-01
   endloop
 endfacet
 facet normal  0.000000e+00 -1.000000e+00  0.000000e+00
   outer loop
     vertex -4.516240e-02 -2.000000e-01 -2.659824e-01
     vertex -7.256529e-03 -2.000000e-01 -2.693765e-01
     vertex -2.368403e-02 -2.000000e-01 -2.403178e-01
   endloop
 endfacet
 facet normal  0.000000e+00 -1.000000e+00  0.000000e+00
   outer loop
     vertex  3.065947e-02 -2.000000e-01 -2.671510e-01
     vertex  6.826146e-02 -2.000000e-01 -2.599580e-01
     vertex  4.390517e-02 -2.000000e-01 -2.352639e-01
   endloop
 endfacet
 facet normal  0.000000e+00 -1.000000e+00  0.000000e+00
   outer loop
     vertex  1.048245e-01 -2.000000e-01 -2.476967e-01
     vertex  1.400137e-01 -2.000000e-01 -2.300180e-01
     vertex  1.099540e-01 -2.000000e-01 -2.134608e-01
   endloop
 endfacet
 facet normal  0.000000e+00 -1.000000e+00  0.000000e+00
   outer loop
     vertex  1.400137e-01 -2.000000e-01 -2.300180e-01
     vertex  1.731439e-01 -2.000000e-01 -2.063010e-01
     vertex  1.407574e-01 -2.000000e-01 -1.953261e-01
   endloop
 endfacet
 facet normal  0.000000e+00 -1.000000e+00  0.000000e+00
   outer loop
     vertex  1.731439e-01 -2.000000e-01 -2.063010e-01
     vertex  2.017630e-01 -2.000000e-01 -1.777633e-01
     vertex  1.678730e-01 -2.000000e-01 -1.716074e-01
   endloop
 endfacet
 facet normal  0.000000e+00 -1.000000e+00  0.000000e+00
   outer loop
     vertex  2.017630e-01 -2.000000e-01 -1.777633e-01
     vertex  2.259203e-01 -2.000000e-01 -1.461202e-01
     vertex  1.906878e-01 -2.000000e-01 -1.444628e-01
   endloop
 endfacet
 facet normal -1.049556e-16 -1.000000e+00  8.552633e-16
   outer loop
     vertex  2.259203e-01 -2.000000e-01 -1.461202e-01
     vertex  2.458036e-01 -2.000000e-01 -1.112275e-01
     vertex  2.105446e-01 -2.000000e-01 -1.155544e-01
   endloop
 endfacet
 facet normal  0.000000e+00 -1.000000e+00  0.000000e+00
   outer loop
     vertex  2.458036e-01 -2.000000e-01 -1.112275e-01
     vertex  2.598759e-01 -2.000000e-01 -7.530540e-02
     vertex  2.262599e-01 -2.000000e-01 -8.496183e-02
   endloop
 endfacet
 facet normal  0.000000e+00 -1.000000e+00  0.000000e+00
   outer loop
     vertex  2.682397e-01 -2.000000e-01 -4.153462e-02
     vertex  2.712660e-01 -2.000000e-01 -1.152930e-02
     vertex  2.429900e-01 -2.000000e-01 -2.545453e-02
   endloop
 endfacet
 facet normal  0.000000e+00 -1.000000e+00  0.000000e+00
   outer loop
     vertex  2.682395e-01 -2.000000e-01  4.621740e-02
     vertex  2.584304e-01 -2.000000e-01  7.992923e-02
     vertex  2.363461e-01 -2.000000e-01  5.806077e-02
   endloop
 endfacet
 facet normal  0.000000e+00 -1.000000e+00  0.000000e+00
   outer loop
     vertex  2.449607e-01 -2.000000e-01  2.997093e-02
     vertex  2.682395e-01 -2.000000e-01  4.621740e-02
     vertex  2.363461e-01 -2.000000e-01  5.806077e-02
   endloop
 endfacet
 facet normal -0.000000e+00 -1.000000e+00  0.000000e+00
   outer loop
     vertex  2.584304e-01 -2.000000e-01  7.992923e-02
     vertex  2.240930e-01 -2.000000e-01  8.777955e-02
     vertex  2.363461e-01 -2.000000e-01  5.806077e-02
   endloop
 endfacet
 facet normal  0.000000e+00 -1.000000e+00  0.000000e+00
   outer loop
     vertex  2.712660e-01 -2.000000e-01 -1.152930e-02
     vertex  2.716644e-01 -2.000000e-01  1.535667e-02
     vertex  2.467155e-01 -2.000000e-01  1.877970e-03
   endloop
 endfacet
 facet normal  0.000000e+00 -1.000000e+00  0.000000e+00
   outer loop
     vertex  2.429900e-01 -2.000000e-01 -2.545453e-02
     vertex  2.712660e-01 -2.000000e-01 -1.152930e-02
     vertex  2.467155e-01 -2.000000e-01  1.877970e-03
   endloop
 endfacet
 facet normal -0.000000e+00 -1.000000e+00  0.000000e+00
   outer loop
     vertex  2.716644e-01 -2.000000e-01  1.535667e-02
     vertex  2.449607e-01 -2.000000e-01  2.997093e-02
     vertex  2.467155e-01 -2.000000e-01  1.877970e-03
   endloop
 endfacet
 facet normal -0.000000e+00 -1.000000e+00  0.000000e+00
   outer loop
     vertex  2.432204e-01 -2.000000e-01  1.155958e-01
     vertex  2.078951e-01 -2.000000e-01  1.180531e-01
     vertex  2.240930e-01 -2.000000e-01  8.777955e-02
   endloop
 endfacet
 facet normal  0.000000e+00 -1.000000e+00  0.000000e+00
   outer loop
     vertex  2.105446e-01 -2.000000e-01 -1.155544e-01
     vertex  2.458036e-01 -2.000000e-01 -1.112275e-01
     vertex  2.262599e-01 -2.000000e-01 -8.496183e-02
   endloop
 endfacet
 facet normal  4.375178e-17 -1.000000e+00  9.300683e-16
   outer loop
     vertex  1.906878e-01 -2.000000e-01 -1.444628e-01
     vertex  2.259203e-01 -2.000000e-01 -1.461202e-01
     vertex  2.105446e-01 -2.000000e-01 -1.155544e-01
   endloop
 endfacet
 facet normal  0.000000e+00 -1.000000e+00  0.000000e+00
   outer loop
     vertex  1.678730e-01 -2.000000e-01 -1.716074e-01
     vertex  2.017630e-01 -2.000000e-01 -1.777633e-01
     vertex  1.906878e-01 -2.000000e-01 -1.444628e-01
   endloop
 endfacet
 facet normal  0.000000e+00 -1.000000e+00  0.000000e+00
   outer loop
     vertex  1.407574e-01 -2.000000e-01 -1.953261e-01
     vertex  1.731439e-01 -2.000000e-01 -2.063010e-01
     vertex  1.678730e-01 -2.000000e-01 -1.716074e-01
   endloop
 endfacet
 facet normal  0.000000e+00 -1.000000e+00  0.000000e+00
   outer loop
     vertex  1.099540e-01 -2.000000e-01 -2.134608e-01
     vertex  1.400137e-01 -2.000000e-01 -2.300180e-01
     vertex  1.407574e-01 -2.000000e-01 -1.953261e-01
   endloop
 endfacet
 facet normal  0.000000e+00 -1.000000e+00  0.000000e+00
   outer loop
     vertex -1.202428e-01 -2.000000e-01 -2.062326e-01
     vertex -1.181304e-01 -2.000000e-01 -2.412509e-01
     vertex -8.884895e-02 -2.000000e-01 -2.219340e-01
   endloop
 endfacet
 facet normal  0.000000e+00 -1.000000e+00 -0.000000e+00
   outer loop
     vertex -1.500314e-01 -2.000000e-01 -1.871727e-01
     vertex -1.521548e-01 -2.000000e-01 -2.214906e-01
     vertex -1.202428e-01 -2.000000e-01 -2.062326e-01
   endloop
 endfacet
 facet normal  0.000000e+00 -1.000000e+00 -0.000000e+00
   outer loop
     vertex -1.768072e-01 -2.000000e-01 -1.637549e-01
     vertex -1.833733e-01 -2.000000e-01 -1.972344e-01
     vertex -1.500314e-01 -2.000000e-01 -1.871727e-01
   endloop
 endfacet
 facet normal  0.000000e+00 -1.000000e+00 -0.000000e+00
   outer loop
     vertex -2.383540e-01 -2.000000e-01 -4.035349e-03
     vertex -2.676187e-01 -2.000000e-01 -2.453206e-02
     vertex -2.366935e-01 -2.000000e-01 -3.927935e-02
   endloop
 endfacet
 facet normal  0.000000e+00 -1.000000e+00  0.000000e+00
   outer loop
     vertex -2.361727e-01 -2.000000e-01  3.116501e-02
     vertex -2.677942e-01 -2.000000e-01  1.536633e-02
     vertex -2.383540e-01 -2.000000e-01 -4.035349e-03
   endloop
 endfacet
 facet normal -0.000000e+00 -1.000000e+00  0.000000e+00
   outer loop
     vertex -1.546977e-01 -2.000000e-01  1.819076e-01
     vertex -1.894775e-01 -2.000000e-01  1.910414e-01
     vertex -1.816614e-01 -2.000000e-01  1.582072e-01
   endloop
 endfacet
 facet normal -0.000000e+00 -1.000000e+00  0.000000e+00
   outer loop
     vertex -1.248989e-01 -2.000000e-01  2.023809e-01
     vertex -1.575325e-01 -2.000000e-01  2.171644e-01
     vertex -1.546977e-01 -2.000000e-01  1.819076e-01
   endloop
 endfacet
 facet normal  0.000000e+00 -1.000000e+00  0.000000e+00
   outer loop
     vertex  1.064805e-01 -2.000000e-01  2.157909e-01
     vertex  1.002641e-01 -2.000000e-01  2.498995e-01
     vertex  7.349433e-02 -2.000000e-01  2.287343e-01
   endloop
 endfacet
 facet normal  0.000000e+00 -1.000000e+00  0.000000e+00
   outer loop
     vertex  1.369049e-01 -2.000000e-01  1.969053e-01
     vertex  1.363959e-01 -2.000000e-01  2.321107e-01
     vertex  1.064805e-01 -2.000000e-01  2.157909e-01
   endloop
 endfacet
 facet normal -7.720966e-17 -1.000000e+00  9.022147e-16
   outer loop
     vertex  2.078951e-01 -2.000000e-01  1.180531e-01
     vertex  2.225771e-01 -2.000000e-01  1.500734e-01
     vertex  1.875787e-01 -2.000000e-01  1.470783e-01
   endloop
 endfacet
 facet normal -0.000000e+00 -1.000000e+00  0.000000e+00
   outer loop
     vertex  1.980031e-01 -2.000000e-01  1.810000e-01
     vertex  1.694294e-01 -2.000000e-01  2.085428e-01
     vertex  1.637678e-01 -2.000000e-01  1.735573e-01
   endloop
 endfacet
 facet normal  0.000000e+00 -1.000000e+00  0.000000e+00
   outer loop
     vertex  1.875787e-01 -2.000000e-01  1.470783e-01
     vertex  1.980031e-01 -2.000000e-01  1.810000e-01
     vertex  1.637678e-01 -2.000000e-01  1.735573e-01
   endloop
 endfacet
 facet normal  0.000000e+00 -1.000000e+00  0.000000e+00
   outer loop
     vertex  1.694294e-01 -2.000000e-01  2.085428e-01
     vertex  1.369049e-01 -2.000000e-01  1.969053e-01
     vertex  1.637678e-01 -2.000000e-01  1.735573e-01
   endloop
 endfacet
 facet normal -0.000000e+00 -1.000000e+00  0.000000e+00
   outer loop
     vertex  6.301322e-02 -2.000000e-01  2.615886e-01
     vertex  2.511105e-02 -2.000000e-01  2.679375e-01
     vertex  3.948358e-02 -2.000000e-01  2.364072e-01
   endloop
 endfacet
 facet normal  0.000000e+00 -1.000000e+00  0.000000e+00
   outer loop
     vertex  7.349433e-02 -2.000000e-01  2.287343e-01
     vertex  6.301322e-02 -2.000000e-01  2.615886e-01
     vertex  3.948358e-02 -2.000000e-01  2.364072e-01
   endloop
 endfacet
 facet normal  0.000000e+00 -1.000000e+00 -0.000000e+00
   outer loop
     vertex  2.511105e-02 -2.000000e-01  2.679375e-01
     vertex  5.010772e-03 -2.000000e-01  2.401536e-01
     vertex  3.948358e-02 -2.000000e-01  2.364072e-01
   endloop
 endfacet
 facet normal  0.000000e+00 -1.000000e+00  0.000000e+00
   outer loop
     vertex -1.300909e-02 -2.000000e-01  2.693900e-01
     vertex -5.097483e-02 -2.000000e-01  2.650901e-01
     vertex -2.885550e-02 -2.000000e-01  2.402799e-01
   endloop
 endfacet
 facet normal  0.000000e+00 -1.000000e+00  0.000000e+00
   outer loop
     vertex  5.010772e-03 -2.000000e-01  2.401536e-01
     vertex -1.300909e-02 -2.000000e-01  2.693900e-01
     vertex -2.885550e-02 -2.000000e-01  2.402799e-01
   endloop
 endfacet
 facet normal  0.000000e+00 -1.000000e+00 -0.000000e+00
   outer loop
     vertex -5.097483e-02 -2.000000e-01  2.650901e-01
     vertex -6.225828e-02 -2.000000e-01  2.332750e-01
     vertex -2.885550e-02 -2.000000e-01  2.402799e-01
   endloop
 endfacet
 facet normal  0.000000e+00 -1.000000e+00  0.000000e+00
   outer loop
     vertex -8.782685e-02 -2.000000e-01  2.544343e-01
     vertex -1.231436e-01 -2.000000e-01  2.382938e-01
     vertex -9.367277e-02 -2.000000e-01  2.195625e-01
   endloop
 endfacet
 facet normal -0.000000e+00 -1.000000e+00  0.000000e+00
   outer loop
     vertex -6.225828e-02 -2.000000e-01  2.332750e-01
     vertex -8.782685e-02 -2.000000e-01  2.544343e-01
     vertex -9.367277e-02 -2.000000e-01  2.195625e-01
   endloop
 endfacet
 facet normal  0.000000e+00 -1.000000e+00 -0.000000e+00
   outer loop
     vertex -1.231436e-01 -2.000000e-01  2.382938e-01
     vertex -1.248989e-01 -2.000000e-01  2.023809e-01
     vertex -9.367277e-02 -2.000000e-01  2.195625e-01
   endloop
 endfacet
 facet normal  0.000000e+00 -1.000000e+00 -0.000000e+00
   outer loop
     vertex -2.164956e-01 -2.000000e-01  1.610594e-01
     vertex -2.376329e-01 -2.000000e-01  1.281361e-01
     vertex -2.040400e-01 -2.000000e-01  1.305461e-01
   endloop
 endfacet
 facet normal -0.000000e+00 -1.000000e+00  0.000000e+00
   outer loop
     vertex -1.816614e-01 -2.000000e-01  1.582072e-01
     vertex -2.164956e-01 -2.000000e-01  1.610594e-01
     vertex -2.040400e-01 -2.000000e-01  1.305461e-01
   endloop
 endfacet
 facet normal -6.613422e-17 -1.000000e+00  9.218113e-16
   outer loop
     vertex -2.376329e-01 -2.000000e-01  1.281361e-01
     vertex -2.201612e-01 -2.000000e-01  9.927973e-02
     vertex -2.040400e-01 -2.000000e-01  1.305461e-01
   endloop
 endfacet
 facet normal  0.000000e+00 -1.000000e+00 -0.000000e+00
   outer loop
     vertex -2.529865e-01 -2.000000e-01  9.245366e-02
     vertex -2.630127e-01 -2.000000e-01  5.451773e-02
     vertex -2.303787e-01 -2.000000e-01  6.581555e-02
   endloop
 endfacet
 facet normal  0.000000e+00 -1.000000e+00  0.000000e+00
   outer loop
     vertex -2.201612e-01 -2.000000e-01  9.927973e-02
     vertex -2.529865e-01 -2.000000e-01  9.245366e-02
     vertex -2.303787e-01 -2.000000e-01  6.581555e-02
   endloop
 endfacet
 facet normal  0.000000e+00 -1.000000e+00  0.000000e+00
   outer loop
     vertex -2.630127e-01 -2.000000e-01  5.451773e-02
     vertex -2.361727e-01 -2.000000e-01  3.116501e-02
     vertex -2.303787e-01 -2.000000e-01  6.581555e-02
   endloop
 endfacet
 facet normal  0.000000e+00 -1.000000e+00  0.000000e+00
   outer loop
     vertex -2.616025e-01 -2.000000e-01 -6.395265e-02
     vertex -2.499600e-01 -2.000000e-01 -1.010663e-01
     vertex -2.294939e-01 -2.000000e-01 -7.385439e-02
   endloop
 endfacet
 facet normal  0.000000e+00 -1.000000e+00 -0.000000e+00
   outer loop
     vertex -2.366935e-01 -2.000000e-01 -3.927935e-02
     vertex -2.616025e-01 -2.000000e-01 -6.395265e-02
     vertex -2.294939e-01 -2.000000e-01 -7.385439e-02
   endloop
 endfacet
 facet normal  0.000000e+00 -1.000000e+00  0.000000e+00
   outer loop
     vertex -2.499600e-01 -2.000000e-01 -1.010663e-01
     vertex -2.163851e-01 -2.000000e-01 -1.062956e-01
     vertex -2.294939e-01 -2.000000e-01 -7.385439e-02
   endloop
 endfacet
 facet normal  0.000000e+00 -1.000000e+00  0.000000e+00
   outer loop
     vertex -2.329583e-01 -2.000000e-01 -1.358014e-01
     vertex -2.107616e-01 -2.000000e-01 -1.681775e-01
     vertex -1.988955e-01 -2.000000e-01 -1.362129e-01
   endloop
 endfacet
 facet normal  1.128587e-17 -1.000000e+00  9.343425e-16
   outer loop
     vertex -2.163851e-01 -2.000000e-01 -1.062956e-01
     vertex -2.329583e-01 -2.000000e-01 -1.358014e-01
     vertex -1.988955e-01 -2.000000e-01 -1.362129e-01
   endloop
 endfacet
 facet normal  0.000000e+00 -1.000000e+00  0.000000e+00
   outer loop
     vertex -2.107616e-01 -2.000000e-01 -1.681775e-01
     vertex -1.768072e-01 -2.000000e-01 -1.637549e-01
     vertex -1.988955e-01 -2.000000e-01 -1.362129e-01
   endloop
 endfacet
 facet normal  0.000000e+00 -1.000000e+00  0.000000e+00
   outer loop
     vertex -8.223435e-02 -2.000000e-01 -2.563639e-01
     vertex -4.516240e-02 -2.000000e-01 -2.659824e-01
     vertex -5.714937e-02 -2.000000e-01 -2.344373e-01
   endloop
 endfacet
 facet normal  0.000000e+00 -1.000000e+00  0.000000e+00
   outer loop
     vertex -8.884895e-02 -2.000000e-01 -2.219340e-01
     vertex -8.223435e-02 -2.000000e-01 -2.563639e-01
     vertex -5.714937e-02 -2.000000e-01 -2.344373e-01
   endloop
 endfacet
 facet normal  0.000000e+00 -1.000000e+00  0.000000e+00
   outer loop
     vertex -4.516240e-02 -2.000000e-01 -2.659824e-01
     vertex -2.368403e-02 -2.000000e-01 -2.403178e-01
     vertex -5.714937e-02 -2.000000e-01 -2.344373e-01
   endloop
 endfacet
 facet normal  0.000000e+00 -1.000000e+00  0.000000e+00
   outer loop
     vertex -7.256529e-03 -2.000000e-01 -2.693765e-01
     vertex  3.065947e-02 -2.000000e-01 -2.671510e-01
     vertex  9.765065e-03 -2.000000e-01 -2.395617e-01
   endloop
 endfacet
 facet normal  0.000000e+00 -1.000000e+00  0.000000e+00
   outer loop
     vertex -2.368403e-02 -2.000000e-01 -2.403178e-01
     vertex -7.256529e-03 -2.000000e-01 -2.693765e-01
     vertex  9.765065e-03 -2.000000e-01 -2.395617e-01
   endloop
 endfacet
 facet normal  0.000000e+00 -1.000000e+00  0.000000e+00
   outer loop
     vertex  3.065947e-02 -2.000000e-01 -2.671510e-01
     vertex  4.390517e-02 -2.000000e-01 -2.352639e-01
     vertex  9.765065e-03 -2.000000e-01 -2.395617e-01
   endloop
 endfacet
 facet normal  0.000000e+00 -1.000000e+00  0.000000e+00
   outer loop
     vertex  6.826146e-02 -2.000000e-01 -2.599580e-01
     vertex  1.048245e-01 -2.000000e-01 -2.476967e-01
     vertex  7.756068e-02 -2.000000e-01 -2.264866e-01
   endloop
 endfacet
 facet normal  0.000000e+00 -1.000000e+00  0.000000e+00
   outer loop
     vertex  4.390517e-02 -2.000000e-01 -2.352639e-01
     vertex  6.826146e-02 -2.000000e-01 -2.599580e-01
     vertex  7.756068e-02 -2.000000e-01 -2.264866e-01
   endloop
 endfacet
 facet normal  0.000000e+00 -1.000000e+00  0.000000e+00
   outer loop
     vertex  1.048245e-01 -2.000000e-01 -2.476967e-01
     vertex  1.099540e-01 -2.000000e-01 -2.134608e-01
     vertex  7.756068e-02 -2.000000e-01 -2.264866e-01
   endloop
 endfacet
 facet normal  0.000000e+00 -1.000000e+00  0.000000e+00
   outer loop
     vertex  2.598759e-01 -2.000000e-01 -7.530540e-02
     vertex  2.682397e-01 -2.000000e-01 -4.153462e-02
     vertex  2.367060e-01 -2.000000e-01 -5.436681e-02
   endloop
 endfacet
 facet normal  0.000000e+00 -1.000000e+00  0.000000e+00
   outer loop
     vertex  2.367060e-01 -2.000000e-01 -5.436681e-02
     vertex  2.682397e-01 -2.000000e-01 -4.153462e-02
     vertex  2.429900e-01 -2.000000e-01 -2.545453e-02
   endloop
 endfacet
 facet normal -0.000000e+00 -1.000000e+00  0.000000e+00
   outer loop
     vertex  2.598759e-01 -2.000000e-01 -7.530540e-02
     vertex  2.367060e-01 -2.000000e-01 -5.436681e-02
     vertex  2.262599e-01 -2.000000e-01 -8.496183e-02
   endloop
 endfacet
 facet normal  0.000000e+00 -1.000000e+00  0.000000e+00
   outer loop
     vertex  2.105446e-01 -2.000000e-01 -1.155544e-01
     vertex  2.262599e-01 -2.000000e-01 -8.496183e-02
     vertex  1.940736e-01 -2.000000e-01 -8.878578e-02
   endloop
 endfacet
 facet normal  0.000000e+00 -1.000000e+00  0.000000e+00
   outer loop
     vertex  2.240930e-01 -2.000000e-01  8.777955e-02
     vertex  2.078951e-01 -2.000000e-01  1.180531e-01
     vertex  1.915490e-01 -2.000000e-01  8.924988e-02
   endloop
 endfacet
 facet normal -0.000000e+00 -1.000000e+00  0.000000e+00
   outer loop
     vertex  1.369049e-01 -2.000000e-01  1.969053e-01
     vertex  1.064805e-01 -2.000000e-01  2.157909e-01
     vertex  1.086259e-01 -2.000000e-01  1.838807e-01
   endloop
 endfacet
 facet normal  0.000000e+00 -1.000000e+00 -0.000000e+00
   outer loop
     vertex -1.248989e-01 -2.000000e-01  2.023809e-01
     vertex -1.546977e-01 -2.000000e-01  1.819076e-01
     vertex -1.232746e-01 -2.000000e-01  1.686126e-01
   endloop
 endfacet
 facet normal  0.000000e+00 -1.000000e+00 -0.000000e+00
   outer loop
     vertex -2.361727e-01 -2.000000e-01  3.116501e-02
     vertex -2.383540e-01 -2.000000e-01 -4.035349e-03
     vertex -2.083059e-01 -2.000000e-01  1.196368e-02
   endloop
 endfacet
 facet normal  0.000000e+00 -1.000000e+00  0.000000e+00
   outer loop
     vertex -1.768072e-01 -2.000000e-01 -1.637549e-01
     vertex -1.500314e-01 -2.000000e-01 -1.871727e-01
     vertex -1.459686e-01 -2.000000e-01 -1.562409e-01
   endloop
 endfacet
 facet normal  0.000000e+00 -1.000000e+00  0.000000e+00
   outer loop
     vertex -1.202428e-01 -2.000000e-01 -2.062326e-01
     vertex -8.884895e-02 -2.000000e-01 -2.219340e-01
     vertex -9.118476e-02 -2.000000e-01 -1.887000e-01
   endloop
 endfacet
 facet normal  0.000000e+00 -1.000000e+00  0.000000e+00
   outer loop
     vertex  1.099540e-01 -2.000000e-01 -2.134608e-01
     vertex  1.407574e-01 -2.000000e-01 -1.953261e-01
     vertex  1.118927e-01 -2.000000e-01 -1.822095e-01
   endloop
 endfacet
 facet normal  0.000000e+00 -1.000000e+00  0.000000e+00
   outer loop
     vertex  1.678730e-01 -2.000000e-01 -1.716074e-01
     vertex  1.906878e-01 -2.000000e-01 -1.444628e-01
     vertex  1.579921e-01 -2.000000e-01 -1.394230e-01
   endloop
 endfacet
 facet normal  4.028156e-17 -1.000000e+00  9.324519e-16
   outer loop
     vertex  1.906878e-01 -2.000000e-01 -1.444628e-01
     vertex  2.105446e-01 -2.000000e-01 -1.155544e-01
     vertex  1.769253e-01 -2.000000e-01 -1.141021e-01
   endloop
 endfacet
 facet normal  1.515038e-16 -1.000000e+00  9.828689e-16
   outer loop
     vertex  1.579921e-01 -2.000000e-01 -1.394230e-01
     vertex  1.906878e-01 -2.000000e-01 -1.444628e-01
     vertex  1.769253e-01 -2.000000e-01 -1.141021e-01
   endloop
 endfacet
 facet normal  0.000000e+00 -1.000000e+00  0.000000e+00
   outer loop
     vertex  2.105446e-01 -2.000000e-01 -1.155544e-01
     vertex  1.940736e-01 -2.000000e-01 -8.878578e-02
     vertex  1.769253e-01 -2.000000e-01 -1.141021e-01
   endloop
 endfacet
 facet normal  0.000000e+00 -1.000000e+00  0.000000e+00
   outer loop
     vertex  2.367060e-01 -2.000000e-01 -5.436681e-02
     vertex  2.429900e-01 -2.000000e-01 -2.545453e-02
     vertex  2.135458e-01 -2.000000e-01 -3.428634e-02
   endloop
 endfacet
 facet normal  0.000000e+00 -1.000000e+00  0.000000e+00
   outer loop
     vertex  2.363461e-01 -2.000000e-01  5.806077e-02
     vertex  2.240930e-01 -2.000000e-01  8.777955e-02
     vertex  2.045728e-01 -2.000000e-01  6.223973e-02
   endloop
 endfacet
 facet normal -0.000000e+00 -1.000000e+00  0.000000e+00
   outer loop
     vertex  2.240930e-01 -2.000000e-01  8.777955e-02
     vertex  1.915490e-01 -2.000000e-01  8.924988e-02
     vertex  2.045728e-01 -2.000000e-01  6.223973e-02
   endloop
 endfacet
 facet normal  0.000000e+00 -1.000000e+00  0.000000e+00
   outer loop
     vertex  1.915490e-01 -2.000000e-01  8.924988e-02
     vertex  2.078951e-01 -2.000000e-01  1.180531e-01
     vertex  1.751040e-01 -2.000000e-01  1.162202e-01
   endloop
 endfacet
 facet normal -5.143908e-17 -1.000000e+00  9.202530e-16
   outer loop
     vertex  2.078951e-01 -2.000000e-01  1.180531e-01
     vertex  1.875787e-01 -2.000000e-01  1.470783e-01
     vertex  1.751040e-01 -2.000000e-01  1.162202e-01
   endloop
 endfacet
 facet normal  0.000000e+00 -1.000000e+00  0.000000e+00
   outer loop
     vertex  7.756068e-02 -2.000000e-01 -2.264866e-01
     vertex  1.099540e-01 -2.000000e-01 -2.134608e-01
     vertex  8.305649e-02 -2.000000e-01 -1.940926e-01
   endloop
 endfacet
 facet normal  0.000000e+00 -1.000000e+00  0.000000e+00
   outer loop
     vertex  1.099540e-01 -2.000000e-01 -2.134608e-01
     vertex  1.118927e-01 -2.000000e-01 -1.822095e-01
     vertex  8.305649e-02 -2.000000e-01 -1.940926e-01
   endloop
 endfacet
 facet normal  0.000000e+00 -1.000000e+00  0.000000e+00
   outer loop
     vertex  9.765065e-03 -2.000000e-01 -2.395617e-01
     vertex  4.390517e-02 -2.000000e-01 -2.352639e-01
     vertex  2.259246e-02 -2.000000e-01 -2.100924e-01
   endloop
 endfacet
 facet normal  0.000000e+00 -1.000000e+00  0.000000e+00
   outer loop
     vertex -5.714937e-02 -2.000000e-01 -2.344373e-01
     vertex -2.368403e-02 -2.000000e-01 -2.403178e-01
     vertex -3.629428e-02 -2.000000e-01 -2.141776e-01
   endloop
 endfacet
 facet normal  0.000000e+00 -1.000000e+00  0.000000e+00
   outer loop
     vertex -1.988955e-01 -2.000000e-01 -1.362129e-01
     vertex -1.768072e-01 -2.000000e-01 -1.637549e-01
     vertex -1.679357e-01 -2.000000e-01 -1.334549e-01
   endloop
 endfacet
 facet normal  0.000000e+00 -1.000000e+00  0.000000e+00
   outer loop
     vertex -1.768072e-01 -2.000000e-01 -1.637549e-01
     vertex -1.459686e-01 -2.000000e-01 -1.562409e-01
     vertex -1.679357e-01 -2.000000e-01 -1.334549e-01
   endloop
 endfacet
 facet normal  0.000000e+00 -1.000000e+00  0.000000e+00
   outer loop
     vertex -2.294939e-01 -2.000000e-01 -7.385439e-02
     vertex -2.163851e-01 -2.000000e-01 -1.062956e-01
     vertex -1.988549e-01 -2.000000e-01 -8.075386e-02
   endloop
 endfacet
 facet normal  0.000000e+00 -1.000000e+00 -0.000000e+00
   outer loop
     vertex -2.303787e-01 -2.000000e-01  6.581555e-02
     vertex -2.361727e-01 -2.000000e-01  3.116501e-02
     vertex -2.054272e-01 -2.000000e-01  4.344782e-02
   endloop
 endfacet
 facet normal  0.000000e+00 -1.000000e+00  0.000000e+00
   outer loop
     vertex -2.361727e-01 -2.000000e-01  3.116501e-02
     vertex -2.083059e-01 -2.000000e-01  1.196368e-02
     vertex -2.054272e-01 -2.000000e-01  4.344782e-02
   endloop
 endfacet
 facet normal -1.348433e-16 -1.000000e+00  9.572382e-16
   outer loop
     vertex -2.040400e-01 -2.000000e-01  1.305461e-01
     vertex -2.201612e-01 -2.000000e-01  9.927973e-02
     vertex -1.902886e-01 -2.000000e-01  1.034878e-01
   endloop
 endfacet
 facet normal  0.000000e+00 -1.000000e+00  0.000000e+00
   outer loop
     vertex -9.367277e-02 -2.000000e-01  2.195625e-01
     vertex -1.248989e-01 -2.000000e-01  2.023809e-01
     vertex -9.508132e-02 -2.000000e-01  1.857793e-01
   endloop
 endfacet
 facet normal  0.000000e+00 -1.000000e+00  0.000000e+00
   outer loop
     vertex -1.248989e-01 -2.000000e-01  2.023809e-01
     vertex -1.232746e-01 -2.000000e-01  1.686126e-01
     vertex -9.508132e-02 -2.000000e-01  1.857793e-01
   endloop
 endfacet
 facet normal  0.000000e+00 -1.000000e+00  0.000000e+00
   outer loop
     vertex -2.885550e-02 -2.000000e-01  2.402799e-01
     vertex -6.225828e-02 -2.000000e-01  2.332750e-01
     vertex -4.083519e-02 -2.000000e-01  2.139126e-01
   endloop
 endfacet
 facet normal -0.000000e+00 -1.000000e+00  0.000000e+00
   outer loop
     vertex  3.948358e-02 -2.000000e-01  2.364072e-01
     vertex  5.010772e-03 -2.000000e-01  2.401536e-01
     vertex  1.913720e-02 -2.000000e-01  2.107654e-01
   endloop
 endfacet
 facet normal -0.000000e+00 -1.000000e+00  0.000000e+00
   outer loop
     vertex  1.637678e-01 -2.000000e-01  1.735573e-01
     vertex  1.369049e-01 -2.000000e-01  1.969053e-01
     vertex  1.325164e-01 -2.000000e-01  1.637881e-01
   endloop
 endfacet
 facet normal  0.000000e+00 -1.000000e+00  0.000000e+00
   outer loop
     vertex  1.369049e-01 -2.000000e-01  1.969053e-01
     vertex  1.086259e-01 -2.000000e-01  1.838807e-01
     vertex  1.325164e-01 -2.000000e-01  1.637881e-01
   endloop
 endfacet
 facet normal  0.000000e+00 -1.000000e+00  0.000000e+00
   outer loop
     vertex  2.467155e-01 -2.000000e-01  1.877970e-03
     vertex  2.449607e-01 -2.000000e-01  2.997093e-02
     vertex  2.253685e-01 -2.000000e-01  1.464287e-02
   endloop
 endfacet
 facet normal -0.000000e+00 -1.000000e+00  0.000000e+00
   outer loop
     vertex  1.875787e-01 -2.000000e-01  1.470783e-01
     vertex  1.637678e-01 -2.000000e-01  1.735573e-01
     vertex  1.549770e-01 -2.000000e-01  1.412526e-01
   endloop
 endfacet
 facet normal -1.732420e-16 -1.000000e+00  9.694934e-16
   outer loop
     vertex  1.751040e-01 -2.000000e-01  1.162202e-01
     vertex  1.875787e-01 -2.000000e-01  1.470783e-01
     vertex  1.549770e-01 -2.000000e-01  1.412526e-01
   endloop
 endfacet
 facet normal  0.000000e+00 -1.000000e+00  0.000000e+00
   outer loop
     vertex  1.637678e-01 -2.000000e-01  1.735573e-01
     vertex  1.325164e-01 -2.000000e-01  1.637881e-01
     vertex  1.549770e-01 -2.000000e-01  1.412526e-01
   endloop
 endfacet
 facet normal -0.000000e+00 -1.000000e+00  0.000000e+00
   outer loop
     vertex  7.349433e-02 -2.000000e-01  2.287343e-01
     vertex  3.948358e-02 -2.000000e-01  2.364072e-01
     vertex  5.052797e-02 -2.000000e-01  2.056280e-01
   endloop
 endfacet
 facet normal  0.000000e+00 -1.000000e+00 -0.000000e+00
   outer loop
     vertex  3.948358e-02 -2.000000e-01  2.364072e-01
     vertex  1.913720e-02 -2.000000e-01  2.107654e-01
     vertex  5.052797e-02 -2.000000e-01  2.056280e-01
   endloop
 endfacet
 facet normal -0.000000e+00 -1.000000e+00  0.000000e+00
   outer loop
     vertex  5.010772e-03 -2.000000e-01  2.401536e-01
     vertex -2.885550e-02 -2.000000e-01  2.402799e-01
     vertex -1.254539e-02 -2.000000e-01  2.126073e-01
   endloop
 endfacet
 facet normal  0.000000e+00 -1.000000e+00  0.000000e+00
   outer loop
     vertex  1.913720e-02 -2.000000e-01  2.107654e-01
     vertex  5.010772e-03 -2.000000e-01  2.401536e-01
     vertex -1.254539e-02 -2.000000e-01  2.126073e-01
   endloop
 endfacet
 facet normal  0.000000e+00 -1.000000e+00 -0.000000e+00
   outer loop
     vertex -2.885550e-02 -2.000000e-01  2.402799e-01
     vertex -4.083519e-02 -2.000000e-01  2.139126e-01
     vertex -1.254539e-02 -2.000000e-01  2.126073e-01
   endloop
 endfacet
 facet normal  0.000000e+00 -1.000000e+00  0.000000e+00
   outer loop
     vertex -6.225828e-02 -2.000000e-01  2.332750e-01
     vertex -9.367277e-02 -2.000000e-01  2.195625e-01
     vertex -6.620676e-02 -2.000000e-01  2.005624e-01
   endloop
 endfacet
 facet normal -0.000000e+00 -1.000000e+00  0.000000e+00
   outer loop
     vertex -4.083519e-02 -2.000000e-01  2.139126e-01
     vertex -6.225828e-02 -2.000000e-01  2.332750e-01
     vertex -6.620676e-02 -2.000000e-01  2.005624e-01
   endloop
 endfacet
 facet normal  0.000000e+00 -1.000000e+00 -0.000000e+00
   outer loop
     vertex -9.367277e-02 -2.000000e-01  2.195625e-01
     vertex -9.508132e-02 -2.000000e-01  1.857793e-01
     vertex -6.620676e-02 -2.000000e-01  2.005624e-01
   endloop
 endfacet
 facet normal  0.000000e+00 -1.000000e+00 -0.000000e+00
   outer loop
     vertex -1.816614e-01 -2.000000e-01  1.582072e-01
     vertex -2.040400e-01 -2.000000e-01  1.305461e-01
     vertex -1.728343e-01 -2.000000e-01  1.292784e-01
   endloop
 endfacet
 facet normal -0.000000e+00 -1.000000e+00  0.000000e+00
   outer loop
     vertex  1.064805e-01 -2.000000e-01  2.157909e-01
     vertex  7.349433e-02 -2.000000e-01  2.287343e-01
     vertex  8.040912e-02 -2.000000e-01  1.980019e-01
   endloop
 endfacet
 facet normal  0.000000e+00 -1.000000e+00 -0.000000e+00
   outer loop
     vertex -2.201612e-01 -2.000000e-01  9.927973e-02
     vertex -2.303787e-01 -2.000000e-01  6.581555e-02
     vertex -1.998190e-01 -2.000000e-01  7.426743e-02
   endloop
 endfacet
 facet normal  0.000000e+00 -1.000000e+00  0.000000e+00
   outer loop
     vertex -1.902886e-01 -2.000000e-01  1.034878e-01
     vertex -2.201612e-01 -2.000000e-01  9.927973e-02
     vertex -1.998190e-01 -2.000000e-01  7.426743e-02
   endloop
 endfacet
 facet normal  0.000000e+00 -1.000000e+00  0.000000e+00
   outer loop
     vertex -2.303787e-01 -2.000000e-01  6.581555e-02
     vertex -2.054272e-01 -2.000000e-01  4.344782e-02
     vertex -1.998190e-01 -2.000000e-01  7.426743e-02
   endloop
 endfacet
 facet normal  0.000000e+00 -1.000000e+00  0.000000e+00
   outer loop
     vertex  2.135458e-01 -2.000000e-01 -3.428634e-02
     vertex  2.429900e-01 -2.000000e-01 -2.545453e-02
     vertex  2.197649e-01 -2.000000e-01 -8.532583e-03
   endloop
 endfacet
 facet normal  0.000000e+00 -1.000000e+00  0.000000e+00
   outer loop
     vertex  2.429900e-01 -2.000000e-01 -2.545453e-02
     vertex  2.467155e-01 -2.000000e-01  1.877970e-03
     vertex  2.197649e-01 -2.000000e-01 -8.532583e-03
   endloop
 endfacet
 facet normal  0.000000e+00 -1.000000e+00  0.000000e+00
   outer loop
     vertex -2.366935e-01 -2.000000e-01 -3.927935e-02
     vertex -2.294939e-01 -2.000000e-01 -7.385439e-02
     vertex -2.078762e-01 -2.000000e-01 -5.066142e-02
   endloop
 endfacet
 facet normal  0.000000e+00 -1.000000e+00 -0.000000e+00
   outer loop
     vertex -1.546977e-01 -2.000000e-01  1.819076e-01
     vertex -1.816614e-01 -2.000000e-01  1.582072e-01
     vertex -1.494487e-01 -2.000000e-01  1.497631e-01
   endloop
 endfacet
 facet normal -0.000000e+00 -1.000000e+00  0.000000e+00
   outer loop
     vertex -1.232746e-01 -2.000000e-01  1.686126e-01
     vertex -1.546977e-01 -2.000000e-01  1.819076e-01
     vertex -1.494487e-01 -2.000000e-01  1.497631e-01
   endloop
 endfacet
 facet normal  0.000000e+00 -1.000000e+00  0.000000e+00
   outer loop
     vertex -1.816614e-01 -2.000000e-01  1.582072e-01
     vertex -1.728343e-01 -2.000000e-01  1.292784e-01
     vertex -1.494487e-01 -2.000000e-01  1.497631e-01
   endloop
 endfacet
 facet normal  3.360259e-17 -1.000000e+00  9.473888e-16
   outer loop
     vertex -2.163851e-01 -2.000000e-01 -1.062956e-01
     vertex -1.988955e-01 -2.000000e-01 -1.362129e-01
     vertex -1.840885e-01 -2.000000e-01 -1.074411e-01
   endloop
 endfacet
 facet normal  0.000000e+00 -1.000000e+00 -0.000000e+00
   outer loop
     vertex -1.988549e-01 -2.000000e-01 -8.075386e-02
     vertex -2.163851e-01 -2.000000e-01 -1.062956e-01
     vertex -1.840885e-01 -2.000000e-01 -1.074411e-01
   endloop
 endfacet
 facet normal -9.006581e-17 -1.000000e+00  1.011033e-15
   outer loop
     vertex -1.988955e-01 -2.000000e-01 -1.362129e-01
     vertex -1.679357e-01 -2.000000e-01 -1.334549e-01
     vertex -1.840885e-01 -2.000000e-01 -1.074411e-01
   endloop
 endfacet
 facet normal  0.000000e+00 -1.000000e+00  0.000000e+00
   outer loop
     vertex -8.884895e-02 -2.000000e-01 -2.219340e-01
     vertex -5.714937e-02 -2.000000e-01 -2.344373e-01
     vertex -6.203620e-02 -2.000000e-01 -2.019971e-01
   endloop
 endfacet
 facet normal  0.000000e+00 -1.000000e+00  0.000000e+00
   outer loop
     vertex -9.118476e-02 -2.000000e-01 -1.887000e-01
     vertex -8.884895e-02 -2.000000e-01 -2.219340e-01
     vertex -6.203620e-02 -2.000000e-01 -2.019971e-01
   endloop
 endfacet
 facet normal  0.000000e+00 -1.000000e+00  0.000000e+00
   outer loop
     vertex -5.714937e-02 -2.000000e-01 -2.344373e-01
     vertex -3.629428e-02 -2.000000e-01 -2.141776e-01
     vertex -6.203620e-02 -2.000000e-01 -2.019971e-01
   endloop
 endfacet
 facet normal  0.000000e+00 -1.000000e+00  0.000000e+00
   outer loop
     vertex -2.383540e-01 -2.000000e-01 -4.035349e-03
     vertex -2.366935e-01 -2.000000e-01 -3.927935e-02
     vertex -2.094103e-01 -2.000000e-01 -1.966380e-02
   endloop
 endfacet
 facet normal  0.000000e+00 -1.000000e+00  0.000000e+00
   outer loop
     vertex -1.500314e-01 -2.000000e-01 -1.871727e-01
     vertex -1.202428e-01 -2.000000e-01 -2.062326e-01
     vertex -1.195499e-01 -2.000000e-01 -1.733743e-01
   endloop
 endfacet
 facet normal  0.000000e+00 -1.000000e+00 -0.000000e+00
   outer loop
     vertex -1.459686e-01 -2.000000e-01 -1.562409e-01
     vertex -1.500314e-01 -2.000000e-01 -1.871727e-01
     vertex -1.195499e-01 -2.000000e-01 -1.733743e-01
   endloop
 endfacet
 facet normal  0.000000e+00 -1.000000e+00  0.000000e+00
   outer loop
     vertex -1.202428e-01 -2.000000e-01 -2.062326e-01
     vertex -9.118476e-02 -2.000000e-01 -1.887000e-01
     vertex -1.195499e-01 -2.000000e-01 -1.733743e-01
   endloop
 endfacet
 facet normal  0.000000e+00 -1.000000e+00  0.000000e+00
   outer loop
     vertex -2.368403e-02 -2.000000e-01 -2.403178e-01
     vertex  9.765065e-03 -2.000000e-01 -2.395617e-01
     vertex -8.152540e-03 -2.000000e-01 -2.114211e-01
   endloop
 endfacet
 facet normal  0.000000e+00 -1.000000e+00  0.000000e+00
   outer loop
     vertex -3.629428e-02 -2.000000e-01 -2.141776e-01
     vertex -2.368403e-02 -2.000000e-01 -2.403178e-01
     vertex -8.152540e-03 -2.000000e-01 -2.114211e-01
   endloop
 endfacet
 facet normal  0.000000e+00 -1.000000e+00  0.000000e+00
   outer loop
     vertex  9.765065e-03 -2.000000e-01 -2.395617e-01
     vertex  2.259246e-02 -2.000000e-01 -2.100924e-01
     vertex -8.152540e-03 -2.000000e-01 -2.114211e-01
   endloop
 endfacet
 facet normal  0.000000e+00 -1.000000e+00  0.000000e+00
   outer loop
     vertex -2.083059e-01 -2.000000e-01  1.196368e-02
     vertex -2.383540e-01 -2.000000e-01 -4.035349e-03
     vertex -2.094103e-01 -2.000000e-01 -1.966380e-02
   endloop
 endfacet
 facet normal  0.000000e+00 -1.000000e+00  0.000000e+00
   outer loop
     vertex  4.390517e-02 -2.000000e-01 -2.352639e-01
     vertex  7.756068e-02 -2.000000e-01 -2.264866e-01
     vertex  5.369751e-02 -2.000000e-01 -2.042850e-01
   endloop
 endfacet
 facet normal  0.000000e+00 -1.000000e+00  0.000000e+00
   outer loop
     vertex  2.259246e-02 -2.000000e-01 -2.100924e-01
     vertex  4.390517e-02 -2.000000e-01 -2.352639e-01
     vertex  5.369751e-02 -2.000000e-01 -2.042850e-01
   endloop
 endfacet
 facet normal  0.000000e+00 -1.000000e+00  0.000000e+00
   outer loop
     vertex  7.756068e-02 -2.000000e-01 -2.264866e-01
     vertex  8.305649e-02 -2.000000e-01 -1.940926e-01
     vertex  5.369751e-02 -2.000000e-01 -2.042850e-01
   endloop
 endfacet
 facet normal  0.000000e+00 -1.000000e+00  0.000000e+00
   outer loop
     vertex  1.086259e-01 -2.000000e-01  1.838807e-01
     vertex  1.064805e-01 -2.000000e-01  2.157909e-01
     vertex  8.040912e-02 -2.000000e-01  1.980019e-01
   endloop
 endfacet
 facet normal  0.000000e+00 -1.000000e+00  0.000000e+00
   outer loop
     vertex  1.407574e-01 -2.000000e-01 -1.953261e-01
     vertex  1.678730e-01 -2.000000e-01 -1.716074e-01
     vertex  1.377262e-01 -2.000000e-01 -1.634082e-01
   endloop
 endfacet
 facet normal  0.000000e+00 -1.000000e+00  0.000000e+00
   outer loop
     vertex  1.118927e-01 -2.000000e-01 -1.822095e-01
     vertex  1.407574e-01 -2.000000e-01 -1.953261e-01
     vertex  1.377262e-01 -2.000000e-01 -1.634082e-01
   endloop
 endfacet
 facet normal  0.000000e+00 -1.000000e+00  0.000000e+00
   outer loop
     vertex  1.678730e-01 -2.000000e-01 -1.716074e-01
     vertex  1.579921e-01 -2.000000e-01 -1.394230e-01
     vertex  1.377262e-01 -2.000000e-01 -1.634082e-01
   endloop
 endfacet
 facet normal  0.000000e+00 -1.000000e+00  0.000000e+00
   outer loop
     vertex  2.262599e-01 -2.000000e-01 -8.496183e-02
     vertex  2.367060e-01 -2.000000e-01 -5.436681e-02
     vertex  2.064809e-01 -2.000000e-01 -6.139288e-02
   endloop
 endfacet
 facet normal  0.000000e+00 -1.000000e+00  0.000000e+00
   outer loop
     vertex  2.449607e-01 -2.000000e-01  2.997093e-02
     vertex  2.363461e-01 -2.000000e-01  5.806077e-02
     vertex  2.157955e-01 -2.000000e-01  3.695961e-02
   endloop
 endfacet
 facet normal  0.000000e+00 -1.000000e+00  0.000000e+00
   outer loop
     vertex  2.253685e-01 -2.000000e-01  1.464287e-02
     vertex  2.449607e-01 -2.000000e-01  2.997093e-02
     vertex  2.157955e-01 -2.000000e-01  3.695961e-02
   endloop
 endfacet
 facet normal -0.000000e+00 -1.000000e+00  0.000000e+00
   outer loop
     vertex  2.363461e-01 -2.000000e-01  5.806077e-02
     vertex  2.045728e-01 -2.000000e-01  6.223973e-02
     vertex  2.157955e-01 -2.000000e-01  3.695961e-02
   endloop
 endfacet
 facet normal  0.000000e+00 -1.000000e+00  0.000000e+00
   outer loop
     vertex -2.366935e-01 -2.000000e-01 -3.927935e-02
     vertex -2.078762e-01 -2.000000e-01 -5.066142e-02
     vertex -2.094103e-01 -2.000000e-01 -1.966380e-02
   endloop
 endfacet
 facet normal  0.000000e+00 -1.000000e+00 -0.000000e+00
   outer loop
     vertex  7.349433e-02 -2.000000e-01  2.287343e-01
     vertex  5.052797e-02 -2.000000e-01  2.056280e-01
     vertex  8.040912e-02 -2.000000e-01  1.980019e-01
   endloop
 endfacet
 facet normal  0.000000e+00 -1.000000e+00  0.000000e+00
   outer loop
     vertex  2.064809e-01 -2.000000e-01 -6.139288e-02
     vertex  2.367060e-01 -2.000000e-01 -5.436681e-02
     vertex  2.135458e-01 -2.000000e-01 -3.428634e-02
   endloop
 endfacet
 facet normal -0.000000e+00 -1.000000e+00  0.000000e+00
   outer loop
     vertex  2.262599e-01 -2.000000e-01 -8.496183e-02
     vertex  2.064809e-01 -2.000000e-01 -6.139288e-02
     vertex  1.940736e-01 -2.000000e-01 -8.878578e-02
   endloop
 endfacet
 facet normal -0.000000e+00 -1.000000e+00  0.000000e+00
   outer loop
     vertex  5.052797e-02 -2.000000e-01  2.056280e-01
     vertex  1.913720e-02 -2.000000e-01  2.107654e-01
     vertex  3.146264e-02 -2.000000e-01  1.815255e-01
   endloop
 endfacet
 facet normal  0.000000e+00 -1.000000e+00  0.000000e+00
   outer loop
     vertex  1.940736e-01 -2.000000e-01 -8.878578e-02
     vertex  2.064809e-01 -2.000000e-01 -6.139288e-02
     vertex  1.792178e-01 -2.000000e-01 -6.532391e-02
   endloop
 endfacet
 facet normal  4.255134e-17 -1.000000e+00  1.047392e-15
   outer loop
     vertex -1.728343e-01 -2.000000e-01  1.292784e-01
     vertex -2.040400e-01 -2.000000e-01  1.305461e-01
     vertex -1.902886e-01 -2.000000e-01  1.034878e-01
   endloop
 endfacet
 facet normal -0.000000e+00 -1.000000e+00  0.000000e+00
   outer loop
     vertex  1.915490e-01 -2.000000e-01  8.924988e-02
     vertex  1.751040e-01 -2.000000e-01  1.162202e-01
     vertex  1.613958e-01 -2.000000e-01  8.765206e-02
   endloop
 endfacet
 facet normal -0.000000e+00 -1.000000e+00  0.000000e+00
   outer loop
     vertex  2.467155e-01 -2.000000e-01  1.877970e-03
     vertex  2.253685e-01 -2.000000e-01  1.464287e-02
     vertex  2.197649e-01 -2.000000e-01 -8.532583e-03
   endloop
 endfacet
 facet normal -0.000000e+00 -1.000000e+00  0.000000e+00
   outer loop
     vertex  1.086259e-01 -2.000000e-01  1.838807e-01
     vertex  8.040912e-02 -2.000000e-01  1.980019e-01
     vertex  8.492518e-02 -2.000000e-01  1.712393e-01
   endloop
 endfacet
 facet normal  0.000000e+00 -1.000000e+00 -0.000000e+00
   outer loop
     vertex -2.078762e-01 -2.000000e-01 -5.066142e-02
     vertex -2.294939e-01 -2.000000e-01 -7.385439e-02
     vertex -1.988549e-01 -2.000000e-01 -8.075386e-02
   endloop
 endfacet
 facet normal -0.000000e+00 -1.000000e+00  0.000000e+00
   outer loop
     vertex  8.040912e-02 -2.000000e-01  1.980019e-01
     vertex  5.052797e-02 -2.000000e-01  2.056280e-01
     vertex  5.911055e-02 -2.000000e-01  1.747962e-01
   endloop
 endfacet
 facet normal  0.000000e+00 -1.000000e+00  0.000000e+00
   outer loop
     vertex  8.492518e-02 -2.000000e-01  1.712393e-01
     vertex  8.040912e-02 -2.000000e-01  1.980019e-01
     vertex  5.911055e-02 -2.000000e-01  1.747962e-01
   endloop
 endfacet
 facet normal  0.000000e+00 -1.000000e+00 -0.000000e+00
   outer loop
     vertex  5.052797e-02 -2.000000e-01  2.056280e-01
     vertex  3.146264e-02 -2.000000e-01  1.815255e-01
     vertex  5.911055e-02 -2.000000e-01  1.747962e-01
   endloop
 endfacet
 facet normal  0.000000e+00 -1.000000e+00 -0.000000e+00
   outer loop
     vertex -2.083059e-01 -2.000000e-01  1.196368e-02
     vertex -2.094103e-01 -2.000000e-01 -1.966380e-02
     vertex -1.799141e-01 -2.000000e-01 -4.558094e-03
   endloop
 endfacet
 facet normal -6.255857e-17 -1.000000e+00  1.118528e-15
   outer loop
     vertex -1.728343e-01 -2.000000e-01  1.292784e-01
     vertex -1.902886e-01 -2.000000e-01  1.034878e-01
     vertex -1.643486e-01 -2.000000e-01  1.049386e-01
   endloop
 endfacet
 facet normal  0.000000e+00 -1.000000e+00  0.000000e+00
   outer loop
     vertex -2.078762e-01 -2.000000e-01 -5.066142e-02
     vertex -1.988549e-01 -2.000000e-01 -8.075386e-02
     vertex -1.825288e-01 -2.000000e-01 -5.960381e-02
   endloop
 endfacet
 facet normal  0.000000e+00 -1.000000e+00  0.000000e+00
   outer loop
     vertex  8.305649e-02 -2.000000e-01 -1.940926e-01
     vertex  1.118927e-01 -2.000000e-01 -1.822095e-01
     vertex  8.644715e-02 -2.000000e-01 -1.628811e-01
   endloop
 endfacet
 facet normal  0.000000e+00 -1.000000e+00  0.000000e+00
   outer loop
     vertex  2.259246e-02 -2.000000e-01 -2.100924e-01
     vertex  5.369751e-02 -2.000000e-01 -2.042850e-01
     vertex  3.322395e-02 -2.000000e-01 -1.833918e-01
   endloop
 endfacet
 facet normal  0.000000e+00 -1.000000e+00  0.000000e+00
   outer loop
     vertex -9.118476e-02 -2.000000e-01 -1.887000e-01
     vertex -6.203620e-02 -2.000000e-01 -2.019971e-01
     vertex -6.362908e-02 -2.000000e-01 -1.705804e-01
   endloop
 endfacet
 facet normal  0.000000e+00 -1.000000e+00  0.000000e+00
   outer loop
     vertex  2.135458e-01 -2.000000e-01 -3.428634e-02
     vertex  2.197649e-01 -2.000000e-01 -8.532583e-03
     vertex  1.914295e-01 -2.000000e-01 -1.343867e-02
   endloop
 endfacet
 facet normal -0.000000e+00 -1.000000e+00  0.000000e+00
   outer loop
     vertex  1.325164e-01 -2.000000e-01  1.637881e-01
     vertex  1.086259e-01 -2.000000e-01  1.838807e-01
     vertex  1.035157e-01 -2.000000e-01  1.527799e-01
   endloop
 endfacet
 facet normal  0.000000e+00 -1.000000e+00  0.000000e+00
   outer loop
     vertex  1.086259e-01 -2.000000e-01  1.838807e-01
     vertex  8.492518e-02 -2.000000e-01  1.712393e-01
     vertex  1.035157e-01 -2.000000e-01  1.527799e-01
   endloop
 endfacet
 facet normal  0.000000e+00 -1.000000e+00  0.000000e+00
   outer loop
     vertex  1.613958e-01 -2.000000e-01  8.765206e-02
     vertex  1.751040e-01 -2.000000e-01  1.162202e-01
     vertex  1.444076e-01 -2.000000e-01  1.117951e-01
   endloop
 endfacet
 facet normal -1.432375e-16 -1.000000e+00  9.936182e-16
   outer loop
     vertex  1.751040e-01 -2.000000e-01  1.162202e-01
     vertex  1.549770e-01 -2.000000e-01  1.412526e-01
     vertex  1.444076e-01 -2.000000e-01  1.117951e-01
   endloop
 endfacet
 facet normal  0.000000e+00 -1.000000e+00 -0.000000e+00
   outer loop
     vertex -9.508132e-02 -2.000000e-01  1.857793e-01
     vertex -1.232746e-01 -2.000000e-01  1.686126e-01
     vertex -9.448383e-02 -2.000000e-01  1.528699e-01
   endloop
 endfacet
 facet normal  0.000000e+00 -1.000000e+00 -0.000000e+00
   outer loop
     vertex -1.825288e-01 -2.000000e-01 -5.960381e-02
     vertex -1.988549e-01 -2.000000e-01 -8.075386e-02
     vertex -1.672830e-01 -2.000000e-01 -8.110534e-02
   endloop
 endfacet
 facet normal  0.000000e+00 -1.000000e+00  0.000000e+00
   outer loop
     vertex -1.988549e-01 -2.000000e-01 -8.075386e-02
     vertex -1.840885e-01 -2.000000e-01 -1.074411e-01
     vertex -1.672830e-01 -2.000000e-01 -8.110534e-02
   endloop
 endfacet
 facet normal  0.000000e+00 -1.000000e+00  0.000000e+00
   outer loop
     vertex  2.197649e-01 -2.000000e-01 -8.532583e-03
     vertex  2.253685e-01 -2.000000e-01  1.464287e-02
     vertex  2.003741e-01 -2.000000e-01  1.247636e-02
   endloop
 endfacet
 facet normal  0.000000e+00 -1.000000e+00  0.000000e+00
   outer loop
     vertex  1.914295e-01 -2.000000e-01 -1.343867e-02
     vertex  2.197649e-01 -2.000000e-01 -8.532583e-03
     vertex  2.003741e-01 -2.000000e-01  1.247636e-02
   endloop
 endfacet
 facet normal -0.000000e+00 -1.000000e+00  0.000000e+00
   outer loop
     vertex  2.253685e-01 -2.000000e-01  1.464287e-02
     vertex  2.157955e-01 -2.000000e-01  3.695961e-02
     vertex  2.003741e-01 -2.000000e-01  1.247636e-02
   endloop
 endfacet
 facet normal -0.000000e+00 -1.000000e+00  0.000000e+00
   outer loop
     vertex -1.254539e-02 -2.000000e-01  2.126073e-01
     vertex -4.083519e-02 -2.000000e-01  2.139126e-01
     vertex -3.406536e-02 -2.000000e-01  1.837327e-01
   endloop
 endfacet
 facet normal  0.000000e+00 -1.000000e+00 -0.000000e+00
   outer loop
     vertex -2.054272e-01 -2.000000e-01  4.344782e-02
     vertex -2.083059e-01 -2.000000e-01  1.196368e-02
     vertex -1.778326e-01 -2.000000e-01  2.508778e-02
   endloop
 endfacet
 facet normal  0.000000e+00 -1.000000e+00  0.000000e+00
   outer loop
     vertex -2.083059e-01 -2.000000e-01  1.196368e-02
     vertex -1.799141e-01 -2.000000e-01 -4.558094e-03
     vertex -1.778326e-01 -2.000000e-01  2.508778e-02
   endloop
 endfacet
 facet normal  0.000000e+00 -1.000000e+00 -0.000000e+00
   outer loop
     vertex -4.083519e-02 -2.000000e-01  2.139126e-01
     vertex -6.620676e-02 -2.000000e-01  2.005624e-01
     vertex -3.406536e-02 -2.000000e-01  1.837327e-01
   endloop
 endfacet
 facet normal  0.000000e+00 -1.000000e+00  0.000000e+00
   outer loop
     vertex -1.679357e-01 -2.000000e-01 -1.334549e-01
     vertex -1.459686e-01 -2.000000e-01 -1.562409e-01
     vertex -1.413986e-01 -2.000000e-01 -1.296502e-01
   endloop
 endfacet
 facet normal  0.000000e+00 -1.000000e+00  0.000000e+00
   outer loop
     vertex  2.064809e-01 -2.000000e-01 -6.139288e-02
     vertex  2.135458e-01 -2.000000e-01 -3.428634e-02
     vertex  1.837879e-01 -2.000000e-01 -3.999980e-02
   endloop
 endfacet
 facet normal  0.000000e+00 -1.000000e+00  0.000000e+00
   outer loop
     vertex  1.769253e-01 -2.000000e-01 -1.141021e-01
     vertex  1.940736e-01 -2.000000e-01 -8.878578e-02
     vertex  1.617940e-01 -2.000000e-01 -8.513967e-02
   endloop
 endfacet
 facet normal  0.000000e+00 -1.000000e+00  0.000000e+00
   outer loop
     vertex  1.940736e-01 -2.000000e-01 -8.878578e-02
     vertex  1.792178e-01 -2.000000e-01 -6.532391e-02
     vertex  1.617940e-01 -2.000000e-01 -8.513967e-02
   endloop
 endfacet
 facet normal -6.939478e-16 -1.000000e+00  7.922169e-16
   outer loop
     vertex -1.494487e-01 -2.000000e-01  1.497631e-01
     vertex -1.728343e-01 -2.000000e-01  1.292784e-01
     vertex -1.436977e-01 -2.000000e-01  1.197654e-01
   endloop
 endfacet
 facet normal -6.548251e-16 -1.000000e+00  9.120429e-16
   outer loop
     vertex -1.728343e-01 -2.000000e-01  1.292784e-01
     vertex -1.643486e-01 -2.000000e-01  1.049386e-01
     vertex -1.436977e-01 -2.000000e-01  1.197654e-01
   endloop
 endfacet
 facet normal  0.000000e+00 -1.000000e+00 -0.000000e+00
   outer loop
     vertex -1.232746e-01 -2.000000e-01  1.686126e-01
     vertex -1.494487e-01 -2.000000e-01  1.497631e-01
     vertex -1.201814e-01 -2.000000e-01  1.360513e-01
   endloop
 endfacet
 facet normal -0.000000e+00 -1.000000e+00  0.000000e+00
   outer loop
     vertex -9.448383e-02 -2.000000e-01  1.528699e-01
     vertex -1.232746e-01 -2.000000e-01  1.686126e-01
     vertex -1.201814e-01 -2.000000e-01  1.360513e-01
   endloop
 endfacet
 facet normal  4.762621e-16 -1.000000e+00  1.016561e-15
   outer loop
     vertex -1.494487e-01 -2.000000e-01  1.497631e-01
     vertex -1.436977e-01 -2.000000e-01  1.197654e-01
     vertex -1.201814e-01 -2.000000e-01  1.360513e-01
   endloop
 endfacet
 facet normal  0.000000e+00 -1.000000e+00  0.000000e+00
   outer loop
     vertex  1.792178e-01 -2.000000e-01 -6.532391e-02
     vertex  2.064809e-01 -2.000000e-01 -6.139288e-02
     vertex  1.837879e-01 -2.000000e-01 -3.999980e-02
   endloop
 endfacet
 facet normal  0.000000e+00 -1.000000e+00  0.000000e+00
   outer loop
     vertex -1.643486e-01 -2.000000e-01  1.049386e-01
     vertex -1.902886e-01 -2.000000e-01  1.034878e-01
     vertex -1.716337e-01 -2.000000e-01  8.127046e-02
   endloop
 endfacet
 facet normal  0.000000e+00 -1.000000e+00 -0.000000e+00
   outer loop
     vertex -1.902886e-01 -2.000000e-01  1.034878e-01
     vertex -1.998190e-01 -2.000000e-01  7.426743e-02
     vertex -1.716337e-01 -2.000000e-01  8.127046e-02
   endloop
 endfacet
 facet normal  0.000000e+00 -1.000000e+00  0.000000e+00
   outer loop
     vertex -1.195499e-01 -2.000000e-01 -1.733743e-01
     vertex -9.118476e-02 -2.000000e-01 -1.887000e-01
     vertex -9.160050e-02 -2.000000e-01 -1.561866e-01
   endloop
 endfacet
 facet normal  0.000000e+00 -1.000000e+00  0.000000e+00
   outer loop
     vertex -9.118476e-02 -2.000000e-01 -1.887000e-01
     vertex -6.362908e-02 -2.000000e-01 -1.705804e-01
     vertex -9.160050e-02 -2.000000e-01 -1.561866e-01
   endloop
 endfacet
 facet normal  0.000000e+00 -1.000000e+00  0.000000e+00
   outer loop
     vertex -8.152540e-03 -2.000000e-01 -2.114211e-01
     vertex  2.259246e-02 -2.000000e-01 -2.100924e-01
     vertex  4.636141e-03 -2.000000e-01 -1.814318e-01
   endloop
 endfacet
 facet normal  0.000000e+00 -1.000000e+00  0.000000e+00
   outer loop
     vertex  2.259246e-02 -2.000000e-01 -2.100924e-01
     vertex  3.322395e-02 -2.000000e-01 -1.833918e-01
     vertex  4.636141e-03 -2.000000e-01 -1.814318e-01
   endloop
 endfacet
 facet normal  0.000000e+00 -1.000000e+00  0.000000e+00
   outer loop
     vertex -1.459686e-01 -2.000000e-01 -1.562409e-01
     vertex -1.195499e-01 -2.000000e-01 -1.733743e-01
     vertex -1.180450e-01 -2.000000e-01 -1.421284e-01
   endloop
 endfacet
 facet normal  0.000000e+00 -1.000000e+00 -0.000000e+00
   outer loop
     vertex -1.413986e-01 -2.000000e-01 -1.296502e-01
     vertex -1.459686e-01 -2.000000e-01 -1.562409e-01
     vertex -1.180450e-01 -2.000000e-01 -1.421284e-01
   endloop
 endfacet
 facet normal  0.000000e+00 -1.000000e+00  0.000000e+00
   outer loop
     vertex -1.195499e-01 -2.000000e-01 -1.733743e-01
     vertex -9.160050e-02 -2.000000e-01 -1.561866e-01
     vertex -1.180450e-01 -2.000000e-01 -1.421284e-01
   endloop
 endfacet
 facet normal  0.000000e+00 -1.000000e+00  0.000000e+00
   outer loop
     vertex -3.629428e-02 -2.000000e-01 -2.141776e-01
     vertex -8.152540e-03 -2.000000e-01 -2.114211e-01
     vertex -3.039868e-02 -2.000000e-01 -1.832912e-01
   endloop
 endfacet
 facet normal  0.000000e+00 -1.000000e+00  0.000000e+00
   outer loop
     vertex -8.152540e-03 -2.000000e-01 -2.114211e-01
     vertex  4.636141e-03 -2.000000e-01 -1.814318e-01
     vertex -3.039868e-02 -2.000000e-01 -1.832912e-01
   endloop
 endfacet
 facet normal  0.000000e+00 -1.000000e+00  0.000000e+00
   outer loop
     vertex  1.377262e-01 -2.000000e-01 -1.634082e-01
     vertex  1.579921e-01 -2.000000e-01 -1.394230e-01
     vertex  1.270947e-01 -2.000000e-01 -1.331843e-01
   endloop
 endfacet
 facet normal  1.520644e-16 -1.000000e+00  9.824497e-16
   outer loop
     vertex  1.579921e-01 -2.000000e-01 -1.394230e-01
     vertex  1.769253e-01 -2.000000e-01 -1.141021e-01
     vertex  1.441578e-01 -2.000000e-01 -1.090303e-01
   endloop
 endfacet
 facet normal  2.030604e-16 -1.000000e+00  1.005662e-15
   outer loop
     vertex  1.270947e-01 -2.000000e-01 -1.331843e-01
     vertex  1.579921e-01 -2.000000e-01 -1.394230e-01
     vertex  1.441578e-01 -2.000000e-01 -1.090303e-01
   endloop
 endfacet
 facet normal  0.000000e+00 -1.000000e+00  0.000000e+00
   outer loop
     vertex  1.769253e-01 -2.000000e-01 -1.141021e-01
     vertex  1.617940e-01 -2.000000e-01 -8.513967e-02
     vertex  1.441578e-01 -2.000000e-01 -1.090303e-01
   endloop
 endfacet
 facet normal -0.000000e+00 -1.000000e+00  0.000000e+00
   outer loop
     vertex  2.045728e-01 -2.000000e-01  6.223973e-02
     vertex  1.915490e-01 -2.000000e-01  8.924988e-02
     vertex  1.737086e-01 -2.000000e-01  6.177886e-02
   endloop
 endfacet
 facet normal  0.000000e+00 -1.000000e+00  0.000000e+00
   outer loop
     vertex  1.915490e-01 -2.000000e-01  8.924988e-02
     vertex  1.613958e-01 -2.000000e-01  8.765206e-02
     vertex  1.737086e-01 -2.000000e-01  6.177886e-02
   endloop
 endfacet
 facet normal  0.000000e+00 -1.000000e+00  0.000000e+00
   outer loop
     vertex -2.094103e-01 -2.000000e-01 -1.966380e-02
     vertex -2.078762e-01 -2.000000e-01 -5.066142e-02
     vertex -1.815161e-01 -2.000000e-01 -3.364256e-02
   endloop
 endfacet
 facet normal -0.000000e+00 -1.000000e+00  0.000000e+00
   outer loop
     vertex  2.135458e-01 -2.000000e-01 -3.428634e-02
     vertex  1.914295e-01 -2.000000e-01 -1.343867e-02
     vertex  1.837879e-01 -2.000000e-01 -3.999980e-02
   endloop
 endfacet
 facet normal  0.000000e+00 -1.000000e+00  0.000000e+00
   outer loop
     vertex -3.629428e-02 -2.000000e-01 -2.141776e-01
     vertex -3.039868e-02 -2.000000e-01 -1.832912e-01
     vertex -6.203620e-02 -2.000000e-01 -2.019971e-01
   endloop
 endfacet
 facet normal  0.000000e+00 -1.000000e+00  0.000000e+00
   outer loop
     vertex -2.094103e-01 -2.000000e-01 -1.966380e-02
     vertex -1.815161e-01 -2.000000e-01 -3.364256e-02
     vertex -1.799141e-01 -2.000000e-01 -4.558094e-03
   endloop
 endfacet
 facet normal  0.000000e+00 -1.000000e+00  0.000000e+00
   outer loop
     vertex -1.815161e-01 -2.000000e-01 -3.364256e-02
     vertex -2.078762e-01 -2.000000e-01 -5.066142e-02
     vertex -1.825288e-01 -2.000000e-01 -5.960381e-02
   endloop
 endfacet
 facet normal  0.000000e+00 -1.000000e+00  0.000000e+00
   outer loop
     vertex  8.644715e-02 -2.000000e-01 -1.628811e-01
     vertex  1.118927e-01 -2.000000e-01 -1.822095e-01
     vertex  1.117168e-01 -2.000000e-01 -1.548410e-01
   endloop
 endfacet
 facet normal  0.000000e+00 -1.000000e+00  0.000000e+00
   outer loop
     vertex  1.792178e-01 -2.000000e-01 -6.532391e-02
     vertex  1.837879e-01 -2.000000e-01 -3.999980e-02
     vertex  1.513178e-01 -2.000000e-01 -5.113805e-02
   endloop
 endfacet
 facet normal  0.000000e+00 -1.000000e+00  0.000000e+00
   outer loop
     vertex  8.644715e-02 -2.000000e-01 -1.628811e-01
     vertex  1.117168e-01 -2.000000e-01 -1.548410e-01
     vertex  9.525459e-02 -2.000000e-01 -1.324195e-01
   endloop
 endfacet
 facet normal  0.000000e+00 -1.000000e+00  0.000000e+00
   outer loop
     vertex  1.377262e-01 -2.000000e-01 -1.634082e-01
     vertex  1.270947e-01 -2.000000e-01 -1.331843e-01
     vertex  1.117168e-01 -2.000000e-01 -1.548410e-01
   endloop
 endfacet
 facet normal  0.000000e+00 -1.000000e+00  0.000000e+00
   outer loop
     vertex  1.117168e-01 -2.000000e-01 -1.548410e-01
     vertex  1.270947e-01 -2.000000e-01 -1.331843e-01
     vertex  9.525459e-02 -2.000000e-01 -1.324195e-01
   endloop
 endfacet
 facet normal  0.000000e+00 -1.000000e+00 -0.000000e+00
   outer loop
     vertex -1.799141e-01 -2.000000e-01 -4.558094e-03
     vertex -1.815161e-01 -2.000000e-01 -3.364256e-02
     vertex -1.524105e-01 -2.000000e-01 -2.222686e-02
   endloop
 endfacet
 facet normal -0.000000e+00 -1.000000e+00  0.000000e+00
   outer loop
     vertex  1.549770e-01 -2.000000e-01  1.412526e-01
     vertex  1.325164e-01 -2.000000e-01  1.637881e-01
     vertex  1.240107e-01 -2.000000e-01  1.325135e-01
   endloop
 endfacet
 facet normal -2.958646e-16 -1.000000e+00  1.048381e-15
   outer loop
     vertex  1.444076e-01 -2.000000e-01  1.117951e-01
     vertex  1.549770e-01 -2.000000e-01  1.412526e-01
     vertex  1.240107e-01 -2.000000e-01  1.325135e-01
   endloop
 endfacet
 facet normal  0.000000e+00 -1.000000e+00  0.000000e+00
   outer loop
     vertex  1.325164e-01 -2.000000e-01  1.637881e-01
     vertex  1.035157e-01 -2.000000e-01  1.527799e-01
     vertex  1.240107e-01 -2.000000e-01  1.325135e-01
   endloop
 endfacet
 facet normal -0.000000e+00 -1.000000e+00  0.000000e+00
   outer loop
     vertex  1.913720e-02 -2.000000e-01  2.107654e-01
     vertex -1.254539e-02 -2.000000e-01  2.126073e-01
     vertex  5.272202e-04 -2.000000e-01  1.853905e-01
   endloop
 endfacet
 facet normal  0.000000e+00 -1.000000e+00  0.000000e+00
   outer loop
     vertex -6.620676e-02 -2.000000e-01  2.005624e-01
     vertex -9.508132e-02 -2.000000e-01  1.857793e-01
     vertex -6.636832e-02 -2.000000e-01  1.686582e-01
   endloop
 endfacet
 facet normal  0.000000e+00 -1.000000e+00  0.000000e+00
   outer loop
     vertex -9.508132e-02 -2.000000e-01  1.857793e-01
     vertex -9.448383e-02 -2.000000e-01  1.528699e-01
     vertex -6.636832e-02 -2.000000e-01  1.686582e-01
   endloop
 endfacet
 facet normal  0.000000e+00 -1.000000e+00  0.000000e+00
   outer loop
     vertex  3.322395e-02 -2.000000e-01 -1.833918e-01
     vertex  5.369751e-02 -2.000000e-01 -2.042850e-01
     vertex  5.845196e-02 -2.000000e-01 -1.719207e-01
   endloop
 endfacet
 facet normal  0.000000e+00 -1.000000e+00  0.000000e+00
   outer loop
     vertex  5.369751e-02 -2.000000e-01 -2.042850e-01
     vertex  8.305649e-02 -2.000000e-01 -1.940926e-01
     vertex  5.845196e-02 -2.000000e-01 -1.719207e-01
   endloop
 endfacet
 facet normal  0.000000e+00 -1.000000e+00 -0.000000e+00
   outer loop
     vertex -1.815161e-01 -2.000000e-01 -3.364256e-02
     vertex -1.825288e-01 -2.000000e-01 -5.960381e-02
     vertex -1.561038e-01 -2.000000e-01 -5.244348e-02
   endloop
 endfacet
 facet normal  0.000000e+00 -1.000000e+00  0.000000e+00
   outer loop
     vertex -1.524105e-01 -2.000000e-01 -2.222686e-02
     vertex -1.815161e-01 -2.000000e-01 -3.364256e-02
     vertex -1.561038e-01 -2.000000e-01 -5.244348e-02
   endloop
 endfacet
 facet normal  0.000000e+00 -1.000000e+00  0.000000e+00
   outer loop
     vertex -1.825288e-01 -2.000000e-01 -5.960381e-02
     vertex -1.672830e-01 -2.000000e-01 -8.110534e-02
     vertex -1.561038e-01 -2.000000e-01 -5.244348e-02
   endloop
 endfacet
 facet normal  0.000000e+00 -1.000000e+00  0.000000e+00
   outer loop
     vertex -6.203620e-02 -2.000000e-01 -2.019971e-01
     vertex -3.039868e-02 -2.000000e-01 -1.832912e-01
     vertex -6.362908e-02 -2.000000e-01 -1.705804e-01
   endloop
 endfacet
 facet normal  0.000000e+00 -1.000000e+00  0.000000e+00
   outer loop
     vertex  8.305649e-02 -2.000000e-01 -1.940926e-01
     vertex  8.644715e-02 -2.000000e-01 -1.628811e-01
     vertex  5.845196e-02 -2.000000e-01 -1.719207e-01
   endloop
 endfacet
 facet normal  0.000000e+00 -1.000000e+00 -0.000000e+00
   outer loop
     vertex -1.998190e-01 -2.000000e-01  7.426743e-02
     vertex -2.054272e-01 -2.000000e-01  4.344782e-02
     vertex -1.761752e-01 -2.000000e-01  5.373800e-02
   endloop
 endfacet
 facet normal  0.000000e+00 -1.000000e+00  0.000000e+00
   outer loop
     vertex -1.716337e-01 -2.000000e-01  8.127046e-02
     vertex -1.998190e-01 -2.000000e-01  7.426743e-02
     vertex -1.761752e-01 -2.000000e-01  5.373800e-02
   endloop
 endfacet
 facet normal  0.000000e+00 -1.000000e+00  0.000000e+00
   outer loop
     vertex -2.054272e-01 -2.000000e-01  4.344782e-02
     vertex -1.778326e-01 -2.000000e-01  2.508778e-02
     vertex -1.761752e-01 -2.000000e-01  5.373800e-02
   endloop
 endfacet
 facet normal  0.000000e+00 -1.000000e+00  0.000000e+00
   outer loop
     vertex  1.118927e-01 -2.000000e-01 -1.822095e-01
     vertex  1.377262e-01 -2.000000e-01 -1.634082e-01
     vertex  1.117168e-01 -2.000000e-01 -1.548410e-01
   endloop
 endfacet
 facet normal -5.793085e-17 -1.000000e+00  1.030987e-15
   outer loop
     vertex -1.840885e-01 -2.000000e-01 -1.074411e-01
     vertex -1.679357e-01 -2.000000e-01 -1.334549e-01
     vertex -1.528038e-01 -2.000000e-01 -1.056832e-01
   endloop
 endfacet
 facet normal  0.000000e+00 -1.000000e+00 -0.000000e+00
   outer loop
     vertex -1.672830e-01 -2.000000e-01 -8.110534e-02
     vertex -1.840885e-01 -2.000000e-01 -1.074411e-01
     vertex -1.528038e-01 -2.000000e-01 -1.056832e-01
   endloop
 endfacet
 facet normal -1.554300e-16 -1.000000e+00  1.084111e-15
   outer loop
     vertex -1.679357e-01 -2.000000e-01 -1.334549e-01
     vertex -1.413986e-01 -2.000000e-01 -1.296502e-01
     vertex -1.528038e-01 -2.000000e-01 -1.056832e-01
   endloop
 endfacet
 facet normal -0.000000e+00 -1.000000e+00  0.000000e+00
   outer loop
     vertex -3.406536e-02 -2.000000e-01  1.837327e-01
     vertex -6.620676e-02 -2.000000e-01  2.005624e-01
     vertex -6.636832e-02 -2.000000e-01  1.686582e-01
   endloop
 endfacet
 facet normal  0.000000e+00 -1.000000e+00  0.000000e+00
   outer loop
     vertex  3.146264e-02 -2.000000e-01  1.815255e-01
     vertex  1.913720e-02 -2.000000e-01  2.107654e-01
     vertex  5.272202e-04 -2.000000e-01  1.853905e-01
   endloop
 endfacet
 facet normal -0.000000e+00 -1.000000e+00  0.000000e+00
   outer loop
     vertex  2.157955e-01 -2.000000e-01  3.695961e-02
     vertex  2.045728e-01 -2.000000e-01  6.223973e-02
     vertex  1.862801e-01 -2.000000e-01  3.634671e-02
   endloop
 endfacet
 facet normal  0.000000e+00 -1.000000e+00  0.000000e+00
   outer loop
     vertex  2.003741e-01 -2.000000e-01  1.247636e-02
     vertex  2.157955e-01 -2.000000e-01  3.695961e-02
     vertex  1.862801e-01 -2.000000e-01  3.634671e-02
   endloop
 endfacet
 facet normal  0.000000e+00 -1.000000e+00  0.000000e+00
   outer loop
     vertex  2.045728e-01 -2.000000e-01  6.223973e-02
     vertex  1.737086e-01 -2.000000e-01  6.177886e-02
     vertex  1.862801e-01 -2.000000e-01  3.634671e-02
   endloop
 endfacet
 facet normal  0.000000e+00 -1.000000e+00 -0.000000e+00
   outer loop
     vertex -1.254539e-02 -2.000000e-01  2.126073e-01
     vertex -3.406536e-02 -2.000000e-01  1.837327e-01
     vertex  5.272202e-04 -2.000000e-01  1.853905e-01
   endloop
 endfacet
 facet normal -0.000000e+00 -1.000000e+00  0.000000e+00
   outer loop
     vertex  3.146264e-02 -2.000000e-01  1.815255e-01
     vertex  5.272202e-04 -2.000000e-01  1.853905e-01
     vertex  1.483272e-02 -2.000000e-01  1.609071e-01
   endloop
 endfacet
 facet normal  0.000000e+00 -1.000000e+00  0.000000e+00
   outer loop
     vertex -6.362908e-02 -2.000000e-01 -1.705804e-01
     vertex -3.039868e-02 -2.000000e-01 -1.832912e-01
     vertex -3.994505e-02 -2.000000e-01 -1.526006e-01
   endloop
 endfacet
 facet normal -0.000000e+00 -1.000000e+00  0.000000e+00
   outer loop
     vertex  1.792178e-01 -2.000000e-01 -6.532391e-02
     vertex  1.513178e-01 -2.000000e-01 -5.113805e-02
     vertex  1.617940e-01 -2.000000e-01 -8.513967e-02
   endloop
 endfacet
 facet normal  1.995825e-16 -1.000000e+00  1.253052e-15
   outer loop
     vertex -1.528038e-01 -2.000000e-01 -1.056832e-01
     vertex -1.413986e-01 -2.000000e-01 -1.296502e-01
     vertex -1.220857e-01 -2.000000e-01 -1.105759e-01
   endloop
 endfacet
 facet normal  5.045432e-16 -1.000000e+00  9.442774e-16
   outer loop
     vertex -1.413986e-01 -2.000000e-01 -1.296502e-01
     vertex -1.180450e-01 -2.000000e-01 -1.421284e-01
     vertex -1.220857e-01 -2.000000e-01 -1.105759e-01
   endloop
 endfacet
 facet normal  0.000000e+00 -1.000000e+00  0.000000e+00
   outer loop
     vertex -3.406536e-02 -2.000000e-01  1.837327e-01
     vertex -6.636832e-02 -2.000000e-01  1.686582e-01
     vertex -4.060107e-02 -2.000000e-01  1.498977e-01
   endloop
 endfacet
 facet normal  2.368574e-17 -1.000000e+00  9.860913e-16
   outer loop
     vertex  9.525459e-02 -2.000000e-01 -1.324195e-01
     vertex  1.270947e-01 -2.000000e-01 -1.331843e-01
     vertex  1.107205e-01 -2.000000e-01 -1.046439e-01
   endloop
 endfacet
 facet normal -0.000000e+00 -1.000000e+00  0.000000e+00
   outer loop
     vertex  1.613958e-01 -2.000000e-01  8.765206e-02
     vertex  1.444076e-01 -2.000000e-01  1.117951e-01
     vertex  1.347454e-01 -2.000000e-01  8.592415e-02
   endloop
 endfacet
 facet normal  0.000000e+00 -1.000000e+00  0.000000e+00
   outer loop
     vertex -6.636832e-02 -2.000000e-01  1.686582e-01
     vertex -9.448383e-02 -2.000000e-01  1.528699e-01
     vertex -6.811980e-02 -2.000000e-01  1.360716e-01
   endloop
 endfacet
 facet normal  0.000000e+00 -1.000000e+00  0.000000e+00
   outer loop
     vertex  1.914295e-01 -2.000000e-01 -1.343867e-02
     vertex  2.003741e-01 -2.000000e-01  1.247636e-02
     vertex  1.718043e-01 -2.000000e-01  9.423591e-03
   endloop
 endfacet
 facet normal  0.000000e+00 -1.000000e+00  0.000000e+00
   outer loop
     vertex -3.994505e-02 -2.000000e-01 -1.526006e-01
     vertex -3.039868e-02 -2.000000e-01 -1.832912e-01
     vertex -9.698615e-03 -2.000000e-01 -1.512531e-01
   endloop
 endfacet
 facet normal  0.000000e+00 -1.000000e+00  0.000000e+00
   outer loop
     vertex -3.039868e-02 -2.000000e-01 -1.832912e-01
     vertex  4.636141e-03 -2.000000e-01 -1.814318e-01
     vertex -9.698615e-03 -2.000000e-01 -1.512531e-01
   endloop
 endfacet
 facet normal  0.000000e+00 -1.000000e+00 -0.000000e+00
   outer loop
     vertex -1.778326e-01 -2.000000e-01  2.508778e-02
     vertex -1.799141e-01 -2.000000e-01 -4.558094e-03
     vertex -1.487129e-01 -2.000000e-01  8.653892e-03
   endloop
 endfacet
 facet normal  0.000000e+00 -1.000000e+00  0.000000e+00
   outer loop
     vertex -1.799141e-01 -2.000000e-01 -4.558094e-03
     vertex -1.524105e-01 -2.000000e-01 -2.222686e-02
     vertex -1.487129e-01 -2.000000e-01  8.653892e-03
   endloop
 endfacet
 facet normal  0.000000e+00 -1.000000e+00  0.000000e+00
   outer loop
     vertex  3.322395e-02 -2.000000e-01 -1.833918e-01
     vertex  5.845196e-02 -2.000000e-01 -1.719207e-01
     vertex  2.793164e-02 -2.000000e-01 -1.506242e-01
   endloop
 endfacet
 facet normal  0.000000e+00 -1.000000e+00 -0.000000e+00
   outer loop
     vertex -1.643486e-01 -2.000000e-01  1.049386e-01
     vertex -1.716337e-01 -2.000000e-01  8.127046e-02
     vertex -1.433099e-01 -2.000000e-01  8.984816e-02
   endloop
 endfacet
 facet normal  0.000000e+00 -1.000000e+00  0.000000e+00
   outer loop
     vertex  5.272202e-04 -2.000000e-01  1.853905e-01
     vertex -3.406536e-02 -2.000000e-01  1.837327e-01
     vertex -1.184069e-02 -2.000000e-01  1.577111e-01
   endloop
 endfacet
 facet normal  5.406637e-16 -1.000000e+00  8.485434e-16
   outer loop
     vertex -6.811980e-02 -2.000000e-01  1.360716e-01
     vertex -9.448383e-02 -2.000000e-01  1.528699e-01
     vertex -9.353580e-02 -2.000000e-01  1.195562e-01
   endloop
 endfacet
 facet normal -5.353163e-16 -1.000000e+00  8.179235e-16
   outer loop
     vertex -9.448383e-02 -2.000000e-01  1.528699e-01
     vertex -1.201814e-01 -2.000000e-01  1.360513e-01
     vertex -9.353580e-02 -2.000000e-01  1.195562e-01
   endloop
 endfacet
 facet normal  0.000000e+00 -1.000000e+00 -0.000000e+00
   outer loop
     vertex -1.436977e-01 -2.000000e-01  1.197654e-01
     vertex -1.643486e-01 -2.000000e-01  1.049386e-01
     vertex -1.433099e-01 -2.000000e-01  8.984816e-02
   endloop
 endfacet
 facet normal  0.000000e+00 -1.000000e+00  0.000000e+00
   outer loop
     vertex  3.322395e-02 -2.000000e-01 -1.833918e-01
     vertex  2.793164e-02 -2.000000e-01 -1.506242e-01
     vertex  4.636141e-03 -2.000000e-01 -1.814318e-01
   endloop
 endfacet
 facet normal  0.000000e+00 -1.000000e+00  0.000000e+00
   outer loop
     vertex  1.513178e-01 -2.000000e-01 -5.113805e-02
     vertex  1.837879e-01 -2.000000e-01 -3.999980e-02
     vertex  1.619428e-01 -2.000000e-01 -1.887163e-02
   endloop
 endfacet
 facet normal  0.000000e+00 -1.000000e+00  0.000000e+00
   outer loop
     vertex  1.837879e-01 -2.000000e-01 -3.999980e-02
     vertex  1.914295e-01 -2.000000e-01 -1.343867e-02
     vertex  1.619428e-01 -2.000000e-01 -1.887163e-02
   endloop
 endfacet
 facet normal -0.000000e+00 -1.000000e+00  0.000000e+00
   outer loop
     vertex  5.911055e-02 -2.000000e-01  1.747962e-01
     vertex  3.146264e-02 -2.000000e-01  1.815255e-01
     vertex  4.129045e-02 -2.000000e-01  1.456505e-01
   endloop
 endfacet
 facet normal  0.000000e+00 -1.000000e+00 -0.000000e+00
   outer loop
     vertex  3.146264e-02 -2.000000e-01  1.815255e-01
     vertex  1.483272e-02 -2.000000e-01  1.609071e-01
     vertex  4.129045e-02 -2.000000e-01  1.456505e-01
   endloop
 endfacet
 facet normal -0.000000e+00 -1.000000e+00  0.000000e+00
   outer loop
     vertex -1.184069e-02 -2.000000e-01  1.577111e-01
     vertex -3.406536e-02 -2.000000e-01  1.837327e-01
     vertex -4.060107e-02 -2.000000e-01  1.498977e-01
   endloop
 endfacet
 facet normal -0.000000e+00 -1.000000e+00  0.000000e+00
   outer loop
     vertex  8.492518e-02 -2.000000e-01  1.712393e-01
     vertex  5.911055e-02 -2.000000e-01  1.747962e-01
     vertex  7.322144e-02 -2.000000e-01  1.460406e-01
   endloop
 endfacet
 facet normal  0.000000e+00 -1.000000e+00 -0.000000e+00
   outer loop
     vertex  5.911055e-02 -2.000000e-01  1.747962e-01
     vertex  4.129045e-02 -2.000000e-01  1.456505e-01
     vertex  7.322144e-02 -2.000000e-01  1.460406e-01
   endloop
 endfacet
 facet normal  0.000000e+00 -1.000000e+00  0.000000e+00
   outer loop
     vertex -9.160050e-02 -2.000000e-01 -1.561866e-01
     vertex -6.362908e-02 -2.000000e-01 -1.705804e-01
     vertex -6.508609e-02 -2.000000e-01 -1.372412e-01
   endloop
 endfacet
 facet normal  0.000000e+00 -1.000000e+00  0.000000e+00
   outer loop
     vertex -6.362908e-02 -2.000000e-01 -1.705804e-01
     vertex -3.994505e-02 -2.000000e-01 -1.526006e-01
     vertex -6.508609e-02 -2.000000e-01 -1.372412e-01
   endloop
 endfacet
 facet normal  0.000000e+00 -1.000000e+00  0.000000e+00
   outer loop
     vertex  1.347454e-01 -2.000000e-01  8.592415e-02
     vertex  1.429558e-01 -2.000000e-01  6.081090e-02
     vertex  1.613958e-01 -2.000000e-01  8.765206e-02
   endloop
 endfacet
 facet normal -0.000000e+00 -1.000000e+00  0.000000e+00
   outer loop
     vertex  1.035157e-01 -2.000000e-01  1.527799e-01
     vertex  8.492518e-02 -2.000000e-01  1.712393e-01
     vertex  7.322144e-02 -2.000000e-01  1.460406e-01
   endloop
 endfacet
 facet normal  1.379587e-16 -1.000000e+00  1.051652e-15
   outer loop
     vertex  1.270947e-01 -2.000000e-01 -1.331843e-01
     vertex  1.441578e-01 -2.000000e-01 -1.090303e-01
     vertex  1.107205e-01 -2.000000e-01 -1.046439e-01
   endloop
 endfacet
 facet normal -0.000000e+00 -1.000000e+00  0.000000e+00
   outer loop
     vertex  1.483272e-02 -2.000000e-01  1.609071e-01
     vertex  5.272202e-04 -2.000000e-01  1.853905e-01
     vertex -1.184069e-02 -2.000000e-01  1.577111e-01
   endloop
 endfacet
 facet normal  0.000000e+00 -1.000000e+00  0.000000e+00
   outer loop
     vertex  5.845196e-02 -2.000000e-01 -1.719207e-01
     vertex  8.644715e-02 -2.000000e-01 -1.628811e-01
     vertex  6.345609e-02 -2.000000e-01 -1.389065e-01
   endloop
 endfacet
 facet normal  0.000000e+00 -1.000000e+00  0.000000e+00
   outer loop
     vertex  2.793164e-02 -2.000000e-01 -1.506242e-01
     vertex  5.845196e-02 -2.000000e-01 -1.719207e-01
     vertex  6.345609e-02 -2.000000e-01 -1.389065e-01
   endloop
 endfacet
 facet normal  0.000000e+00 -1.000000e+00  0.000000e+00
   outer loop
     vertex  8.644715e-02 -2.000000e-01 -1.628811e-01
     vertex  9.525459e-02 -2.000000e-01 -1.324195e-01
     vertex  6.345609e-02 -2.000000e-01 -1.389065e-01
   endloop
 endfacet
 facet normal -0.000000e+00 -1.000000e+00  0.000000e+00
   outer loop
     vertex  1.914295e-01 -2.000000e-01 -1.343867e-02
     vertex  1.718043e-01 -2.000000e-01  9.423591e-03
     vertex  1.619428e-01 -2.000000e-01 -1.887163e-02
   endloop
 endfacet
 facet normal  0.000000e+00 -1.000000e+00  0.000000e+00
   outer loop
     vertex  1.107205e-01 -2.000000e-01 -1.046439e-01
     vertex  1.441578e-01 -2.000000e-01 -1.090303e-01
     vertex  1.292448e-01 -2.000000e-01 -7.778588e-02
   endloop
 endfacet
 facet normal  0.000000e+00 -1.000000e+00  0.000000e+00
   outer loop
     vertex  1.441578e-01 -2.000000e-01 -1.090303e-01
     vertex  1.617940e-01 -2.000000e-01 -8.513967e-02
     vertex  1.292448e-01 -2.000000e-01 -7.778588e-02
   endloop
 endfacet
 facet normal  0.000000e+00 -1.000000e+00  0.000000e+00
   outer loop
     vertex  1.619428e-01 -2.000000e-01 -1.887163e-02
     vertex  1.718043e-01 -2.000000e-01  9.423591e-03
     vertex  1.404401e-01 -2.000000e-01  6.020413e-03
   endloop
 endfacet
 facet normal  4.165454e-16 -1.000000e+00  9.330082e-16
   outer loop
     vertex -1.220857e-01 -2.000000e-01 -1.105759e-01
     vertex -1.180450e-01 -2.000000e-01 -1.421284e-01
     vertex -9.341895e-02 -2.000000e-01 -1.233743e-01
   endloop
 endfacet
 facet normal  4.633347e-16 -1.000000e+00  8.715690e-16
   outer loop
     vertex -1.180450e-01 -2.000000e-01 -1.421284e-01
     vertex -9.160050e-02 -2.000000e-01 -1.561866e-01
     vertex -9.341895e-02 -2.000000e-01 -1.233743e-01
   endloop
 endfacet
 facet normal -0.000000e+00 -1.000000e+00  0.000000e+00
   outer loop
     vertex -4.060107e-02 -2.000000e-01  1.498977e-01
     vertex -6.636832e-02 -2.000000e-01  1.686582e-01
     vertex -6.811980e-02 -2.000000e-01  1.360716e-01
   endloop
 endfacet
 facet normal -4.669095e-18 -1.000000e+00  1.001880e-15
   outer loop
     vertex  9.525459e-02 -2.000000e-01 -1.324195e-01
     vertex  1.107205e-01 -2.000000e-01 -1.046439e-01
     vertex  7.571483e-02 -2.000000e-01 -1.048070e-01
   endloop
 endfacet
 facet normal -2.206570e-16 -1.000000e+00  9.918904e-16
   outer loop
     vertex  1.035157e-01 -2.000000e-01  1.527799e-01
     vertex  7.322144e-02 -2.000000e-01  1.460406e-01
     vertex  9.340908e-02 -2.000000e-01  1.225490e-01
   endloop
 endfacet
 facet normal  0.000000e+00 -1.000000e+00  0.000000e+00
   outer loop
     vertex -1.184069e-02 -2.000000e-01  1.577111e-01
     vertex -4.060107e-02 -2.000000e-01  1.498977e-01
     vertex -1.710532e-02 -2.000000e-01  1.295883e-01
   endloop
 endfacet
 facet normal -0.000000e+00 -1.000000e+00  0.000000e+00
   outer loop
     vertex  1.737086e-01 -2.000000e-01  6.177886e-02
     vertex  1.613958e-01 -2.000000e-01  8.765206e-02
     vertex  1.429558e-01 -2.000000e-01  6.081090e-02
   endloop
 endfacet
 facet normal  0.000000e+00 -1.000000e+00  0.000000e+00
   outer loop
     vertex  1.617940e-01 -2.000000e-01 -8.513967e-02
     vertex  1.513178e-01 -2.000000e-01 -5.113805e-02
     vertex  1.292448e-01 -2.000000e-01 -7.778588e-02
   endloop
 endfacet
 facet normal  0.000000e+00 -1.000000e+00  0.000000e+00
   outer loop
     vertex  4.636141e-03 -2.000000e-01 -1.814318e-01
     vertex  2.793164e-02 -2.000000e-01 -1.506242e-01
     vertex -9.698615e-03 -2.000000e-01 -1.512531e-01
   endloop
 endfacet
 facet normal  0.000000e+00 -1.000000e+00  0.000000e+00
   outer loop
     vertex -1.433099e-01 -2.000000e-01  8.984816e-02
     vertex -1.716337e-01 -2.000000e-01  8.127046e-02
     vertex -1.509689e-01 -2.000000e-01  6.509573e-02
   endloop
 endfacet
 facet normal  0.000000e+00 -1.000000e+00 -0.000000e+00
   outer loop
     vertex -1.716337e-01 -2.000000e-01  8.127046e-02
     vertex -1.761752e-01 -2.000000e-01  5.373800e-02
     vertex -1.509689e-01 -2.000000e-01  6.509573e-02
   endloop
 endfacet
 facet normal  5.807087e-16 -1.000000e+00  8.657436e-16
   outer loop
     vertex -1.201814e-01 -2.000000e-01  1.360513e-01
     vertex -1.436977e-01 -2.000000e-01  1.197654e-01
     vertex -1.181045e-01 -2.000000e-01  1.025984e-01
   endloop
 endfacet
 facet normal -5.491374e-16 -1.000000e+00  7.955975e-16
   outer loop
     vertex -9.353580e-02 -2.000000e-01  1.195562e-01
     vertex -1.201814e-01 -2.000000e-01  1.360513e-01
     vertex -1.181045e-01 -2.000000e-01  1.025984e-01
   endloop
 endfacet
 facet normal  0.000000e+00 -1.000000e+00  0.000000e+00
   outer loop
     vertex -1.436977e-01 -2.000000e-01  1.197654e-01
     vertex -1.433099e-01 -2.000000e-01  8.984816e-02
     vertex -1.181045e-01 -2.000000e-01  1.025984e-01
   endloop
 endfacet
 facet normal  0.000000e+00 -1.000000e+00  0.000000e+00
   outer loop
     vertex  1.513178e-01 -2.000000e-01 -5.113805e-02
     vertex  1.619428e-01 -2.000000e-01 -1.887163e-02
     vertex  1.335948e-01 -2.000000e-01 -2.286494e-02
   endloop
 endfacet
 facet normal -0.000000e+00 -1.000000e+00  0.000000e+00
   outer loop
     vertex  1.619428e-01 -2.000000e-01 -1.887163e-02
     vertex  1.404401e-01 -2.000000e-01  6.020413e-03
     vertex  1.335948e-01 -2.000000e-01 -2.286494e-02
   endloop
 endfacet
 facet normal  0.000000e+00 -1.000000e+00  0.000000e+00
   outer loop
     vertex  1.718043e-01 -2.000000e-01  9.423591e-03
     vertex  2.003741e-01 -2.000000e-01  1.247636e-02
     vertex  1.862801e-01 -2.000000e-01  3.634671e-02
   endloop
 endfacet
 facet normal  0.000000e+00 -1.000000e+00  0.000000e+00
   outer loop
     vertex  1.347454e-01 -2.000000e-01  8.592415e-02
     vertex  1.444076e-01 -2.000000e-01  1.117951e-01
     vertex  1.143347e-01 -2.000000e-01  1.019653e-01
   endloop
 endfacet
 facet normal -3.312819e-16 -1.000000e+00  1.013513e-15
   outer loop
     vertex  1.444076e-01 -2.000000e-01  1.117951e-01
     vertex  1.240107e-01 -2.000000e-01  1.325135e-01
     vertex  1.143347e-01 -2.000000e-01  1.019653e-01
   endloop
 endfacet
 facet normal  0.000000e+00 -1.000000e+00  0.000000e+00
   outer loop
     vertex  1.483272e-02 -2.000000e-01  1.609071e-01
     vertex -1.184069e-02 -2.000000e-01  1.577111e-01
     vertex  1.112672e-02 -2.000000e-01  1.341171e-01
   endloop
 endfacet
 facet normal  0.000000e+00 -1.000000e+00 -0.000000e+00
   outer loop
     vertex -1.184069e-02 -2.000000e-01  1.577111e-01
     vertex -1.710532e-02 -2.000000e-01  1.295883e-01
     vertex  1.112672e-02 -2.000000e-01  1.341171e-01
   endloop
 endfacet
 facet normal  0.000000e+00 -1.000000e+00  0.000000e+00
   outer loop
     vertex -1.672830e-01 -2.000000e-01 -8.110534e-02
     vertex -1.528038e-01 -2.000000e-01 -1.056832e-01
     vertex -1.327739e-01 -2.000000e-01 -7.782669e-02
   endloop
 endfacet
 facet normal  0.000000e+00 -1.000000e+00  0.000000e+00
   outer loop
     vertex -1.528038e-01 -2.000000e-01 -1.056832e-01
     vertex -1.220857e-01 -2.000000e-01 -1.105759e-01
     vertex -1.327739e-01 -2.000000e-01 -7.782669e-02
   endloop
 endfacet
 facet normal  0.000000e+00 -1.000000e+00  0.000000e+00
   outer loop
     vertex  1.404401e-01 -2.000000e-01  6.020413e-03
     vertex  1.718043e-01 -2.000000e-01  9.423591e-03
     vertex  1.554464e-01 -2.000000e-01  3.453187e-02
   endloop
 endfacet
 facet normal  0.000000e+00 -1.000000e+00  0.000000e+00
   outer loop
     vertex -1.220857e-01 -2.000000e-01 -1.105759e-01
     vertex -9.341895e-02 -2.000000e-01 -1.233743e-01
     vertex -9.857547e-02 -2.000000e-01 -9.125404e-02
   endloop
 endfacet
 facet normal -2.522524e-16 -1.000000e+00  9.647386e-16
   outer loop
     vertex  9.340908e-02 -2.000000e-01  1.225490e-01
     vertex  7.322144e-02 -2.000000e-01  1.460406e-01
     vertex  6.287742e-02 -2.000000e-01  1.145659e-01
   endloop
 endfacet
 facet normal  0.000000e+00 -1.000000e+00  0.000000e+00
   outer loop
     vertex  7.571483e-02 -2.000000e-01 -1.048070e-01
     vertex  1.107205e-01 -2.000000e-01 -1.046439e-01
     vertex  9.319743e-02 -2.000000e-01 -7.319140e-02
   endloop
 endfacet
 facet normal  0.000000e+00 -1.000000e+00  0.000000e+00
   outer loop
     vertex  1.107205e-01 -2.000000e-01 -1.046439e-01
     vertex  1.292448e-01 -2.000000e-01 -7.778588e-02
     vertex  9.319743e-02 -2.000000e-01 -7.319140e-02
   endloop
 endfacet
 facet normal  6.823139e-16 -1.000000e+00  6.900149e-16
   outer loop
     vertex  1.035157e-01 -2.000000e-01  1.527799e-01
     vertex  9.340908e-02 -2.000000e-01  1.225490e-01
     vertex  1.240107e-01 -2.000000e-01  1.325135e-01
   endloop
 endfacet
 facet normal  0.000000e+00 -1.000000e+00  0.000000e+00
   outer loop
     vertex -1.672830e-01 -2.000000e-01 -8.110534e-02
     vertex -1.327739e-01 -2.000000e-01 -7.782669e-02
     vertex -1.561038e-01 -2.000000e-01 -5.244348e-02
   endloop
 endfacet
 facet normal  0.000000e+00 -1.000000e+00 -0.000000e+00
   outer loop
     vertex  1.483272e-02 -2.000000e-01  1.609071e-01
     vertex  1.112672e-02 -2.000000e-01  1.341171e-01
     vertex  4.129045e-02 -2.000000e-01  1.456505e-01
   endloop
 endfacet
 facet normal -0.000000e+00 -1.000000e+00  0.000000e+00
   outer loop
     vertex  1.347454e-01 -2.000000e-01  8.592415e-02
     vertex  1.143347e-01 -2.000000e-01  1.019653e-01
     vertex  1.118348e-01 -2.000000e-01  6.810879e-02
   endloop
 endfacet
 facet normal -1.791937e-16 -1.000000e+00  8.783786e-16
   outer loop
     vertex  9.525459e-02 -2.000000e-01 -1.324195e-01
     vertex  7.571483e-02 -2.000000e-01 -1.048070e-01
     vertex  6.345609e-02 -2.000000e-01 -1.389065e-01
   endloop
 endfacet
 facet normal -1.495300e-17 -1.000000e+00  8.946846e-16
   outer loop
     vertex -9.698615e-03 -2.000000e-01 -1.512531e-01
     vertex  2.793164e-02 -2.000000e-01 -1.506242e-01
     vertex  5.535298e-03 -2.000000e-01 -1.199758e-01
   endloop
 endfacet
 facet normal  0.000000e+00 -1.000000e+00  0.000000e+00
   outer loop
     vertex  1.737086e-01 -2.000000e-01  6.177886e-02
     vertex  1.429558e-01 -2.000000e-01  6.081090e-02
     vertex  1.554464e-01 -2.000000e-01  3.453187e-02
   endloop
 endfacet
 facet normal -3.869556e-17 -1.000000e+00  8.685813e-16
   outer loop
     vertex -3.994505e-02 -2.000000e-01 -1.526006e-01
     vertex -9.698615e-03 -2.000000e-01 -1.512531e-01
     vertex -3.325378e-02 -2.000000e-01 -1.203475e-01
   endloop
 endfacet
 facet normal  0.000000e+00 -1.000000e+00  0.000000e+00
   outer loop
     vertex  1.292448e-01 -2.000000e-01 -7.778588e-02
     vertex  1.513178e-01 -2.000000e-01 -5.113805e-02
     vertex  1.139742e-01 -2.000000e-01 -4.531071e-02
   endloop
 endfacet
 facet normal  0.000000e+00 -1.000000e+00  0.000000e+00
   outer loop
     vertex  9.319743e-02 -2.000000e-01 -7.319140e-02
     vertex  1.292448e-01 -2.000000e-01 -7.778588e-02
     vertex  1.139742e-01 -2.000000e-01 -4.531071e-02
   endloop
 endfacet
 facet normal  0.000000e+00 -1.000000e+00  0.000000e+00
   outer loop
     vertex  1.513178e-01 -2.000000e-01 -5.113805e-02
     vertex  1.335948e-01 -2.000000e-01 -2.286494e-02
     vertex  1.139742e-01 -2.000000e-01 -4.531071e-02
   endloop
 endfacet
 facet normal  0.000000e+00 -1.000000e+00 -0.000000e+00
   outer loop
     vertex -1.487129e-01 -2.000000e-01  8.653892e-03
     vertex -1.524105e-01 -2.000000e-01 -2.222686e-02
     vertex -1.219435e-01 -2.000000e-01 -1.119630e-02
   endloop
 endfacet
 facet normal -5.813938e-16 -1.000000e+00  8.136702e-16
   outer loop
     vertex -9.341895e-02 -2.000000e-01 -1.233743e-01
     vertex -9.160050e-02 -2.000000e-01 -1.561866e-01
     vertex -6.508609e-02 -2.000000e-01 -1.372412e-01
   endloop
 endfacet
 facet normal  0.000000e+00 -1.000000e+00  0.000000e+00
   outer loop
     vertex -1.181045e-01 -2.000000e-01  1.025984e-01
     vertex -1.433099e-01 -2.000000e-01  8.984816e-02
     vertex -1.204300e-01 -2.000000e-01  6.479837e-02
   endloop
 endfacet
 facet normal  0.000000e+00 -1.000000e+00 -0.000000e+00
   outer loop
     vertex -1.761752e-01 -2.000000e-01  5.373800e-02
     vertex -1.778326e-01 -2.000000e-01  2.508778e-02
     vertex -1.469295e-01 -2.000000e-01  3.880899e-02
   endloop
 endfacet
 facet normal  0.000000e+00 -1.000000e+00 -0.000000e+00
   outer loop
     vertex -1.509689e-01 -2.000000e-01  6.509573e-02
     vertex -1.761752e-01 -2.000000e-01  5.373800e-02
     vertex -1.469295e-01 -2.000000e-01  3.880899e-02
   endloop
 endfacet
 facet normal  0.000000e+00 -1.000000e+00  0.000000e+00
   outer loop
     vertex -1.778326e-01 -2.000000e-01  2.508778e-02
     vertex -1.487129e-01 -2.000000e-01  8.653892e-03
     vertex -1.469295e-01 -2.000000e-01  3.880899e-02
   endloop
 endfacet
 facet normal -2.636080e-16 -1.000000e+00  7.991782e-16
   outer loop
     vertex  2.793164e-02 -2.000000e-01 -1.506242e-01
     vertex  6.345609e-02 -2.000000e-01 -1.389065e-01
     vertex  4.064526e-02 -2.000000e-01 -1.117005e-01
   endloop
 endfacet
 facet normal -1.820874e-16 -1.000000e+00  7.725512e-16
   outer loop
     vertex  5.535298e-03 -2.000000e-01 -1.199758e-01
     vertex  2.793164e-02 -2.000000e-01 -1.506242e-01
     vertex  4.064526e-02 -2.000000e-01 -1.117005e-01
   endloop
 endfacet
 facet normal -1.721622e-16 -1.000000e+00  8.758507e-16
   outer loop
     vertex  6.345609e-02 -2.000000e-01 -1.389065e-01
     vertex  7.571483e-02 -2.000000e-01 -1.048070e-01
     vertex  4.064526e-02 -2.000000e-01 -1.117005e-01
   endloop
 endfacet
 facet normal  5.342527e-16 -1.000000e+00  8.584095e-16
   outer loop
     vertex -6.811980e-02 -2.000000e-01  1.360716e-01
     vertex -9.353580e-02 -2.000000e-01  1.195562e-01
     vertex -6.759925e-02 -2.000000e-01  1.034139e-01
   endloop
 endfacet
 facet normal  0.000000e+00 -1.000000e+00 -0.000000e+00
   outer loop
     vertex -1.433099e-01 -2.000000e-01  8.984816e-02
     vertex -1.509689e-01 -2.000000e-01  6.509573e-02
     vertex -1.204300e-01 -2.000000e-01  6.479837e-02
   endloop
 endfacet
 facet normal  0.000000e+00 -1.000000e+00 -0.000000e+00
   outer loop
     vertex  1.347454e-01 -2.000000e-01  8.592415e-02
     vertex  1.118348e-01 -2.000000e-01  6.810879e-02
     vertex  1.429558e-01 -2.000000e-01  6.081090e-02
   endloop
 endfacet
 facet normal -1.081526e-17 -1.000000e+00  8.853914e-16
   outer loop
     vertex  6.287742e-02 -2.000000e-01  1.145659e-01
     vertex  7.322144e-02 -2.000000e-01  1.460406e-01
     vertex  4.129045e-02 -2.000000e-01  1.456505e-01
   endloop
 endfacet
 facet normal  4.666011e-16 -1.000000e+00  7.637521e-16
   outer loop
     vertex -6.508609e-02 -2.000000e-01 -1.372412e-01
     vertex -3.994505e-02 -2.000000e-01 -1.526006e-01
     vertex -3.325378e-02 -2.000000e-01 -1.203475e-01
   endloop
 endfacet
 facet normal -4.822649e-16 -1.000000e+00  9.598779e-16
   outer loop
     vertex -4.060107e-02 -2.000000e-01  1.498977e-01
     vertex -6.811980e-02 -2.000000e-01  1.360716e-01
     vertex -4.381919e-02 -2.000000e-01  1.193651e-01
   endloop
 endfacet
 facet normal  0.000000e+00 -1.000000e+00  0.000000e+00
   outer loop
     vertex  1.718043e-01 -2.000000e-01  9.423591e-03
     vertex  1.862801e-01 -2.000000e-01  3.634671e-02
     vertex  1.554464e-01 -2.000000e-01  3.453187e-02
   endloop
 endfacet
 facet normal  0.000000e+00 -1.000000e+00 -0.000000e+00
   outer loop
     vertex -1.524105e-01 -2.000000e-01 -2.222686e-02
     vertex -1.561038e-01 -2.000000e-01 -5.244348e-02
     vertex -1.265872e-01 -2.000000e-01 -4.239398e-02
   endloop
 endfacet
 facet normal  0.000000e+00 -1.000000e+00  0.000000e+00
   outer loop
     vertex -1.219435e-01 -2.000000e-01 -1.119630e-02
     vertex -1.524105e-01 -2.000000e-01 -2.222686e-02
     vertex -1.265872e-01 -2.000000e-01 -4.239398e-02
   endloop
 endfacet
 facet normal  0.000000e+00 -1.000000e+00  0.000000e+00
   outer loop
     vertex -1.561038e-01 -2.000000e-01 -5.244348e-02
     vertex -1.327739e-01 -2.000000e-01 -7.782669e-02
     vertex -1.265872e-01 -2.000000e-01 -4.239398e-02
   endloop
 endfacet
 facet normal -0.000000e+00 -1.000000e+00  0.000000e+00
   outer loop
     vertex  1.862801e-01 -2.000000e-01  3.634671e-02
     vertex  1.737086e-01 -2.000000e-01  6.177886e-02
     vertex  1.554464e-01 -2.000000e-01  3.453187e-02
   endloop
 endfacet
 facet normal  0.000000e+00 -1.000000e+00  0.000000e+00
   outer loop
     vertex -1.327739e-01 -2.000000e-01 -7.782669e-02
     vertex -1.220857e-01 -2.000000e-01 -1.105759e-01
     vertex -9.857547e-02 -2.000000e-01 -9.125404e-02
   endloop
 endfacet
 facet normal  7.201553e-16 -1.000000e+00  8.331432e-16
   outer loop
     vertex -1.710532e-02 -2.000000e-01  1.295883e-01
     vertex -4.060107e-02 -2.000000e-01  1.498977e-01
     vertex -4.381919e-02 -2.000000e-01  1.193651e-01
   endloop
 endfacet
 facet normal -5.640598e-16 -1.000000e+00  8.409026e-16
   outer loop
     vertex -6.811980e-02 -2.000000e-01  1.360716e-01
     vertex -6.759925e-02 -2.000000e-01  1.034139e-01
     vertex -4.381919e-02 -2.000000e-01  1.193651e-01
   endloop
 endfacet
 facet normal  6.645498e-16 -1.000000e+00  9.784429e-16
   outer loop
     vertex -1.710532e-02 -2.000000e-01  1.295883e-01
     vertex -4.381919e-02 -2.000000e-01  1.193651e-01
     vertex -2.209271e-02 -2.000000e-01  1.046087e-01
   endloop
 endfacet
 facet normal  0.000000e+00 -1.000000e+00  0.000000e+00
   outer loop
     vertex  9.340908e-02 -2.000000e-01  1.225490e-01
     vertex  6.287742e-02 -2.000000e-01  1.145659e-01
     vertex  8.531466e-02 -2.000000e-01  8.791614e-02
   endloop
 endfacet
 facet normal -8.542951e-18 -1.000000e+00  8.915625e-16
   outer loop
     vertex -3.325378e-02 -2.000000e-01 -1.203475e-01
     vertex -9.698615e-03 -2.000000e-01 -1.512531e-01
     vertex  5.535298e-03 -2.000000e-01 -1.199758e-01
   endloop
 endfacet
 facet normal -0.000000e+00 -1.000000e+00  0.000000e+00
   outer loop
     vertex  1.554464e-01 -2.000000e-01  3.453187e-02
     vertex  1.429558e-01 -2.000000e-01  6.081090e-02
     vertex  1.212569e-01 -2.000000e-01  3.437977e-02
   endloop
 endfacet
 facet normal  0.000000e+00 -1.000000e+00  0.000000e+00
   outer loop
     vertex  1.404401e-01 -2.000000e-01  6.020413e-03
     vertex  1.554464e-01 -2.000000e-01  3.453187e-02
     vertex  1.212569e-01 -2.000000e-01  3.437977e-02
   endloop
 endfacet
 facet normal -0.000000e+00 -1.000000e+00  0.000000e+00
   outer loop
     vertex  1.429558e-01 -2.000000e-01  6.081090e-02
     vertex  1.118348e-01 -2.000000e-01  6.810879e-02
     vertex  1.212569e-01 -2.000000e-01  3.437977e-02
   endloop
 endfacet
 facet normal  0.000000e+00 -1.000000e+00  0.000000e+00
   outer loop
     vertex  1.118348e-01 -2.000000e-01  6.810879e-02
     vertex  1.143347e-01 -2.000000e-01  1.019653e-01
     vertex  8.531466e-02 -2.000000e-01  8.791614e-02
   endloop
 endfacet
 facet normal  0.000000e+00 -1.000000e+00 -0.000000e+00
   outer loop
     vertex -9.353580e-02 -2.000000e-01  1.195562e-01
     vertex -1.181045e-01 -2.000000e-01  1.025984e-01
     vertex -9.215139e-02 -2.000000e-01  8.511501e-02
   endloop
 endfacet
 facet normal -0.000000e+00 -1.000000e+00  0.000000e+00
   outer loop
     vertex -6.759925e-02 -2.000000e-01  1.034139e-01
     vertex -9.353580e-02 -2.000000e-01  1.195562e-01
     vertex -9.215139e-02 -2.000000e-01  8.511501e-02
   endloop
 endfacet
 facet normal  0.000000e+00 -1.000000e+00 -0.000000e+00
   outer loop
     vertex -1.181045e-01 -2.000000e-01  1.025984e-01
     vertex -1.204300e-01 -2.000000e-01  6.479837e-02
     vertex -9.215139e-02 -2.000000e-01  8.511501e-02
   endloop
 endfacet
 facet normal -5.935775e-16 -1.000000e+00  7.887765e-16
   outer loop
     vertex -9.341895e-02 -2.000000e-01 -1.233743e-01
     vertex -6.508609e-02 -2.000000e-01 -1.372412e-01
     vertex -6.724386e-02 -2.000000e-01 -1.036768e-01
   endloop
 endfacet
 facet normal  0.000000e+00 -1.000000e+00  0.000000e+00
   outer loop
     vertex -9.857547e-02 -2.000000e-01 -9.125404e-02
     vertex -9.341895e-02 -2.000000e-01 -1.233743e-01
     vertex -6.724386e-02 -2.000000e-01 -1.036768e-01
   endloop
 endfacet
 facet normal  4.187808e-16 -1.000000e+00  8.538586e-16
   outer loop
     vertex -6.508609e-02 -2.000000e-01 -1.372412e-01
     vertex -3.325378e-02 -2.000000e-01 -1.203475e-01
     vertex -6.724386e-02 -2.000000e-01 -1.036768e-01
   endloop
 endfacet
 facet normal -3.184439e-16 -1.000000e+00  8.328337e-16
   outer loop
     vertex  1.112672e-02 -2.000000e-01  1.341171e-01
     vertex  3.264361e-02 -2.000000e-01  1.090176e-01
     vertex  4.129045e-02 -2.000000e-01  1.456505e-01
   endloop
 endfacet
 facet normal  0.000000e+00 -1.000000e+00  0.000000e+00
   outer loop
     vertex  1.335948e-01 -2.000000e-01 -2.286494e-02
     vertex  1.404401e-01 -2.000000e-01  6.020413e-03
     vertex  1.043844e-01 -2.000000e-01 -2.929602e-03
   endloop
 endfacet
 facet normal  0.000000e+00 -1.000000e+00  0.000000e+00
   outer loop
     vertex -1.509689e-01 -2.000000e-01  6.509573e-02
     vertex -1.469295e-01 -2.000000e-01  3.880899e-02
     vertex -1.204300e-01 -2.000000e-01  6.479837e-02
   endloop
 endfacet
 facet normal  6.814259e-16 -1.000000e+00  6.927420e-16
   outer loop
     vertex  1.240107e-01 -2.000000e-01  1.325135e-01
     vertex  9.340908e-02 -2.000000e-01  1.225490e-01
     vertex  1.143347e-01 -2.000000e-01  1.019653e-01
   endloop
 endfacet
 facet normal -1.453353e-16 -1.000000e+00  7.919731e-16
   outer loop
     vertex  6.287742e-02 -2.000000e-01  1.145659e-01
     vertex  4.129045e-02 -2.000000e-01  1.456505e-01
     vertex  3.264361e-02 -2.000000e-01  1.090176e-01
   endloop
 endfacet
 facet normal -1.630231e-16 -1.000000e+00  1.016286e-15
   outer loop
     vertex  1.112672e-02 -2.000000e-01  1.341171e-01
     vertex -1.710532e-02 -2.000000e-01  1.295883e-01
     vertex  3.344220e-03 -2.000000e-01  1.055579e-01
   endloop
 endfacet
 facet normal -1.185759e-16 -1.000000e+00  1.004174e-15
   outer loop
     vertex  3.264361e-02 -2.000000e-01  1.090176e-01
     vertex  1.112672e-02 -2.000000e-01  1.341171e-01
     vertex  3.344220e-03 -2.000000e-01  1.055579e-01
   endloop
 endfacet
 facet normal -4.177479e-17 -1.000000e+00  1.119466e-15
   outer loop
     vertex -1.710532e-02 -2.000000e-01  1.295883e-01
     vertex -2.209271e-02 -2.000000e-01  1.046087e-01
     vertex  3.344220e-03 -2.000000e-01  1.055579e-01
   endloop
 endfacet
 facet normal  0.000000e+00 -1.000000e+00  0.000000e+00
   outer loop
     vertex -1.487129e-01 -2.000000e-01  8.653892e-03
     vertex -1.219435e-01 -2.000000e-01 -1.119630e-02
     vertex -1.140150e-01 -2.000000e-01  2.497130e-02
   endloop
 endfacet
 facet normal  0.000000e+00 -1.000000e+00  0.000000e+00
   outer loop
     vertex -3.325378e-02 -2.000000e-01 -1.203475e-01
     vertex  5.535298e-03 -2.000000e-01 -1.199758e-01
     vertex -1.332056e-02 -2.000000e-01 -9.487307e-02
   endloop
 endfacet
 facet normal -0.000000e+00 -1.000000e+00  0.000000e+00
   outer loop
     vertex  1.143347e-01 -2.000000e-01  1.019653e-01
     vertex  9.340908e-02 -2.000000e-01  1.225490e-01
     vertex  8.531466e-02 -2.000000e-01  8.791614e-02
   endloop
 endfacet
 facet normal  0.000000e+00 -1.000000e+00  0.000000e+00
   outer loop
     vertex  7.571483e-02 -2.000000e-01 -1.048070e-01
     vertex  9.319743e-02 -2.000000e-01 -7.319140e-02
     vertex  5.318565e-02 -2.000000e-01 -7.000330e-02
   endloop
 endfacet
 facet normal  0.000000e+00 -1.000000e+00  0.000000e+00
   outer loop
     vertex  1.139742e-01 -2.000000e-01 -4.531071e-02
     vertex  1.335948e-01 -2.000000e-01 -2.286494e-02
     vertex  1.043844e-01 -2.000000e-01 -2.929602e-03
   endloop
 endfacet
 facet normal  0.000000e+00 -1.000000e+00  0.000000e+00
   outer loop
     vertex  1.212569e-01 -2.000000e-01  3.437977e-02
     vertex  1.118348e-01 -2.000000e-01  6.810879e-02
     vertex  8.218479e-02 -2.000000e-01  4.404661e-02
   endloop
 endfacet
 facet normal  0.000000e+00 -1.000000e+00 -0.000000e+00
   outer loop
     vertex -9.215139e-02 -2.000000e-01  8.511501e-02
     vertex -1.204300e-01 -2.000000e-01  6.479837e-02
     vertex -8.774536e-02 -2.000000e-01  5.113317e-02
   endloop
 endfacet
 facet normal  0.000000e+00 -1.000000e+00 -0.000000e+00
   outer loop
     vertex -6.759925e-02 -2.000000e-01  1.034139e-01
     vertex -9.215139e-02 -2.000000e-01  8.511501e-02
     vertex -6.320056e-02 -2.000000e-01  7.136030e-02
   endloop
 endfacet
 facet normal  0.000000e+00 -1.000000e+00  0.000000e+00
   outer loop
     vertex -9.215139e-02 -2.000000e-01  8.511501e-02
     vertex -8.774536e-02 -2.000000e-01  5.113317e-02
     vertex -6.320056e-02 -2.000000e-01  7.136030e-02
   endloop
 endfacet
 facet normal  0.000000e+00 -1.000000e+00  0.000000e+00
   outer loop
     vertex -6.724386e-02 -2.000000e-01 -1.036768e-01
     vertex -3.325378e-02 -2.000000e-01 -1.203475e-01
     vertex -4.201200e-02 -2.000000e-01 -8.248413e-02
   endloop
 endfacet
 facet normal  0.000000e+00 -1.000000e+00  0.000000e+00
   outer loop
     vertex -3.325378e-02 -2.000000e-01 -1.203475e-01
     vertex -1.332056e-02 -2.000000e-01 -9.487307e-02
     vertex -4.201200e-02 -2.000000e-01 -8.248413e-02
   endloop
 endfacet
 facet normal  0.000000e+00 -1.000000e+00 -0.000000e+00
   outer loop
     vertex -4.381919e-02 -2.000000e-01  1.193651e-01
     vertex -6.759925e-02 -2.000000e-01  1.034139e-01
     vertex -4.123108e-02 -2.000000e-01  8.897103e-02
   endloop
 endfacet
 facet normal -0.000000e+00 -1.000000e+00  0.000000e+00
   outer loop
     vertex -2.209271e-02 -2.000000e-01  1.046087e-01
     vertex -4.381919e-02 -2.000000e-01  1.193651e-01
     vertex -4.123108e-02 -2.000000e-01  8.897103e-02
   endloop
 endfacet
 facet normal  0.000000e+00 -1.000000e+00  0.000000e+00
   outer loop
     vertex -6.759925e-02 -2.000000e-01  1.034139e-01
     vertex -6.320056e-02 -2.000000e-01  7.136030e-02
     vertex -4.123108e-02 -2.000000e-01  8.897103e-02
   endloop
 endfacet
 facet normal  0.000000e+00 -1.000000e+00  0.000000e+00
   outer loop
     vertex  1.043844e-01 -2.000000e-01 -2.929602e-03
     vertex  1.404401e-01 -2.000000e-01  6.020413e-03
     vertex  1.212569e-01 -2.000000e-01  3.437977e-02
   endloop
 endfacet
 facet normal -0.000000e+00 -1.000000e+00  0.000000e+00
   outer loop
     vertex  1.118348e-01 -2.000000e-01  6.810879e-02
     vertex  8.531466e-02 -2.000000e-01  8.791614e-02
     vertex  8.218479e-02 -2.000000e-01  4.404661e-02
   endloop
 endfacet
 facet normal  0.000000e+00 -1.000000e+00  0.000000e+00
   outer loop
     vertex  4.064526e-02 -2.000000e-01 -1.117005e-01
     vertex  7.571483e-02 -2.000000e-01 -1.048070e-01
     vertex  5.318565e-02 -2.000000e-01 -7.000330e-02
   endloop
 endfacet
 facet normal  0.000000e+00 -1.000000e+00  0.000000e+00
   outer loop
     vertex  5.535298e-03 -2.000000e-01 -1.199758e-01
     vertex  4.064526e-02 -2.000000e-01 -1.117005e-01
     vertex  1.654440e-02 -2.000000e-01 -8.492368e-02
   endloop
 endfacet
 facet normal  0.000000e+00 -1.000000e+00  0.000000e+00
   outer loop
     vertex -1.332056e-02 -2.000000e-01 -9.487307e-02
     vertex  5.535298e-03 -2.000000e-01 -1.199758e-01
     vertex  1.654440e-02 -2.000000e-01 -8.492368e-02
   endloop
 endfacet
 facet normal  0.000000e+00 -1.000000e+00  0.000000e+00
   outer loop
     vertex  4.064526e-02 -2.000000e-01 -1.117005e-01
     vertex  5.318565e-02 -2.000000e-01 -7.000330e-02
     vertex  1.654440e-02 -2.000000e-01 -8.492368e-02
   endloop
 endfacet
 facet normal  0.000000e+00 -1.000000e+00  0.000000e+00
   outer loop
     vertex -1.204300e-01 -2.000000e-01  6.479837e-02
     vertex -1.140150e-01 -2.000000e-01  2.497130e-02
     vertex -8.774536e-02 -2.000000e-01  5.113317e-02
   endloop
 endfacet
 facet normal  0.000000e+00 -1.000000e+00 -0.000000e+00
   outer loop
     vertex -1.140150e-01 -2.000000e-01  2.497130e-02
     vertex -1.219435e-01 -2.000000e-01 -1.119630e-02
     vertex -9.435395e-02 -2.000000e-01 -2.166362e-03
   endloop
 endfacet
 facet normal  0.000000e+00 -1.000000e+00  0.000000e+00
   outer loop
     vertex -1.327739e-01 -2.000000e-01 -7.782669e-02
     vertex -9.857547e-02 -2.000000e-01 -9.125404e-02
     vertex -1.045150e-01 -2.000000e-01 -6.225040e-02
   endloop
 endfacet
 facet normal  0.000000e+00 -1.000000e+00 -0.000000e+00
   outer loop
     vertex -1.265872e-01 -2.000000e-01 -4.239398e-02
     vertex -1.327739e-01 -2.000000e-01 -7.782669e-02
     vertex -1.045150e-01 -2.000000e-01 -6.225040e-02
   endloop
 endfacet
 facet normal  0.000000e+00 -1.000000e+00  0.000000e+00
   outer loop
     vertex -1.045150e-01 -2.000000e-01 -6.225040e-02
     vertex -9.857547e-02 -2.000000e-01 -9.125404e-02
     vertex -7.396439e-02 -2.000000e-01 -6.883004e-02
   endloop
 endfacet
 facet normal  0.000000e+00 -1.000000e+00 -0.000000e+00
   outer loop
     vertex -1.219435e-01 -2.000000e-01 -1.119630e-02
     vertex -1.265872e-01 -2.000000e-01 -4.239398e-02
     vertex -9.068576e-02 -2.000000e-01 -3.413081e-02
   endloop
 endfacet
 facet normal  0.000000e+00 -1.000000e+00 -0.000000e+00
   outer loop
     vertex -9.435395e-02 -2.000000e-01 -2.166362e-03
     vertex -1.219435e-01 -2.000000e-01 -1.119630e-02
     vertex -9.068576e-02 -2.000000e-01 -3.413081e-02
   endloop
 endfacet
 facet normal  0.000000e+00 -1.000000e+00  0.000000e+00
   outer loop
     vertex -1.265872e-01 -2.000000e-01 -4.239398e-02
     vertex -1.045150e-01 -2.000000e-01 -6.225040e-02
     vertex -9.068576e-02 -2.000000e-01 -3.413081e-02
   endloop
 endfacet
 facet normal  0.000000e+00 -1.000000e+00  0.000000e+00
   outer loop
     vertex -9.857547e-02 -2.000000e-01 -9.125404e-02
     vertex -6.724386e-02 -2.000000e-01 -1.036768e-01
     vertex -7.396439e-02 -2.000000e-01 -6.883004e-02
   endloop
 endfacet
 facet normal -0.000000e+00 -1.000000e+00  0.000000e+00
   outer loop
     vertex  8.531466e-02 -2.000000e-01  8.791614e-02
     vertex  6.287742e-02 -2.000000e-01  1.145659e-01
     vertex  5.345861e-02 -2.000000e-01  7.800686e-02
   endloop
 endfacet
 facet normal  0.000000e+00 -1.000000e+00  0.000000e+00
   outer loop
     vertex  6.287742e-02 -2.000000e-01  1.145659e-01
     vertex  3.264361e-02 -2.000000e-01  1.090176e-01
     vertex  5.345861e-02 -2.000000e-01  7.800686e-02
   endloop
 endfacet
 facet normal  0.000000e+00 -1.000000e+00  0.000000e+00
   outer loop
     vertex  5.318565e-02 -2.000000e-01 -7.000330e-02
     vertex  9.319743e-02 -2.000000e-01 -7.319140e-02
     vertex  7.963306e-02 -2.000000e-01 -3.625454e-02
   endloop
 endfacet
 facet normal  0.000000e+00 -1.000000e+00  0.000000e+00
   outer loop
     vertex  9.319743e-02 -2.000000e-01 -7.319140e-02
     vertex  1.139742e-01 -2.000000e-01 -4.531071e-02
     vertex  7.963306e-02 -2.000000e-01 -3.625454e-02
   endloop
 endfacet
 facet normal  0.000000e+00 -1.000000e+00 -0.000000e+00
   outer loop
     vertex -6.320056e-02 -2.000000e-01  7.136030e-02
     vertex -8.774536e-02 -2.000000e-01  5.113317e-02
     vertex -5.488402e-02 -2.000000e-01  4.111785e-02
   endloop
 endfacet
 facet normal  0.000000e+00 -1.000000e+00  0.000000e+00
   outer loop
     vertex  1.139742e-01 -2.000000e-01 -4.531071e-02
     vertex  1.043844e-01 -2.000000e-01 -2.929602e-03
     vertex  7.963306e-02 -2.000000e-01 -3.625454e-02
   endloop
 endfacet
 facet normal  0.000000e+00 -1.000000e+00 -0.000000e+00
   outer loop
     vertex -8.774536e-02 -2.000000e-01  5.113317e-02
     vertex -1.140150e-01 -2.000000e-01  2.497130e-02
     vertex -7.693361e-02 -2.000000e-01  2.026201e-02
   endloop
 endfacet
 facet normal -0.000000e+00 -1.000000e+00  0.000000e+00
   outer loop
     vertex -5.488402e-02 -2.000000e-01  4.111785e-02
     vertex -8.774536e-02 -2.000000e-01  5.113317e-02
     vertex -7.693361e-02 -2.000000e-01  2.026201e-02
   endloop
 endfacet
 facet normal  0.000000e+00 -1.000000e+00  0.000000e+00
   outer loop
     vertex -1.140150e-01 -2.000000e-01  2.497130e-02
     vertex -9.435395e-02 -2.000000e-01 -2.166362e-03
     vertex -7.693361e-02 -2.000000e-01  2.026201e-02
   endloop
 endfacet
 facet normal  0.000000e+00 -1.000000e+00  0.000000e+00
   outer loop
     vertex  1.043844e-01 -2.000000e-01 -2.929602e-03
     vertex  1.212569e-01 -2.000000e-01  3.437977e-02
     vertex  8.218479e-02 -2.000000e-01  4.404661e-02
   endloop
 endfacet
 facet normal  0.000000e+00 -1.000000e+00 -0.000000e+00
   outer loop
     vertex -1.469295e-01 -2.000000e-01  3.880899e-02
     vertex -1.487129e-01 -2.000000e-01  8.653892e-03
     vertex -1.140150e-01 -2.000000e-01  2.497130e-02
   endloop
 endfacet
 facet normal  0.000000e+00 -1.000000e+00  0.000000e+00
   outer loop
     vertex -1.140150e-01 -2.000000e-01  2.497130e-02
     vertex -1.204300e-01 -2.000000e-01  6.479837e-02
     vertex -1.469295e-01 -2.000000e-01  3.880899e-02
   endloop
 endfacet
 facet normal  0.000000e+00 -1.000000e+00  0.000000e+00
   outer loop
     vertex  1.043844e-01 -2.000000e-01 -2.929602e-03
     vertex  8.218479e-02 -2.000000e-01  4.404661e-02
     vertex  6.689041e-02 -2.000000e-01  3.839410e-03
   endloop
 endfacet
 facet normal  0.000000e+00 -1.000000e+00  0.000000e+00
   outer loop
     vertex -1.045150e-01 -2.000000e-01 -6.225040e-02
     vertex -7.396439e-02 -2.000000e-01 -6.883004e-02
     vertex -9.068576e-02 -2.000000e-01 -3.413081e-02
   endloop
 endfacet
 facet normal  0.000000e+00 -1.000000e+00  0.000000e+00
   outer loop
     vertex -7.396439e-02 -2.000000e-01 -6.883004e-02
     vertex -6.724386e-02 -2.000000e-01 -1.036768e-01
     vertex -4.201200e-02 -2.000000e-01 -8.248413e-02
   endloop
 endfacet
 facet normal  0.000000e+00 -1.000000e+00  0.000000e+00
   outer loop
     vertex  8.218479e-02 -2.000000e-01  4.404661e-02
     vertex  8.531466e-02 -2.000000e-01  8.791614e-02
     vertex  5.345861e-02 -2.000000e-01  7.800686e-02
   endloop
 endfacet
 facet normal  0.000000e+00 -1.000000e+00  0.000000e+00
   outer loop
     vertex  7.963306e-02 -2.000000e-01 -3.625454e-02
     vertex  1.043844e-01 -2.000000e-01 -2.929602e-03
     vertex  6.689041e-02 -2.000000e-01  3.839410e-03
   endloop
 endfacet
 facet normal  0.000000e+00 -1.000000e+00 -0.000000e+00
   outer loop
     vertex -7.693361e-02 -2.000000e-01  2.026201e-02
     vertex -9.435395e-02 -2.000000e-01 -2.166362e-03
     vertex -6.623725e-02 -2.000000e-01 -1.133377e-02
   endloop
 endfacet
 facet normal  0.000000e+00 -1.000000e+00  0.000000e+00
   outer loop
     vertex -4.201200e-02 -2.000000e-01 -8.248413e-02
     vertex -1.332056e-02 -2.000000e-01 -9.487307e-02
     vertex -1.347019e-02 -2.000000e-01 -6.441909e-02
   endloop
 endfacet
 facet normal  0.000000e+00 -1.000000e+00 -0.000000e+00
   outer loop
     vertex -4.123108e-02 -2.000000e-01  8.897103e-02
     vertex -6.320056e-02 -2.000000e-01  7.136030e-02
     vertex -3.231610e-02 -2.000000e-01  6.010381e-02
   endloop
 endfacet
 facet normal  0.000000e+00 -1.000000e+00  0.000000e+00
   outer loop
     vertex -6.320056e-02 -2.000000e-01  7.136030e-02
     vertex -5.488402e-02 -2.000000e-01  4.111785e-02
     vertex -3.231610e-02 -2.000000e-01  6.010381e-02
   endloop
 endfacet
 facet normal  0.000000e+00 -1.000000e+00  0.000000e+00
   outer loop
     vertex  1.654440e-02 -2.000000e-01 -8.492368e-02
     vertex  5.318565e-02 -2.000000e-01 -7.000330e-02
     vertex  1.784836e-02 -2.000000e-01 -4.955127e-02
   endloop
 endfacet
 facet normal  0.000000e+00 -1.000000e+00  0.000000e+00
   outer loop
     vertex -7.396439e-02 -2.000000e-01 -6.883004e-02
     vertex -4.201200e-02 -2.000000e-01 -8.248413e-02
     vertex -4.834780e-02 -2.000000e-01 -4.512750e-02
   endloop
 endfacet
 facet normal  0.000000e+00 -1.000000e+00  0.000000e+00
   outer loop
     vertex  3.264361e-02 -2.000000e-01  1.090176e-01
     vertex  3.344220e-03 -2.000000e-01  1.055579e-01
     vertex  1.999500e-02 -2.000000e-01  7.679793e-02
   endloop
 endfacet
 facet normal  0.000000e+00 -1.000000e+00  0.000000e+00
   outer loop
     vertex -1.332056e-02 -2.000000e-01 -9.487307e-02
     vertex  1.654440e-02 -2.000000e-01 -8.492368e-02
     vertex -1.347019e-02 -2.000000e-01 -6.441909e-02
   endloop
 endfacet
 facet normal -0.000000e+00 -1.000000e+00  0.000000e+00
   outer loop
     vertex  7.963306e-02 -2.000000e-01 -3.625454e-02
     vertex  4.552944e-02 -2.000000e-01 -2.804950e-02
     vertex  5.318565e-02 -2.000000e-01 -7.000330e-02
   endloop
 endfacet
 facet normal  0.000000e+00 -1.000000e+00  0.000000e+00
   outer loop
     vertex -9.435395e-02 -2.000000e-01 -2.166362e-03
     vertex -9.068576e-02 -2.000000e-01 -3.413081e-02
     vertex -6.623725e-02 -2.000000e-01 -1.133377e-02
   endloop
 endfacet
 facet normal  0.000000e+00 -1.000000e+00  0.000000e+00
   outer loop
     vertex  6.689041e-02 -2.000000e-01  3.839410e-03
     vertex  8.218479e-02 -2.000000e-01  4.404661e-02
     vertex  3.925449e-02 -2.000000e-01  4.012063e-02
   endloop
 endfacet
 facet normal -0.000000e+00 -1.000000e+00  0.000000e+00
   outer loop
     vertex  8.218479e-02 -2.000000e-01  4.404661e-02
     vertex  5.345861e-02 -2.000000e-01  7.800686e-02
     vertex  3.925449e-02 -2.000000e-01  4.012063e-02
   endloop
 endfacet
 facet normal  0.000000e+00 -1.000000e+00 -0.000000e+00
   outer loop
     vertex -2.209271e-02 -2.000000e-01  1.046087e-01
     vertex -4.123108e-02 -2.000000e-01  8.897103e-02
     vertex -1.154318e-02 -2.000000e-01  8.000472e-02
   endloop
 endfacet
 facet normal  0.000000e+00 -1.000000e+00  0.000000e+00
   outer loop
     vertex  3.344220e-03 -2.000000e-01  1.055579e-01
     vertex -2.209271e-02 -2.000000e-01  1.046087e-01
     vertex -1.154318e-02 -2.000000e-01  8.000472e-02
   endloop
 endfacet
 facet normal  0.000000e+00 -1.000000e+00  0.000000e+00
   outer loop
     vertex -4.123108e-02 -2.000000e-01  8.897103e-02
     vertex -3.231610e-02 -2.000000e-01  6.010381e-02
     vertex -1.154318e-02 -2.000000e-01  8.000472e-02
   endloop
 endfacet
 facet normal -0.000000e+00 -1.000000e+00  0.000000e+00
   outer loop
     vertex  5.345861e-02 -2.000000e-01  7.800686e-02
     vertex  3.264361e-02 -2.000000e-01  1.090176e-01
     vertex  1.999500e-02 -2.000000e-01  7.679793e-02
   endloop
 endfacet
 facet normal  0.000000e+00 -1.000000e+00  0.000000e+00
   outer loop
     vertex -4.201200e-02 -2.000000e-01 -8.248413e-02
     vertex -1.347019e-02 -2.000000e-01 -6.441909e-02
     vertex -4.834780e-02 -2.000000e-01 -4.512750e-02
   endloop
 endfacet
 facet normal  0.000000e+00 -1.000000e+00  0.000000e+00
   outer loop
     vertex  5.345861e-02 -2.000000e-01  7.800686e-02
     vertex  1.999500e-02 -2.000000e-01  7.679793e-02
     vertex  3.925449e-02 -2.000000e-01  4.012063e-02
   endloop
 endfacet
 facet normal  0.000000e+00 -1.000000e+00 -0.000000e+00
   outer loop
     vertex -6.623725e-02 -2.000000e-01 -1.133377e-02
     vertex -9.068576e-02 -2.000000e-01 -3.413081e-02
     vertex -4.834780e-02 -2.000000e-01 -4.512750e-02
   endloop
 endfacet
 facet normal  0.000000e+00 -1.000000e+00  0.000000e+00
   outer loop
     vertex  1.654440e-02 -2.000000e-01 -8.492368e-02
     vertex  1.784836e-02 -2.000000e-01 -4.955127e-02
     vertex -1.347019e-02 -2.000000e-01 -6.441909e-02
   endloop
 endfacet
 facet normal  0.000000e+00 -1.000000e+00  0.000000e+00
   outer loop
     vertex -7.396439e-02 -2.000000e-01 -6.883004e-02
     vertex -4.834780e-02 -2.000000e-01 -4.512750e-02
     vertex -9.068576e-02 -2.000000e-01 -3.413081e-02
   endloop
 endfacet
 facet normal  0.000000e+00 -1.000000e+00  0.000000e+00
   outer loop
     vertex  1.999500e-02 -2.000000e-01  7.679793e-02
     vertex  3.344220e-03 -2.000000e-01  1.055579e-01
     vertex -1.154318e-02 -2.000000e-01  8.000472e-02
   endloop
 endfacet
 facet normal  0.000000e+00 -1.000000e+00  0.000000e+00
   outer loop
     vertex -4.834780e-02 -2.000000e-01 -4.512750e-02
     vertex -1.347019e-02 -2.000000e-01 -6.441909e-02
     vertex -1.307956e-02 -2.000000e-01 -3.255306e-02
   endloop
 endfacet
 facet normal  0.000000e+00 -1.000000e+00 -0.000000e+00
   outer loop
     vertex -5.488402e-02 -2.000000e-01  4.111785e-02
     vertex -7.693361e-02 -2.000000e-01  2.026201e-02
     vertex -4.566890e-02 -2.000000e-01  1.165655e-02
   endloop
 endfacet
 facet normal  0.000000e+00 -1.000000e+00  0.000000e+00
   outer loop
     vertex -7.693361e-02 -2.000000e-01  2.026201e-02
     vertex -6.623725e-02 -2.000000e-01 -1.133377e-02
     vertex -4.566890e-02 -2.000000e-01  1.165655e-02
   endloop
 endfacet
 facet normal  0.000000e+00 -1.000000e+00  0.000000e+00
   outer loop
     vertex -1.347019e-02 -2.000000e-01 -6.441909e-02
     vertex  1.784836e-02 -2.000000e-01 -4.955127e-02
     vertex -1.307956e-02 -2.000000e-01 -3.255306e-02
   endloop
 endfacet
 facet normal  0.000000e+00 -1.000000e+00  0.000000e+00
   outer loop
     vertex  6.689041e-02 -2.000000e-01  3.839410e-03
     vertex  3.925449e-02 -2.000000e-01  4.012063e-02
     vertex  3.576556e-02 -2.000000e-01  3.985679e-03
   endloop
 endfacet
 facet normal -0.000000e+00 -1.000000e+00  0.000000e+00
   outer loop
     vertex  1.999500e-02 -2.000000e-01  7.679793e-02
     vertex -1.154318e-02 -2.000000e-01  8.000472e-02
     vertex  6.496209e-04 -2.000000e-01  5.087179e-02
   endloop
 endfacet
 facet normal  0.000000e+00 -1.000000e+00 -0.000000e+00
   outer loop
     vertex -1.154318e-02 -2.000000e-01  8.000472e-02
     vertex -3.231610e-02 -2.000000e-01  6.010381e-02
     vertex  6.496209e-04 -2.000000e-01  5.087179e-02
   endloop
 endfacet
 facet normal  0.000000e+00 -1.000000e+00  0.000000e+00
   outer loop
     vertex  3.925449e-02 -2.000000e-01  4.012063e-02
     vertex  1.999500e-02 -2.000000e-01  7.679793e-02
     vertex  6.496209e-04 -2.000000e-01  5.087179e-02
   endloop
 endfacet
 facet normal  0.000000e+00 -1.000000e+00  0.000000e+00
   outer loop
     vertex -1.307956e-02 -2.000000e-01 -3.255306e-02
     vertex  1.784836e-02 -2.000000e-01 -4.955127e-02
     vertex  1.353315e-02 -2.000000e-01 -1.525845e-02
   endloop
 endfacet
 facet normal  0.000000e+00 -1.000000e+00 -0.000000e+00
   outer loop
     vertex -3.231610e-02 -2.000000e-01  6.010381e-02
     vertex -5.488402e-02 -2.000000e-01  4.111785e-02
     vertex -2.274719e-02 -2.000000e-01  3.066175e-02
   endloop
 endfacet
 facet normal -0.000000e+00 -1.000000e+00  0.000000e+00
   outer loop
     vertex  6.496209e-04 -2.000000e-01  5.087179e-02
     vertex -3.231610e-02 -2.000000e-01  6.010381e-02
     vertex -2.274719e-02 -2.000000e-01  3.066175e-02
   endloop
 endfacet
 facet normal  0.000000e+00 -1.000000e+00  0.000000e+00
   outer loop
     vertex -5.488402e-02 -2.000000e-01  4.111785e-02
     vertex -4.566890e-02 -2.000000e-01  1.165655e-02
     vertex -2.274719e-02 -2.000000e-01  3.066175e-02
   endloop
 endfacet
 facet normal  0.000000e+00 -1.000000e+00  0.000000e+00
   outer loop
     vertex  7.963306e-02 -2.000000e-01 -3.625454e-02
     vertex  6.689041e-02 -2.000000e-01  3.839410e-03
     vertex  4.552944e-02 -2.000000e-01 -2.804950e-02
   endloop
 endfacet
 facet normal  0.000000e+00 -1.000000e+00  0.000000e+00
   outer loop
     vertex -6.623725e-02 -2.000000e-01 -1.133377e-02
     vertex -4.834780e-02 -2.000000e-01 -4.512750e-02
     vertex -3.773096e-02 -2.000000e-01 -1.593780e-02
   endloop
 endfacet
 facet normal  0.000000e+00 -1.000000e+00  0.000000e+00
   outer loop
     vertex  1.784836e-02 -2.000000e-01 -4.955127e-02
     vertex  5.318565e-02 -2.000000e-01 -7.000330e-02
     vertex  4.552944e-02 -2.000000e-01 -2.804950e-02
   endloop
 endfacet
 facet normal  0.000000e+00 -1.000000e+00  0.000000e+00
   outer loop
     vertex  4.552944e-02 -2.000000e-01 -2.804950e-02
     vertex  6.689041e-02 -2.000000e-01  3.839410e-03
     vertex  3.576556e-02 -2.000000e-01  3.985679e-03
   endloop
 endfacet
 facet normal  0.000000e+00 -1.000000e+00  0.000000e+00
   outer loop
     vertex  1.353315e-02 -2.000000e-01 -1.525845e-02
     vertex  1.784836e-02 -2.000000e-01 -4.955127e-02
     vertex  4.552944e-02 -2.000000e-01 -2.804950e-02
   endloop
 endfacet
 facet normal  0.000000e+00 -1.000000e+00 -0.000000e+00
   outer loop
     vertex -3.773096e-02 -2.000000e-01 -1.593780e-02
     vertex -4.834780e-02 -2.000000e-01 -4.512750e-02
     vertex -1.307956e-02 -2.000000e-01 -3.255306e-02
   endloop
 endfacet
 facet normal  0.000000e+00 -1.000000e+00  0.000000e+00
   outer loop
     vertex -6.623725e-02 -2.000000e-01 -1.133377e-02
     vertex -3.773096e-02 -2.000000e-01 -1.593780e-02
     vertex -4.566890e-02 -2.000000e-01  1.165655e-02
   endloop
 endfacet
 facet normal  0.000000e+00 -1.000000e+00  0.000000e+00
   outer loop
     vertex  3.576556e-02 -2.000000e-01  3.985679e-03
     vertex  3.925449e-02 -2.000000e-01  4.012063e-02
     vertex  8.983175e-03 -2.000000e-01  1.885152e-02
   endloop
 endfacet
 facet normal  0.000000e+00 -1.000000e+00  0.000000e+00
   outer loop
     vertex  1.353315e-02 -2.000000e-01 -1.525845e-02
     vertex  4.552944e-02 -2.000000e-01 -2.804950e-02
     vertex  3.576556e-02 -2.000000e-01  3.985679e-03
   endloop
 endfacet
 facet normal  0.000000e+00 -1.000000e+00  0.000000e+00
   outer loop
     vertex -3.773096e-02 -2.000000e-01 -1.593780e-02
     vertex -1.307956e-02 -2.000000e-01 -3.255306e-02
     vertex -1.503931e-02 -2.000000e-01  5.958633e-05
   endloop
 endfacet
 facet normal  0.000000e+00 -1.000000e+00  0.000000e+00
   outer loop
     vertex -4.566890e-02 -2.000000e-01  1.165655e-02
     vertex -3.773096e-02 -2.000000e-01 -1.593780e-02
     vertex -1.503931e-02 -2.000000e-01  5.958633e-05
   endloop
 endfacet
 facet normal  0.000000e+00 -1.000000e+00  0.000000e+00
   outer loop
     vertex -1.307956e-02 -2.000000e-01 -3.255306e-02
     vertex  1.353315e-02 -2.000000e-01 -1.525845e-02
     vertex -1.503931e-02 -2.000000e-01  5.958633e-05
   endloop
 endfacet
 facet normal -0.000000e+00 -1.000000e+00  0.000000e+00
   outer loop
     vertex  3.925449e-02 -2.000000e-01  4.012063e-02
     vertex  6.496209e-04 -2.000000e-01  5.087179e-02
     vertex  8.983175e-03 -2.000000e-01  1.885152e-02
   endloop
 endfacet
 facet normal  0.000000e+00 -1.000000e+00  0.000000e+00
   outer loop
     vertex  1.353315e-02 -2.000000e-01 -1.525845e-02
     vertex  3.576556e-02 -2.000000e-01  3.985679e-03
     vertex  8.983175e-03 -2.000000e-01  1.885152e-02
   endloop
 endfacet
 facet normal  0.000000e+00 -1.000000e+00  0.000000e+00
   outer loop
     vertex  8.983175e-03 -2.000000e-01  1.885152e-02
     vertex  6.496209e-04 -2.000000e-01  5.087179e-02
     vertex -2.274719e-02 -2.000000e-01  3.066175e-02
   endloop
 endfacet
 facet normal  0.000000e+00 -1.000000e+00  0.000000e+00
   outer loop
     vertex -4.566890e-02 -2.000000e-01  1.165655e-02
     vertex -1.503931e-02 -2.000000e-01  5.958633e-05
     vertex -2.274719e-02 -2.000000e-01  3.066175e-02
   endloop
 endfacet
 facet normal  0.000000e+00 -1.000000e+00  0.000000e+00
   outer loop
     vertex -1.503931e-02 -2.000000e-01  5.958633e-05
     vertex  1.353315e-02 -2.000000e-01 -1.525845e-02
     vertex  8.983175e-03 -2.000000e-01  1.885152e-02
   endloop
 endfacet
 facet normal -0.000000e+00 -1.000000e+00  0.000000e+00
   outer loop
     vertex  8.983175e-03 -2.000000e-01  1.885152e-02
     vertex -2.274719e-02 -2.000000e-01  3.066175e-02
     vertex -1.503931e-02 -2.000000e-01  5.958633e-05
   endloop
 endfacet
 facet normal  9.892206e-01 -2.624881e-02  1.440614e-01
   outer loop
     vertex  2.933192e-01 -2.000000e-01  6.295910e-02
     vertex  2.990927e-01 -2.000000e-01  2.331457e-02
     vertex  2.962296e-01 -1.756376e-01  4.741338e-02
   endloop
 endfacet
 facet normal  9.601640e-01 -2.728458e-02  2.781019e-01
   outer loop
     vertex  2.815626e-01 -2.000000e-01  1.035496e-01
     vertex  2.933192e-01 -2.000000e-01  6.295910e-02
     vertex  2.876238e-01 -1.729240e-01  8.527936e-02
   endloop
 endfacet
 facet normal  9.050889e-01 -3.897873e-02  4.234322e-01
   outer loop
     vertex  2.599338e-01 -2.000000e-01  1.497812e-01
     vertex  2.815626e-01 -2.000000e-01  1.035496e-01
     vertex  2.711246e-01 -1.722097e-01  1.284191e-01
   endloop
 endfacet
 facet normal  8.267957e-01 -2.968711e-02  5.617185e-01
   outer loop
     vertex  2.350040e-01 -2.000000e-01  1.864756e-01
     vertex  2.599338e-01 -2.000000e-01  1.497812e-01
     vertex  2.480756e-01 -1.723543e-01  1.686964e-01
   endloop
 endfacet
 facet normal  7.373469e-01 -2.731092e-02  6.749620e-01
   outer loop
     vertex  2.064702e-01 -2.000000e-01  2.176466e-01
     vertex  2.350040e-01 -2.000000e-01  1.864756e-01
     vertex  2.205723e-01 -1.727992e-01  2.033417e-01
   endloop
 endfacet
 facet normal  6.313257e-01 -3.160456e-02  7.748735e-01
   outer loop
     vertex  1.714383e-01 -2.000000e-01  2.461888e-01
     vertex  2.064702e-01 -2.000000e-01  2.176466e-01
     vertex  1.883817e-01 -1.731632e-01  2.334787e-01
   endloop
 endfacet
 facet normal  5.039390e-01 -3.571612e-02  8.630005e-01
   outer loop
     vertex  1.301564e-01 -2.000000e-01  2.702949e-01
     vertex  1.714383e-01 -2.000000e-01  2.461888e-01
     vertex  1.512530e-01 -1.733142e-01  2.590802e-01
   endloop
 endfacet
 facet normal  3.675452e-01 -2.908075e-02  9.295509e-01
   outer loop
     vertex  8.988878e-02 -2.000000e-01  2.862167e-01
     vertex  1.301564e-01 -2.000000e-01  2.702949e-01
     vertex  1.111931e-01 -1.731634e-01  2.786325e-01
   endloop
 endfacet
 facet normal  2.316010e-01 -2.765950e-02  9.724176e-01
   outer loop
     vertex  4.877979e-02 -2.000000e-01  2.960077e-01
     vertex  8.988878e-02 -2.000000e-01  2.862167e-01
     vertex  7.005068e-02 -1.730940e-01  2.917069e-01
   endloop
 endfacet
 facet normal  9.266586e-02 -2.766378e-02  9.953129e-01
   outer loop
     vertex  6.702891e-03 -2.000000e-01  2.999251e-01
     vertex  4.877979e-02 -2.000000e-01  2.960077e-01
     vertex  2.798605e-02 -1.730812e-01  2.986918e-01
   endloop
 endfacet
 facet normal -4.810796e-02 -2.766275e-02  9.984590e-01
   outer loop
     vertex -3.550701e-02 -2.000000e-01  2.978913e-01
     vertex  6.702891e-03 -2.000000e-01  2.999251e-01
     vertex -1.452979e-02 -1.730788e-01  2.996479e-01
   endloop
 endfacet
 facet normal -1.879273e-01 -2.765077e-02  9.817937e-01
   outer loop
     vertex -7.701236e-02 -2.000000e-01  2.899467e-01
     vertex -3.550701e-02 -2.000000e-01  2.978913e-01
     vertex -5.679057e-02 -1.730762e-01  2.945757e-01
   endloop
 endfacet
 facet normal -3.240180e-01 -2.761382e-02  9.456478e-01
   outer loop
     vertex -1.169896e-01 -2.000000e-01  2.762489e-01
     vertex -7.701236e-02 -2.000000e-01  2.899467e-01
     vertex -9.808950e-02 -1.730790e-01  2.835109e-01
   endloop
 endfacet
 facet normal -4.547571e-01 -2.851592e-02  8.901589e-01
   outer loop
     vertex -1.552741e-01 -2.000000e-01  2.566904e-01
     vertex -1.169896e-01 -2.000000e-01  2.762489e-01
     vertex -1.379284e-01 -1.731248e-01  2.664127e-01
   endloop
 endfacet
 facet normal -5.847438e-01 -3.678790e-02  8.103835e-01
   outer loop
     vertex -1.946578e-01 -2.000000e-01  2.282725e-01
     vertex -1.552741e-01 -2.000000e-01  2.566904e-01
     vertex -1.763385e-01 -1.733034e-01  2.427030e-01
   endloop
 endfacet
 facet normal -7.072311e-01 -3.594908e-02  7.060678e-01
   outer loop
     vertex -2.285926e-01 -2.000000e-01  1.942818e-01
     vertex -1.946578e-01 -2.000000e-01  2.282725e-01
     vertex -2.115741e-01 -1.732855e-01  2.126885e-01
   endloop
 endfacet
 facet normal -8.054693e-01 -2.768371e-02  5.919905e-01
   outer loop
     vertex -2.536689e-01 -2.000000e-01  1.601628e-01
     vertex -2.285926e-01 -2.000000e-01  1.942818e-01
     vertex -2.409414e-01 -1.730984e-01  1.787379e-01
   endloop
 endfacet
 facet normal -8.807278e-01 -2.765200e-02  4.728150e-01
   outer loop
     vertex -2.736571e-01 -2.000000e-01  1.229300e-01
     vertex -2.536689e-01 -2.000000e-01  1.601628e-01
     vertex -2.641570e-01 -1.730749e-01  1.422009e-01
   endloop
 endfacet
 facet normal -9.384265e-01 -2.765545e-02  3.443703e-01
   outer loop
     vertex -2.882154e-01 -2.000000e-01  8.325796e-02
     vertex -2.736571e-01 -2.000000e-01  1.229300e-01
     vertex -2.818023e-01 -1.730854e-01  1.028954e-01
   endloop
 endfacet
 facet normal -9.784819e-01 -3.215131e-02  2.038124e-01
   outer loop
     vertex -2.974881e-01 -2.000000e-01  3.874083e-02
     vertex -2.882154e-01 -2.000000e-01  8.325796e-02
     vertex -2.937785e-01 -1.731865e-01  6.077976e-02
   endloop
 endfacet
 facet normal -9.979038e-01 -2.828708e-02  5.820513e-02
   outer loop
     vertex -2.999747e-01 -2.000000e-01 -3.892377e-03
     vertex -2.974881e-01 -2.000000e-01  3.874083e-02
     vertex -2.995144e-01 -1.731223e-01  1.706266e-02
   endloop
 endfacet
 facet normal -9.950056e-01 -3.611476e-02 -9.305634e-02
   outer loop
     vertex -2.954945e-01 -2.000000e-01 -5.179795e-02
     vertex -2.999747e-01 -2.000000e-01 -3.892377e-03
     vertex -2.987272e-01 -1.732704e-01 -2.760532e-02
   endloop
 endfacet
 facet normal -9.700048e-01 -2.761172e-02 -2.415126e-01
   outer loop
     vertex -2.852845e-01 -2.000000e-01 -9.280488e-02
     vertex -2.954945e-01 -2.000000e-01 -5.179795e-02
     vertex -2.913706e-01 -1.730984e-01 -7.143656e-02
   endloop
 endfacet
 facet normal -9.264440e-01 -2.766934e-02 -3.754142e-01
   outer loop
     vertex -2.694139e-01 -2.000000e-01 -1.319703e-01
     vertex -2.852845e-01 -2.000000e-01 -9.280488e-02
     vertex -2.781311e-01 -1.730883e-01 -1.124416e-01
   endloop
 endfacet
 facet normal -8.645018e-01 -2.767904e-02 -5.018670e-01
   outer loop
     vertex -2.481974e-01 -2.000000e-01 -1.685172e-01
     vertex -2.694139e-01 -2.000000e-01 -1.319703e-01
     vertex -2.592086e-01 -1.731080e-01 -1.510327e-01
   endloop
 endfacet
 facet normal -7.822752e-01 -3.177769e-02 -6.221220e-01
   outer loop
     vertex -2.200712e-01 -2.000000e-01 -2.038840e-01
     vertex -2.481974e-01 -2.000000e-01 -1.685172e-01
     vertex -2.345115e-01 -1.732137e-01 -1.870945e-01
   endloop
 endfacet
 facet normal -6.799604e-01 -3.178644e-02 -7.325595e-01
   outer loop
     vertex -1.869521e-01 -2.000000e-01 -2.346251e-01
     vertex -2.200712e-01 -2.000000e-01 -2.038840e-01
     vertex -2.043511e-01 -1.732163e-01 -2.196375e-01
   endloop
 endfacet
 facet normal -5.663252e-01 -2.771036e-02 -8.237159e-01
   outer loop
     vertex -1.521294e-01 -2.000000e-01 -2.585665e-01
     vertex -1.869521e-01 -2.000000e-01 -2.346251e-01
     vertex -1.701388e-01 -1.731273e-01 -2.470886e-01
   endloop
 endfacet
 facet normal -4.394117e-01 -3.282836e-02 -8.976857e-01
   outer loop
     vertex -1.108862e-01 -2.000000e-01 -2.787548e-01
     vertex -1.521294e-01 -2.000000e-01 -2.585665e-01
     vertex -1.323100e-01 -1.732234e-01 -2.692472e-01
   endloop
 endfacet
 facet normal -3.031431e-01 -2.764136e-02 -9.525441e-01
   outer loop
     vertex -7.061734e-02 -2.000000e-01 -2.915702e-01
     vertex -1.108862e-01 -2.000000e-01 -2.787548e-01
     vertex -9.185289e-02 -1.731083e-01 -2.855924e-01
   endloop
 endfacet
 facet normal -1.662905e-01 -2.766666e-02 -9.856886e-01
   outer loop
     vertex -2.894731e-02 -2.000000e-01 -2.986002e-01
     vertex -7.061734e-02 -2.000000e-01 -2.915702e-01
     vertex -5.036564e-02 -1.730952e-01 -2.957420e-01
   endloop
 endfacet
 facet normal -2.613858e-02 -2.767491e-02 -9.992752e-01
   outer loop
     vertex  1.329711e-02 -2.000000e-01 -2.997052e-01
     vertex -2.894731e-02 -2.000000e-01 -2.986002e-01
     vertex -8.067960e-03 -1.730932e-01 -2.998915e-01
   endloop
 endfacet
 facet normal  1.145319e-01 -2.768010e-02 -9.930339e-01
   outer loop
     vertex  5.527768e-02 -2.000000e-01 -2.948633e-01
     vertex  1.329711e-02 -2.000000e-01 -2.997052e-01
     vertex  3.434390e-02 -1.730952e-01 -2.980277e-01
   endloop
 endfacet
 facet normal  2.529299e-01 -2.768307e-02 -9.670885e-01
   outer loop
     vertex  9.616141e-02 -2.000000e-01 -2.841707e-01
     vertex  5.527768e-02 -2.000000e-01 -2.948633e-01
     vertex  7.610816e-02 -1.731007e-01 -2.901854e-01
   endloop
 endfacet
 facet normal  3.863093e-01 -2.766479e-02 -9.219543e-01
   outer loop
     vertex  1.351371e-01 -2.000000e-01 -2.678395e-01
     vertex  9.616141e-02 -2.000000e-01 -2.841707e-01
     vertex  1.165203e-01 -1.731044e-01 -2.764472e-01
   endloop
 endfacet
 facet normal  5.151254e-01 -3.068584e-02 -8.565654e-01
   outer loop
     vertex  1.732339e-01 -2.000000e-01 -2.449286e-01
     vertex  1.351371e-01 -2.000000e-01 -2.678395e-01
     vertex  1.552160e-01 -1.731681e-01 -2.567255e-01
   endloop
 endfacet
 facet normal  6.415522e-01 -3.714485e-02 -7.661795e-01
   outer loop
     vertex  2.106847e-01 -2.000000e-01 -2.135695e-01
     vertex  1.732339e-01 -2.000000e-01 -2.449286e-01
     vertex  1.916875e-01 -1.732730e-01 -2.307724e-01
   endloop
 endfacet
 facet normal  7.503976e-01 -2.734913e-02 -6.604207e-01
   outer loop
     vertex  2.386038e-01 -2.000000e-01 -1.818467e-01
     vertex  2.106847e-01 -2.000000e-01 -2.135695e-01
     vertex  2.236445e-01 -1.731056e-01 -1.999578e-01
   endloop
 endfacet
 facet normal  8.396023e-01 -3.329083e-02 -5.421805e-01
   outer loop
     vertex  2.639111e-01 -2.000000e-01 -1.426566e-01
     vertex  2.386038e-01 -2.000000e-01 -1.818467e-01
     vertex  2.505448e-01 -1.731001e-01 -1.650070e-01
   endloop
 endfacet
 facet normal  9.149481e-01 -3.459866e-02 -4.020858e-01
   outer loop
     vertex  2.835633e-01 -2.000000e-01 -9.793806e-02
     vertex  2.639111e-01 -2.000000e-01 -1.426566e-01
     vertex  2.732037e-01 -1.718405e-01 -1.239344e-01
   endloop
 endfacet
 facet normal  9.655231e-01 -2.628088e-02 -2.589874e-01
   outer loop
     vertex  2.945116e-01 -2.000000e-01 -5.712206e-02
     vertex  2.835633e-01 -2.000000e-01 -9.793806e-02
     vertex  2.888907e-01 -1.723425e-01 -8.088351e-02
   endloop
 endfacet
 facet normal  9.918798e-01 -2.375881e-02 -1.249396e-01
   outer loop
     vertex  2.994775e-01 -2.000000e-01 -1.769827e-02
     vertex  2.945116e-01 -2.000000e-01 -5.712206e-02
     vertex  2.966631e-01 -1.759194e-01 -4.462094e-02
   endloop
 endfacet
 facet normal  9.934847e-01  5.464812e-03  1.138344e-01
   outer loop
     vertex  2.964348e-01  1.699118e-01  4.611311e-02
     vertex  2.992572e-01  1.778802e-01  2.109805e-02
     vertex  2.958663e-01  2.000000e-01  4.962966e-02
   endloop
 endfacet
 facet normal  9.720070e-01  2.325385e-02  2.337984e-01
   outer loop
     vertex  2.958663e-01  2.000000e-01  4.962966e-02
     vertex  2.860730e-01  2.000000e-01  9.034516e-02
     vertex  2.899988e-01  1.719263e-01  7.681597e-02
   endloop
 endfacet
 facet normal  9.240833e-01  3.782223e-02  3.803151e-01
   outer loop
     vertex  2.860730e-01  2.000000e-01  9.034516e-02
     vertex  2.667928e-01  2.000000e-01  1.371919e-01
     vertex  2.765322e-01  1.719347e-01  1.163183e-01
   endloop
 endfacet
 facet normal  8.531001e-01  2.860228e-02  5.209627e-01
   outer loop
     vertex  2.667928e-01  2.000000e-01  1.371919e-01
     vertex  2.439031e-01  2.000000e-01  1.746747e-01
     vertex  2.562505e-01  1.718843e-01  1.559991e-01
   endloop
 endfacet
 facet normal  7.700521e-01  2.663644e-02  6.374247e-01
   outer loop
     vertex  2.439031e-01  2.000000e-01  1.746747e-01
     vertex  2.171617e-01  2.000000e-01  2.069801e-01
     vertex  2.309865e-01  1.724665e-01  1.914295e-01
   endloop
 endfacet
 facet normal  6.737106e-01  2.685141e-02  7.385073e-01
   outer loop
     vertex  2.171617e-01  2.000000e-01  2.069801e-01
     vertex  1.862243e-01  2.000000e-01  2.352031e-01
     vertex  2.014319e-01  1.728286e-01  2.223178e-01
   endloop
 endfacet
 facet normal  5.601978e-01  3.105501e-02  8.277765e-01
   outer loop
     vertex  1.862243e-01  2.000000e-01  2.352031e-01
     vertex  1.491176e-01  2.000000e-01  2.603151e-01
     vertex  1.671747e-01  1.731132e-01  2.491036e-01
   endloop
 endfacet
 facet normal  4.250596e-01  3.666145e-02  9.044226e-01
   outer loop
     vertex  1.491176e-01  2.000000e-01  2.603151e-01
     vertex  1.052558e-01  2.000000e-01  2.809292e-01
     vertex  1.281076e-01  1.732936e-01  2.712719e-01
   endloop
 endfacet
 facet normal  2.845350e-01  2.706102e-02  9.582836e-01
   outer loop
     vertex  1.052558e-01  2.000000e-01  2.809292e-01
     vertex  6.511129e-02  2.000000e-01  2.928490e-01
     vertex  8.678114e-02  1.731048e-01  2.871742e-01
   endloop
 endfacet
 facet normal  1.483228e-01  2.713546e-02  9.885666e-01
   outer loop
     vertex  6.511129e-02  2.000000e-01  2.928490e-01
     vertex  2.369809e-02  2.000000e-01  2.990625e-01
     vertex  4.521212e-02  1.730802e-01  2.965735e-01
   endloop
 endfacet
 facet normal  9.221116e-03  2.715266e-02  9.995888e-01
   outer loop
     vertex  2.369809e-02  2.000000e-01  2.990625e-01
     vertex -1.817687e-02  2.000000e-01  2.994488e-01
     vertex  3.088516e-03  1.730729e-01  2.999841e-01
   endloop
 endfacet
 facet normal -1.300602e-01  2.715121e-02  9.911343e-01
   outer loop
     vertex -1.817687e-02  2.000000e-01  2.994488e-01
     vertex -5.969766e-02  2.000000e-01  2.940003e-01
     vertex -3.901268e-02  1.730651e-01  2.974525e-01
   endloop
 endfacet
 facet normal -2.668074e-01  2.713311e-02  9.633678e-01
   outer loop
     vertex -5.969766e-02  2.000000e-01  2.940003e-01
     vertex -1.000552e-01  2.000000e-01  2.828232e-01
     vertex -8.040674e-02  1.730546e-01  2.890238e-01
   endloop
 endfacet
 facet normal -3.994667e-01  2.808123e-02  9.163175e-01
   outer loop
     vertex -1.000552e-01  2.000000e-01  2.828232e-01
     vertex -1.391140e-01  2.000000e-01  2.657956e-01
     vertex -1.205014e-01  1.730647e-01  2.747352e-01
   endloop
 endfacet
 facet normal -5.242280e-01  2.701478e-02  8.511493e-01
   outer loop
     vertex -1.391140e-01  2.000000e-01  2.657956e-01
     vertex -1.747704e-01  2.000000e-01  2.438346e-01
     vertex -1.585337e-01  1.730535e-01  2.546902e-01
   endloop
 endfacet
 facet normal -6.455366e-01  3.613256e-02  7.628742e-01
   outer loop
     vertex -1.747704e-01  2.000000e-01  2.438346e-01
     vertex -2.115529e-01  2.000000e-01  2.127096e-01
     vertex -1.945526e-01  1.732475e-01  2.283622e-01
   endloop
 endfacet
 facet normal -7.588715e-01  3.542134e-02  6.502764e-01
   outer loop
     vertex -2.115529e-01  2.000000e-01  2.127096e-01
     vertex -2.426119e-01  2.000000e-01  1.764638e-01
     vertex -2.271078e-01  1.732266e-01  1.960155e-01
   endloop
 endfacet
 facet normal -8.474791e-01  2.699957e-02  5.301417e-01
   outer loop
     vertex -2.426119e-01  2.000000e-01  1.764638e-01
     vertex -2.648206e-01  2.000000e-01  1.409612e-01
     vertex -2.536123e-01  1.730280e-01  1.602524e-01
   endloop
 endfacet
 facet normal -9.130418e-01  2.708809e-02  4.069654e-01
   outer loop
     vertex -2.648206e-01  2.000000e-01  1.409612e-01
     vertex -2.818692e-01  2.000000e-01  1.027120e-01
     vertex -2.738807e-01  1.730088e-01  1.224311e-01
   endloop
 endfacet
 facet normal -9.608156e-01  2.709907e-02  2.758605e-01
   outer loop
     vertex -2.818692e-01  2.000000e-01  1.027120e-01
     vertex -2.934256e-01  2.000000e-01  6.246136e-02
     vertex -2.884986e-01  1.730311e-01  8.227112e-02
   endloop
 endfacet
 facet normal -9.905517e-01  3.221415e-02  1.333026e-01
   outer loop
     vertex -2.934256e-01  2.000000e-01  6.246136e-02
     vertex -2.994990e-01  2.000000e-01  1.733091e-02
     vertex -2.973664e-01  1.731605e-01  3.966375e-02
   endloop
 endfacet
 facet normal -9.995586e-01  2.715784e-02 -1.204473e-02
   outer loop
     vertex -2.994990e-01  2.000000e-01  1.733091e-02
     vertex -2.989944e-01  2.000000e-01 -2.454279e-02
     vertex -2.999734e-01  1.730804e-01 -3.992200e-03
   endloop
 endfacet
 facet normal -9.863584e-01  3.550987e-02 -1.607365e-01
   outer loop
     vertex -2.989944e-01  2.000000e-01 -2.454279e-02
     vertex -2.913172e-01  2.000000e-01 -7.165413e-02
     vertex -2.961280e-01  1.732420e-01 -4.804376e-02
   endloop
 endfacet
 facet normal -9.516698e-01  2.708151e-02 -3.059269e-01
   outer loop
     vertex -2.913172e-01  2.000000e-01 -7.165413e-02
     vertex -2.785012e-01  2.000000e-01 -1.115216e-01
     vertex -2.858980e-01  1.730524e-01 -9.089734e-02
   endloop
 endfacet
 facet normal -8.997975e-01  2.710520e-02 -4.354649e-01
   outer loop
     vertex -2.785012e-01  2.000000e-01 -1.115216e-01
     vertex -2.602587e-01  2.000000e-01 -1.492160e-01
     vertex -2.700839e-01  1.730200e-01 -1.305936e-01
   endloop
 endfacet
 facet normal -8.303937e-01  2.708435e-02 -5.565184e-01
   outer loop
     vertex -2.602587e-01  2.000000e-01 -1.492160e-01
     vertex -2.369450e-01  2.000000e-01 -1.840030e-01
     vertex -2.488478e-01  1.730245e-01 -1.675553e-01
   endloop
 endfacet
 facet normal -7.414500e-01  3.112988e-02 -6.702856e-01
   outer loop
     vertex -2.369450e-01  2.000000e-01 -1.840030e-01
     vertex -2.068980e-01  2.000000e-01 -2.172400e-01
     vertex -2.220917e-01  1.731295e-01 -2.016811e-01
   endloop
 endfacet
 facet normal -6.333515e-01  3.117530e-02 -7.732360e-01
   outer loop
     vertex -2.068980e-01  2.000000e-01 -2.172400e-01
     vertex -1.722361e-01  2.000000e-01 -2.456313e-01
     vertex -1.901610e-01  1.731449e-01 -2.320319e-01
   endloop
 endfacet
 facet normal -5.138070e-01  2.861581e-02 -8.574284e-01
   outer loop
     vertex -1.722361e-01  2.000000e-01 -2.456313e-01
     vertex -1.353827e-01  2.000000e-01 -2.677154e-01
     vertex -1.544019e-01  1.731021e-01 -2.572160e-01
   endloop
 endfacet
 facet normal -3.837430e-01  3.067797e-02 -9.229302e-01
   outer loop
     vertex -1.353827e-01  2.000000e-01 -2.677154e-01
     vertex -9.433857e-02  2.000000e-01 -2.847810e-01
     vertex -1.156017e-01  1.731513e-01 -2.768325e-01
   endloop
 endfacet
 facet normal -2.473500e-01  2.714124e-02 -9.685460e-01
   outer loop
     vertex -9.433857e-02  2.000000e-01 -2.847810e-01
     vertex -5.376407e-02  2.000000e-01 -2.951431e-01
     vertex -7.480885e-02  1.730770e-01 -2.905230e-01
   endloop
 endfacet
 facet normal -1.100713e-01  2.715784e-02 -9.935526e-01
   outer loop
     vertex -5.376407e-02  2.000000e-01 -2.951431e-01
     vertex -1.214197e-02  2.000000e-01 -2.997542e-01
     vertex -3.317863e-02  1.730730e-01 -2.981597e-01
   endloop
 endfacet
 facet normal  2.935201e-02  2.715594e-02 -9.992002e-01
   outer loop
     vertex -1.214197e-02  2.000000e-01 -2.997542e-01
     vertex  2.971671e-02  2.000000e-01 -2.985246e-01
     vertex  8.971260e-03  1.730714e-01 -2.998658e-01
   endloop
 endfacet
 facet normal  1.682035e-01  2.712954e-02 -9.853789e-01
   outer loop
     vertex  2.971671e-02  2.000000e-01 -2.985246e-01
     vertex  7.099637e-02  2.000000e-01 -2.914782e-01
     vertex  5.098478e-02  1.730597e-01 -2.956358e-01
   endloop
 endfacet
 facet normal  3.037783e-01  2.703578e-02 -9.523591e-01
   outer loop
     vertex  7.099637e-02  2.000000e-01 -2.914782e-01
     vertex  1.108926e-01  2.000000e-01 -2.787523e-01
     vertex  9.223835e-02  1.730281e-01 -2.854682e-01
   endloop
 endfacet
 facet normal  4.367017e-01  2.985227e-02 -8.991109e-01
   outer loop
     vertex  1.108926e-01  2.000000e-01 -2.787523e-01
     vertex  1.505371e-01  2.000000e-01 -2.594968e-01
     vertex  1.325081e-01  1.730066e-01 -2.691498e-01
   endloop
 endfacet
 facet normal  5.696469e-01  3.614233e-02 -8.210945e-01
   outer loop
     vertex  1.505371e-01  2.000000e-01 -2.594968e-01
     vertex  1.903570e-01  2.000000e-01 -2.318711e-01
     vertex  1.714410e-01  1.729082e-01 -2.461869e-01
   endloop
 endfacet
 facet normal  6.866778e-01  2.657635e-02 -7.264760e-01
   outer loop
     vertex  1.903570e-01  2.000000e-01 -2.318711e-01
     vertex  2.207902e-01  2.000000e-01 -2.031051e-01
     vertex  2.063863e-01  1.724935e-01 -2.177262e-01
   endloop
 endfacet
 facet normal  7.855658e-01  3.262066e-02 -6.179177e-01
   outer loop
     vertex  2.207902e-01  2.000000e-01 -2.031051e-01
     vertex  2.493960e-01  2.000000e-01 -1.667383e-01
     vertex  2.364222e-01  1.726814e-01 -1.846742e-01
   endloop
 endfacet
 facet normal  8.691270e-01  2.983891e-02 -4.936880e-01
   outer loop
     vertex  2.493960e-01  2.000000e-01 -1.667383e-01
     vertex  2.709330e-01  2.000000e-01 -1.288228e-01
     vertex  2.612115e-01  1.734547e-01 -1.475418e-01
   endloop
 endfacet
 facet normal  9.331858e-01  3.669347e-02 -3.575161e-01
   outer loop
     vertex  2.709330e-01  2.000000e-01 -1.288228e-01
     vertex  2.876534e-01  2.000000e-01 -8.517920e-02
     vertex  2.801733e-01  1.751754e-01 -1.072516e-01
   endloop
 endfacet
 facet normal  9.759397e-01  2.803268e-02 -2.162311e-01
   outer loop
     vertex  2.876534e-01  2.000000e-01 -8.517920e-02
     vertex  2.967121e-01  2.000000e-01 -4.429395e-02
     vertex  2.939706e-01  1.754974e-01 -5.984393e-02
   endloop
 endfacet
 facet normal  9.337268e-01  3.159513e-02  3.565893e-01
   outer loop
     vertex  2.815626e-01 -2.000000e-01  1.035496e-01
     vertex  2.876238e-01 -1.729240e-01  8.527936e-02
     vertex  2.711246e-01 -1.722097e-01  1.284191e-01
   endloop
 endfacet
 facet normal  8.674290e-01  3.235905e-02  4.965077e-01
   outer loop
     vertex  2.599338e-01 -2.000000e-01  1.497812e-01
     vertex  2.711246e-01 -1.722097e-01  1.284191e-01
     vertex  2.480756e-01 -1.723543e-01  1.686964e-01
   endloop
 endfacet
 facet normal  7.826784e-01  2.975669e-02  6.217147e-01
   outer loop
     vertex  2.350040e-01 -2.000000e-01  1.864756e-01
     vertex  2.480756e-01 -1.723543e-01  1.686964e-01
     vertex  2.205723e-01 -1.727992e-01  2.033417e-01
   endloop
 endfacet
 facet normal  6.829565e-01  2.975482e-02  7.298528e-01
   outer loop
     vertex  2.064702e-01 -2.000000e-01  2.176466e-01
     vertex  2.205723e-01 -1.727992e-01  2.033417e-01
     vertex  1.883817e-01 -1.731632e-01  2.334787e-01
   endloop
 endfacet
 facet normal  5.672937e-01  3.157253e-02  8.229101e-01
   outer loop
     vertex  1.714383e-01 -2.000000e-01  2.461888e-01
     vertex  1.883817e-01 -1.731632e-01  2.334787e-01
     vertex  1.512530e-01 -1.733142e-01  2.590802e-01
   endloop
 endfacet
 facet normal  4.385078e-01  3.080321e-02  8.981994e-01
   outer loop
     vertex  1.301564e-01 -2.000000e-01  2.702949e-01
     vertex  1.512530e-01 -1.733142e-01  2.590802e-01
     vertex  1.111931e-01 -1.731634e-01  2.786325e-01
   endloop
 endfacet
 facet normal  3.027760e-01  2.885727e-02  9.526248e-01
   outer loop
     vertex  8.988878e-02 -2.000000e-01  2.862167e-01
     vertex  1.111931e-01 -1.731634e-01  2.786325e-01
     vertex  7.005068e-02 -1.730940e-01  2.917069e-01
   endloop
 endfacet
 facet normal  1.637521e-01  2.816625e-02  9.860993e-01
   outer loop
     vertex  4.877979e-02 -2.000000e-01  2.960077e-01
     vertex  7.005068e-02 -1.730940e-01  2.917069e-01
     vertex  2.798605e-02 -1.730812e-01  2.986918e-01
   endloop
 endfacet
 facet normal  2.247638e-02  2.801619e-02  9.993547e-01
   outer loop
     vertex  6.702891e-03 -2.000000e-01  2.999251e-01
     vertex  2.798605e-02 -1.730812e-01  2.986918e-01
     vertex -1.452979e-02 -1.730788e-01  2.996479e-01
   endloop
 endfacet
 facet normal -1.191189e-01  2.805944e-02  9.924834e-01
   outer loop
     vertex -3.550701e-02 -2.000000e-01  2.978913e-01
     vertex -1.452979e-02 -1.730788e-01  2.996479e-01
     vertex -5.679057e-02 -1.730762e-01  2.945757e-01
   endloop
 endfacet
 facet normal -2.586895e-01  2.829036e-02  9.655462e-01
   outer loop
     vertex -7.701236e-02 -2.000000e-01  2.899467e-01
     vertex -5.679057e-02 -1.730762e-01  2.945757e-01
     vertex -9.808950e-02 -1.730790e-01  2.835109e-01
   endloop
 endfacet
 facet normal -3.942563e-01  2.900932e-02  9.185426e-01
   outer loop
     vertex -1.169896e-01 -2.000000e-01  2.762489e-01
     vertex -9.808950e-02 -1.730790e-01  2.835109e-01
     vertex -1.379284e-01 -1.731248e-01  2.664127e-01
   endloop
 endfacet
 facet normal -5.251153e-01  3.125680e-02  8.504569e-01
   outer loop
     vertex -1.552741e-01 -2.000000e-01  2.566904e-01
     vertex -1.379284e-01 -1.731248e-01  2.664127e-01
     vertex -1.763385e-01 -1.733034e-01  2.427030e-01
   endloop
 endfacet
 facet normal -6.480805e-01  3.345587e-02  7.608366e-01
   outer loop
     vertex -1.946578e-01 -2.000000e-01  2.282725e-01
     vertex -1.763385e-01 -1.733034e-01  2.427030e-01
     vertex -2.115741e-01 -1.732855e-01  2.126885e-01
   endloop
 endfacet
 facet normal -7.558664e-01  3.091280e-02  6.539957e-01
   outer loop
     vertex -2.285926e-01 -2.000000e-01  1.942818e-01
     vertex -2.115741e-01 -1.732855e-01  2.126885e-01
     vertex -2.409414e-01 -1.730984e-01  1.787379e-01
   endloop
 endfacet
 facet normal -8.436671e-01  2.899096e-02  5.360834e-01
   outer loop
     vertex -2.536689e-01 -2.000000e-01  1.601628e-01
     vertex -2.409414e-01 -1.730984e-01  1.787379e-01
     vertex -2.641570e-01 -1.730749e-01  1.422009e-01
   endloop
 endfacet
 facet normal -9.119128e-01  2.875640e-02  4.093754e-01
   outer loop
     vertex -2.736571e-01 -2.000000e-01  1.229300e-01
     vertex -2.641570e-01 -1.730749e-01  1.422009e-01
     vertex -2.818023e-01 -1.730854e-01  1.028954e-01
   endloop
 endfacet
 facet normal -9.614615e-01  2.966203e-02  2.733350e-01
   outer loop
     vertex -2.882154e-01 -2.000000e-01  8.325796e-02
     vertex -2.818023e-01 -1.730854e-01  1.028954e-01
     vertex -2.937785e-01 -1.731865e-01  6.077976e-02
   endloop
 endfacet
 facet normal -9.910445e-01  3.019534e-02  1.300734e-01
   outer loop
     vertex -2.974881e-01 -2.000000e-01  3.874083e-02
     vertex -2.937785e-01 -1.731865e-01  6.077976e-02
     vertex -2.995144e-01 -1.731223e-01  1.706266e-02
   endloop
 endfacet
 facet normal -9.993646e-01  3.092795e-02 -1.771407e-02
   outer loop
     vertex -2.999747e-01 -2.000000e-01 -3.892377e-03
     vertex -2.995144e-01 -1.731223e-01  1.706266e-02
     vertex -2.987272e-01 -1.732704e-01 -2.760532e-02
   endloop
 endfacet
 facet normal -9.857688e-01  3.041804e-02 -1.653318e-01
   outer loop
     vertex -2.954945e-01 -2.000000e-01 -5.179795e-02
     vertex -2.987272e-01 -1.732704e-01 -2.760532e-02
     vertex -2.913706e-01 -1.730984e-01 -7.143656e-02
   endloop
 endfacet
 facet normal -9.512353e-01  2.875022e-02 -3.071235e-01
   outer loop
     vertex -2.852845e-01 -2.000000e-01 -9.280488e-02
     vertex -2.913706e-01 -1.730984e-01 -7.143656e-02
     vertex -2.781311e-01 -1.730883e-01 -1.124416e-01
   endloop
 endfacet
 facet normal -8.974988e-01  2.863648e-02 -4.400861e-01
   outer loop
     vertex -2.694139e-01 -2.000000e-01 -1.319703e-01
     vertex -2.781311e-01 -1.730883e-01 -1.124416e-01
     vertex -2.592086e-01 -1.731080e-01 -1.510327e-01
   endloop
 endfacet
 facet normal -8.246572e-01  2.959101e-02 -5.648582e-01
   outer loop
     vertex -2.481974e-01 -2.000000e-01 -1.685172e-01
     vertex -2.592086e-01 -1.731080e-01 -1.510327e-01
     vertex -2.345115e-01 -1.732137e-01 -1.870945e-01
   endloop
 endfacet
 facet normal -7.331000e-01  3.065237e-02 -6.794298e-01
   outer loop
     vertex -2.200712e-01 -2.000000e-01 -2.038840e-01
     vertex -2.345115e-01 -1.732137e-01 -1.870945e-01
     vertex -2.043511e-01 -1.732163e-01 -2.196375e-01
   endloop
 endfacet
 facet normal -6.255929e-01  2.984231e-02 -7.795787e-01
   outer loop
     vertex -1.869521e-01 -2.000000e-01 -2.346251e-01
     vertex -2.043511e-01 -1.732163e-01 -2.196375e-01
     vertex -1.701388e-01 -1.731273e-01 -2.470886e-01
   endloop
 endfacet
 facet normal -5.051506e-01  2.985899e-02 -8.625145e-01
   outer loop
     vertex -1.521294e-01 -2.000000e-01 -2.585665e-01
     vertex -1.701388e-01 -1.731273e-01 -2.470886e-01
     vertex -1.323100e-01 -1.732234e-01 -2.692472e-01
   endloop
 endfacet
 facet normal -3.745065e-01  2.942467e-02 -9.267573e-01
   outer loop
     vertex -1.108862e-01 -2.000000e-01 -2.787548e-01
     vertex -1.323100e-01 -1.732234e-01 -2.692472e-01
     vertex -9.185289e-02 -1.731083e-01 -2.855924e-01
   endloop
 endfacet
 facet normal -2.375473e-01  2.825247e-02 -9.709650e-01
   outer loop
     vertex -7.061734e-02 -2.000000e-01 -2.915702e-01
     vertex -9.185289e-02 -1.731083e-01 -2.855924e-01
     vertex -5.036564e-02 -1.730952e-01 -2.957420e-01
   endloop
 endfacet
 facet normal -9.759767e-02  2.798959e-02 -9.948323e-01
   outer loop
     vertex -2.894731e-02 -2.000000e-01 -2.986002e-01
     vertex -5.036564e-02 -1.730952e-01 -2.957420e-01
     vertex -8.067960e-03 -1.730932e-01 -2.998915e-01
   endloop
 endfacet
 facet normal  4.388751e-02  2.793285e-02 -9.986459e-01
   outer loop
     vertex  1.329711e-02 -2.000000e-01 -2.997052e-01
     vertex -8.067960e-03 -1.730932e-01 -2.998915e-01
     vertex  3.434390e-02 -1.730952e-01 -2.980277e-01
   endloop
 endfacet
 facet normal  1.844814e-01  2.799173e-02 -9.824373e-01
   outer loop
     vertex  5.527768e-02 -2.000000e-01 -2.948633e-01
     vertex  3.434390e-02 -1.730952e-01 -2.980277e-01
     vertex  7.610816e-02 -1.731007e-01 -2.901854e-01
   endloop
 endfacet
 facet normal  3.217368e-01  2.823611e-02 -9.464080e-01
   outer loop
     vertex  9.616141e-02 -2.000000e-01 -2.841707e-01
     vertex  7.610816e-02 -1.731007e-01 -2.901854e-01
     vertex  1.165203e-01 -1.731044e-01 -2.764472e-01
   endloop
 endfacet
 facet normal  4.539296e-01  2.918888e-02 -8.905593e-01
   outer loop
     vertex  1.351371e-01 -2.000000e-01 -2.678395e-01
     vertex  1.165203e-01 -1.731044e-01 -2.764472e-01
     vertex  1.552160e-01 -1.731681e-01 -2.567255e-01
   endloop
 endfacet
 facet normal  5.795662e-01  3.115631e-02 -8.143294e-01
   outer loop
     vertex  1.732339e-01 -2.000000e-01 -2.449286e-01
     vertex  1.552160e-01 -1.731681e-01 -2.567255e-01
     vertex  1.916875e-01 -1.732730e-01 -2.307724e-01
   endloop
 endfacet
 facet normal  6.937306e-01  2.991556e-02 -7.196130e-01
   outer loop
     vertex  2.106847e-01 -2.000000e-01 -2.135695e-01
     vertex  1.916875e-01 -1.732730e-01 -2.307724e-01
     vertex  2.236445e-01 -1.731056e-01 -1.999578e-01
   endloop
 endfacet
 facet normal  7.920996e-01  3.003451e-02 -6.096525e-01
   outer loop
     vertex  2.386038e-01 -2.000000e-01 -1.818467e-01
     vertex  2.236445e-01 -1.731056e-01 -1.999578e-01
     vertex  2.505448e-01 -1.731001e-01 -1.650070e-01
   endloop
 endfacet
 facet normal  8.746950e-01  3.285341e-02 -4.835590e-01
   outer loop
     vertex  2.639111e-01 -2.000000e-01 -1.426566e-01
     vertex  2.505448e-01 -1.731001e-01 -1.650070e-01
     vertex  2.732037e-01 -1.718405e-01 -1.239344e-01
   endloop
 endfacet
 facet normal  9.392596e-01  2.990591e-02 -3.419020e-01
   outer loop
     vertex  2.835633e-01 -2.000000e-01 -9.793806e-02
     vertex  2.732037e-01 -1.718405e-01 -1.239344e-01
     vertex  2.888907e-01 -1.723425e-01 -8.088351e-02
   endloop
 endfacet
 facet normal  9.779996e-01  2.039711e-02 -2.076072e-01
   outer loop
     vertex  2.945116e-01 -2.000000e-01 -5.712206e-02
     vertex  2.888907e-01 -1.723425e-01 -8.088351e-02
     vertex  2.966631e-01 -1.759194e-01 -4.462094e-02
   endloop
 endfacet
 facet normal  9.995332e-01  1.716455e-03 -3.050457e-02
   outer loop
     vertex  2.993971e-01 -1.764916e-01 -1.900998e-02
     vertex  3.000000e-01 -1.897351e-01 -3.020952e-17
     vertex  2.994775e-01 -2.000000e-01 -1.769827e-02
   endloop
 endfacet
 facet normal  9.943411e-01 -2.525191e-03 -1.062048e-01
   outer loop
     vertex  2.994775e-01 -2.000000e-01 -1.769827e-02
     vertex  2.966631e-01 -1.759194e-01 -4.462094e-02
     vertex  2.993971e-01 -1.764916e-01 -1.900998e-02
   endloop
 endfacet
 facet normal  9.786401e-01 -5.529825e-03  2.055068e-01
   outer loop
     vertex  2.958663e-01  2.000000e-01  4.962966e-02
     vertex  2.899988e-01  1.719263e-01  7.681597e-02
     vertex  2.964348e-01  1.699118e-01  4.611311e-02
   endloop
 endfacet
 facet normal  9.462560e-01 -2.313727e-02  3.225899e-01
   outer loop
     vertex  2.860730e-01  2.000000e-01  9.034516e-02
     vertex  2.765322e-01  1.719347e-01  1.163183e-01
     vertex  2.899988e-01  1.719263e-01  7.681597e-02
   endloop
 endfacet
 facet normal  8.900594e-01 -2.945195e-02  4.548922e-01
   outer loop
     vertex  2.667928e-01  2.000000e-01  1.371919e-01
     vertex  2.562505e-01  1.718843e-01  1.559991e-01
     vertex  2.765322e-01  1.719347e-01  1.163183e-01
   endloop
 endfacet
 facet normal  8.136576e-01 -2.836762e-02  5.806518e-01
   outer loop
     vertex  2.439031e-01  2.000000e-01  1.746747e-01
     vertex  2.309865e-01  1.724665e-01  1.914295e-01
     vertex  2.562505e-01  1.718843e-01  1.559991e-01
   endloop
 endfacet
 facet normal  7.220904e-01 -2.783872e-02  6.912383e-01
   outer loop
     vertex  2.171617e-01  2.000000e-01  2.069801e-01
     vertex  2.014319e-01  1.728286e-01  2.223178e-01
     vertex  2.309865e-01  1.724665e-01  1.914295e-01
   endloop
 endfacet
 facet normal  6.155566e-01 -2.895902e-02  7.875605e-01
   outer loop
     vertex  1.862243e-01  2.000000e-01  2.352031e-01
     vertex  1.671747e-01  1.731132e-01  2.491036e-01
     vertex  2.014319e-01  1.728286e-01  2.223178e-01
   endloop
 endfacet
 facet normal  4.931708e-01 -3.130350e-02  8.693691e-01
   outer loop
     vertex  1.491176e-01  2.000000e-01  2.603151e-01
     vertex  1.281076e-01  1.732936e-01  2.712719e-01
     vertex  1.671747e-01  1.731132e-01  2.491036e-01
   endloop
 endfacet
 facet normal  3.590845e-01 -3.006036e-02  9.328208e-01
   outer loop
     vertex  1.052558e-01  2.000000e-01  2.809292e-01
     vertex  8.678114e-02  1.731048e-01  2.871742e-01
     vertex  1.281076e-01  1.732936e-01  2.712719e-01
   endloop
 endfacet
 facet normal  2.204747e-01 -2.807791e-02  9.749885e-01
   outer loop
     vertex  6.511129e-02  2.000000e-01  2.928490e-01
     vertex  4.521212e-02  1.730802e-01  2.965735e-01
     vertex  8.678114e-02  1.731048e-01  2.871742e-01
   endloop
 endfacet
 facet normal  8.067538e-02 -2.764787e-02  9.963569e-01
   outer loop
     vertex  2.369809e-02  2.000000e-01  2.990625e-01
     vertex  3.088516e-03  1.730729e-01  2.999841e-01
     vertex  4.521212e-02  1.730802e-01  2.965735e-01
   endloop
 endfacet
 facet normal -5.999427e-02 -2.754461e-02  9.978186e-01
   outer loop
     vertex -1.817687e-02  2.000000e-01  2.994488e-01
     vertex -3.901268e-02  1.730651e-01  2.974525e-01
     vertex  3.088516e-03  1.730729e-01  2.999841e-01
   endloop
 endfacet
 facet normal -1.994446e-01 -2.762207e-02  9.795197e-01
   outer loop
     vertex -5.969766e-02  2.000000e-01  2.940003e-01
     vertex -8.040674e-02  1.730546e-01  2.890238e-01
     vertex -3.901268e-02  1.730651e-01  2.974525e-01
   endloop
 endfacet
 facet normal -3.355671e-01 -2.801539e-02  9.415996e-01
   outer loop
     vertex -1.000552e-01  2.000000e-01  2.828232e-01
     vertex -1.205014e-01  1.730647e-01  2.747352e-01
     vertex -8.040674e-02  1.730546e-01  2.890238e-01
   endloop
 endfacet
 facet normal -4.660600e-01 -2.856442e-02  8.842919e-01
   outer loop
     vertex -1.391140e-01  2.000000e-01  2.657956e-01
     vertex -1.585337e-01  1.730535e-01  2.546902e-01
     vertex -1.205014e-01  1.730647e-01  2.747352e-01
   endloop
 endfacet
 facet normal -5.899446e-01 -3.042075e-02  8.068705e-01
   outer loop
     vertex -1.747704e-01  2.000000e-01  2.438346e-01
     vertex -1.945526e-01  1.732475e-01  2.283622e-01
     vertex -1.585337e-01  1.730535e-01  2.546902e-01
   endloop
 endfacet
 facet normal -7.044418e-01 -3.281908e-02  7.090025e-01
   outer loop
     vertex -2.115529e-01  2.000000e-01  2.127096e-01
     vertex -2.271078e-01  1.732266e-01  1.960155e-01
     vertex -1.945526e-01  1.732475e-01  2.283622e-01
   endloop
 endfacet
 facet normal -8.029649e-01 -3.029202e-02  5.952560e-01
   outer loop
     vertex -2.426119e-01  2.000000e-01  1.764638e-01
     vertex -2.536123e-01  1.730280e-01  1.602524e-01
     vertex -2.271078e-01  1.732266e-01  1.960155e-01
   endloop
 endfacet
 facet normal -8.810499e-01 -2.841453e-02  4.721691e-01
   outer loop
     vertex -2.648206e-01  2.000000e-01  1.409612e-01
     vertex -2.738807e-01  1.730088e-01  1.224311e-01
     vertex -2.536123e-01  1.730280e-01  1.602524e-01
   endloop
 endfacet
 facet normal -9.393162e-01 -2.823156e-02  3.418890e-01
   outer loop
     vertex -2.818692e-01  2.000000e-01  1.027120e-01
     vertex -2.884986e-01  1.730311e-01  8.227112e-02
     vertex -2.738807e-01  1.730088e-01  1.224311e-01
   endloop
 endfacet
 facet normal -9.786197e-01 -2.923969e-02  2.035892e-01
   outer loop
     vertex -2.934256e-01  2.000000e-01  6.246136e-02
     vertex -2.973664e-01  1.731605e-01  3.966375e-02
     vertex -2.884986e-01  1.730311e-01  8.227112e-02
   endloop
 endfacet
 facet normal -9.977794e-01 -2.965464e-02  5.963912e-02
   outer loop
     vertex -2.994990e-01  2.000000e-01  1.733091e-02
     vertex -2.999734e-01  1.730804e-01 -3.992200e-03
     vertex -2.973664e-01  1.731605e-01  3.966375e-02
   endloop
 endfacet
 facet normal -9.957467e-01 -3.022766e-02 -8.703336e-02
   outer loop
     vertex -2.989944e-01  2.000000e-01 -2.454279e-02
     vertex -2.961280e-01  1.732420e-01 -4.804376e-02
     vertex -2.999734e-01  1.730804e-01 -3.992200e-03
   endloop
 endfacet
 facet normal -9.722648e-01 -2.987504e-02 -2.319667e-01
   outer loop
     vertex -2.913172e-01  2.000000e-01 -7.165413e-02
     vertex -2.858980e-01  1.730524e-01 -9.089734e-02
     vertex -2.961280e-01  1.732420e-01 -4.804376e-02
   endloop
 endfacet
 facet normal -9.286333e-01 -2.822173e-02 -3.699240e-01
   outer loop
     vertex -2.785012e-01  2.000000e-01 -1.115216e-01
     vertex -2.700839e-01  1.730200e-01 -1.305936e-01
     vertex -2.858980e-01  1.730524e-01 -9.089734e-02
   endloop
 endfacet
 facet normal -8.667338e-01 -2.808512e-02 -4.979797e-01
   outer loop
     vertex -2.602587e-01  2.000000e-01 -1.492160e-01
     vertex -2.488478e-01  1.730245e-01 -1.675553e-01
     vertex -2.700839e-01  1.730200e-01 -1.305936e-01
   endloop
 endfacet
 facet normal -7.865828e-01 -2.900434e-02 -6.168032e-01
   outer loop
     vertex -2.369450e-01  2.000000e-01 -1.840030e-01
     vertex -2.220917e-01  1.731295e-01 -2.016811e-01
     vertex -2.488478e-01  1.730245e-01 -1.675553e-01
   endloop
 endfacet
 facet normal -6.886271e-01 -3.012411e-02 -7.244896e-01
   outer loop
     vertex -2.068980e-01  2.000000e-01 -2.172400e-01
     vertex -1.901610e-01  1.731449e-01 -2.320319e-01
     vertex -2.220917e-01  1.731295e-01 -2.016811e-01
   endloop
 endfacet
 facet normal -5.755739e-01 -2.965870e-02 -8.172118e-01
   outer loop
     vertex -1.722361e-01  2.000000e-01 -2.456313e-01
     vertex -1.544019e-01  1.731021e-01 -2.572160e-01
     vertex -1.901610e-01  1.731449e-01 -2.320319e-01
   endloop
 endfacet
 facet normal -4.509683e-01 -2.933421e-02 -8.920578e-01
   outer loop
     vertex -1.353827e-01  2.000000e-01 -2.677154e-01
     vertex -1.156017e-01  1.731513e-01 -2.768325e-01
     vertex -1.544019e-01  1.731021e-01 -2.572160e-01
   endloop
 endfacet
 facet normal -3.180865e-01 -2.863139e-02 -9.476293e-01
   outer loop
     vertex -9.433857e-02  2.000000e-01 -2.847810e-01
     vertex -7.480885e-02  1.730770e-01 -2.905230e-01
     vertex -1.156017e-01  1.731513e-01 -2.768325e-01
   endloop
 endfacet
 facet normal -1.803618e-01 -2.773730e-02 -9.832092e-01
   outer loop
     vertex -5.376407e-02  2.000000e-01 -2.951431e-01
     vertex -3.317863e-02  1.730730e-01 -2.981597e-01
     vertex -7.480885e-02  1.730770e-01 -2.905230e-01
   endloop
 endfacet
 facet normal -4.043137e-02 -2.755908e-02 -9.988022e-01
   outer loop
     vertex -1.214197e-02  2.000000e-01 -2.997542e-01
     vertex  8.971260e-03  1.730714e-01 -2.998658e-01
     vertex -3.317863e-02  1.730730e-01 -2.981597e-01
   endloop
 endfacet
 facet normal  1.001293e-01 -2.759963e-02 -9.945916e-01
   outer loop
     vertex  2.971671e-02  2.000000e-01 -2.985246e-01
     vertex  5.098478e-02  1.730597e-01 -2.956358e-01
     vertex  8.971260e-03  1.730714e-01 -2.998658e-01
   endloop
 endfacet
 facet normal  2.391927e-01 -2.788736e-02 -9.705715e-01
   outer loop
     vertex  7.099637e-02  2.000000e-01 -2.914782e-01
     vertex  9.223835e-02  1.730281e-01 -2.854682e-01
     vertex  5.098478e-02  1.730597e-01 -2.956358e-01
   endloop
 endfacet
 facet normal  3.753927e-01 -2.895447e-02 -9.264135e-01
   outer loop
     vertex  1.108926e-01  2.000000e-01 -2.787523e-01
     vertex  1.325081e-01  1.730066e-01 -2.691498e-01
     vertex  9.223835e-02  1.730281e-01 -2.854682e-01
   endloop
 endfacet
 facet normal  5.077191e-01 -3.122479e-02 -8.609566e-01
   outer loop
     vertex  1.505371e-01  2.000000e-01 -2.594968e-01
     vertex  1.714410e-01  1.729082e-01 -2.461869e-01
     vertex  1.325081e-01  1.730066e-01 -2.691498e-01
   endloop
 endfacet
 facet normal  6.309733e-01 -3.093465e-02 -7.751876e-01
   outer loop
     vertex  1.903570e-01  2.000000e-01 -2.318711e-01
     vertex  2.063863e-01  1.724935e-01 -2.177262e-01
     vertex  1.714410e-01  1.729082e-01 -2.461869e-01
   endloop
 endfacet
 facet normal  7.398162e-01 -3.013548e-02 -6.721337e-01
   outer loop
     vertex  2.207902e-01  2.000000e-01 -2.031051e-01
     vertex  2.364222e-01  1.726814e-01 -1.846742e-01
     vertex  2.063863e-01  1.724935e-01 -2.177262e-01
   endloop
 endfacet
 facet normal  8.315956e-01 -3.086051e-02 -5.545235e-01
   outer loop
     vertex  2.493960e-01  2.000000e-01 -1.667383e-01
     vertex  2.612115e-01  1.734547e-01 -1.475418e-01
     vertex  2.364222e-01  1.726814e-01 -1.846742e-01
   endloop
 endfacet
 facet normal  9.048651e-01 -3.204521e-02 -4.244906e-01
   outer loop
     vertex  2.709330e-01  2.000000e-01 -1.288228e-01
     vertex  2.801733e-01  1.751754e-01 -1.072516e-01
     vertex  2.612115e-01  1.734547e-01 -1.475418e-01
   endloop
 endfacet
 facet normal  9.594277e-01 -4.107191e-02 -2.789474e-01
   outer loop
     vertex  2.876534e-01  2.000000e-01 -8.517920e-02
     vertex  2.939706e-01  1.754974e-01 -5.984393e-02
     vertex  2.801733e-01  1.751754e-01 -1.072516e-01
   endloop
 endfacet
 facet normal  9.955347e-01  2.600428e-02 -9.074364e-02
   outer loop
     vertex  2.967121e-01  2.000000e-01 -4.429395e-02
     vertex  2.998306e-01  2.000000e-01 -1.008130e-02
     vertex  2.992010e-01  1.829270e-01 -2.188125e-02
   endloop
 endfacet
 facet normal  9.752240e-01  2.383625e-02  2.199316e-01
   outer loop
     vertex  2.933192e-01 -2.000000e-01  6.295910e-02
     vertex  2.962296e-01 -1.756376e-01  4.741338e-02
     vertex  2.876238e-01 -1.729240e-01  8.527936e-02
   endloop
 endfacet
 facet normal  9.909805e-01 -2.766382e-02 -1.311199e-01
   outer loop
     vertex  2.967121e-01  2.000000e-01 -4.429395e-02
     vertex  2.992010e-01  1.829270e-01 -2.188125e-02
     vertex  2.939706e-01  1.754974e-01 -5.984393e-02
   endloop
 endfacet
 facet normal  9.992436e-01  4.317328e-18  3.888703e-02
   outer loop
     vertex  3.000000e-01 -2.000000e-01 -2.906989e-17
     vertex  3.000000e-01 -1.897351e-01 -3.020952e-17
     vertex  2.990927e-01 -2.000000e-01  2.331457e-02
   endloop
 endfacet
 facet normal  9.788161e-01  1.399287e-02  2.042628e-01
   outer loop
     vertex  2.964348e-01  1.699118e-01  4.611311e-02
     vertex  2.899988e-01  1.719263e-01  7.681597e-02
     vertex  2.947971e-01  1.455491e-01  5.562966e-02
   endloop
 endfacet
 facet normal  9.998588e-01 -1.865678e-18 -1.680453e-02
   outer loop
     vertex  3.000000e-01  2.000000e-01 -7.347881e-17
     vertex  3.000000e-01  1.909364e-01 -7.247255e-17
     vertex  2.998306e-01  2.000000e-01 -1.008130e-02
   endloop
 endfacet
 facet normal  9.994975e-01 -3.519321e-18 -3.169923e-02
   outer loop
     vertex  3.000000e-01 -1.625443e-01 -3.322831e-17
     vertex  3.000000e-01 -1.716079e-01 -3.222204e-17
     vertex  2.993971e-01 -1.764916e-01 -1.900998e-02
   endloop
 endfacet
 facet normal  9.994975e-01 -3.519321e-18 -3.169923e-02
   outer loop
     vertex  3.000000e-01 -1.716079e-01 -3.222204e-17
     vertex  3.000000e-01 -1.806715e-01 -3.121578e-17
     vertex  2.993971e-01 -1.764916e-01 -1.900998e-02
   endloop
 endfacet
 facet normal  9.995194e-01 -8.861753e-03  2.970615e-02
   outer loop
     vertex  2.992572e-01  1.778802e-01  2.109805e-02
     vertex  3.000000e-01  1.909364e-01 -7.247255e-17
     vertex  2.996495e-01  2.000000e-01  1.449821e-02
   endloop
 endfacet
 facet normal  9.941501e-01  1.431182e-02  1.070546e-01
   outer loop
     vertex  2.996495e-01  2.000000e-01  1.449821e-02
     vertex  2.958663e-01  2.000000e-01  4.962966e-02
     vertex  2.992572e-01  1.778802e-01  2.109805e-02
   endloop
 endfacet
 facet normal  9.333889e-01 -3.127535e-02  3.575010e-01
   outer loop
     vertex  2.711246e-01 -1.722097e-01  1.284191e-01
     vertex  2.876238e-01 -1.729240e-01  8.527936e-02
     vertex  2.799263e-01 -1.441385e-01  1.078946e-01
   endloop
 endfacet
 facet normal  9.745871e-01 -2.113483e-02  2.230097e-01
   outer loop
     vertex  2.876238e-01 -1.729240e-01  8.527936e-02
     vertex  2.962296e-01 -1.756376e-01  4.741338e-02
     vertex  2.938986e-01 -1.482423e-01  6.019650e-02
   endloop
 endfacet
 facet normal  9.937000e-01  6.083843e-03  1.119073e-01
   outer loop
     vertex  2.990927e-01 -2.000000e-01  2.331457e-02
     vertex  2.993466e-01 -1.766261e-01  1.978897e-02
     vertex  2.962296e-01 -1.756376e-01  4.741338e-02
   endloop
 endfacet
 facet normal  9.994044e-01 -1.557100e-02 -3.079603e-02
   outer loop
     vertex  2.998306e-01  2.000000e-01 -1.008130e-02
     vertex  3.000000e-01  1.909364e-01 -7.247255e-17
     vertex  2.992010e-01  1.829270e-01 -2.188125e-02
   endloop
 endfacet
 facet normal  9.943116e-01 -6.756289e-03 -1.062962e-01
   outer loop
     vertex  2.966631e-01 -1.759194e-01 -4.462094e-02
     vertex  2.991290e-01 -1.556310e-01 -2.284336e-02
     vertex  2.993971e-01 -1.764916e-01 -1.900998e-02
   endloop
 endfacet
 facet normal  9.993808e-01  3.906343e-18  3.518521e-02
   outer loop
     vertex  3.000000e-01  1.728092e-01 -7.046002e-17
     vertex  3.000000e-01  1.818728e-01 -7.146628e-17
     vertex  2.992572e-01  1.778802e-01  2.109805e-02
   endloop
 endfacet
 facet normal  9.993808e-01  3.906343e-18  3.518521e-02
   outer loop
     vertex  3.000000e-01  1.637456e-01 -6.945376e-17
     vertex  3.000000e-01  1.728092e-01 -7.046002e-17
     vertex  2.992572e-01  1.778802e-01  2.109805e-02
   endloop
 endfacet
 facet normal  9.994554e-01  3.663691e-18  3.299960e-02
   outer loop
     vertex  3.000000e-01 -1.716079e-01 -3.222204e-17
     vertex  3.000000e-01 -1.625443e-01 -3.322831e-17
     vertex  2.993466e-01 -1.766261e-01  1.978897e-02
   endloop
 endfacet
 facet normal  9.994554e-01  3.663691e-18  3.299960e-02
   outer loop
     vertex  3.000000e-01 -1.806715e-01 -3.121578e-17
     vertex  3.000000e-01 -1.716079e-01 -3.222204e-17
     vertex  2.993466e-01 -1.766261e-01  1.978897e-02
   endloop
 endfacet
 facet normal  9.993243e-01  6.183503e-03 -3.623047e-02
   outer loop
     vertex  3.000000e-01 -1.625443e-01 -3.322831e-17
     vertex  2.993971e-01 -1.764916e-01 -1.900998e-02
     vertex  2.991290e-01 -1.556310e-01 -2.284336e-02
   endloop
 endfacet
 facet normal  9.917750e-01  1.579222e-02 -1.270157e-01
   outer loop
     vertex  2.991290e-01 -1.556310e-01 -2.284336e-02
     vertex  2.966631e-01 -1.759194e-01 -4.462094e-02
     vertex  2.948302e-01 -1.479436e-01 -5.545390e-02
   endloop
 endfacet
 facet normal  9.772779e-01 -1.776239e-02 -2.112166e-01
   outer loop
     vertex  2.966631e-01 -1.759194e-01 -4.462094e-02
     vertex  2.888907e-01 -1.723425e-01 -8.088351e-02
     vertex  2.948302e-01 -1.479436e-01 -5.545390e-02
   endloop
 endfacet
 facet normal  9.936503e-01  1.235117e-03  1.125057e-01
   outer loop
     vertex  2.964348e-01  1.699118e-01  4.611311e-02
     vertex  2.992016e-01  1.520826e-01  2.187218e-02
     vertex  2.992572e-01  1.778802e-01  2.109805e-02
   endloop
 endfacet
 facet normal  9.992829e-01  6.141125e-03  3.736392e-02
   outer loop
     vertex  2.993466e-01 -1.766261e-01  1.978897e-02
     vertex  3.000000e-01 -1.625443e-01 -3.322831e-17
     vertex  2.990797e-01 -1.556494e-01  2.348109e-02
   endloop
 endfacet
 facet normal  9.936404e-01 -7.133170e-03  1.123735e-01
   outer loop
     vertex  2.993466e-01 -1.766261e-01  1.978897e-02
     vertex  2.990797e-01 -1.556494e-01  2.348109e-02
     vertex  2.962296e-01 -1.756376e-01  4.741338e-02
   endloop
 endfacet
 facet normal  9.905490e-01  2.104021e-02  1.355357e-01
   outer loop
     vertex  2.962296e-01 -1.756376e-01  4.741338e-02
     vertex  2.990797e-01 -1.556494e-01  2.348109e-02
     vertex  2.938986e-01 -1.482423e-01  6.019650e-02
   endloop
 endfacet
 facet normal  9.904892e-01  5.234476e-03 -1.374907e-01
   outer loop
     vertex  2.992010e-01  1.829270e-01 -2.188125e-02
     vertex  2.990792e-01  1.637903e-01 -2.348705e-02
     vertex  2.939706e-01  1.754974e-01 -5.984393e-02
   endloop
 endfacet
 facet normal  8.675437e-01 -3.180444e-02  4.963431e-01
   outer loop
     vertex  2.480756e-01 -1.723543e-01  1.686964e-01
     vertex  2.711246e-01 -1.722097e-01  1.284191e-01
     vertex  2.595591e-01 -1.441878e-01  1.504296e-01
   endloop
 endfacet
 facet normal  7.830498e-01 -2.980323e-02  6.212446e-01
   outer loop
     vertex  2.205723e-01 -1.727992e-01  2.033417e-01
     vertex  2.480756e-01 -1.723543e-01  1.686964e-01
     vertex  2.340665e-01 -1.453256e-01  1.876510e-01
   endloop
 endfacet
 facet normal  6.833102e-01 -3.008530e-02  7.295081e-01
   outer loop
     vertex  1.883817e-01 -1.731632e-01  2.334787e-01
     vertex  2.205723e-01 -1.727992e-01  2.033417e-01
     vertex  2.041477e-01 -1.461177e-01  2.198266e-01
   endloop
 endfacet
 facet normal  5.674669e-01 -3.163164e-02  8.227884e-01
   outer loop
     vertex  1.512530e-01 -1.733142e-01  2.590802e-01
     vertex  1.883817e-01 -1.731632e-01  2.334787e-01
     vertex  1.697373e-01 -1.464484e-01  2.473646e-01
   endloop
 endfacet
 facet normal  4.383189e-01 -3.089992e-02  8.982882e-01
   outer loop
     vertex  1.111931e-01 -1.731634e-01  2.786325e-01
     vertex  1.512530e-01 -1.733142e-01  2.590802e-01
     vertex  1.316518e-01 -1.464204e-01  2.695697e-01
   endloop
 endfacet
 facet normal  3.026868e-01 -2.892977e-02  9.526509e-01
   outer loop
     vertex  7.005068e-02 -1.730940e-01  2.917069e-01
     vertex  1.111931e-01 -1.731634e-01  2.786325e-01
     vertex  9.118111e-02 -1.462709e-01  2.858076e-01
   endloop
 endfacet
 facet normal  1.637352e-01 -2.820203e-02  9.861011e-01
   outer loop
     vertex  2.798605e-02 -1.730812e-01  2.986918e-01
     vertex  7.005068e-02 -1.730940e-01  2.917069e-01
     vertex  4.933683e-02 -1.462036e-01  2.959153e-01
   endloop
 endfacet
 facet normal  2.247324e-02 -2.804854e-02  9.993539e-01
   outer loop
     vertex -1.452979e-02 -1.730788e-01  2.996479e-01
     vertex  2.798605e-02 -1.730812e-01  2.986918e-01
     vertex  6.752663e-03 -1.461910e-01  2.999240e-01
   endloop
 endfacet
 facet normal -1.191222e-01 -2.809880e-02  9.924819e-01
   outer loop
     vertex -5.679057e-02 -1.730762e-01  2.945757e-01
     vertex -1.452979e-02 -1.730788e-01  2.996479e-01
     vertex -3.593309e-02 -1.461912e-01  2.978402e-01
   endloop
 endfacet
 facet normal -2.586855e-01 -2.835421e-02  9.655454e-01
   outer loop
     vertex -9.808950e-02 -1.730790e-01  2.835109e-01
     vertex -5.679057e-02 -1.730762e-01  2.945757e-01
     vertex -7.806352e-02 -1.462027e-01  2.896655e-01
   endloop
 endfacet
 facet normal -3.941981e-01 -2.915734e-02  9.185629e-01
   outer loop
     vertex -1.379284e-01 -1.731248e-01  2.664127e-01
     vertex -9.808950e-02 -1.730790e-01  2.835109e-01
     vertex -1.190086e-01 -1.462528e-01  2.753851e-01
   endloop
 endfacet
 facet normal -5.248973e-01 -3.163924e-02  8.505773e-01
   outer loop
     vertex -1.763385e-01 -1.733034e-01  2.427030e-01
     vertex -1.379284e-01 -1.731248e-01  2.664127e-01
     vertex -1.581825e-01 -1.463864e-01  2.549084e-01
   endloop
 endfacet
 facet normal -6.481033e-01 -3.330702e-02  7.608237e-01
   outer loop
     vertex -2.115741e-01 -1.732855e-01  2.126885e-01
     vertex -1.763385e-01 -1.733034e-01  2.427030e-01
     vertex -1.945436e-01 -1.464680e-01  2.283699e-01
   endloop
 endfacet
 facet normal -7.560269e-01 -3.130048e-02  6.537917e-01
   outer loop
     vertex -2.409414e-01 -1.730984e-01  1.787379e-01
     vertex -2.115741e-01 -1.732855e-01  2.126885e-01
     vertex -2.265020e-01 -1.463644e-01  1.967152e-01
   endloop
 endfacet
 facet normal -8.436813e-01 -2.909944e-02  5.360551e-01
   outer loop
     vertex -2.641570e-01 -1.730749e-01  1.422009e-01
     vertex -2.409414e-01 -1.730984e-01  1.787379e-01
     vertex -2.529556e-01 -1.462440e-01  1.612869e-01
   endloop
 endfacet
 facet normal -9.119051e-01 -2.883001e-02  4.093872e-01
   outer loop
     vertex -2.818023e-01 -1.730854e-01  1.028954e-01
     vertex -2.641570e-01 -1.730749e-01  1.422009e-01
     vertex -2.736821e-01 -1.462288e-01  1.228743e-01
   endloop
 endfacet
 facet normal -9.614209e-01 -2.976817e-02  2.734662e-01
   outer loop
     vertex -2.937785e-01 -1.731865e-01  6.077976e-02
     vertex -2.818023e-01 -1.730854e-01  1.028954e-01
     vertex -2.886237e-01 -1.462810e-01  8.183127e-02
   endloop
 endfacet
 facet normal -9.910560e-01 -3.019201e-02  1.299862e-01
   outer loop
     vertex -2.995144e-01 -1.731223e-01  1.706266e-02
     vertex -2.937785e-01 -1.731865e-01  6.077976e-02
     vertex -2.974787e-01 -1.463031e-01  3.881299e-02
   endloop
 endfacet
 facet normal -9.993662e-01 -3.099326e-02 -1.750884e-02
   outer loop
     vertex -2.987272e-01 -1.732704e-01 -2.760532e-02
     vertex -2.995144e-01 -1.731223e-01  1.706266e-02
     vertex -2.999534e-01 -1.463403e-01 -5.288747e-03
   endloop
 endfacet
 facet normal -9.857224e-01 -3.065963e-02 -1.655637e-01
   outer loop
     vertex -2.913706e-01 -1.730984e-01 -7.143656e-02
     vertex -2.987272e-01 -1.732704e-01 -2.760532e-02
     vertex -2.959254e-01 -1.463253e-01 -4.927639e-02
   endloop
 endfacet
 facet normal -9.512290e-01 -2.882793e-02 -3.071356e-01
   outer loop
     vertex -2.781311e-01 -1.730883e-01 -1.124416e-01
     vertex -2.913706e-01 -1.730984e-01 -7.143656e-02
     vertex -2.856024e-01 -1.462421e-01 -9.182179e-02
   endloop
 endfacet
 facet normal -8.975088e-01 -2.870028e-02 -4.400617e-01
   outer loop
     vertex -2.592086e-01 -1.731080e-01 -1.510327e-01
     vertex -2.781311e-01 -1.730883e-01 -1.124416e-01
     vertex -2.693639e-01 -1.462553e-01 -1.320722e-01
   endloop
 endfacet
 facet normal -8.247358e-01 -2.968992e-02 -5.647383e-01
   outer loop
     vertex -2.345115e-01 -1.732137e-01 -1.870945e-01
     vertex -2.592086e-01 -1.731080e-01 -1.510327e-01
     vertex -2.474128e-01 -1.463290e-01 -1.696671e-01
   endloop
 endfacet
 facet normal -7.331037e-01 -3.060124e-02 -6.794281e-01
   outer loop
     vertex -2.043511e-01 -1.732163e-01 -2.196375e-01
     vertex -2.345115e-01 -1.732137e-01 -1.870945e-01
     vertex -2.200296e-01 -1.463851e-01 -2.039289e-01
   endloop
 endfacet
 facet normal -6.254971e-01 -2.990944e-02 -7.796530e-01
   outer loop
     vertex -1.701388e-01 -1.731273e-01 -2.470886e-01
     vertex -2.043511e-01 -1.732163e-01 -2.196375e-01
     vertex -1.878929e-01 -1.463465e-01 -2.338723e-01
   endloop
 endfacet
 facet normal -5.052636e-01 -2.985537e-02 -8.624485e-01
   outer loop
     vertex -1.323100e-01 -1.732234e-01 -2.692472e-01
     vertex -1.701388e-01 -1.731273e-01 -2.470886e-01
     vertex -1.518514e-01 -1.463306e-01 -2.587299e-01
   endloop
 endfacet
 facet normal -3.743609e-01 -2.955056e-02 -9.268121e-01
   outer loop
     vertex -9.185289e-02 -1.731083e-01 -2.855924e-01
     vertex -1.323100e-01 -1.732234e-01 -2.692472e-01
     vertex -1.127821e-01 -1.463079e-01 -2.779932e-01
   endloop
 endfacet
 facet normal -2.375301e-01 -2.830144e-02 -9.709678e-01
   outer loop
     vertex -5.036564e-02 -1.730952e-01 -2.957420e-01
     vertex -9.185289e-02 -1.731083e-01 -2.855924e-01
     vertex -7.171780e-02 -1.462332e-01 -2.913015e-01
   endloop
 endfacet
 facet normal -9.759492e-02 -2.802133e-02 -9.948317e-01
   outer loop
     vertex -8.067960e-03 -1.730932e-01 -2.998915e-01
     vertex -5.036564e-02 -1.730952e-01 -2.957420e-01
     vertex -2.956953e-02 -1.462164e-01 -2.985392e-01
   endloop
 endfacet
 facet normal  4.388474e-02 -2.795414e-02 -9.986454e-01
   outer loop
     vertex  3.434390e-02 -1.730952e-01 -2.980277e-01
     vertex -8.067960e-03 -1.730932e-01 -2.998915e-01
     vertex  1.304284e-02 -1.462089e-01 -2.997163e-01
   endloop
 endfacet
 facet normal  1.844742e-01 -2.802017e-02 -9.824378e-01
   outer loop
     vertex  7.610816e-02 -1.731007e-01 -2.901854e-01
     vertex  3.434390e-02 -1.730952e-01 -2.980277e-01
     vertex  5.537446e-02 -1.462227e-01 -2.948452e-01
   endloop
 endfacet
 facet normal  3.217317e-01 -2.829005e-02 -9.464082e-01
   outer loop
     vertex  1.165203e-01 -1.731044e-01 -2.764472e-01
     vertex  7.610816e-02 -1.731007e-01 -2.901854e-01
     vertex  9.671113e-02 -1.462475e-01 -2.839841e-01
   endloop
 endfacet
 facet normal  4.538519e-01 -2.928204e-02 -8.905959e-01
   outer loop
     vertex  1.552160e-01 -1.731681e-01 -2.567255e-01
     vertex  1.165203e-01 -1.731044e-01 -2.764472e-01
     vertex  1.364178e-01 -1.462745e-01 -2.671894e-01
   endloop
 endfacet
 facet normal  5.794499e-01 -3.102420e-02 -8.144172e-01
   outer loop
     vertex  1.916875e-01 -1.732730e-01 -2.307724e-01
     vertex  1.552160e-01 -1.731681e-01 -2.567255e-01
     vertex  1.736438e-01 -1.462912e-01 -2.446382e-01
   endloop
 endfacet
 facet normal  6.938858e-01 -3.031672e-02 -7.194466e-01
   outer loop
     vertex  2.236445e-01 -1.731056e-01 -1.999578e-01
     vertex  1.916875e-01 -1.732730e-01 -2.307724e-01
     vertex  2.071169e-01 -1.462166e-01 -2.170313e-01
   endloop
 endfacet
 facet normal  7.921134e-01 -2.963971e-02 -6.096538e-01
   outer loop
     vertex  2.505448e-01 -1.731001e-01 -1.650070e-01
     vertex  2.236445e-01 -1.731056e-01 -1.999578e-01
     vertex  2.358699e-01 -1.462536e-01 -1.853791e-01
   endloop
 endfacet
 facet normal  8.755495e-01 -3.271708e-02 -4.820194e-01
   outer loop
     vertex  2.732037e-01 -1.718405e-01 -1.239344e-01
     vertex  2.505448e-01 -1.731001e-01 -1.650070e-01
     vertex  2.601395e-01 -1.459220e-01 -1.494236e-01
   endloop
 endfacet
 facet normal  9.390756e-01 -2.861551e-02 -3.425173e-01
   outer loop
     vertex  2.888907e-01 -1.723425e-01 -8.088351e-02
     vertex  2.732037e-01 -1.718405e-01 -1.239344e-01
     vertex  2.812695e-01 -1.416467e-01 -1.043430e-01
   endloop
 endfacet
 facet normal  9.641677e-01  3.881519e-02 -2.624387e-01
   outer loop
     vertex  2.948302e-01 -1.479436e-01 -5.545390e-02
     vertex  2.888907e-01 -1.723425e-01 -8.088351e-02
     vertex  2.812695e-01 -1.416467e-01 -1.043430e-01
   endloop
 endfacet
 facet normal  9.035941e-01  3.561913e-02 -4.269062e-01
   outer loop
     vertex  2.732037e-01 -1.718405e-01 -1.239344e-01
     vertex  2.601395e-01 -1.459220e-01 -1.494236e-01
     vertex  2.812695e-01 -1.416467e-01 -1.043430e-01
   endloop
 endfacet
 facet normal  9.461964e-01  2.584311e-02  3.225592e-01
   outer loop
     vertex  2.899988e-01  1.719263e-01  7.681597e-02
     vertex  2.765322e-01  1.719347e-01  1.163183e-01
     vertex  2.839816e-01  1.438237e-01  9.671840e-02
   endloop
 endfacet
 facet normal  8.900523e-01  2.857150e-02  4.549622e-01
   outer loop
     vertex  2.765322e-01  1.719347e-01  1.163183e-01
     vertex  2.562505e-01  1.718843e-01  1.559991e-01
     vertex  2.669821e-01  1.429258e-01  1.368230e-01
   endloop
 endfacet
 facet normal  8.140951e-01  2.857310e-02  5.800282e-01
   outer loop
     vertex  2.562505e-01  1.718843e-01  1.559991e-01
     vertex  2.309865e-01  1.724665e-01  1.914295e-01
     vertex  2.437895e-01  1.445864e-01  1.748333e-01
   endloop
 endfacet
 facet normal  7.224141e-01  2.800571e-02  6.908933e-01
   outer loop
     vertex  2.309865e-01  1.724665e-01  1.914295e-01
     vertex  2.014319e-01  1.728286e-01  2.223178e-01
     vertex  2.162254e-01  1.454754e-01  2.079581e-01
   endloop
 endfacet
 facet normal  6.158517e-01  2.922332e-02  7.873199e-01
   outer loop
     vertex  2.014319e-01  1.728286e-01  2.223178e-01
     vertex  1.671747e-01  1.731132e-01  2.491036e-01
     vertex  1.842668e-01  1.460139e-01  2.367398e-01
   endloop
 endfacet
 facet normal  4.933894e-01  3.131762e-02  8.692446e-01
   outer loop
     vertex  1.671747e-01  1.731132e-01  2.491036e-01
     vertex  1.281076e-01  1.732936e-01  2.712719e-01
     vertex  1.479025e-01  1.463370e-01  2.610074e-01
   endloop
 endfacet
 facet normal  3.588396e-01  3.044031e-02  9.329027e-01
   outer loop
     vertex  1.281076e-01  1.732936e-01  2.712719e-01
     vertex  8.678114e-02  1.731048e-01  2.871742e-01
     vertex  1.082382e-01  1.463542e-01  2.797937e-01
   endloop
 endfacet
 facet normal  2.204424e-01  2.817675e-02  9.749929e-01
   outer loop
     vertex  8.678114e-02  1.731048e-01  2.871742e-01
     vertex  4.521212e-02  1.730802e-01  2.965735e-01
     vertex  6.680111e-02  1.462356e-01  2.924681e-01
   endloop
 endfacet
 facet normal  8.066579e-02  2.769808e-02  9.963563e-01
   outer loop
     vertex  4.521212e-02  1.730802e-01  2.965735e-01
     vertex  3.088516e-03  1.730729e-01  2.999841e-01
     vertex  2.460140e-02  1.461952e-01  2.989896e-01
   endloop
 endfacet
 facet normal -6.000431e-02  2.758406e-02  9.978169e-01
   outer loop
     vertex  3.088516e-03  1.730729e-01  2.999841e-01
     vertex -3.901268e-02  1.730651e-01  2.974525e-01
     vertex -1.784367e-02  1.461764e-01  2.994689e-01
   endloop
 endfacet
 facet normal -1.994579e-01  2.766697e-02  9.795157e-01
   outer loop
     vertex -3.901268e-02  1.730651e-01  2.974525e-01
     vertex -8.040674e-02  1.730546e-01  2.890238e-01
     vertex -5.991256e-02  1.461620e-01  2.939566e-01
   endloop
 endfacet
 facet normal -3.355540e-01  2.807999e-02  9.416024e-01
   outer loop
     vertex -8.040674e-02  1.730546e-01  2.890238e-01
     vertex -1.205014e-01  1.730647e-01  2.747352e-01
     vertex -1.009841e-01  1.461578e-01  2.824928e-01
   endloop
 endfacet
 facet normal -4.660722e-01  2.864158e-02  8.842830e-01
   outer loop
     vertex -1.205014e-01  1.730647e-01  2.747352e-01
     vertex -1.585337e-01  1.730535e-01  2.546902e-01
     vertex -1.403944e-01  1.461675e-01  2.651215e-01
   endloop
 endfacet
 facet normal -5.897215e-01  3.085702e-02  8.070170e-01
   outer loop
     vertex -1.585337e-01  1.730535e-01  2.546902e-01
     vertex -1.945526e-01  1.732475e-01  2.283622e-01
     vertex -1.775278e-01  1.462706e-01  2.418344e-01
   endloop
 endfacet
 facet normal -7.044664e-01  3.266900e-02  7.089850e-01
   outer loop
     vertex -1.945526e-01  1.732475e-01  2.283622e-01
     vertex -2.271078e-01  1.732266e-01  1.960155e-01
     vertex -2.114330e-01  1.463499e-01  2.128287e-01
   endloop
 endfacet
 facet normal -8.031170e-01  3.070063e-02  5.950299e-01
   outer loop
     vertex -2.271078e-01  1.732266e-01  1.960155e-01
     vertex -2.536123e-01  1.730280e-01  1.602524e-01
     vertex -2.406548e-01  1.462339e-01  1.791235e-01
   endloop
 endfacet
 facet normal -8.810593e-01  2.851967e-02  4.721453e-01
   outer loop
     vertex -2.536123e-01  1.730280e-01  1.602524e-01
     vertex -2.738807e-01  1.730088e-01  1.224311e-01
     vertex -2.641985e-01  1.461079e-01  1.421237e-01
   endloop
 endfacet
 facet normal -9.393042e-01  2.830342e-02  3.419160e-01
   outer loop
     vertex -2.738807e-01  1.730088e-01  1.224311e-01
     vertex -2.884986e-01  1.730311e-01  8.227112e-02
     vertex -2.819071e-01  1.461077e-01  1.026078e-01
   endloop
 endfacet
 facet normal -9.785808e-01  2.935750e-02  2.037592e-01
   outer loop
     vertex -2.884986e-01  1.730311e-01  8.227112e-02
     vertex -2.973664e-01  1.731605e-01  3.966375e-02
     vertex -2.937547e-01  1.461943e-01  6.089463e-02
   endloop
 endfacet
 facet normal -9.977853e-01  2.967380e-02  5.953066e-02
   outer loop
     vertex -2.973664e-01  1.731605e-01  3.966375e-02
     vertex -2.999734e-01  1.730804e-01 -3.992200e-03
     vertex -2.994792e-01  1.462423e-01  1.767004e-02
   endloop
 endfacet
 facet normal -9.957624e-01  3.034479e-02 -8.681262e-02
   outer loop
     vertex -2.999734e-01  1.730804e-01 -3.992200e-03
     vertex -2.961280e-01  1.732420e-01 -4.804376e-02
     vertex -2.988586e-01  1.462886e-01 -2.614447e-02
   endloop
 endfacet
 facet normal -9.721984e-01  3.010061e-02 -2.322161e-01
   outer loop
     vertex -2.961280e-01  1.732420e-01 -4.804376e-02
     vertex -2.858980e-01  1.730524e-01 -9.089734e-02
     vertex -2.918654e-01  1.462592e-01 -6.938719e-02
   endloop
 endfacet
 facet normal -9.286154e-01  2.829825e-02 -3.699631e-01
   outer loop
     vertex -2.858980e-01  1.730524e-01 -9.089734e-02
     vertex -2.700839e-01  1.730200e-01 -1.305936e-01
     vertex -2.787882e-01  1.461320e-01 -1.108023e-01
   endloop
 endfacet
 facet normal -8.667352e-01  2.814746e-02 -4.979738e-01
   outer loop
     vertex -2.700839e-01  1.730200e-01 -1.305936e-01
     vertex -2.488478e-01  1.730245e-01 -1.675553e-01
     vertex -2.600490e-01  1.461012e-01 -1.495811e-01
   endloop
 endfacet
 facet normal -7.866670e-01  2.912283e-02 -6.166903e-01
   outer loop
     vertex -2.488478e-01  1.730245e-01 -1.675553e-01
     vertex -2.220917e-01  1.731295e-01 -2.016811e-01
     vertex -2.358624e-01  1.461575e-01 -1.853886e-01
   endloop
 endfacet
 facet normal -6.886435e-01  3.007228e-02 -7.244762e-01
   outer loop
     vertex -2.220917e-01  1.731295e-01 -2.016811e-01
     vertex -1.901610e-01  1.731449e-01 -2.320319e-01
     vertex -2.065323e-01  1.462256e-01 -2.175877e-01
   endloop
 endfacet
 facet normal -5.755264e-01  2.966234e-02 -8.172451e-01
   outer loop
     vertex -1.901610e-01  1.731449e-01 -2.320319e-01
     vertex -1.544019e-01  1.731021e-01 -2.572160e-01
     vertex -1.727619e-01  1.462284e-01 -2.452618e-01
   endloop
 endfacet
 facet normal -4.510278e-01  2.931458e-02 -8.920284e-01
   outer loop
     vertex -1.544019e-01  1.731021e-01 -2.572160e-01
     vertex -1.156017e-01  1.731513e-01 -2.768325e-01
     vertex -1.354933e-01  1.462364e-01 -2.676594e-01
   endloop
 endfacet
 facet normal -3.179919e-01  2.871555e-02 -9.476585e-01
   outer loop
     vertex -1.156017e-01  1.731513e-01 -2.768325e-01
     vertex -7.480885e-02  1.730770e-01 -2.905230e-01
     vertex -9.568138e-02  1.462291e-01 -2.843327e-01
   endloop
 endfacet
 facet normal -1.803564e-01  2.778402e-02 -9.832088e-01
   outer loop
     vertex -7.480885e-02  1.730770e-01 -2.905230e-01
     vertex -3.317863e-02  1.730730e-01 -2.981597e-01
     vertex -5.428164e-02  1.461885e-01 -2.950483e-01
   endloop
 endfacet
 facet normal -4.042928e-02  2.759987e-02 -9.988011e-01
   outer loop
     vertex -3.317863e-02  1.730730e-01 -2.981597e-01
     vertex  8.971260e-03  1.730714e-01 -2.998658e-01
     vertex -1.208636e-02  1.461844e-01 -2.997564e-01
   endloop
 endfacet
 facet normal  1.001444e-01  2.765203e-02 -9.945886e-01
   outer loop
     vertex  8.971260e-03  1.730714e-01 -2.998658e-01
     vertex  5.098478e-02  1.730597e-01 -2.956358e-01
     vertex  3.031670e-02  1.461796e-01 -2.984642e-01
   endloop
 endfacet
 facet normal  2.392325e-01  2.798737e-02 -9.705589e-01
   outer loop
     vertex  5.098478e-02  1.730597e-01 -2.956358e-01
     vertex  9.223835e-02  1.730281e-01 -2.854682e-01
     vertex  7.228073e-02  1.461596e-01 -2.911623e-01
   endloop
 endfacet
 facet normal  3.754162e-01  2.923775e-02 -9.263951e-01
   outer loop
     vertex  9.223835e-02  1.730281e-01 -2.854682e-01
     vertex  1.325081e-01  1.730066e-01 -2.691498e-01
     vertex  1.133544e-01  1.461193e-01 -2.777603e-01
   endloop
 endfacet
 facet normal  5.078326e-01  3.149148e-02 -8.608800e-01
   outer loop
     vertex  1.325081e-01  1.730066e-01 -2.691498e-01
     vertex  1.714410e-01  1.729082e-01 -2.461869e-01
     vertex  1.528949e-01  1.459160e-01 -2.581146e-01
   endloop
 endfacet
 facet normal  6.314143e-01  3.095847e-02 -7.748274e-01
   outer loop
     vertex  1.714410e-01  1.729082e-01 -2.461869e-01
     vertex  2.063863e-01  1.724935e-01 -2.177262e-01
     vertex  1.897810e-01  1.453438e-01 -2.323428e-01
   endloop
 endfacet
 facet normal  7.396478e-01  3.005212e-02 -6.723229e-01
   outer loop
     vertex  2.063863e-01  1.724935e-01 -2.177262e-01
     vertex  2.364222e-01  1.726814e-01 -1.846742e-01
     vertex  2.225757e-01  1.449484e-01 -2.011469e-01
   endloop
 endfacet
 facet normal  8.310266e-01  3.015950e-02 -5.554144e-01
   outer loop
     vertex  2.364222e-01  1.726814e-01 -1.846742e-01
     vertex  2.612115e-01  1.734547e-01 -1.475418e-01
     vertex  2.502659e-01  1.456309e-01 -1.654296e-01
   endloop
 endfacet
 facet normal  9.038302e-01  3.160956e-02 -4.267221e-01
   outer loop
     vertex  2.612115e-01  1.734547e-01 -1.475418e-01
     vertex  2.801733e-01  1.751754e-01 -1.072516e-01
     vertex  2.718743e-01  1.482493e-01 -1.268242e-01
   endloop
 endfacet
 facet normal  9.592315e-01  4.218386e-02 -2.794558e-01
   outer loop
     vertex  2.801733e-01  1.751754e-01 -1.072516e-01
     vertex  2.939706e-01  1.754974e-01 -5.984393e-02
     vertex  2.870261e-01  1.517217e-01 -8.726981e-02
   endloop
 endfacet
 facet normal  9.726043e-01 -1.661062e-02 -2.318726e-01
   outer loop
     vertex  2.870261e-01  1.517217e-01 -8.726981e-02
     vertex  2.939706e-01  1.754974e-01 -5.984393e-02
     vertex  2.955836e-01  1.504922e-01 -5.128658e-02
   endloop
 endfacet
 facet normal  9.342868e-01 -2.970673e-02 -3.552826e-01
   outer loop
     vertex  2.718743e-01  1.482493e-01 -1.268242e-01
     vertex  2.801733e-01  1.751754e-01 -1.072516e-01
     vertex  2.870261e-01  1.517217e-01 -8.726981e-02
   endloop
 endfacet
 facet normal  8.730837e-01 -3.062060e-02 -4.866080e-01
   outer loop
     vertex  2.502659e-01  1.456309e-01 -1.654296e-01
     vertex  2.612115e-01  1.734547e-01 -1.475418e-01
     vertex  2.718743e-01  1.482493e-01 -1.268242e-01
   endloop
 endfacet
 facet normal  7.902214e-01 -3.100648e-02 -6.120366e-01
   outer loop
     vertex  2.225757e-01  1.449484e-01 -2.011469e-01
     vertex  2.364222e-01  1.726814e-01 -1.846742e-01
     vertex  2.502659e-01  1.456309e-01 -1.654296e-01
   endloop
 endfacet
 facet normal  6.886911e-01 -3.123156e-02 -7.243819e-01
   outer loop
     vertex  1.897810e-01  1.453438e-01 -2.323428e-01
     vertex  2.063863e-01  1.724935e-01 -2.177262e-01
     vertex  2.225757e-01  1.449484e-01 -2.011469e-01
   endloop
 endfacet
 facet normal  5.721423e-01 -3.094992e-02 -8.195702e-01
   outer loop
     vertex  1.528949e-01  1.459160e-01 -2.581146e-01
     vertex  1.714410e-01  1.729082e-01 -2.461869e-01
     vertex  1.897810e-01  1.453438e-01 -2.323428e-01
   endloop
 endfacet
 facet normal  4.446304e-01 -3.005496e-02 -8.952098e-01
   outer loop
     vertex  1.133544e-01  1.461193e-01 -2.777603e-01
     vertex  1.325081e-01  1.730066e-01 -2.691498e-01
     vertex  1.528949e-01  1.459160e-01 -2.581146e-01
   endloop
 endfacet
 facet normal  3.100420e-01 -2.890611e-02 -9.502833e-01
   outer loop
     vertex  7.228073e-02  1.461596e-01 -2.911623e-01
     vertex  9.223835e-02  1.730281e-01 -2.854682e-01
     vertex  1.133544e-01  1.461193e-01 -2.777603e-01
   endloop
 endfacet
 facet normal  1.713474e-01 -2.812488e-02 -9.848092e-01
   outer loop
     vertex  3.031670e-02  1.461796e-01 -2.984642e-01
     vertex  5.098478e-02  1.730597e-01 -2.956358e-01
     vertex  7.228073e-02  1.461596e-01 -2.911623e-01
   endloop
 endfacet
 facet normal  3.044515e-02 -2.790955e-02 -9.991467e-01
   outer loop
     vertex -1.208636e-02  1.461844e-01 -2.997564e-01
     vertex  8.971260e-03  1.730714e-01 -2.998658e-01
     vertex  3.031670e-02  1.461796e-01 -2.984642e-01
   endloop
 endfacet
 facet normal -1.108506e-01 -2.795900e-02 -9.934437e-01
   outer loop
     vertex -5.428164e-02  1.461885e-01 -2.950483e-01
     vertex -3.317863e-02  1.730730e-01 -2.981597e-01
     vertex -1.208636e-02  1.461844e-01 -2.997564e-01
   endloop
 endfacet
 facet normal -2.505008e-01 -2.837568e-02 -9.677004e-01
   outer loop
     vertex -9.568138e-02  1.462291e-01 -2.843327e-01
     vertex -7.480885e-02  1.730770e-01 -2.905230e-01
     vertex -5.428164e-02  1.461885e-01 -2.950483e-01
   endloop
 endfacet
 facet normal -3.861355e-01 -2.885616e-02 -9.219906e-01
   outer loop
     vertex -1.354933e-01  1.462364e-01 -2.676594e-01
     vertex -1.156017e-01  1.731513e-01 -2.768325e-01
     vertex -9.568138e-02  1.462291e-01 -2.843327e-01
   endloop
 endfacet
 facet normal -5.148865e-01 -2.934200e-02 -8.567561e-01
   outer loop
     vertex -1.727619e-01  1.462284e-01 -2.452618e-01
     vertex -1.544019e-01  1.731021e-01 -2.572160e-01
     vertex -1.354933e-01  1.462364e-01 -2.676594e-01
   endloop
 endfacet
 facet normal -6.335594e-01 -2.953418e-02 -7.731301e-01
   outer loop
     vertex -2.065323e-01  1.462256e-01 -2.175877e-01
     vertex -1.901610e-01  1.731449e-01 -2.320319e-01
     vertex -1.727619e-01  1.462284e-01 -2.452618e-01
   endloop
 endfacet
 facet normal -7.389254e-01 -2.935501e-02 -6.731475e-01
   outer loop
     vertex -2.358624e-01  1.461575e-01 -1.853886e-01
     vertex -2.220917e-01  1.731295e-01 -2.016811e-01
     vertex -2.065323e-01  1.462256e-01 -2.175877e-01
   endloop
 endfacet
 facet normal -8.283027e-01 -2.893937e-02 -5.595330e-01
   outer loop
     vertex -2.600490e-01  1.461012e-01 -1.495811e-01
     vertex -2.488478e-01  1.730245e-01 -1.675553e-01
     vertex -2.358624e-01  1.461575e-01 -1.853886e-01
   endloop
 endfacet
 facet normal -9.000213e-01 -2.875346e-02 -4.348964e-01
   outer loop
     vertex -2.787882e-01  1.461320e-01 -1.108023e-01
     vertex -2.700839e-01  1.730200e-01 -1.305936e-01
     vertex -2.600490e-01  1.461012e-01 -1.495811e-01
   endloop
 endfacet
 facet normal -9.532081e-01 -2.926571e-02 -3.008949e-01
   outer loop
     vertex -2.918654e-01  1.462592e-01 -6.938719e-02
     vertex -2.858980e-01  1.730524e-01 -9.089734e-02
     vertex -2.787882e-01  1.461320e-01 -1.108023e-01
   endloop
 endfacet
 facet normal -9.867429e-01 -2.967179e-02 -1.595555e-01
   outer loop
     vertex -2.988586e-01  1.462886e-01 -2.614447e-02
     vertex -2.961280e-01  1.732420e-01 -4.804376e-02
     vertex -2.918654e-01  1.462592e-01 -6.938719e-02
   endloop
 endfacet
 facet normal -9.994535e-01 -2.985775e-02 -1.418715e-02
   outer loop
     vertex -2.994792e-01  1.462423e-01  1.767004e-02
     vertex -2.999734e-01  1.730804e-01 -3.992200e-03
     vertex -2.988586e-01  1.462886e-01 -2.614447e-02
   endloop
 endfacet
 facet normal -9.909193e-01 -2.942240e-02  1.311993e-01
   outer loop
     vertex -2.937547e-01  1.461943e-01  6.089463e-02
     vertex -2.973664e-01  1.731605e-01  3.966375e-02
     vertex -2.994792e-01  1.462423e-01  1.767004e-02
   endloop
 endfacet
 facet normal -9.615586e-01 -2.916612e-02  2.730464e-01
   outer loop
     vertex -2.819071e-01  1.461077e-01  1.026078e-01
     vertex -2.884986e-01  1.730311e-01  8.227112e-02
     vertex -2.937547e-01  1.461943e-01  6.089463e-02
   endloop
 endfacet
 facet normal -9.121702e-01 -2.906405e-02  4.087798e-01
   outer loop
     vertex -2.641985e-01  1.461079e-01  1.421237e-01
     vertex -2.738807e-01  1.730088e-01  1.224311e-01
     vertex -2.819071e-01  1.461077e-01  1.026078e-01
   endloop
 endfacet
 facet normal -8.432581e-01 -2.980602e-02  5.366818e-01
   outer loop
     vertex -2.406548e-01  1.462339e-01  1.791235e-01
     vertex -2.536123e-01  1.730280e-01  1.602524e-01
     vertex -2.641985e-01  1.461079e-01  1.421237e-01
   endloop
 endfacet
 facet normal -7.551605e-01 -3.078211e-02  6.548169e-01
   outer loop
     vertex -2.114330e-01  1.463499e-01  2.128287e-01
     vertex -2.271078e-01  1.732266e-01  1.960155e-01
     vertex -2.406548e-01  1.462339e-01  1.791235e-01
   endloop
 endfacet
 facet normal -6.498013e-01 -3.079865e-02  7.594799e-01
   outer loop
     vertex -1.775278e-01  1.462706e-01  2.418344e-01
     vertex -1.945526e-01  1.732475e-01  2.283622e-01
     vertex -2.114330e-01  1.463499e-01  2.128287e-01
   endloop
 endfacet
 facet normal -5.311134e-01 -2.979202e-02  8.467768e-01
   outer loop
     vertex -1.403944e-01  1.461675e-01  2.651215e-01
     vertex -1.585337e-01  1.730535e-01  2.546902e-01
     vertex -1.775278e-01  1.462706e-01  2.418344e-01
   endloop
 endfacet
 facet normal -4.031774e-01 -2.873634e-02  9.146706e-01
   outer loop
     vertex -1.009841e-01  1.461578e-01  2.824928e-01
     vertex -1.205014e-01  1.730647e-01  2.747352e-01
     vertex -1.403944e-01  1.461675e-01  2.651215e-01
   endloop
 endfacet
 facet normal -2.687314e-01 -2.819048e-02  9.628025e-01
   outer loop
     vertex -5.991256e-02  1.461620e-01  2.939566e-01
     vertex -8.040674e-02  1.730546e-01  2.890238e-01
     vertex -1.009841e-01  1.461578e-01  2.824928e-01
   endloop
 endfacet
 facet normal -1.298590e-01 -2.791199e-02  9.911395e-01
   outer loop
     vertex -1.784367e-02  1.461764e-01  2.994689e-01
     vertex -3.901268e-02  1.730651e-01  2.974525e-01
     vertex -5.991256e-02  1.461620e-01  2.939566e-01
   endloop
 endfacet
 facet normal  1.129915e-02 -2.794100e-02  9.995457e-01
   outer loop
     vertex  2.460140e-02  1.461952e-01  2.989896e-01
     vertex  3.088516e-03  1.730729e-01  2.999841e-01
     vertex -1.784367e-02  1.461764e-01  2.994689e-01
   endloop
 endfacet
 facet normal  1.526901e-01 -2.828042e-02  9.878694e-01
   outer loop
     vertex  6.680111e-02  1.462356e-01  2.924681e-01
     vertex  4.521212e-02  1.730802e-01  2.965735e-01
     vertex  2.460140e-02  1.461952e-01  2.989896e-01
   endloop
 endfacet
 facet normal  2.924479e-01 -2.914106e-02  9.558373e-01
   outer loop
     vertex  1.082382e-01  1.463542e-01  2.797937e-01
     vertex  8.678114e-02  1.731048e-01  2.871742e-01
     vertex  6.680111e-02  1.462356e-01  2.924681e-01
   endloop
 endfacet
 facet normal  4.278471e-01 -2.980218e-02  9.033597e-01
   outer loop
     vertex  1.479025e-01  1.463370e-01  2.610074e-01
     vertex  1.281076e-01  1.732936e-01  2.712719e-01
     vertex  1.082382e-01  1.463542e-01  2.797937e-01
   endloop
 endfacet
 facet normal  9.923226e-01 -2.074049e-02 -1.219253e-01
   outer loop
     vertex  2.968920e-01 -1.220911e-01 -4.307127e-02
     vertex  2.991725e-01 -1.352810e-01 -2.226756e-02
     vertex  2.948302e-01 -1.479436e-01 -5.545390e-02
   endloop
 endfacet
 facet normal  9.205720e-01 -2.768367e-02  3.895905e-01
   outer loop
     vertex  2.839816e-01  1.438237e-01  9.671840e-02
     vertex  2.765322e-01  1.719347e-01  1.163183e-01
     vertex  2.669821e-01  1.429258e-01  1.368230e-01
   endloop
 endfacet
 facet normal  9.014273e-01  3.297730e-02  4.316726e-01
   outer loop
     vertex  2.711246e-01 -1.722097e-01  1.284191e-01
     vertex  2.799263e-01 -1.441385e-01  1.078946e-01
     vertex  2.595591e-01 -1.441878e-01  1.504296e-01
   endloop
 endfacet
 facet normal  5.546670e-01 -2.954574e-02  8.315477e-01
   outer loop
     vertex  1.842668e-01  1.460139e-01  2.367398e-01
     vertex  1.671747e-01  1.731132e-01  2.491036e-01
     vertex  1.479025e-01  1.463370e-01  2.610074e-01
   endloop
 endfacet
 facet normal  9.993339e-01 -4.051544e-18 -3.649307e-02
   outer loop
     vertex  3.000000e-01  1.818728e-01 -7.146628e-17
     vertex  3.000000e-01  1.728092e-01 -7.046002e-17
     vertex  2.992010e-01  1.829270e-01 -2.188125e-02
   endloop
 endfacet
 facet normal  9.992324e-01 -4.349315e-18 -3.917515e-02
   outer loop
     vertex  3.000000e-01  1.637456e-01 -6.945376e-17
     vertex  2.990792e-01  1.637903e-01 -2.348705e-02
     vertex  3.000000e-01  1.728092e-01 -7.046002e-17
   endloop
 endfacet
 facet normal  9.992324e-01 -4.349315e-18 -3.917515e-02
   outer loop
     vertex  3.000000e-01  1.637456e-01 -6.945376e-17
     vertex  3.000000e-01  1.546820e-01 -6.844750e-17
     vertex  2.990792e-01  1.637903e-01 -2.348705e-02
   endloop
 endfacet
 facet normal  9.993427e-01 -4.024633e-18 -3.625067e-02
   outer loop
     vertex  3.000000e-01  1.456184e-01 -6.744123e-17
     vertex  2.992115e-01  1.450181e-01 -2.173611e-02
     vertex  3.000000e-01  1.546820e-01 -6.844750e-17
   endloop
 endfacet
 facet normal  9.993427e-01 -4.024633e-18 -3.625067e-02
   outer loop
     vertex  3.000000e-01  1.456184e-01 -6.744123e-17
     vertex  3.000000e-01  1.365547e-01 -6.643497e-17
     vertex  2.992115e-01  1.450181e-01 -2.173611e-02
   endloop
 endfacet
 facet normal  9.995493e-01 -3.332949e-18 -3.002054e-02
   outer loop
     vertex  3.000000e-01  1.274911e-01 -6.542871e-17
     vertex  2.994593e-01  1.276069e-01 -1.800420e-02
     vertex  3.000000e-01  1.365547e-01 -6.643497e-17
   endloop
 endfacet
 facet normal  9.995493e-01 -3.332949e-18 -3.002054e-02
   outer loop
     vertex  3.000000e-01  1.274911e-01 -6.542871e-17
     vertex  3.000000e-01  1.184275e-01 -6.442245e-17
     vertex  2.994593e-01  1.276069e-01 -1.800420e-02
   endloop
 endfacet
 facet normal  9.993512e-01 -3.998634e-18 -3.601649e-02
   outer loop
     vertex  3.000000e-01  1.184275e-01 -6.442245e-17
     vertex  3.000000e-01  1.093639e-01 -6.341618e-17
     vertex  2.992217e-01  1.110414e-01 -2.159588e-02
   endloop
 endfacet
 facet normal  9.993512e-01 -3.998634e-18 -3.601649e-02
   outer loop
     vertex  3.000000e-01  1.093639e-01 -6.341618e-17
     vertex  3.000000e-01  1.003003e-01 -6.240992e-17
     vertex  2.992217e-01  1.110414e-01 -2.159588e-02
   endloop
 endfacet
 facet normal  9.992211e-01 -4.380981e-18 -3.946037e-02
   outer loop
     vertex  3.000000e-01  1.003003e-01 -6.240992e-17
     vertex  3.000000e-01  9.123671e-02 -6.140366e-17
     vertex  2.990657e-01  9.430491e-02 -2.365778e-02
   endloop
 endfacet
 facet normal  9.992211e-01 -4.380981e-18 -3.946037e-02
   outer loop
     vertex  3.000000e-01  9.123671e-02 -6.140366e-17
     vertex  3.000000e-01  8.217311e-02 -6.039739e-17
     vertex  2.990657e-01  9.430491e-02 -2.365778e-02
   endloop
 endfacet
 facet normal  9.988312e-01 -5.366138e-18 -4.833387e-02
   outer loop
     vertex  3.000000e-01  8.217311e-02 -6.039739e-17
     vertex  3.000000e-01  7.310950e-02 -5.939113e-17
     vertex  2.985983e-01  7.918455e-02 -2.896643e-02
   endloop
 endfacet
 facet normal  9.995219e-01 -3.432556e-18 -3.091771e-02
   outer loop
     vertex  3.000000e-01  7.310950e-02 -5.939113e-17
     vertex  3.000000e-01  6.404589e-02 -5.838487e-17
     vertex  2.994265e-01  6.505801e-02 -1.854176e-02
   endloop
 endfacet
 facet normal  9.993285e-01 -8.640955e-03 -3.560728e-02
   outer loop
     vertex  2.991767e-01  5.128862e-02 -2.221098e-02
     vertex  2.994265e-01  6.505801e-02 -1.854176e-02
     vertex  3.000000e-01  5.498228e-02 -5.737861e-17
   endloop
 endfacet
 facet normal  9.993136e-01 -4.112679e-18 -3.704372e-02
   outer loop
     vertex  3.000000e-01  5.498228e-02 -5.737861e-17
     vertex  3.000000e-01  4.591868e-02 -5.637234e-17
     vertex  2.991767e-01  5.128862e-02 -2.221098e-02
   endloop
 endfacet
 facet normal  9.994048e-01 -3.829837e-18 -3.449611e-02
   outer loop
     vertex  3.000000e-01  4.591868e-02 -5.637234e-17
     vertex  3.000000e-01  3.685507e-02 -5.536608e-17
     vertex  2.992860e-01  3.549456e-02 -2.068535e-02
   endloop
 endfacet
 facet normal  9.994167e-01  9.621241e-04 -3.413823e-02
   outer loop
     vertex  2.993209e-01  1.737977e-02 -2.017393e-02
     vertex  2.992860e-01  3.549456e-02 -2.068535e-02
     vertex  3.000000e-01  2.779146e-02 -5.435982e-17
   endloop
 endfacet
 facet normal  9.994339e-01 -3.735041e-18 -3.364226e-02
   outer loop
     vertex  3.000000e-01  2.779146e-02 -5.435982e-17
     vertex  3.000000e-01  1.872786e-02 -5.335356e-17
     vertex  2.993209e-01  1.737977e-02 -2.017393e-02
   endloop
 endfacet
 facet normal  9.993859e-01 -3.263563e-03 -3.488879e-02
   outer loop
     vertex  3.000000e-01  9.664249e-03 -5.234729e-17
     vertex  2.991788e-01 -4.677403e-03 -2.218251e-02
     vertex  2.993209e-01  1.737977e-02 -2.017393e-02
   endloop
 endfacet
 facet normal  9.993154e-01 -4.107400e-18 -3.699617e-02
   outer loop
     vertex  3.000000e-01  6.006416e-04 -5.134103e-17
     vertex  2.991788e-01 -4.677403e-03 -2.218251e-02
     vertex  3.000000e-01  9.664249e-03 -5.234729e-17
   endloop
 endfacet
 facet normal  9.993154e-01 -4.107400e-18 -3.699617e-02
   outer loop
     vertex  3.000000e-01  6.006416e-04 -5.134103e-17
     vertex  3.000000e-01 -8.462966e-03 -5.033477e-17
     vertex  2.991788e-01 -4.677403e-03 -2.218251e-02
   endloop
 endfacet
 facet normal  7.415404e-01 -1.544854e-02  6.707304e-01
   outer loop
     vertex  2.116247e-01 -1.406135e-02  2.126382e-01
     vertex  2.328987e-01 -1.492352e-02  1.890983e-01
     vertex  2.251988e-01  1.088968e-02  1.982057e-01
   endloop
 endfacet
 facet normal  9.995187e-01 -3.444059e-18 -3.102133e-02
   outer loop
     vertex  3.000000e-01 -1.752657e-02 -4.932851e-17
     vertex  3.000000e-01 -2.659018e-02 -4.832224e-17
     vertex  2.994226e-01 -2.622270e-02 -1.860384e-02
   endloop
 endfacet
 facet normal  9.994622e-01 -3.190052e-03 -3.263675e-02
   outer loop
     vertex  3.000000e-01 -3.565379e-02 -4.731598e-17
     vertex  2.992914e-01 -4.684002e-02 -2.060774e-02
     vertex  2.994226e-01 -2.622270e-02 -1.860384e-02
   endloop
 endfacet
 facet normal  9.994093e-01 -3.815453e-18 -3.436654e-02
   outer loop
     vertex  3.000000e-01 -4.471739e-02 -4.630972e-17
     vertex  2.992914e-01 -4.684002e-02 -2.060774e-02
     vertex  3.000000e-01 -3.565379e-02 -4.731598e-17
   endloop
 endfacet
 facet normal  9.994093e-01 -3.815453e-18 -3.436654e-02
   outer loop
     vertex  3.000000e-01 -4.471739e-02 -4.630972e-17
     vertex  3.000000e-01 -5.378100e-02 -4.530346e-17
     vertex  2.992914e-01 -4.684002e-02 -2.060774e-02
   endloop
 endfacet
 facet normal  9.991852e-01 -6.949596e-03 -3.975610e-02
   outer loop
     vertex  2.990174e-01 -6.533172e-02 -2.426112e-02
     vertex  2.992914e-01 -4.684002e-02 -2.060774e-02
     vertex  3.000000e-01 -6.284461e-02 -4.429719e-17
   endloop
 endfacet
 facet normal  9.992357e-01  8.739082e-03 -3.810166e-02
   outer loop
     vertex  2.993078e-01 -8.156400e-02 -2.036722e-02
     vertex  2.990174e-01 -6.533172e-02 -2.426112e-02
     vertex  3.000000e-01 -7.190822e-02 -4.329093e-17
   endloop
 endfacet
 facet normal  9.994230e-01 -3.770868e-18 -3.396496e-02
   outer loop
     vertex  3.000000e-01 -7.190822e-02 -4.329093e-17
     vertex  3.000000e-01 -8.097182e-02 -4.228467e-17
     vertex  2.993078e-01 -8.156400e-02 -2.036722e-02
   endloop
 endfacet
 facet normal  9.989558e-01 -1.864991e-02 -4.170623e-02
   outer loop
     vertex  2.986621e-01 -9.840940e-02 -2.830108e-02
     vertex  2.993078e-01 -8.156400e-02 -2.036722e-02
     vertex  3.000000e-01 -9.003543e-02 -4.127841e-17
   endloop
 endfacet
 facet normal  9.988845e-01 -5.242601e-18 -4.722115e-02
   outer loop
     vertex  3.000000e-01 -9.003543e-02 -4.127841e-17
     vertex  3.000000e-01 -9.909904e-02 -4.027214e-17
     vertex  2.986621e-01 -9.840940e-02 -2.830108e-02
   endloop
 endfacet
 facet normal  9.994871e-01 -3.555459e-18 -3.202473e-02
   outer loop
     vertex  3.000000e-01 -1.081626e-01 -3.926588e-17
     vertex  2.993847e-01 -1.145264e-01 -1.920498e-02
     vertex  3.000000e-01 -9.909904e-02 -4.027214e-17
   endloop
 endfacet
 facet normal  9.994871e-01 -3.555459e-18 -3.202473e-02
   outer loop
     vertex  3.000000e-01 -1.081626e-01 -3.926588e-17
     vertex  3.000000e-01 -1.172263e-01 -3.825962e-17
     vertex  2.993847e-01 -1.145264e-01 -1.920498e-02
   endloop
 endfacet
 facet normal  9.993709e-01 -5.037369e-03 -3.510651e-02
   outer loop
     vertex  2.991725e-01 -1.352810e-01 -2.226756e-02
     vertex  2.993847e-01 -1.145264e-01 -1.920498e-02
     vertex  3.000000e-01 -1.262899e-01 -3.725336e-17
   endloop
 endfacet
 facet normal  9.993101e-01 -4.123170e-18 -3.713822e-02
   outer loop
     vertex  3.000000e-01 -1.262899e-01 -3.725336e-17
     vertex  3.000000e-01 -1.353535e-01 -3.624709e-17
     vertex  2.991725e-01 -1.352810e-01 -2.226756e-02
   endloop
 endfacet
 facet normal  9.992932e-01 -1.068672e-03 -3.757605e-02
   outer loop
     vertex  2.991290e-01 -1.556310e-01 -2.284336e-02
     vertex  2.991725e-01 -1.352810e-01 -2.226756e-02
     vertex  3.000000e-01 -1.444171e-01 -3.524083e-17
   endloop
 endfacet
 facet normal  9.992739e-01 -4.229942e-18 -3.809993e-02
   outer loop
     vertex  3.000000e-01 -1.444171e-01 -3.524083e-17
     vertex  3.000000e-01 -1.534807e-01 -3.423457e-17
     vertex  2.991290e-01 -1.556310e-01 -2.284336e-02
   endloop
 endfacet
 facet normal  9.993546e-01 -1.075776e-03  3.590501e-02
   outer loop
     vertex  3.000000e-01  1.637456e-01 -6.945376e-17
     vertex  2.992572e-01  1.778802e-01  2.109805e-02
     vertex  2.992016e-01  1.520826e-01  2.187218e-02
   endloop
 endfacet
 facet normal  9.994975e-01 -3.519321e-18 -3.169923e-02
   outer loop
     vertex  3.000000e-01 -1.806715e-01 -3.121578e-17
     vertex  3.000000e-01 -1.897351e-01 -3.020952e-17
     vertex  2.993971e-01 -1.764916e-01 -1.900998e-02
   endloop
 endfacet
 facet normal  9.598524e-01  3.836305e-02  2.778698e-01
   outer loop
     vertex  2.799263e-01 -1.441385e-01  1.078946e-01
     vertex  2.876238e-01 -1.729240e-01  8.527936e-02
     vertex  2.938986e-01 -1.482423e-01  6.019650e-02
   endloop
 endfacet
 facet normal  6.686736e-01 -2.842005e-02  7.430127e-01
   outer loop
     vertex  2.162254e-01  1.454754e-01  2.079581e-01
     vertex  2.014319e-01  1.728286e-01  2.223178e-01
     vertex  1.842668e-01  1.460139e-01  2.367398e-01
   endloop
 endfacet
 facet normal  7.679990e-01 -2.819363e-02  6.398302e-01
   outer loop
     vertex  2.437895e-01  1.445864e-01  1.748333e-01
     vertex  2.309865e-01  1.724665e-01  1.914295e-01
     vertex  2.162254e-01  1.454754e-01  2.079581e-01
   endloop
 endfacet
 facet normal  8.283982e-01  2.831072e-02 -5.594238e-01
   outer loop
     vertex  2.601395e-01 -1.459220e-01 -1.494236e-01
     vertex  2.505448e-01 -1.731001e-01 -1.650070e-01
     vertex  2.358699e-01 -1.462536e-01 -1.853791e-01
   endloop
 endfacet
 facet normal  7.399190e-01  2.803413e-02 -6.721116e-01
   outer loop
     vertex  2.358699e-01 -1.462536e-01 -1.853791e-01
     vertex  2.236445e-01 -1.731056e-01 -1.999578e-01
     vertex  2.071169e-01 -1.462166e-01 -2.170313e-01
   endloop
 endfacet
 facet normal  6.359611e-01  2.898788e-02 -7.711765e-01
   outer loop
     vertex  2.071169e-01 -1.462166e-01 -2.170313e-01
     vertex  1.916875e-01 -1.732730e-01 -2.307724e-01
     vertex  1.736438e-01 -1.462912e-01 -2.446382e-01
   endloop
 endfacet
 facet normal  5.179202e-01  2.937997e-02 -8.549242e-01
   outer loop
     vertex  1.736438e-01 -1.462912e-01 -2.446382e-01
     vertex  1.552160e-01 -1.731681e-01 -2.567255e-01
     vertex  1.364178e-01 -1.462745e-01 -2.671894e-01
   endloop
 endfacet
 facet normal  3.894094e-01  2.886692e-02 -9.206123e-01
   outer loop
     vertex  1.364178e-01 -1.462745e-01 -2.671894e-01
     vertex  1.165203e-01 -1.731044e-01 -2.764472e-01
     vertex  9.671113e-02 -1.462475e-01 -2.839841e-01
   endloop
 endfacet
 facet normal  2.540352e-01  2.835411e-02 -9.667793e-01
   outer loop
     vertex  9.671113e-02 -1.462475e-01 -2.839841e-01
     vertex  7.610816e-02 -1.731007e-01 -2.901854e-01
     vertex  5.537446e-02 -1.462227e-01 -2.948452e-01
   endloop
 endfacet
 facet normal  1.142812e-01  2.816994e-02 -9.930490e-01
   outer loop
     vertex  5.537446e-02 -1.462227e-01 -2.948452e-01
     vertex  3.434390e-02 -1.730952e-01 -2.980277e-01
     vertex  1.304284e-02 -1.462089e-01 -2.997163e-01
   endloop
 endfacet
 facet normal -2.760825e-02  2.818940e-02 -9.992213e-01
   outer loop
     vertex  1.304284e-02 -1.462089e-01 -2.997163e-01
     vertex -8.067960e-03 -1.730932e-01 -2.998915e-01
     vertex -2.956953e-02 -1.462164e-01 -2.985392e-01
   endloop
 endfacet
 facet normal -1.691855e-01  2.837328e-02 -9.851757e-01
   outer loop
     vertex -2.956953e-02 -1.462164e-01 -2.985392e-01
     vertex -5.036564e-02 -1.730952e-01 -2.957420e-01
     vertex -7.171780e-02 -1.462332e-01 -2.913015e-01
   endloop
 endfacet
 facet normal -3.082174e-01  2.892618e-02 -9.508761e-01
   outer loop
     vertex -7.171780e-02 -1.462332e-01 -2.913015e-01
     vertex -9.185289e-02 -1.731083e-01 -2.855924e-01
     vertex -1.127821e-01 -1.463079e-01 -2.779932e-01
   endloop
 endfacet
 facet normal -4.420453e-01  2.940254e-02 -8.965107e-01
   outer loop
     vertex -1.127821e-01 -1.463079e-01 -2.779932e-01
     vertex -1.323100e-01 -1.732234e-01 -2.692472e-01
     vertex -1.518514e-01 -1.463306e-01 -2.587299e-01
   endloop
 endfacet
 facet normal -5.675102e-01  2.983811e-02 -8.228255e-01
   outer loop
     vertex -1.518514e-01 -1.463306e-01 -2.587299e-01
     vertex -1.701388e-01 -1.731273e-01 -2.470886e-01
     vertex -1.878929e-01 -1.463465e-01 -2.338723e-01
   endloop
 endfacet
 facet normal -6.814133e-01  2.996356e-02 -7.312853e-01
   outer loop
     vertex -1.878929e-01 -1.463465e-01 -2.338723e-01
     vertex -2.043511e-01 -1.732163e-01 -2.196375e-01
     vertex -2.200296e-01 -1.463851e-01 -2.039289e-01
   endloop
 endfacet
 facet normal -7.807882e-01  2.986732e-02 -6.240815e-01
   outer loop
     vertex -2.200296e-01 -1.463851e-01 -2.039289e-01
     vertex -2.345115e-01 -1.732137e-01 -1.870945e-01
     vertex -2.474128e-01 -1.463290e-01 -1.696671e-01
   endloop
 endfacet
 facet normal -8.631705e-01  2.946915e-02 -5.040519e-01
   outer loop
     vertex -2.474128e-01 -1.463290e-01 -1.696671e-01
     vertex -2.592086e-01 -1.731080e-01 -1.510327e-01
     vertex -2.693639e-01 -1.462553e-01 -1.320722e-01
   endloop
 endfacet
 facet normal -9.269729e-01  2.926747e-02 -3.739848e-01
   outer loop
     vertex -2.693639e-01 -1.462553e-01 -1.320722e-01
     vertex -2.781311e-01 -1.730883e-01 -1.124416e-01
     vertex -2.856024e-01 -1.462421e-01 -9.182179e-02
   endloop
 endfacet
 facet normal -9.713860e-01  2.977554e-02 -2.356326e-01
   outer loop
     vertex -2.856024e-01 -1.462421e-01 -9.182179e-02
     vertex -2.913706e-01 -1.730984e-01 -7.143656e-02
     vertex -2.959254e-01 -1.463253e-01 -4.927639e-02
   endloop
 endfacet
 facet normal -9.953802e-01  3.020311e-02 -9.113753e-02
   outer loop
     vertex -2.959254e-01 -1.463253e-01 -4.927639e-02
     vertex -2.987272e-01 -1.732704e-01 -2.760532e-02
     vertex -2.999534e-01 -1.463403e-01 -5.288747e-03
   endloop
 endfacet
 facet normal -9.979706e-01  3.035626e-02  5.597447e-02
   outer loop
     vertex -2.999534e-01 -1.463403e-01 -5.288747e-03
     vertex -2.995144e-01 -1.731223e-01  1.706266e-02
     vertex -2.974787e-01 -1.463031e-01  3.881299e-02
   endloop
 endfacet
 facet normal -9.790299e-01  2.990604e-02  2.015097e-01
   outer loop
     vertex -2.974787e-01 -1.463031e-01  3.881299e-02
     vertex -2.937785e-01 -1.731865e-01  6.077976e-02
     vertex -2.886237e-01 -1.462810e-01  8.183127e-02
   endloop
 endfacet
 facet normal -9.392686e-01  2.964790e-02  3.418998e-01
   outer loop
     vertex -2.886237e-01 -1.462810e-01  8.183127e-02
     vertex -2.818023e-01 -1.730854e-01  1.028954e-01
     vertex -2.736821e-01 -1.462288e-01  1.228743e-01
   endloop
 endfacet
 facet normal -8.796709e-01  2.959760e-02  4.746611e-01
   outer loop
     vertex -2.736821e-01 -1.462288e-01  1.228743e-01
     vertex -2.641570e-01 -1.730749e-01  1.422009e-01
     vertex -2.529556e-01 -1.462440e-01  1.612869e-01
   endloop
 endfacet
 facet normal -8.008555e-01  3.037085e-02  5.980870e-01
   outer loop
     vertex -2.529556e-01 -1.462440e-01  1.612869e-01
     vertex -2.409414e-01 -1.730984e-01  1.787379e-01
     vertex -2.265020e-01 -1.463644e-01  1.967152e-01
   endloop
 endfacet
 facet normal -7.033251e-01  3.137786e-02  7.101754e-01
   outer loop
     vertex -2.265020e-01 -1.463644e-01  1.967152e-01
     vertex -2.115741e-01 -1.732855e-01  2.126885e-01
     vertex -1.945436e-01 -1.464680e-01  2.283699e-01
   endloop
 endfacet
 facet normal -5.892934e-01  3.141758e-02  8.073080e-01
   outer loop
     vertex -1.945436e-01 -1.464680e-01  2.283699e-01
     vertex -1.763385e-01 -1.733034e-01  2.427030e-01
     vertex -1.581825e-01 -1.463864e-01  2.549084e-01
   endloop
 endfacet
 facet normal -4.631123e-01  3.030896e-02  8.857812e-01
   outer loop
     vertex -1.581825e-01 -1.463864e-01  2.549084e-01
     vertex -1.379284e-01 -1.731248e-01  2.664127e-01
     vertex -1.190086e-01 -1.462528e-01  2.753851e-01
   endloop
 endfacet
 facet normal -3.292064e-01  2.916996e-02  9.438073e-01
   outer loop
     vertex -1.190086e-01 -1.462528e-01  2.753851e-01
     vertex -9.808950e-02 -1.730790e-01  2.835109e-01
     vertex -7.806352e-02 -1.462027e-01  2.896655e-01
   endloop
 endfacet
 facet normal -1.904120e-01  2.856732e-02  9.812885e-01
   outer loop
     vertex -7.806352e-02 -1.462027e-01  2.896655e-01
     vertex -5.679057e-02 -1.730762e-01  2.945757e-01
     vertex -3.593309e-02 -1.461912e-01  2.978402e-01
   endloop
 endfacet
 facet normal -4.873847e-02  2.832713e-02  9.984098e-01
   outer loop
     vertex -3.593309e-02 -1.461912e-01  2.978402e-01
     vertex -1.452979e-02 -1.730788e-01  2.996479e-01
     vertex  6.752663e-03 -1.461910e-01  2.999240e-01
   endloop
 endfacet
 facet normal  9.369151e-02  2.837822e-02  9.951968e-01
   outer loop
     vertex  6.752663e-03 -1.461910e-01  2.999240e-01
     vertex  2.798605e-02 -1.730812e-01  2.986918e-01
     vertex  4.933683e-02 -1.462036e-01  2.959153e-01
   endloop
 endfacet
 facet normal  2.347483e-01  2.876446e-02  9.716305e-01
   outer loop
     vertex  4.933683e-02 -1.462036e-01  2.959153e-01
     vertex  7.005068e-02 -1.730940e-01  2.917069e-01
     vertex  9.118111e-02 -1.462709e-01  2.858076e-01
   endloop
 endfacet
 facet normal  3.723042e-01  2.954893e-02  9.276402e-01
   outer loop
     vertex  9.118111e-02 -1.462709e-01  2.858076e-01
     vertex  1.111931e-01 -1.731634e-01  2.786325e-01
     vertex  1.316518e-01 -1.464204e-01  2.695697e-01
   endloop
 endfacet
 facet normal  5.034640e-01  3.015279e-02  8.634899e-01
   outer loop
     vertex  1.316518e-01 -1.464204e-01  2.695697e-01
     vertex  1.512530e-01 -1.733142e-01  2.590802e-01
     vertex  1.697373e-01 -1.464484e-01  2.473646e-01
   endloop
 endfacet
 facet normal  6.243717e-01  3.003772e-02  7.805497e-01
   outer loop
     vertex  1.697373e-01 -1.464484e-01  2.473646e-01
     vertex  1.883817e-01 -1.731632e-01  2.334787e-01
     vertex  2.041477e-01 -1.461177e-01  2.198266e-01
   endloop
 endfacet
 facet normal  7.316385e-01  2.960410e-02  6.810497e-01
   outer loop
     vertex  2.041477e-01 -1.461177e-01  2.198266e-01
     vertex  2.205723e-01 -1.727992e-01  2.033417e-01
     vertex  2.340665e-01 -1.453256e-01  1.876510e-01
   endloop
 endfacet
 facet normal  8.242194e-01  3.067003e-02  5.654394e-01
   outer loop
     vertex  2.340665e-01 -1.453256e-01  1.876510e-01
     vertex  2.480756e-01 -1.723543e-01  1.686964e-01
     vertex  2.595591e-01 -1.441878e-01  1.504296e-01
   endloop
 endfacet
 facet normal  9.902070e-01  6.293891e-04  1.396052e-01
   outer loop
     vertex  2.990797e-01 -1.556494e-01  2.348109e-02
     vertex  2.990958e-01 -1.352752e-01  2.327495e-02
     vertex  2.938986e-01 -1.482423e-01  6.019650e-02
   endloop
 endfacet
 facet normal  9.993101e-01 -4.123170e-18 -3.713822e-02
   outer loop
     vertex  3.000000e-01 -1.353535e-01 -3.624709e-17
     vertex  3.000000e-01 -1.444171e-01 -3.524083e-17
     vertex  2.991725e-01 -1.352810e-01 -2.226756e-02
   endloop
 endfacet
 facet normal  9.918720e-01 -1.744065e-02  1.260388e-01
   outer loop
     vertex  2.992016e-01  1.520826e-01  2.187218e-02
     vertex  2.964348e-01  1.699118e-01  4.611311e-02
     vertex  2.947971e-01  1.455491e-01  5.562966e-02
   endloop
 endfacet
 facet normal  9.992743e-01 -3.173369e-03 -3.795824e-02
   outer loop
     vertex  2.992010e-01  1.829270e-01 -2.188125e-02
     vertex  3.000000e-01  1.728092e-01 -7.046002e-17
     vertex  2.990792e-01  1.637903e-01 -2.348705e-02
   endloop
 endfacet
 facet normal  9.923983e-01  2.049435e-02  1.213494e-01
   outer loop
     vertex  2.963998e-01  1.229632e-01  4.633775e-02
     vertex  2.991581e-01  1.307820e-01  2.245922e-02
     vertex  2.947971e-01  1.455491e-01  5.562966e-02
   endloop
 endfacet
 facet normal  9.993808e-01  3.906343e-18  3.518521e-02
   outer loop
     vertex  3.000000e-01  1.818728e-01 -7.146628e-17
     vertex  3.000000e-01  1.909364e-01 -7.247255e-17
     vertex  2.992572e-01  1.778802e-01  2.109805e-02
   endloop
 endfacet
 facet normal  9.993345e-01  4.049861e-18  3.647791e-02
   outer loop
     vertex  3.000000e-01  1.456184e-01 -6.744123e-17
     vertex  3.000000e-01  1.546820e-01 -6.844750e-17
     vertex  2.992016e-01  1.520826e-01  2.187218e-02
   endloop
 endfacet
 facet normal  9.993345e-01  4.049861e-18  3.647791e-02
   outer loop
     vertex  3.000000e-01  1.365547e-01 -6.643497e-17
     vertex  3.000000e-01  1.456184e-01 -6.744123e-17
     vertex  2.992016e-01  1.520826e-01  2.187218e-02
   endloop
 endfacet
 facet normal  9.993074e-01 -1.015289e-03  3.719771e-02
   outer loop
     vertex  2.992016e-01  1.520826e-01  2.187218e-02
     vertex  2.991581e-01  1.307820e-01  2.245922e-02
     vertex  3.000000e-01  1.365547e-01 -6.643497e-17
   endloop
 endfacet
 facet normal  9.992982e-01  4.158710e-18  3.745833e-02
   outer loop
     vertex  3.000000e-01  1.184275e-01 -6.442245e-17
     vertex  3.000000e-01  1.274911e-01 -6.542871e-17
     vertex  2.991581e-01  1.307820e-01  2.245922e-02
   endloop
 endfacet
 facet normal  9.992952e-01  4.167704e-18  3.753934e-02
   outer loop
     vertex  3.000000e-01  1.093639e-01 -6.341618e-17
     vertex  3.000000e-01  1.184275e-01 -6.442245e-17
     vertex  2.991545e-01  1.121736e-01  2.250773e-02
   endloop
 endfacet
 facet normal  9.992952e-01  4.167704e-18  3.753934e-02
   outer loop
     vertex  3.000000e-01  1.003003e-01 -6.240992e-17
     vertex  3.000000e-01  1.093639e-01 -6.341618e-17
     vertex  2.991545e-01  1.121736e-01  2.250773e-02
   endloop
 endfacet
 facet normal  9.992066e-01 -3.966636e-03  3.962850e-02
   outer loop
     vertex  2.991545e-01  1.121736e-01  2.250773e-02
     vertex  2.990254e-01  9.618333e-02  2.416251e-02
     vertex  3.000000e-01  1.003003e-01 -6.240992e-17
   endloop
 endfacet
 facet normal  9.992008e-01  1.400821e-02  3.743633e-02
   outer loop
     vertex  2.990254e-01  9.618333e-02  2.416251e-02
     vertex  2.994436e-01  8.211838e-02  1.826307e-02
     vertex  3.000000e-01  9.123671e-02 -6.140366e-17
   endloop
 endfacet
 facet normal  9.995362e-01  3.380914e-18  3.045257e-02
   outer loop
     vertex  3.000000e-01  7.310950e-02 -5.939113e-17
     vertex  3.000000e-01  8.217311e-02 -6.039739e-17
     vertex  2.994436e-01  8.211838e-02  1.826307e-02
   endloop
 endfacet
 facet normal  9.993026e-01  4.145597e-18  3.734022e-02
   outer loop
     vertex  3.000000e-01  6.404589e-02 -5.838487e-17
     vertex  3.000000e-01  7.310950e-02 -5.939113e-17
     vertex  2.991634e-01  6.824640e-02  2.238851e-02
   endloop
 endfacet
 facet normal  9.994659e-01  3.628134e-18  3.267932e-02
   outer loop
     vertex  3.000000e-01  5.498228e-02 -5.737861e-17
     vertex  3.000000e-01  6.404589e-02 -5.838487e-17
     vertex  2.993592e-01  5.322670e-02  1.959712e-02
   endloop
 endfacet
 facet normal  9.994659e-01  3.628134e-18  3.267932e-02
   outer loop
     vertex  3.000000e-01  4.591868e-02 -5.637234e-17
     vertex  3.000000e-01  5.498228e-02 -5.737861e-17
     vertex  2.993592e-01  5.322670e-02  1.959712e-02
   endloop
 endfacet
 facet normal  9.995473e-01  3.340149e-18  3.008538e-02
   outer loop
     vertex  3.000000e-01  3.685507e-02 -5.536608e-17
     vertex  3.000000e-01  4.591868e-02 -5.637234e-17
     vertex  2.994569e-01  3.642516e-02  1.804306e-02
   endloop
 endfacet
 facet normal  9.995473e-01  3.340149e-18  3.008538e-02
   outer loop
     vertex  3.000000e-01  2.779146e-02 -5.435982e-17
     vertex  3.000000e-01  3.685507e-02 -5.536608e-17
     vertex  2.994569e-01  3.642516e-02  1.804306e-02
   endloop
 endfacet
 facet normal  9.995947e-01  3.160642e-18  2.846853e-02
   outer loop
     vertex  3.000000e-01  1.872786e-02 -5.335356e-17
     vertex  3.000000e-01  2.779146e-02 -5.435982e-17
     vertex  2.995137e-01  1.838911e-02  1.707420e-02
   endloop
 endfacet
 facet normal  9.995947e-01  3.160642e-18  2.846853e-02
   outer loop
     vertex  3.000000e-01  9.664249e-03 -5.234729e-17
     vertex  3.000000e-01  1.872786e-02 -5.335356e-17
     vertex  2.995137e-01  1.838911e-02  1.707420e-02
   endloop
 endfacet
 facet normal  9.994357e-01  3.729146e-18  3.358916e-02
   outer loop
     vertex  3.000000e-01  6.006416e-04 -5.134103e-17
     vertex  3.000000e-01  9.664249e-03 -5.234729e-17
     vertex  2.993231e-01 -8.269445e-04  2.014212e-02
   endloop
 endfacet
 facet normal  9.994357e-01  3.729146e-18  3.358916e-02
   outer loop
     vertex  3.000000e-01 -8.462966e-03 -5.033477e-17
     vertex  3.000000e-01  6.006416e-04 -5.134103e-17
     vertex  2.993231e-01 -8.269445e-04  2.014212e-02
   endloop
 endfacet
 facet normal  9.995011e-01  3.506406e-18  3.158290e-02
   outer loop
     vertex  3.000000e-01 -1.752657e-02 -4.932851e-17
     vertex  3.000000e-01 -8.462966e-03 -5.033477e-17
     vertex  2.994015e-01 -1.869486e-02  1.894028e-02
   endloop
 endfacet
 facet normal  9.995011e-01  3.506406e-18  3.158290e-02
   outer loop
     vertex  3.000000e-01 -2.659018e-02 -4.832224e-17
     vertex  3.000000e-01 -1.752657e-02 -4.932851e-17
     vertex  2.994015e-01 -1.869486e-02  1.894028e-02
   endloop
 endfacet
 facet normal  9.995541e-01  3.315070e-18  2.985950e-02
   outer loop
     vertex  3.000000e-01 -3.565379e-02 -4.731598e-17
     vertex  3.000000e-01 -2.659018e-02 -4.832224e-17
     vertex  2.994650e-01 -3.521931e-02  1.790771e-02
   endloop
 endfacet
 facet normal  9.995541e-01  3.315070e-18  2.985950e-02
   outer loop
     vertex  3.000000e-01 -3.565379e-02 -4.731598e-17
     vertex  2.994650e-01 -3.521931e-02  1.790771e-02
     vertex  3.000000e-01 -4.471739e-02 -4.630972e-17
   endloop
 endfacet
 facet normal  9.992217e-01  4.379407e-18  3.944619e-02
   outer loop
     vertex  3.000000e-01 -5.378100e-02 -4.530346e-17
     vertex  3.000000e-01 -4.471739e-02 -4.630972e-17
     vertex  2.990664e-01 -5.110788e-02  2.364930e-02
   endloop
 endfacet
 facet normal  9.992217e-01  4.379407e-18  3.944619e-02
   outer loop
     vertex  3.000000e-01 -6.284461e-02 -4.429719e-17
     vertex  3.000000e-01 -5.378100e-02 -4.530346e-17
     vertex  2.990664e-01 -5.110788e-02  2.364930e-02
   endloop
 endfacet
 facet normal  9.993025e-01  4.145937e-18  3.734328e-02
   outer loop
     vertex  3.000000e-01 -7.190822e-02 -4.329093e-17
     vertex  3.000000e-01 -6.284461e-02 -4.429719e-17
     vertex  2.991633e-01 -6.772010e-02  2.239034e-02
   endloop
 endfacet
 facet normal  9.995307e-01  3.400913e-18  3.063270e-02
   outer loop
     vertex  3.000000e-01 -8.097182e-02 -4.228467e-17
     vertex  3.000000e-01 -7.190822e-02 -4.329093e-17
     vertex  2.994370e-01 -8.196083e-02  1.837099e-02
   endloop
 endfacet
 facet normal  9.995307e-01  3.400913e-18  3.063270e-02
   outer loop
     vertex  3.000000e-01 -8.097182e-02 -4.228467e-17
     vertex  2.994370e-01 -8.196083e-02  1.837099e-02
     vertex  3.000000e-01 -9.003543e-02 -4.127841e-17
   endloop
 endfacet
 facet normal  9.991951e-01  4.453655e-18  4.011496e-02
   outer loop
     vertex  3.000000e-01 -9.909904e-02 -4.027214e-17
     vertex  3.000000e-01 -9.003543e-02 -4.127841e-17
     vertex  2.990345e-01 -9.688750e-02  2.404960e-02
   endloop
 endfacet
 facet normal  9.993376e-01  4.040205e-18  3.639093e-02
   outer loop
     vertex  3.000000e-01 -1.081626e-01 -3.926588e-17
     vertex  3.000000e-01 -9.909904e-02 -4.027214e-17
     vertex  2.992054e-01 -1.144536e-01  2.182010e-02
   endloop
 endfacet
 facet normal  9.993376e-01  4.040205e-18  3.639093e-02
   outer loop
     vertex  3.000000e-01 -1.172263e-01 -3.825962e-17
     vertex  3.000000e-01 -1.081626e-01 -3.926588e-17
     vertex  2.992054e-01 -1.144536e-01  2.182010e-02
   endloop
 endfacet
 facet normal  9.993376e-01  4.040205e-18  3.639093e-02
   outer loop
     vertex  3.000000e-01 -1.172263e-01 -3.825962e-17
     vertex  2.992054e-01 -1.144536e-01  2.182010e-02
     vertex  3.000000e-01 -1.262899e-01 -3.725336e-17
   endloop
 endfacet
 facet normal  9.992462e-01  4.309980e-18  3.882085e-02
   outer loop
     vertex  3.000000e-01 -1.353535e-01 -3.624709e-17
     vertex  3.000000e-01 -1.262899e-01 -3.725336e-17
     vertex  2.990958e-01 -1.352752e-01  2.327495e-02
   endloop
 endfacet
 facet normal  9.992462e-01  4.309980e-18  3.882085e-02
   outer loop
     vertex  3.000000e-01 -1.353535e-01 -3.624709e-17
     vertex  2.990958e-01 -1.352752e-01  2.327495e-02
     vertex  3.000000e-01 -1.444171e-01 -3.524083e-17
   endloop
 endfacet
 facet normal  9.992327e-01  4.348211e-18  3.916520e-02
   outer loop
     vertex  3.000000e-01 -1.534807e-01 -3.423457e-17
     vertex  3.000000e-01 -1.444171e-01 -3.524083e-17
     vertex  2.990797e-01 -1.556494e-01  2.348109e-02
   endloop
 endfacet
 facet normal  9.992327e-01  4.348211e-18  3.916520e-02
   outer loop
     vertex  3.000000e-01 -1.625443e-01 -3.322831e-17
     vertex  3.000000e-01 -1.534807e-01 -3.423457e-17
     vertex  2.990797e-01 -1.556494e-01  2.348109e-02
   endloop
 endfacet
 facet normal  9.669752e-01 -2.760536e-02  2.533712e-01
   outer loop
     vertex  2.947971e-01  1.455491e-01  5.562966e-02
     vertex  2.899988e-01  1.719263e-01  7.681597e-02
     vertex  2.839816e-01  1.438237e-01  9.671840e-02
   endloop
 endfacet
 facet normal  8.527003e-01 -2.938003e-02  5.215736e-01
   outer loop
     vertex  2.669821e-01  1.429258e-01  1.368230e-01
     vertex  2.562505e-01  1.718843e-01  1.559991e-01
     vertex  2.437895e-01  1.445864e-01  1.748333e-01
   endloop
 endfacet
 facet normal  7.949948e-01  2.327476e-02  6.061695e-01
   outer loop
     vertex  2.488199e-01  1.247613e-03  1.675968e-01
     vertex  2.251988e-01  1.088968e-02  1.982057e-01
     vertex  2.328987e-01 -1.492352e-02  1.890983e-01
   endloop
 endfacet
 facet normal  9.994871e-01 -3.555459e-18 -3.202473e-02
   outer loop
     vertex  3.000000e-01 -1.172263e-01 -3.825962e-17
     vertex  3.000000e-01 -1.262899e-01 -3.725336e-17
     vertex  2.993847e-01 -1.145264e-01 -1.920498e-02
   endloop
 endfacet
 facet normal  9.987367e-01  1.838117e-02 -4.676626e-02
   outer loop
     vertex  2.986621e-01 -9.840940e-02 -2.830108e-02
     vertex  3.000000e-01 -9.909904e-02 -4.027214e-17
     vertex  2.993847e-01 -1.145264e-01 -1.920498e-02
   endloop
 endfacet
 facet normal  6.701164e-01 -2.634273e-02 -7.417884e-01
   outer loop
     vertex  2.147447e-01 -8.016505e-03 -2.094868e-01
     vertex  1.850888e-01 -1.307335e-02 -2.360977e-01
     vertex  1.962243e-01  1.196591e-02 -2.269273e-01
   endloop
 endfacet
 facet normal -9.956090e-01  3.029217e-02 -8.857218e-02
   outer loop
     vertex -2.999626e-01  1.318850e-02 -4.734307e-03
     vertex -2.960901e-01  1.315156e-02 -4.827683e-02
     vertex -2.988064e-01 -1.313657e-02 -2.673482e-02
   endloop
 endfacet
 facet normal  9.994230e-01 -3.770868e-18 -3.396496e-02
   outer loop
     vertex  3.000000e-01 -8.097182e-02 -4.228467e-17
     vertex  3.000000e-01 -9.003543e-02 -4.127841e-17
     vertex  2.993078e-01 -8.156400e-02 -2.036722e-02
   endloop
 endfacet
 facet normal -1.963553e-01  2.920276e-02  9.800978e-01
   outer loop
     vertex -3.773279e-02  1.315687e-02  2.976176e-01
     vertex -7.980708e-02  1.310234e-02  2.891900e-01
     vertex -5.849802e-02 -1.315307e-02  2.942414e-01
   endloop
 endfacet
 facet normal  9.991808e-01 -4.492890e-18 -4.046835e-02
   outer loop
     vertex  3.000000e-01 -6.284461e-02 -4.429719e-17
     vertex  3.000000e-01 -7.190822e-02 -4.329093e-17
     vertex  2.990174e-01 -6.533172e-02 -2.426112e-02
   endloop
 endfacet
 facet normal  9.994093e-01 -3.815453e-18 -3.436654e-02
   outer loop
     vertex  3.000000e-01 -5.378100e-02 -4.530346e-17
     vertex  3.000000e-01 -6.284461e-02 -4.429719e-17
     vertex  2.992914e-01 -4.684002e-02 -2.060774e-02
   endloop
 endfacet
 facet normal  9.949927e-01  3.375132e-03 -9.989033e-02
   outer loop
     vertex  2.971537e-01 -2.690246e-02 -4.122745e-02
     vertex  2.994226e-01 -2.622270e-02 -1.860384e-02
     vertex  2.992914e-01 -4.684002e-02 -2.060774e-02
   endloop
 endfacet
 facet normal  3.164079e-01 -2.858112e-02 -9.481926e-01
   outer loop
     vertex  1.148914e-01 -1.332652e-02 -2.771281e-01
     vertex  7.458887e-02 -1.323567e-02 -2.905796e-01
     vertex  9.442511e-02  1.304003e-02 -2.847523e-01
   endloop
 endfacet
 facet normal  9.995187e-01 -3.444059e-18 -3.102133e-02
   outer loop
     vertex  3.000000e-01 -2.659018e-02 -4.832224e-17
     vertex  3.000000e-01 -3.565379e-02 -4.731598e-17
     vertex  2.994226e-01 -2.622270e-02 -1.860384e-02
   endloop
 endfacet
 facet normal  9.994160e-01  5.714955e-03 -3.368952e-02
   outer loop
     vertex  2.991788e-01 -4.677403e-03 -2.218251e-02
     vertex  3.000000e-01 -1.752657e-02 -4.932851e-17
     vertex  2.994226e-01 -2.622270e-02 -1.860384e-02
   endloop
 endfacet
 facet normal  9.993154e-01 -4.107400e-18 -3.699617e-02
   outer loop
     vertex  3.000000e-01 -8.462966e-03 -5.033477e-17
     vertex  3.000000e-01 -1.752657e-02 -4.932851e-17
     vertex  2.991788e-01 -4.677403e-03 -2.218251e-02
   endloop
 endfacet
 facet normal  9.948607e-01  2.805308e-03 -1.012138e-01
   outer loop
     vertex  2.973357e-01  9.939400e-03 -3.989308e-02
     vertex  2.993209e-01  1.737977e-02 -2.017393e-02
     vertex  2.991788e-01 -4.677403e-03 -2.218251e-02
   endloop
 endfacet
 facet normal -2.648485e-01 -2.951503e-02  9.638382e-01
   outer loop
     vertex -1.001099e-01 -1.325778e-02  2.828038e-01
     vertex -5.849802e-02 -1.315307e-02  2.942414e-01
     vertex -7.980708e-02  1.310234e-02  2.891900e-01
   endloop
 endfacet
 facet normal  9.994339e-01 -3.735041e-18 -3.364226e-02
   outer loop
     vertex  3.000000e-01  1.872786e-02 -5.335356e-17
     vertex  3.000000e-01  9.664249e-03 -5.234729e-17
     vertex  2.993209e-01  1.737977e-02 -2.017393e-02
   endloop
 endfacet
 facet normal  9.994048e-01 -3.829837e-18 -3.449611e-02
   outer loop
     vertex  3.000000e-01  3.685507e-02 -5.536608e-17
     vertex  3.000000e-01  2.779146e-02 -5.435982e-17
     vertex  2.992860e-01  3.549456e-02 -2.068535e-02
   endloop
 endfacet
 facet normal -5.302661e-01 -3.074513e-02  8.472736e-01
   outer loop
     vertex -1.773976e-01 -1.337923e-02  2.419299e-01
     vertex -1.400612e-01 -1.335777e-02  2.652977e-01
     vertex -1.593292e-01  1.294455e-02  2.541933e-01
   endloop
 endfacet
 facet normal  9.993381e-01  3.420676e-03 -3.621761e-02
   outer loop
     vertex  2.991767e-01  5.128862e-02 -2.221098e-02
     vertex  3.000000e-01  4.591868e-02 -5.637234e-17
     vertex  2.992860e-01  3.549456e-02 -2.068535e-02
   endloop
 endfacet
 facet normal  4.938955e-01  2.821256e-02  8.690634e-01
   outer loop
     vertex  1.661894e-01  1.306961e-02  2.497621e-01
     vertex  1.294665e-01  1.325387e-02  2.706260e-01
     vertex  1.486363e-01 -1.319325e-02  2.605902e-01
   endloop
 endfacet
 facet normal  9.995219e-01 -3.432556e-18 -3.091771e-02
   outer loop
     vertex  3.000000e-01  6.404589e-02 -5.838487e-17
     vertex  3.000000e-01  5.498228e-02 -5.737861e-17
     vertex  2.994265e-01  6.505801e-02 -1.854176e-02
   endloop
 endfacet
 facet normal  9.987231e-01  2.707553e-02 -4.265016e-02
   outer loop
     vertex  2.985983e-01  7.918455e-02 -2.896643e-02
     vertex  3.000000e-01  7.310950e-02 -5.939113e-17
     vertex  2.994265e-01  6.505801e-02 -1.854176e-02
   endloop
 endfacet
 facet normal  9.987980e-01 -1.443009e-02 -4.684346e-02
   outer loop
     vertex  2.990657e-01  9.430491e-02 -2.365778e-02
     vertex  3.000000e-01  8.217311e-02 -6.039739e-17
     vertex  2.985983e-01  7.918455e-02 -2.896643e-02
   endloop
 endfacet
 facet normal -8.986831e-01 -3.006832e-02 -4.375667e-01
   outer loop
     vertex -2.594719e-01 -1.351770e-02 -1.505800e-01
     vertex -2.785381e-01 -1.340098e-02 -1.114295e-01
     vertex -2.698332e-01  1.283757e-02 -1.311107e-01
   endloop
 endfacet
 facet normal  9.992558e-01 -4.593416e-03 -3.829766e-02
   outer loop
     vertex  2.992217e-01  1.110414e-01 -2.159588e-02
     vertex  3.000000e-01  1.003003e-01 -6.240992e-17
     vertex  2.990657e-01  9.430491e-02 -2.365778e-02
   endloop
 endfacet
 facet normal -3.811213e-01 -2.961289e-02 -9.240506e-01
   outer loop
     vertex -1.340879e-01 -1.331982e-02 -2.683662e-01
     vertex -1.148401e-01  1.302945e-02 -2.771493e-01
     vertex -9.412854e-02 -1.322027e-02 -2.848505e-01
   endloop
 endfacet
 facet normal  9.994102e-01 -7.046014e-03 -3.360876e-02
   outer loop
     vertex  2.994593e-01  1.276069e-01 -1.800420e-02
     vertex  3.000000e-01  1.184275e-01 -6.442245e-17
     vertex  2.992217e-01  1.110414e-01 -2.159588e-02
   endloop
 endfacet
 facet normal  9.994135e-01  7.036440e-03 -3.351346e-02
   outer loop
     vertex  2.992115e-01  1.450181e-01 -2.173611e-02
     vertex  3.000000e-01  1.365547e-01 -6.643497e-17
     vertex  2.994593e-01  1.276069e-01 -1.800420e-02
   endloop
 endfacet
 facet normal  9.807231e-01  1.509829e-02 -1.948184e-01
   outer loop
     vertex  2.968920e-01 -1.220911e-01 -4.307127e-02
     vertex  2.948302e-01 -1.479436e-01 -5.545390e-02
     vertex  2.908410e-01 -1.224869e-01 -7.356308e-02
   endloop
 endfacet
 facet normal  9.202235e-01  2.467106e-02  3.906149e-01
   outer loop
     vertex  2.839816e-01  1.438237e-01  9.671840e-02
     vertex  2.669821e-01  1.429258e-01  1.368230e-01
     vertex  2.767645e-01  1.114648e-01  1.157644e-01
   endloop
 endfacet
 facet normal -4.677358e-01  3.029231e-02  8.833491e-01
   outer loop
     vertex -1.400612e-01 -1.335777e-02  2.652977e-01
     vertex -1.206784e-01  1.298800e-02  2.746575e-01
     vertex -1.593292e-01  1.294455e-02  2.541933e-01
   endloop
 endfacet
 facet normal  9.992787e-01  3.518286e-03 -3.781257e-02
   outer loop
     vertex  2.990792e-01  1.637903e-01 -2.348705e-02
     vertex  3.000000e-01  1.546820e-01 -6.844750e-17
     vertex  2.992115e-01  1.450181e-01 -2.173611e-02
   endloop
 endfacet
 facet normal  9.993339e-01 -4.051544e-18 -3.649307e-02
   outer loop
     vertex  3.000000e-01  1.909364e-01 -7.247255e-17
     vertex  3.000000e-01  1.818728e-01 -7.146628e-17
     vertex  2.992010e-01  1.829270e-01 -2.188125e-02
   endloop
 endfacet
 facet normal -9.617877e-01 -3.037101e-02  2.721068e-01
   outer loop
     vertex -2.938524e-01 -1.331892e-02  6.042160e-02
     vertex -2.819361e-01 -1.343281e-02  1.025283e-01
     vertex -2.886499e-01  1.291876e-02  8.173871e-02
   endloop
 endfacet
 facet normal  9.924383e-01 -4.444355e-03 -1.226644e-01
   outer loop
     vertex  2.990792e-01  1.637903e-01 -2.348705e-02
     vertex  2.992115e-01  1.450181e-01 -2.173611e-02
     vertex  2.955836e-01  1.504922e-01 -5.128658e-02
   endloop
 endfacet
 facet normal  9.949026e-01 -1.191059e-02 -1.001343e-01
   outer loop
     vertex  2.986621e-01 -9.840940e-02 -2.830108e-02
     vertex  2.993847e-01 -1.145264e-01 -1.920498e-02
     vertex  2.968920e-01 -1.220911e-01 -4.307127e-02
   endloop
 endfacet
 facet normal  2.290198e-01  2.929273e-02  9.729809e-01
   outer loop
     vertex  6.925650e-02 -1.310865e-02  2.918965e-01
     vertex  8.950003e-02  1.323225e-02  2.863385e-01
     vertex  4.764103e-02  1.317240e-02  2.961931e-01
   endloop
 endfacet
 facet normal  9.992739e-01 -4.229942e-18 -3.809993e-02
   outer loop
     vertex  3.000000e-01 -1.534807e-01 -3.423457e-17
     vertex  3.000000e-01 -1.625443e-01 -3.322831e-17
     vertex  2.991290e-01 -1.556310e-01 -2.284336e-02
   endloop
 endfacet
 facet normal  9.582595e-01 -3.516363e-02  2.837293e-01
   outer loop
     vertex  2.799263e-01 -1.441385e-01  1.078946e-01
     vertex  2.938986e-01 -1.482423e-01  6.019650e-02
     vertex  2.876990e-01 -1.168515e-01  8.502505e-02
   endloop
 endfacet
 facet normal  9.992401e-01 -3.958979e-04  3.897611e-02
   outer loop
     vertex  2.990797e-01 -1.556494e-01  2.348109e-02
     vertex  3.000000e-01 -1.444171e-01 -3.524083e-17
     vertex  2.990958e-01 -1.352752e-01  2.327495e-02
   endloop
 endfacet
 facet normal -8.421630e-01 -3.083579e-02  5.383406e-01
   outer loop
     vertex -2.639672e-01 -1.345190e-02  1.425528e-01
     vertex -2.402146e-01 -1.340212e-02  1.797135e-01
     vertex -2.528020e-01  1.287890e-02  1.615276e-01
   endloop
 endfacet
 facet normal  9.992815e-01 -2.620715e-03  3.781049e-02
   outer loop
     vertex  2.990958e-01 -1.352752e-01  2.327495e-02
     vertex  3.000000e-01 -1.262899e-01 -3.725336e-17
     vertex  2.992054e-01 -1.144536e-01  2.182010e-02
   endloop
 endfacet
 facet normal -9.864452e-01 -3.023646e-02 -1.612809e-01
   outer loop
     vertex -2.917521e-01 -1.323783e-02 -6.986227e-02
     vertex -2.988064e-01 -1.313657e-02 -2.673482e-02
     vertex -2.960901e-01  1.315156e-02 -4.827683e-02
   endloop
 endfacet
 facet normal  9.992013e-01  4.687050e-03  3.968420e-02
   outer loop
     vertex  2.992054e-01 -1.144536e-01  2.182010e-02
     vertex  3.000000e-01 -9.909904e-02 -4.027214e-17
     vertex  2.990345e-01 -9.688750e-02  2.404960e-02
   endloop
 endfacet
 facet normal -7.354326e-01 -3.015710e-02 -6.769265e-01
   outer loop
     vertex -2.053803e-01 -1.349709e-02 -2.186754e-01
     vertex -2.349250e-01 -1.354560e-02 -1.865750e-01
     vertex -2.209935e-01  1.279053e-02 -2.028839e-01
   endloop
 endfacet
 facet normal  9.992520e-01 -1.310397e-02  3.638374e-02
   outer loop
     vertex  2.990345e-01 -9.688750e-02  2.404960e-02
     vertex  3.000000e-01 -9.003543e-02 -4.127841e-17
     vertex  2.994370e-01 -8.196083e-02  1.837099e-02
   endloop
 endfacet
 facet normal  9.993231e-01  9.149070e-03  3.563271e-02
   outer loop
     vertex  2.994370e-01 -8.196083e-02  1.837099e-02
     vertex  3.000000e-01 -7.190822e-02 -4.329093e-17
     vertex  2.991633e-01 -6.772010e-02  2.239034e-02
   endloop
 endfacet
 facet normal  9.992740e-01  2.949508e-03  3.798447e-02
   outer loop
     vertex  2.991633e-01 -6.772010e-02  2.239034e-02
     vertex  3.000000e-01 -6.284461e-02 -4.429719e-17
     vertex  2.990664e-01 -5.110788e-02  2.364930e-02
   endloop
 endfacet
 facet normal  6.582446e-01 -2.334960e-02  7.524420e-01
   outer loop
     vertex  1.827714e-01 -1.351718e-02  2.378962e-01
     vertex  2.116247e-01 -1.406135e-02  2.126382e-01
     vertex  1.979866e-01  1.244474e-02  2.253914e-01
   endloop
 endfacet
 facet normal -8.794295e-01  3.057860e-02  4.750460e-01
   outer loop
     vertex -2.528020e-01  1.287890e-02  1.615276e-01
     vertex -2.736816e-01  1.285859e-02  1.228754e-01
     vertex -2.639672e-01 -1.345190e-02  1.425528e-01
   endloop
 endfacet
 facet normal  9.992723e-01 -1.198725e-02  3.620901e-02
   outer loop
     vertex  2.990664e-01 -5.110788e-02  2.364930e-02
     vertex  3.000000e-01 -4.471739e-02 -4.630972e-17
     vertex  2.994650e-01 -3.521931e-02  1.790771e-02
   endloop
 endfacet
 facet normal  9.995242e-01  1.919419e-03  3.078351e-02
   outer loop
     vertex  2.994650e-01 -3.521931e-02  1.790771e-02
     vertex  3.000000e-01 -2.659018e-02 -4.832224e-17
     vertex  2.994015e-01 -1.869486e-02  1.894028e-02
   endloop
 endfacet
 facet normal -3.154446e-01  2.937716e-02 -9.484892e-01
   outer loop
     vertex -1.148401e-01  1.302945e-02 -2.771493e-01
     vertex -7.398886e-02  1.311076e-02 -2.907330e-01
     vertex -9.412854e-02 -1.322027e-02 -2.848505e-01
   endloop
 endfacet
 facet normal  9.994608e-01  2.184624e-03  3.276180e-02
   outer loop
     vertex  2.994015e-01 -1.869486e-02  1.894028e-02
     vertex  3.000000e-01 -8.462966e-03 -5.033477e-17
     vertex  2.993231e-01 -8.269445e-04  2.014212e-02
   endloop
 endfacet
 facet normal  3.657129e-01  2.919073e-02  9.302698e-01
   outer loop
     vertex  1.294665e-01  1.325387e-02  2.706260e-01
     vertex  8.950003e-02  1.323225e-02  2.863385e-01
     vertex  1.102587e-01 -1.308715e-02  2.790036e-01
   endloop
 endfacet
 facet normal  9.995069e-01 -4.967288e-03  3.100430e-02
   outer loop
     vertex  2.993231e-01 -8.269445e-04  2.014212e-02
     vertex  3.000000e-01  9.664249e-03 -5.234729e-17
     vertex  2.995137e-01  1.838911e-02  1.707420e-02
   endloop
 endfacet
 facet normal -4.484030e-01  2.977382e-02 -8.933355e-01
   outer loop
     vertex -1.535888e-01  1.295168e-02 -2.577023e-01
     vertex -1.148401e-01  1.302945e-02 -2.771493e-01
     vertex -1.340879e-01 -1.331982e-02 -2.683662e-01
   endloop
 endfacet
 facet normal  9.995684e-01  1.572352e-03  2.933364e-02
   outer loop
     vertex  2.995137e-01  1.838911e-02  1.707420e-02
     vertex  3.000000e-01  2.779146e-02 -5.435982e-17
     vertex  2.994569e-01  3.642516e-02  1.804306e-02
   endloop
 endfacet
 facet normal -9.721958e-01  3.013312e-02 -2.322224e-01
   outer loop
     vertex -2.859662e-01  1.298072e-02 -9.068265e-02
     vertex -2.917521e-01 -1.323783e-02 -6.986227e-02
     vertex -2.960901e-01  1.315156e-02 -4.827683e-02
   endloop
 endfacet
 facet normal  9.994963e-01  2.887943e-03  3.160337e-02
   outer loop
     vertex  2.994569e-01  3.642516e-02  1.804306e-02
     vertex  3.000000e-01  4.591868e-02 -5.637234e-17
     vertex  2.993592e-01  5.322670e-02  1.959712e-02
   endloop
 endfacet
 facet normal -2.448339e-01 -2.924039e-02 -9.691240e-01
   outer loop
     vertex -5.249000e-02 -1.313848e-02 -2.953723e-01
     vertex -9.412854e-02 -1.322027e-02 -2.848505e-01
     vertex -7.398886e-02  1.311076e-02 -2.907330e-01
   endloop
 endfacet
 facet normal  9.993262e-01  6.308432e-03  3.615752e-02
   outer loop
     vertex  2.993592e-01  5.322670e-02  1.959712e-02
     vertex  3.000000e-01  6.404589e-02 -5.838487e-17
     vertex  2.991634e-01  6.824640e-02  2.238851e-02
   endloop
 endfacet
 facet normal  9.993320e-01 -9.704413e-03  3.523338e-02
   outer loop
     vertex  2.991634e-01  6.824640e-02  2.238851e-02
     vertex  3.000000e-01  7.310950e-02 -5.939113e-17
     vertex  2.994436e-01  8.211838e-02  1.826307e-02
   endloop
 endfacet
 facet normal  9.995362e-01  3.380914e-18  3.045257e-02
   outer loop
     vertex  3.000000e-01  8.217311e-02 -6.039739e-17
     vertex  3.000000e-01  9.123671e-02 -6.140366e-17
     vertex  2.994436e-01  8.211838e-02  1.826307e-02
   endloop
 endfacet
 facet normal  9.991875e-01  4.474598e-18  4.030359e-02
   outer loop
     vertex  3.000000e-01  9.123671e-02 -6.140366e-17
     vertex  3.000000e-01  1.003003e-01 -6.240992e-17
     vertex  2.990254e-01  9.618333e-02  2.416251e-02
   endloop
 endfacet
 facet normal  9.325548e-01  2.952504e-02 -3.598190e-01
   outer loop
     vertex  2.718743e-01  1.482493e-01 -1.268242e-01
     vertex  2.870261e-01  1.517217e-01 -8.726981e-02
     vertex  2.810693e-01  1.252410e-01 -1.048810e-01
   endloop
 endfacet
 facet normal  6.692009e-01  2.858148e-02  7.425316e-01
   outer loop
     vertex  2.162254e-01  1.454754e-01  2.079581e-01
     vertex  1.842668e-01  1.460139e-01  2.367398e-01
     vertex  2.002701e-01  1.187889e-01  2.233649e-01
   endloop
 endfacet
 facet normal  5.550288e-01  2.969111e-02  8.313011e-01
   outer loop
     vertex  1.842668e-01  1.460139e-01  2.367398e-01
     vertex  1.479025e-01  1.463370e-01  2.610074e-01
     vertex  1.662658e-01  1.193378e-01  2.497112e-01
   endloop
 endfacet
 facet normal  9.993345e-01  4.049861e-18  3.647791e-02
   outer loop
     vertex  3.000000e-01  1.546820e-01 -6.844750e-17
     vertex  3.000000e-01  1.637456e-01 -6.945376e-17
     vertex  2.992016e-01  1.520826e-01  2.187218e-02
   endloop
 endfacet
 facet normal  9.992962e-01 -9.799102e-05  3.751216e-02
   outer loop
     vertex  3.000000e-01  1.184275e-01 -6.442245e-17
     vertex  2.991581e-01  1.307820e-01  2.245922e-02
     vertex  2.991545e-01  1.121736e-01  2.250773e-02
   endloop
 endfacet
 facet normal  9.992982e-01  4.158710e-18  3.745833e-02
   outer loop
     vertex  3.000000e-01  1.274911e-01 -6.542871e-17
     vertex  3.000000e-01  1.365547e-01 -6.643497e-17
     vertex  2.991581e-01  1.307820e-01  2.245922e-02
   endloop
 endfacet
 facet normal  9.943969e-01  5.411465e-03 -1.055719e-01
   outer loop
     vertex  2.993847e-01 -1.145264e-01 -1.920498e-02
     vertex  2.991725e-01 -1.352810e-01 -2.226756e-02
     vertex  2.968920e-01 -1.220911e-01 -4.307127e-02
   endloop
 endfacet
 facet normal  9.901439e-01  1.296749e-02 -1.394521e-01
   outer loop
     vertex  2.986621e-01 -9.840940e-02 -2.830108e-02
     vertex  2.968920e-01 -1.220911e-01 -4.307127e-02
     vertex  2.951492e-01 -1.036444e-01 -5.373045e-02
   endloop
 endfacet
 facet normal  9.807316e-01 -1.965476e-02 -1.943689e-01
   outer loop
     vertex  2.968920e-01 -1.220911e-01 -4.307127e-02
     vertex  2.908410e-01 -1.224869e-01 -7.356308e-02
     vertex  2.951492e-01 -1.036444e-01 -5.373045e-02
   endloop
 endfacet
 facet normal  9.927834e-01  1.760424e-02 -1.186224e-01
   outer loop
     vertex  2.955836e-01  1.504922e-01 -5.128658e-02
     vertex  2.992115e-01  1.450181e-01 -2.173611e-02
     vertex  2.972535e-01  1.289950e-01 -4.050110e-02
   endloop
 endfacet
 facet normal  9.933901e-01  1.046038e-04  1.147876e-01
   outer loop
     vertex  2.991545e-01  1.121736e-01  2.250773e-02
     vertex  2.991581e-01  1.307820e-01  2.245922e-02
     vertex  2.963998e-01  1.229632e-01  4.633775e-02
   endloop
 endfacet
 facet normal  9.927850e-01  3.146938e-03  1.198664e-01
   outer loop
     vertex  2.990958e-01 -1.352752e-01  2.327495e-02
     vertex  2.992054e-01 -1.144536e-01  2.182010e-02
     vertex  2.959168e-01 -1.247405e-01  4.932803e-02
   endloop
 endfacet
 facet normal -5.917068e-01  3.085931e-02  8.055624e-01
   outer loop
     vertex -1.949076e-01  1.296306e-02  2.280592e-01
     vertex -1.773976e-01 -1.337923e-02  2.419299e-01
     vertex -1.593292e-01  1.294455e-02  2.541933e-01
   endloop
 endfacet
 facet normal  9.663239e-01  2.971994e-02  2.556070e-01
   outer loop
     vertex  2.947971e-01  1.455491e-01  5.562966e-02
     vertex  2.839816e-01  1.438237e-01  9.671840e-02
     vertex  2.904805e-01  1.195309e-01  7.497395e-02
   endloop
 endfacet
 facet normal  9.994554e-01  3.663691e-18  3.299960e-02
   outer loop
     vertex  3.000000e-01 -1.897351e-01 -3.020952e-17
     vertex  3.000000e-01 -1.806715e-01 -3.121578e-17
     vertex  2.993466e-01 -1.766261e-01  1.978897e-02
   endloop
 endfacet
 facet normal  9.752217e-01  1.821450e-02  2.204786e-01
   outer loop
     vertex  2.938986e-01 -1.482423e-01  6.019650e-02
     vertex  2.959168e-01 -1.247405e-01  4.932803e-02
     vertex  2.876990e-01 -1.168515e-01  8.502505e-02
   endloop
 endfacet
 facet normal  8.250979e-01 -3.027353e-02  5.641782e-01
   outer loop
     vertex  2.340665e-01 -1.453256e-01  1.876510e-01
     vertex  2.595591e-01 -1.441878e-01  1.504296e-01
     vertex  2.458336e-01 -1.172710e-01  1.719472e-01
   endloop
 endfacet
 facet normal  7.323637e-01 -2.978011e-02  6.802621e-01
   outer loop
     vertex  2.041477e-01 -1.461177e-01  2.198266e-01
     vertex  2.340665e-01 -1.453256e-01  1.876510e-01
     vertex  2.183940e-01 -1.189261e-01  2.056795e-01
   endloop
 endfacet
 facet normal  6.247206e-01 -3.026250e-02  7.802617e-01
   outer loop
     vertex  1.697373e-01 -1.464484e-01  2.473646e-01
     vertex  2.041477e-01 -1.461177e-01  2.198266e-01
     vertex  1.865969e-01 -1.195886e-01  2.349076e-01
   endloop
 endfacet
 facet normal  5.034293e-01 -3.025372e-02  8.635066e-01
   outer loop
     vertex  1.316518e-01 -1.464204e-01  2.695697e-01
     vertex  1.697373e-01 -1.464484e-01  2.473646e-01
     vertex  1.506894e-01 -1.196551e-01  2.594083e-01
   endloop
 endfacet
 facet normal  3.721160e-01 -2.956633e-02  9.277152e-01
   outer loop
     vertex  9.118111e-02 -1.462709e-01  2.858076e-01
     vertex  1.316518e-01 -1.464204e-01  2.695697e-01
     vertex  1.116702e-01 -1.195241e-01  2.784417e-01
   endloop
 endfacet
 facet normal  2.346605e-01 -2.879744e-02  9.716507e-01
   outer loop
     vertex  4.933683e-02 -1.462036e-01  2.959153e-01
     vertex  9.118111e-02 -1.462709e-01  2.858076e-01
     vertex  7.048878e-02 -1.194016e-01  2.916013e-01
   endloop
 endfacet
 facet normal  9.367469e-02 -2.843430e-02  9.951967e-01
   outer loop
     vertex  6.752663e-03 -1.461910e-01  2.999240e-01
     vertex  4.933683e-02 -1.462036e-01  2.959153e-01
     vertex  2.809409e-02 -1.193654e-01  2.986816e-01
   endloop
 endfacet
 facet normal -4.873808e-02 -2.838913e-02  9.984081e-01
   outer loop
     vertex -3.593309e-02 -1.461912e-01  2.978402e-01
     vertex  6.752663e-03 -1.461910e-01  2.999240e-01
     vertex -1.473856e-02 -1.193623e-01  2.996377e-01
   endloop
 endfacet
 facet normal -1.903966e-01 -2.863617e-02  9.812895e-01
   outer loop
     vertex -7.806352e-02 -1.462027e-01  2.896655e-01
     vertex -3.593309e-02 -1.461912e-01  2.978402e-01
     vertex -5.736255e-02 -1.193776e-01  2.944648e-01
   endloop
 endfacet
 facet normal -3.291418e-01 -2.924973e-02  9.438274e-01
   outer loop
     vertex -1.190086e-01 -1.462528e-01  2.753851e-01
     vertex -7.806352e-02 -1.462027e-01  2.896655e-01
     vertex -9.913233e-02 -1.194250e-01  2.831480e-01
   endloop
 endfacet
 facet normal -4.629485e-01 -3.039436e-02  8.858639e-01
   outer loop
     vertex -1.581825e-01 -1.463864e-01  2.549084e-01
     vertex -1.190086e-01 -1.462528e-01  2.753851e-01
     vertex -1.393266e-01 -1.195202e-01  2.656842e-01
   endloop
 endfacet
 facet normal -5.891995e-01 -3.151210e-02  8.073729e-01
   outer loop
     vertex -1.945436e-01 -1.464680e-01  2.283699e-01
     vertex -1.581825e-01 -1.463864e-01  2.549084e-01
     vertex -1.770168e-01 -1.196108e-01  2.422087e-01
   endloop
 endfacet
 facet normal -7.034260e-01 -3.146782e-02  7.100716e-01
   outer loop
     vertex -2.265020e-01 -1.463644e-01  1.967152e-01
     vertex -1.945436e-01 -1.464680e-01  2.283699e-01
     vertex -2.110274e-01 -1.196015e-01  2.132310e-01
   endloop
 endfacet
 facet normal -8.009532e-01 -3.042758e-02  5.979533e-01
   outer loop
     vertex -2.529556e-01 -1.462440e-01  1.612869e-01
     vertex -2.265020e-01 -1.463644e-01  1.967152e-01
     vertex -2.402294e-01 -1.195138e-01  1.796937e-01
   endloop
 endfacet
 facet normal -8.796788e-01 -2.966836e-02  4.746419e-01
   outer loop
     vertex -2.736821e-01 -1.462288e-01  1.228743e-01
     vertex -2.529556e-01 -1.462440e-01  1.612869e-01
     vertex -2.639589e-01 -1.194579e-01  1.425682e-01
   endloop
 endfacet
 facet normal -9.392429e-01 -2.969792e-02  3.419661e-01
   outer loop
     vertex -2.886237e-01 -1.462810e-01  8.183127e-02
     vertex -2.736821e-01 -1.462288e-01  1.228743e-01
     vertex -2.819184e-01 -1.194649e-01  1.025770e-01
   endloop
 endfacet
 facet normal -9.790208e-01 -3.000753e-02  2.015386e-01
   outer loop
     vertex -2.974787e-01 -1.463031e-01  3.881299e-02
     vertex -2.886237e-01 -1.462810e-01  8.183127e-02
     vertex -2.938616e-01 -1.194842e-01  6.037699e-02
   endloop
 endfacet
 facet normal -9.979685e-01 -3.033035e-02  5.602543e-02
   outer loop
     vertex -2.999534e-01 -1.463403e-01 -5.288747e-03
     vertex -2.974787e-01 -1.463031e-01  3.881299e-02
     vertex -2.995310e-01 -1.194945e-01  1.676907e-02
   endloop
 endfacet
 facet normal -9.953749e-01 -3.031731e-02 -9.115767e-02
   outer loop
     vertex -2.959254e-01 -1.463253e-01 -4.927639e-02
     vertex -2.999534e-01 -1.463403e-01 -5.288747e-03
     vertex -2.987612e-01 -1.194940e-01 -2.723496e-02
   endloop
 endfacet
 facet normal -9.713584e-01 -2.980399e-02 -2.357424e-01
   outer loop
     vertex -2.856024e-01 -1.462421e-01 -9.182179e-02
     vertex -2.959254e-01 -1.463253e-01 -4.927639e-02
     vertex -2.915940e-01 -1.194676e-01 -7.051893e-02
   endloop
 endfacet
 facet normal -9.269780e-01 -2.932734e-02 -3.739676e-01
   outer loop
     vertex -2.693639e-01 -1.462553e-01 -1.320722e-01
     vertex -2.856024e-01 -1.462421e-01 -9.182179e-02
     vertex -2.782689e-01 -1.194626e-01 -1.121000e-01
   endloop
 endfacet
 facet normal -8.632195e-01 -2.951857e-02 -5.039649e-01
   outer loop
     vertex -2.474128e-01 -1.463290e-01 -1.696671e-01
     vertex -2.693639e-01 -1.462553e-01 -1.320722e-01
     vertex -2.590864e-01 -1.195166e-01 -1.512423e-01
   endloop
 endfacet
 facet normal -7.808341e-01 -2.994544e-02 -6.240204e-01
   outer loop
     vertex -2.200296e-01 -1.463851e-01 -2.039289e-01
     vertex -2.474128e-01 -1.463290e-01 -1.696671e-01
     vertex -2.343595e-01 -1.195664e-01 -1.872849e-01
   endloop
 endfacet
 facet normal -6.813733e-01 -3.003285e-02 -7.313197e-01
   outer loop
     vertex -1.878929e-01 -1.463465e-01 -2.338723e-01
     vertex -2.200296e-01 -1.463851e-01 -2.039289e-01
     vertex -2.045906e-01 -1.195751e-01 -2.194144e-01
   endloop
 endfacet
 facet normal -5.674926e-01 -2.983062e-02 -8.228380e-01
   outer loop
     vertex -1.518514e-01 -1.463306e-01 -2.587299e-01
     vertex -1.878929e-01 -1.463465e-01 -2.338723e-01
     vertex -1.704910e-01 -1.195423e-01 -2.468458e-01
   endloop
 endfacet
 facet normal -4.420165e-01 -2.950214e-02 -8.965216e-01
   outer loop
     vertex -1.127821e-01 -1.463079e-01 -2.779932e-01
     vertex -1.518514e-01 -1.463306e-01 -2.587299e-01
     vertex -1.328847e-01 -1.195003e-01 -2.689640e-01
   endloop
 endfacet
 facet normal -3.081217e-01 -2.896860e-02 -9.509058e-01
   outer loop
     vertex -7.171780e-02 -1.462332e-01 -2.913015e-01
     vertex -1.127821e-01 -1.463079e-01 -2.779932e-01
     vertex -9.278622e-02 -1.194513e-01 -2.852906e-01
   endloop
 endfacet
 facet normal -1.691633e-01 -2.842484e-02 -9.851781e-01
   outer loop
     vertex -2.956953e-02 -1.462164e-01 -2.985392e-01
     vertex -7.171780e-02 -1.462332e-01 -2.913015e-01
     vertex -5.102943e-02 -1.193972e-01 -2.956281e-01
   endloop
 endfacet
 facet normal -2.759826e-02 -2.824620e-02 -9.992199e-01
   outer loop
     vertex  1.304284e-02 -1.462089e-01 -2.997163e-01
     vertex -2.956953e-02 -1.462164e-01 -2.985392e-01
     vertex -8.499700e-03 -1.193863e-01 -2.998796e-01
   endloop
 endfacet
 facet normal  1.142629e-01 -2.822287e-02 -9.930496e-01
   outer loop
     vertex  5.537446e-02 -1.462227e-01 -2.948452e-01
     vertex  1.304284e-02 -1.462089e-01 -2.997163e-01
     vertex  3.416290e-02 -1.193878e-01 -2.980485e-01
   endloop
 endfacet
 facet normal  2.540030e-01 -2.841387e-02 -9.667860e-01
   outer loop
     vertex  9.671113e-02 -1.462475e-01 -2.839841e-01
     vertex  5.537446e-02 -1.462227e-01 -2.948452e-01
     vertex  7.617082e-02 -1.194252e-01 -2.901689e-01
   endloop
 endfacet
 facet normal  3.893754e-01 -2.892511e-02 -9.206249e-01
   outer loop
     vertex  1.364178e-01 -1.462745e-01 -2.671894e-01
     vertex  9.671113e-02 -1.462475e-01 -2.839841e-01
     vertex  1.167745e-01 -1.194638e-01 -2.763398e-01
   endloop
 endfacet
 facet normal  5.179007e-01 -2.939641e-02 -8.549355e-01
   outer loop
     vertex  1.736438e-01 -1.462912e-01 -2.446382e-01
     vertex  1.364178e-01 -1.462745e-01 -2.671894e-01
     vertex  1.551534e-01 -1.194149e-01 -2.567634e-01
   endloop
 endfacet
 facet normal  6.360383e-01 -2.896802e-02 -7.711135e-01
   outer loop
     vertex  2.071169e-01 -1.462166e-01 -2.170313e-01
     vertex  1.736438e-01 -1.462912e-01 -2.446382e-01
     vertex  1.902163e-01 -1.191952e-01 -2.319865e-01
   endloop
 endfacet
 facet normal  7.398912e-01 -2.780267e-02 -6.721518e-01
   outer loop
     vertex  2.358699e-01 -1.462536e-01 -1.853791e-01
     vertex  2.071169e-01 -1.462166e-01 -2.170313e-01
     vertex  2.206171e-01 -1.190775e-01 -2.032931e-01
   endloop
 endfacet
 facet normal  8.538412e-01  2.947013e-02  5.196987e-01
   outer loop
     vertex  2.669821e-01  1.429258e-01  1.368230e-01
     vertex  2.437895e-01  1.445864e-01  1.748333e-01
     vertex  2.546622e-01  1.162187e-01  1.585785e-01
   endloop
 endfacet
 facet normal  9.015150e-01 -3.093752e-02  4.316405e-01
   outer loop
     vertex  2.595591e-01 -1.441878e-01  1.504296e-01
     vertex  2.799263e-01 -1.441385e-01  1.078946e-01
     vertex  2.689404e-01 -1.149375e-01  1.329325e-01
   endloop
 endfacet
 facet normal  8.286447e-01 -2.808510e-02 -5.590700e-01
   outer loop
     vertex  2.601395e-01 -1.459220e-01 -1.494236e-01
     vertex  2.358699e-01 -1.462536e-01 -1.853791e-01
     vertex  2.460444e-01 -1.194425e-01 -1.716454e-01
   endloop
 endfacet
 facet normal  7.687419e-01  2.831713e-02  6.389319e-01
   outer loop
     vertex  2.437895e-01  1.445864e-01  1.748333e-01
     vertex  2.162254e-01  1.454754e-01  2.079581e-01
     vertex  2.296768e-01  1.178339e-01  1.929989e-01
   endloop
 endfacet
 facet normal  4.278664e-01  2.994778e-02  9.033457e-01
   outer loop
     vertex  1.479025e-01  1.463370e-01  2.610074e-01
     vertex  1.082382e-01  1.463542e-01  2.797937e-01
     vertex  1.285176e-01  1.195231e-01  2.710779e-01
   endloop
 endfacet
 facet normal  2.922949e-01  2.919151e-02  9.558826e-01
   outer loop
     vertex  1.082382e-01  1.463542e-01  2.797937e-01
     vertex  6.680111e-02  1.462356e-01  2.924681e-01
     vertex  8.809102e-02  1.194786e-01  2.867751e-01
   endloop
 endfacet
 facet normal  1.526369e-01  2.835271e-02  9.878756e-01
   outer loop
     vertex  6.680111e-02  1.462356e-01  2.924681e-01
     vertex  2.460140e-02  1.461952e-01  2.989896e-01
     vertex  4.617711e-02  1.194048e-01  2.964248e-01
   endloop
 endfacet
 facet normal  1.127435e-02  2.800768e-02  9.995441e-01
   outer loop
     vertex  2.460140e-02  1.461952e-01  2.989896e-01
     vertex -1.784367e-02  1.461764e-01  2.994689e-01
     vertex  3.610478e-03  1.193604e-01  2.999783e-01
   endloop
 endfacet
 facet normal -1.298775e-01  2.797480e-02  9.911353e-01
   outer loop
     vertex -1.784367e-02  1.461764e-01  2.994689e-01
     vertex -5.991256e-02  1.461620e-01  2.939566e-01
     vertex -3.888121e-02  1.193342e-01  2.974697e-01
   endloop
 endfacet
 facet normal -2.687364e-01  2.825389e-02  9.627993e-01
   outer loop
     vertex -5.991256e-02  1.461620e-01  2.939566e-01
     vertex -1.009841e-01  1.461578e-01  2.824928e-01
     vertex -8.067703e-02  1.193219e-01  2.889485e-01
   endloop
 endfacet
 facet normal -4.031645e-01  2.881888e-02  9.146736e-01
   outer loop
     vertex -1.009841e-01  1.461578e-01  2.824928e-01
     vertex -1.403944e-01  1.461675e-01  2.651215e-01
     vertex -1.211612e-01  1.193222e-01  2.744448e-01
   endloop
 endfacet
 facet normal -5.309939e-01  2.983364e-02  8.468503e-01
   outer loop
     vertex -1.403944e-01  1.461675e-01  2.651215e-01
     vertex -1.775278e-01  1.462706e-01  2.418344e-01
     vertex -1.596048e-01  1.193675e-01  2.540203e-01
   endloop
 endfacet
 facet normal -6.497161e-01  3.089203e-02  7.595490e-01
   outer loop
     vertex -1.775278e-01  1.462706e-01  2.418344e-01
     vertex -2.114330e-01  1.463499e-01  2.128287e-01
     vertex -1.951062e-01  1.194339e-01  2.278893e-01
   endloop
 endfacet
 facet normal -7.552633e-01  3.087587e-02  6.546938e-01
   outer loop
     vertex -2.114330e-01  1.463499e-01  2.128287e-01
     vertex -2.406548e-01  1.462339e-01  1.791235e-01
     vertex -2.265586e-01  1.194153e-01  1.966499e-01
   endloop
 endfacet
 facet normal -8.433489e-01  2.985151e-02  5.365365e-01
   outer loop
     vertex -2.406548e-01  1.462339e-01  1.791235e-01
     vertex -2.641985e-01  1.461079e-01  1.421237e-01
     vertex -2.529584e-01  1.193065e-01  1.612826e-01
   endloop
 endfacet
 facet normal -9.121687e-01  2.912116e-02  4.087789e-01
   outer loop
     vertex -2.641985e-01  1.461079e-01  1.421237e-01
     vertex -2.819071e-01  1.461077e-01  1.026078e-01
     vertex -2.737147e-01  1.192561e-01  1.228017e-01
   endloop
 endfacet
 facet normal -9.615257e-01  2.920586e-02  2.731581e-01
   outer loop
     vertex -2.819071e-01  1.461077e-01  1.026078e-01
     vertex -2.937547e-01  1.461943e-01  6.089463e-02
     vertex -2.886023e-01  1.193014e-01  8.190674e-02
   endloop
 endfacet
 facet normal -9.909076e-01  2.953025e-02  1.312632e-01
   outer loop
     vertex -2.937547e-01  1.461943e-01  6.089463e-02
     vertex -2.994792e-01  1.462423e-01  1.767004e-02
     vertex -2.974207e-01  1.193709e-01  3.925500e-02
   endloop
 endfacet
 facet normal -9.994550e-01  2.983785e-02 -1.412400e-02
   outer loop
     vertex -2.994792e-01  1.462423e-01  1.767004e-02
     vertex -2.988586e-01  1.462886e-01 -2.614447e-02
     vertex -2.999686e-01  1.194292e-01 -4.341655e-03
   endloop
 endfacet
 facet normal -9.867326e-01  2.980685e-02 -1.595943e-01
   outer loop
     vertex -2.988586e-01  1.462886e-01 -2.614447e-02
     vertex -2.918654e-01  1.462592e-01 -6.938719e-02
     vertex -2.961555e-01  1.194269e-01 -4.787403e-02
   endloop
 endfacet
 facet normal -9.531557e-01  2.929314e-02 -3.010583e-01
   outer loop
     vertex -2.918654e-01  1.462592e-01 -6.938719e-02
     vertex -2.787882e-01  1.461320e-01 -1.108023e-01
     vertex -2.861026e-01  1.193428e-01 -9.025149e-02
   endloop
 endfacet
 facet normal -9.000022e-01  2.880244e-02 -4.349328e-01
   outer loop
     vertex -2.787882e-01  1.461320e-01 -1.108023e-01
     vertex -2.600490e-01  1.461012e-01 -1.495811e-01
     vertex -2.701080e-01  1.192586e-01 -1.305437e-01
   endloop
 endfacet
 facet normal -8.283440e-01  2.897372e-02 -5.594700e-01
   outer loop
     vertex -2.600490e-01  1.461012e-01 -1.495811e-01
     vertex -2.358624e-01  1.461575e-01 -1.853886e-01
     vertex -2.485071e-01  1.192562e-01 -1.680602e-01
   endloop
 endfacet
 facet normal -7.389859e-01  2.942508e-02 -6.730780e-01
   outer loop
     vertex -2.358624e-01  1.461575e-01 -1.853886e-01
     vertex -2.065323e-01  1.462256e-01 -2.175877e-01
     vertex -2.216472e-01  1.193077e-01 -2.021695e-01
   endloop
 endfacet
 facet normal -6.335615e-01  2.957682e-02 -7.731268e-01
   outer loop
     vertex -2.065323e-01  1.462256e-01 -2.175877e-01
     vertex -1.727619e-01  1.462284e-01 -2.452618e-01
     vertex -1.900563e-01  1.193488e-01 -2.321176e-01
   endloop
 endfacet
 facet normal -5.148956e-01  2.935201e-02 -8.567502e-01
   outer loop
     vertex -1.727619e-01  1.462284e-01 -2.452618e-01
     vertex -1.354933e-01  1.462364e-01 -2.676594e-01
     vertex -1.545026e-01  1.193707e-01 -2.571555e-01
   endloop
 endfacet
 facet normal -3.861256e-01  2.893462e-02 -9.219923e-01
   outer loop
     vertex -1.354933e-01  1.462364e-01 -2.676594e-01
     vertex -9.568138e-02  1.462291e-01 -2.843327e-01
     vertex -1.159003e-01  1.193818e-01 -2.767077e-01
   endloop
 endfacet
 facet normal -2.504482e-01  2.842086e-02 -9.677127e-01
   outer loop
     vertex -9.568138e-02  1.462291e-01 -2.843327e-01
     vertex -5.428164e-02  1.461885e-01 -2.950483e-01
     vertex -7.517911e-02  1.193748e-01 -2.904274e-01
   endloop
 endfacet
 facet normal -1.108451e-01  2.802208e-02 -9.934426e-01
   outer loop
     vertex -5.428164e-02  1.461885e-01 -2.950483e-01
     vertex -1.208636e-02  1.461844e-01 -2.997564e-01
     vertex -3.319408e-02  1.193602e-01 -2.981579e-01
   endloop
 endfacet
 facet normal  3.045134e-02  2.797505e-02 -9.991447e-01
   outer loop
     vertex -1.208636e-02  1.461844e-01 -2.997564e-01
     vertex  3.031670e-02  1.461796e-01 -2.984642e-01
     vertex  9.296411e-03  1.193554e-01 -2.998559e-01
   endloop
 endfacet
 facet normal  1.713731e-01  2.820863e-02 -9.848023e-01
   outer loop
     vertex  3.031670e-02  1.461796e-01 -2.984642e-01
     vertex  7.228073e-02  1.461596e-01 -2.911623e-01
     vertex  5.168687e-02  1.193516e-01 -2.955139e-01
   endloop
 endfacet
 facet normal  3.100921e-01  2.903855e-02 -9.502629e-01
   outer loop
     vertex  7.228073e-02  1.461596e-01 -2.911623e-01
     vertex  1.133544e-01  1.461193e-01 -2.777603e-01
     vertex  9.335606e-02  1.193370e-01 -2.851046e-01
   endloop
 endfacet
 facet normal  4.448761e-01  3.029110e-02 -8.950797e-01
   outer loop
     vertex  1.133544e-01  1.461193e-01 -2.777603e-01
     vertex  1.528949e-01  1.459160e-01 -2.581146e-01
     vertex  1.336892e-01  1.191805e-01 -2.685651e-01
   endloop
 endfacet
 facet normal  5.727861e-01  3.115488e-02 -8.191126e-01
   outer loop
     vertex  1.528949e-01  1.459160e-01 -2.581146e-01
     vertex  1.897810e-01  1.453438e-01 -2.323428e-01
     vertex  1.719259e-01  1.185249e-01 -2.458485e-01
   endloop
 endfacet
 facet normal  6.890922e-01  3.084893e-02 -7.240168e-01
   outer loop
     vertex  1.897810e-01  1.453438e-01 -2.323428e-01
     vertex  2.225757e-01  1.449484e-01 -2.011469e-01
     vertex  2.071014e-01  1.174564e-01 -2.170461e-01
   endloop
 endfacet
 facet normal  7.896718e-01  3.028224e-02 -6.127817e-01
   outer loop
     vertex  2.225757e-01  1.449484e-01 -2.011469e-01
     vertex  2.502659e-01  1.456309e-01 -1.654296e-01
     vertex  2.378874e-01  1.172716e-01 -1.827829e-01
   endloop
 endfacet
 facet normal  8.714035e-01  2.898348e-02 -4.897101e-01
   outer loop
     vertex  2.502659e-01  1.456309e-01 -1.654296e-01
     vertex  2.718743e-01  1.482493e-01 -1.268242e-01
     vertex  2.632205e-01  1.194582e-01 -1.439270e-01
   endloop
 endfacet
 facet normal  9.727276e-01  2.653442e-02 -2.304277e-01
   outer loop
     vertex  2.870261e-01  1.517217e-01 -8.726981e-02
     vertex  2.955836e-01  1.504922e-01 -5.128658e-02
     vertex  2.917680e-01  1.296352e-01 -6.979575e-02
   endloop
 endfacet
 facet normal  9.570665e-01 -2.312451e-02 -2.889446e-01
   outer loop
     vertex  2.810693e-01  1.252410e-01 -1.048810e-01
     vertex  2.870261e-01  1.517217e-01 -8.726981e-02
     vertex  2.917680e-01  1.296352e-01 -6.979575e-02
   endloop
 endfacet
 facet normal  9.827235e-01 -1.616509e-02 -1.843725e-01
   outer loop
     vertex  2.955836e-01  1.504922e-01 -5.128658e-02
     vertex  2.972535e-01  1.289950e-01 -4.050110e-02
     vertex  2.917680e-01  1.296352e-01 -6.979575e-02
   endloop
 endfacet
 facet normal  9.927629e-01  3.609756e-03  1.200368e-01
   outer loop
     vertex  2.959168e-01 -1.247405e-01  4.932803e-02
     vertex  2.992054e-01 -1.144536e-01  2.182010e-02
     vertex  2.956461e-01 -1.034072e-01  5.092541e-02
   endloop
 endfacet
 facet normal  9.742828e-01 -4.505347e-03  2.252835e-01
   outer loop
     vertex  2.959168e-01 -1.247405e-01  4.932803e-02
     vertex  2.956461e-01 -1.034072e-01  5.092541e-02
     vertex  2.876990e-01 -1.168515e-01  8.502505e-02
   endloop
 endfacet
 facet normal  9.909009e-01  1.828798e-02 -1.333453e-01
   outer loop
     vertex  2.955836e-01  1.504922e-01 -5.128658e-02
     vertex  2.939706e-01  1.754974e-01 -5.984393e-02
     vertex  2.990792e-01  1.637903e-01 -2.348705e-02
   endloop
 endfacet
 facet normal -3.191586e-01 -2.867705e-02 -9.472673e-01
   outer loop
     vertex -1.159003e-01  1.193818e-01 -2.767077e-01
     vertex -9.568138e-02  1.462291e-01 -2.843327e-01
     vertex -7.517911e-02  1.193748e-01 -2.904274e-01
   endloop
 endfacet
 facet normal -4.516503e-01 -2.907110e-02 -8.917213e-01
   outer loop
     vertex -1.545026e-01  1.193707e-01 -2.571555e-01
     vertex -1.354933e-01  1.462364e-01 -2.676594e-01
     vertex -1.159003e-01  1.193818e-01 -2.767077e-01
   endloop
 endfacet
 facet normal -5.755189e-01 -2.935011e-02 -8.172616e-01
   outer loop
     vertex -1.900563e-01  1.193488e-01 -2.321176e-01
     vertex -1.727619e-01  1.462284e-01 -2.452618e-01
     vertex -1.545026e-01  1.193707e-01 -2.571555e-01
   endloop
 endfacet
 facet normal -6.876685e-01 -2.937705e-02 -7.254302e-01
   outer loop
     vertex -2.216472e-01  1.193077e-01 -2.021695e-01
     vertex -2.065323e-01  1.462256e-01 -2.175877e-01
     vertex -1.900563e-01  1.193488e-01 -2.321176e-01
   endloop
 endfacet
 facet normal -7.852924e-01 -2.924362e-02 -6.184340e-01
   outer loop
     vertex -2.485071e-01  1.192562e-01 -1.680602e-01
     vertex -2.358624e-01  1.461575e-01 -1.853886e-01
     vertex -2.216472e-01  1.193077e-01 -2.021695e-01
   endloop
 endfacet
 facet normal -8.662506e-01 -2.911410e-02 -4.987607e-01
   outer loop
     vertex -2.701080e-01  1.192586e-01 -1.305437e-01
     vertex -2.600490e-01  1.461012e-01 -1.495811e-01
     vertex -2.485071e-01  1.192562e-01 -1.680602e-01
   endloop
 endfacet
 facet normal -9.290712e-01 -2.920815e-02 -3.687460e-01
   outer loop
     vertex -2.861026e-01  1.193428e-01 -9.025149e-02
     vertex -2.787882e-01  1.461320e-01 -1.108023e-01
     vertex -2.701080e-01  1.192586e-01 -1.305437e-01
   endloop
 endfacet
 facet normal -9.725884e-01 -2.943461e-02 -2.306628e-01
   outer loop
     vertex -2.961555e-01  1.194269e-01 -4.787403e-02
     vertex -2.918654e-01  1.462592e-01 -6.938719e-02
     vertex -2.861026e-01  1.193428e-01 -9.025149e-02
   endloop
 endfacet
 facet normal -9.957480e-01 -2.964846e-02 -8.721791e-02
   outer loop
     vertex -2.999686e-01  1.194292e-01 -4.341655e-03
     vertex -2.988586e-01  1.462886e-01 -2.614447e-02
     vertex -2.961555e-01  1.194269e-01 -4.787403e-02
   endloop
 endfacet
 facet normal -9.978606e-01 -2.962882e-02  5.827856e-02
   outer loop
     vertex -2.974207e-01  1.193709e-01  3.925500e-02
     vertex -2.994792e-01  1.462423e-01  1.767004e-02
     vertex -2.999686e-01  1.194292e-01 -4.341655e-03
   endloop
 endfacet
 facet normal -9.788731e-01 -2.945266e-02  2.023365e-01
   outer loop
     vertex -2.886023e-01  1.193014e-01  8.190674e-02
     vertex -2.937547e-01  1.461943e-01  6.089463e-02
     vertex -2.974207e-01  1.193709e-01  3.925500e-02
   endloop
 endfacet
 facet normal -9.392733e-01 -2.944141e-02  3.419047e-01
   outer loop
     vertex -2.737147e-01  1.192561e-01  1.228017e-01
     vertex -2.819071e-01  1.461077e-01  1.026078e-01
     vertex -2.886023e-01  1.193014e-01  8.190674e-02
   endloop
 endfacet
 facet normal -8.797235e-01 -2.970958e-02  4.745566e-01
   outer loop
     vertex -2.529584e-01  1.193065e-01  1.612826e-01
     vertex -2.641985e-01  1.461079e-01  1.421237e-01
     vertex -2.737147e-01  1.192561e-01  1.228017e-01
   endloop
 endfacet
 facet normal -8.009554e-01 -3.021630e-02  5.979611e-01
   outer loop
     vertex -2.265586e-01  1.194153e-01  1.966499e-01
     vertex -2.406548e-01  1.462339e-01  1.791235e-01
     vertex -2.529584e-01  1.193065e-01  1.612826e-01
   endloop
 endfacet
 facet normal -7.043652e-01 -3.043804e-02  7.091849e-01
   outer loop
     vertex -1.951062e-01  1.194339e-01  2.278893e-01
     vertex -2.114330e-01  1.463499e-01  2.128287e-01
     vertex -2.265586e-01  1.194153e-01  1.966499e-01
   endloop
 endfacet
 facet normal -5.925541e-01 -3.014989e-02  8.049662e-01
   outer loop
     vertex -1.596048e-01  1.193675e-01  2.540203e-01
     vertex -1.775278e-01  1.462706e-01  2.418344e-01
     vertex -1.951062e-01  1.194339e-01  2.278893e-01
   endloop
 endfacet
 facet normal -4.690034e-01 -2.945358e-02  8.827051e-01
   outer loop
     vertex -1.211612e-01  1.193222e-01  2.744448e-01
     vertex -1.403944e-01  1.461675e-01  2.651215e-01
     vertex -1.596048e-01  1.193675e-01  2.540203e-01
   endloop
 endfacet
 facet normal -3.371254e-01 -2.873609e-02  9.410211e-01
   outer loop
     vertex -8.067703e-02  1.193219e-01  2.889485e-01
     vertex -1.009841e-01  1.461578e-01  2.824928e-01
     vertex -1.211612e-01  1.193222e-01  2.744448e-01
   endloop
 endfacet
 facet normal -1.996813e-01 -2.827695e-02  9.794528e-01
   outer loop
     vertex -3.888121e-02  1.193342e-01  2.974697e-01
     vertex -5.991256e-02  1.461620e-01  2.939566e-01
     vertex -8.067703e-02  1.193219e-01  2.889485e-01
   endloop
 endfacet
 facet normal -5.889238e-02 -2.816110e-02  9.978670e-01
   outer loop
     vertex  3.610478e-03  1.193604e-01  2.999783e-01
     vertex -1.784367e-02  1.461764e-01  2.994689e-01
     vertex -3.888121e-02  1.193342e-01  2.974697e-01
   endloop
 endfacet
 facet normal  8.318626e-02 -2.836962e-02  9.961301e-01
   outer loop
     vertex  4.617711e-02  1.194048e-01  2.964248e-01
     vertex  2.460140e-02  1.461952e-01  2.989896e-01
     vertex  3.610478e-03  1.193604e-01  2.999783e-01
   endloop
 endfacet
 facet normal  2.243126e-01 -2.877464e-02  9.740923e-01
   outer loop
     vertex  8.809102e-02  1.194786e-01  2.867751e-01
     vertex  6.680111e-02  1.462356e-01  2.924681e-01
     vertex  4.617711e-02  1.194048e-01  2.964248e-01
   endloop
 endfacet
 facet normal  3.618347e-01 -2.919840e-02  9.317849e-01
   outer loop
     vertex  1.285176e-01  1.195231e-01  2.710779e-01
     vertex  1.082382e-01  1.463542e-01  2.797937e-01
     vertex  8.809102e-02  1.194786e-01  2.867751e-01
   endloop
 endfacet
 facet normal  7.176648e-01 -2.734351e-02  6.958517e-01
   outer loop
     vertex  2.296768e-01  1.178339e-01  1.929989e-01
     vertex  2.162254e-01  1.454754e-01  2.079581e-01
     vertex  2.002701e-01  1.187889e-01  2.233649e-01
   endloop
 endfacet
 facet normal  7.794549e-01  2.484807e-02 -6.259653e-01
   outer loop
     vertex  2.460444e-01 -1.194425e-01 -1.716454e-01
     vertex  2.358699e-01 -1.462536e-01 -1.853791e-01
     vertex  2.206171e-01 -1.190775e-01 -2.032931e-01
   endloop
 endfacet
 facet normal  9.309812e-01  3.902391e-02  3.629755e-01
   outer loop
     vertex  2.689404e-01 -1.149375e-01  1.329325e-01
     vertex  2.799263e-01 -1.441385e-01  1.078946e-01
     vertex  2.876990e-01 -1.168515e-01  8.502505e-02
   endloop
 endfacet
 facet normal  8.083641e-01 -2.712980e-02  5.880574e-01
   outer loop
     vertex  2.546622e-01  1.162187e-01  1.585785e-01
     vertex  2.437895e-01  1.445864e-01  1.748333e-01
     vertex  2.296768e-01  1.178339e-01  1.929989e-01
   endloop
 endfacet
 facet normal  8.865877e-01 -3.314891e-02  4.613713e-01
   outer loop
     vertex  2.767645e-01  1.114648e-01  1.157644e-01
     vertex  2.669821e-01  1.429258e-01  1.368230e-01
     vertex  2.546622e-01  1.162187e-01  1.585785e-01
   endloop
 endfacet
 facet normal  9.612877e-01 -4.297632e-02 -2.721746e-01
   outer loop
     vertex  2.908410e-01 -1.224869e-01 -7.356308e-02
     vertex  2.948302e-01 -1.479436e-01 -5.545390e-02
     vertex  2.812695e-01 -1.416467e-01 -1.043430e-01
   endloop
 endfacet
 facet normal  9.491041e-01 -2.697945e-02  3.138048e-01
   outer loop
     vertex  2.839816e-01  1.438237e-01  9.671840e-02
     vertex  2.767645e-01  1.114648e-01  1.157644e-01
     vertex  2.904805e-01  1.195309e-01  7.497395e-02
   endloop
 endfacet
 facet normal  6.860903e-01  2.673822e-02 -7.270249e-01
   outer loop
     vertex  2.206171e-01 -1.190775e-01 -2.032931e-01
     vertex  2.071169e-01 -1.462166e-01 -2.170313e-01
     vertex  1.902163e-01 -1.191952e-01 -2.319865e-01
   endloop
 endfacet
 facet normal  5.767430e-01  2.845761e-02 -8.164299e-01
   outer loop
     vertex  1.902163e-01 -1.191952e-01 -2.319865e-01
     vertex  1.736438e-01 -1.462912e-01 -2.446382e-01
     vertex  1.551534e-01 -1.194149e-01 -2.567634e-01
   endloop
 endfacet
 facet normal  9.795240e-01 -1.314568e-02  2.008979e-01
   outer loop
     vertex  2.963998e-01  1.229632e-01  4.633775e-02
     vertex  2.947971e-01  1.455491e-01  5.562966e-02
     vertex  2.904805e-01  1.195309e-01  7.497395e-02
   endloop
 endfacet
 facet normal  3.222927e-01  2.862721e-02 -9.462071e-01
   outer loop
     vertex  1.167745e-01 -1.194638e-01 -2.763398e-01
     vertex  9.671113e-02 -1.462475e-01 -2.839841e-01
     vertex  7.617082e-02 -1.194252e-01 -2.901689e-01
   endloop
 endfacet
 facet normal  9.929783e-01 -7.258372e-03  1.180737e-01
   outer loop
     vertex  2.958406e-01  1.025108e-01  4.978313e-02
     vertex  2.991545e-01  1.121736e-01  2.250773e-02
     vertex  2.963998e-01  1.229632e-01  4.633775e-02
   endloop
 endfacet
 facet normal  4.541679e-01  2.884491e-02 -8.904490e-01
   outer loop
     vertex  1.551534e-01 -1.194149e-01 -2.567634e-01
     vertex  1.364178e-01 -1.462745e-01 -2.671894e-01
     vertex  1.167745e-01 -1.194638e-01 -2.763398e-01
   endloop
 endfacet
 facet normal  9.951635e-01 -6.844766e-03 -9.799411e-02
   outer loop
     vertex  2.992115e-01  1.450181e-01 -2.173611e-02
     vertex  2.994593e-01  1.276069e-01 -1.800420e-02
     vertex  2.972535e-01  1.289950e-01 -4.050110e-02
   endloop
 endfacet
 facet normal  9.952455e-01  6.792750e-03 -9.716073e-02
   outer loop
     vertex  2.994593e-01  1.276069e-01 -1.800420e-02
     vertex  2.992217e-01  1.110414e-01 -2.159588e-02
     vertex  2.972535e-01  1.289950e-01 -4.050110e-02
   endloop
 endfacet
 facet normal -9.911452e-01 -3.034390e-02  1.292689e-01
   outer loop
     vertex -2.974634e-01  1.307196e-02  3.893011e-02
     vertex -2.995164e-01 -1.317639e-02  1.702746e-02
     vertex -2.938524e-01 -1.331892e-02  6.042160e-02
   endloop
 endfacet
 facet normal  9.928873e-01  5.400416e-03 -1.189358e-01
   outer loop
     vertex  2.992217e-01  1.110414e-01 -2.159588e-02
     vertex  2.990657e-01  9.430491e-02 -2.365778e-02
     vertex  2.958691e-01  1.103876e-01 -4.961321e-02
   endloop
 endfacet
 facet normal -9.392762e-01  3.036071e-02  3.418164e-01
   outer loop
     vertex -2.736816e-01  1.285859e-02  1.228754e-01
     vertex -2.886499e-01  1.291876e-02  8.173871e-02
     vertex -2.819361e-01 -1.343281e-02  1.025283e-01
   endloop
 endfacet
 facet normal  9.910601e-01  1.587146e-02 -1.324685e-01
   outer loop
     vertex  2.990657e-01  9.430491e-02 -2.365778e-02
     vertex  2.985983e-01  7.918455e-02 -2.896643e-02
     vertex  2.948856e-01  9.240612e-02 -5.515847e-02
   endloop
 endfacet
 facet normal  9.951888e-01 -1.329112e-02 -9.707051e-02
   outer loop
     vertex  2.994265e-01  6.505801e-02 -1.854176e-02
     vertex  2.972492e-01  6.264356e-02 -4.053278e-02
     vertex  2.985983e-01  7.918455e-02 -2.896643e-02
   endloop
 endfacet
 facet normal  9.950078e-01  8.447151e-03 -9.943929e-02
   outer loop
     vertex  2.994265e-01  6.505801e-02 -1.854176e-02
     vertex  2.991767e-01  5.128862e-02 -2.221098e-02
     vertex  2.972492e-01  6.264356e-02 -4.053278e-02
   endloop
 endfacet
 facet normal -3.349442e-01  2.982079e-02  9.417659e-01
   outer loop
     vertex -7.980708e-02  1.310234e-02  2.891900e-01
     vertex -1.206784e-01  1.298800e-02  2.746575e-01
     vertex -1.001099e-01 -1.325778e-02  2.828038e-01
   endloop
 endfacet
 facet normal  9.941136e-01 -3.576766e-03 -1.082840e-01
   outer loop
     vertex  2.991767e-01  5.128862e-02 -2.221098e-02
     vertex  2.992860e-01  3.549456e-02 -2.068535e-02
     vertex  2.968479e-01  4.474714e-02 -4.337395e-02
   endloop
 endfacet
 facet normal  7.072447e-01  2.393641e-02  7.065635e-01
   outer loop
     vertex  2.251988e-01  1.088968e-02  1.982057e-01
     vertex  1.979866e-01  1.244474e-02  2.253914e-01
     vertex  2.116247e-01 -1.406135e-02  2.126382e-01
   endloop
 endfacet
 facet normal  9.944679e-01 -1.048978e-03 -1.050353e-01
   outer loop
     vertex  2.992860e-01  3.549456e-02 -2.068535e-02
     vertex  2.993209e-01  1.737977e-02 -2.017393e-02
     vertex  2.969701e-01  2.720837e-02 -4.252958e-02
   endloop
 endfacet
 facet normal  9.947485e-01  5.458852e-03 -1.022037e-01
   outer loop
     vertex  2.993209e-01  1.737977e-02 -2.017393e-02
     vertex  2.973357e-01  9.939400e-03 -3.989308e-02
     vertex  2.969701e-01  2.720837e-02 -4.252958e-02
   endloop
 endfacet
 facet normal -8.003986e-01  3.091426e-02  5.986705e-01
   outer loop
     vertex -2.263458e-01  1.294841e-02  1.968948e-01
     vertex -2.528020e-01  1.287890e-02  1.615276e-01
     vertex -2.402146e-01 -1.340212e-02  1.797135e-01
   endloop
 endfacet
 facet normal  9.921002e-01 -2.407994e-02 -1.231153e-01
   outer loop
     vertex  2.973357e-01  9.939400e-03 -3.989308e-02
     vertex  2.991788e-01 -4.677403e-03 -2.218251e-02
     vertex  2.955363e-01 -4.555096e-03 -5.155893e-02
   endloop
 endfacet
 facet normal -9.283242e-01  3.002871e-02 -3.705569e-01
   outer loop
     vertex -2.859662e-01  1.298072e-02 -9.068265e-02
     vertex -2.698332e-01  1.283757e-02 -1.311107e-01
     vertex -2.785381e-01 -1.340098e-02 -1.114295e-01
   endloop
 endfacet
 facet normal  9.950103e-01 -5.287904e-03 -9.963180e-02
   outer loop
     vertex  2.991788e-01 -4.677403e-03 -2.218251e-02
     vertex  2.994226e-01 -2.622270e-02 -1.860384e-02
     vertex  2.971537e-01 -2.690246e-02 -4.122745e-02
   endloop
 endfacet
 facet normal  1.069072e-01  2.879099e-02 -9.938521e-01
   outer loop
     vertex  1.080378e-02  1.319538e-02 -2.998054e-01
     vertex  5.317850e-02  1.312931e-02 -2.952491e-01
     vertex  3.265677e-02 -1.312770e-02 -2.982173e-01
   endloop
 endfacet
 facet normal -8.258129e-01 -3.008155e-02 -5.631413e-01
   outer loop
     vertex -2.349250e-01 -1.354560e-02 -1.865750e-01
     vertex -2.594719e-01 -1.351770e-02 -1.505800e-01
     vertex -2.480312e-01  1.277809e-02 -1.687618e-01
   endloop
 endfacet
 facet normal  9.943107e-01 -3.494023e-03 -1.064615e-01
   outer loop
     vertex  2.971537e-01 -2.690246e-02 -4.122745e-02
     vertex  2.992914e-01 -4.684002e-02 -2.060774e-02
     vertex  2.967982e-01 -5.232152e-02 -4.371292e-02
   endloop
 endfacet
 facet normal  9.940329e-01  6.781331e-03 -1.088693e-01
   outer loop
     vertex  2.992914e-01 -4.684002e-02 -2.060774e-02
     vertex  2.990174e-01 -6.533172e-02 -2.426112e-02
     vertex  2.967982e-01 -5.232152e-02 -4.371292e-02
   endloop
 endfacet
 facet normal  9.929749e-01 -1.050534e-02 -1.178578e-01
   outer loop
     vertex  2.993078e-01 -8.156400e-02 -2.036722e-02
     vertex  2.958302e-01 -7.956849e-02 -4.984442e-02
     vertex  2.990174e-01 -6.533172e-02 -2.426112e-02
   endloop
 endfacet
 facet normal -1.244030e-01 -2.908824e-02  9.918053e-01
   outer loop
     vertex -5.849802e-02 -1.315307e-02  2.942414e-01
     vertex -1.598922e-02 -1.314213e-02  2.995736e-01
     vertex -3.773279e-02  1.315687e-02  2.976176e-01
   endloop
 endfacet
 facet normal  9.931062e-01  1.658384e-02 -1.160394e-01
   outer loop
     vertex  2.993078e-01 -8.156400e-02 -2.036722e-02
     vertex  2.986621e-01 -9.840940e-02 -2.830108e-02
     vertex  2.958302e-01 -7.956849e-02 -4.984442e-02
   endloop
 endfacet
 facet normal -5.103883e-01 -3.000350e-02 -8.594205e-01
   outer loop
     vertex -1.340879e-01 -1.331982e-02 -2.683662e-01
     vertex -1.715039e-01 -1.339813e-02 -2.461431e-01
     vertex -1.535888e-01  1.295168e-02 -2.577023e-01
   endloop
 endfacet
 facet normal  3.804913e-01  2.805356e-02 -9.243589e-01
   outer loop
     vertex  1.333785e-01  1.299253e-02 -2.687195e-01
     vertex  1.148914e-01 -1.332652e-02 -2.771281e-01
     vertex  9.442511e-02  1.304003e-02 -2.847523e-01
   endloop
 endfacet
 facet normal  1.843080e-01  2.840822e-02 -9.824579e-01
   outer loop
     vertex  7.617082e-02 -1.194252e-01 -2.901689e-01
     vertex  5.537446e-02 -1.462227e-01 -2.948452e-01
     vertex  3.416290e-02 -1.193878e-01 -2.980485e-01
   endloop
 endfacet
 facet normal -9.943500e-02  2.839635e-02 -9.946388e-01
   outer loop
     vertex -8.499700e-03 -1.193863e-01 -2.998796e-01
     vertex -2.956953e-02 -1.462164e-01 -2.985392e-01
     vertex -5.102943e-02 -1.193972e-01 -2.956281e-01
   endloop
 endfacet
 facet normal  9.995645e-01 -3.276264e-18 -2.950996e-02
   outer loop
     vertex  3.000000e-01 -2.000000e-01 -2.906989e-17
     vertex  2.994775e-01 -2.000000e-01 -1.769827e-02
     vertex  3.000000e-01 -1.897351e-01 -3.020952e-17
   endloop
 endfacet
 facet normal  9.061626e-01 -3.102102e-02 -4.217902e-01
   outer loop
     vertex  2.812695e-01 -1.416467e-01 -1.043430e-01
     vertex  2.601395e-01 -1.459220e-01 -1.494236e-01
     vertex  2.664630e-01 -1.188257e-01 -1.378313e-01
   endloop
 endfacet
 facet normal  8.556638e-01  2.153214e-02 -5.170839e-01
   outer loop
     vertex  2.601395e-01 -1.459220e-01 -1.494236e-01
     vertex  2.460444e-01 -1.194425e-01 -1.716454e-01
     vertex  2.664630e-01 -1.188257e-01 -1.378313e-01
   endloop
 endfacet
 facet normal  9.107150e-01 -2.898473e-02 -4.120171e-01
   outer loop
     vertex  2.632205e-01  1.194582e-01 -1.439270e-01
     vertex  2.718743e-01  1.482493e-01 -1.268242e-01
     vertex  2.810693e-01  1.252410e-01 -1.048810e-01
   endloop
 endfacet
 facet normal  8.380798e-01 -3.258450e-02 -5.445736e-01
   outer loop
     vertex  2.378874e-01  1.172716e-01 -1.827829e-01
     vertex  2.502659e-01  1.456309e-01 -1.654296e-01
     vertex  2.632205e-01  1.194582e-01 -1.439270e-01
   endloop
 endfacet
 facet normal  7.433754e-01 -3.203930e-02 -6.681067e-01
   outer loop
     vertex  2.071014e-01  1.174564e-01 -2.170461e-01
     vertex  2.225757e-01  1.449484e-01 -2.011469e-01
     vertex  2.378874e-01  1.172716e-01 -1.827829e-01
   endloop
 endfacet
 facet normal  6.326454e-01 -3.151605e-02 -7.738000e-01
   outer loop
     vertex  1.719259e-01  1.185249e-01 -2.458485e-01
     vertex  1.897810e-01  1.453438e-01 -2.323428e-01
     vertex  2.071014e-01  1.174564e-01 -2.170461e-01
   endloop
 endfacet
 facet normal -2.402468e-01  2.877583e-02 -9.702852e-01
   outer loop
     vertex -5.102943e-02 -1.193972e-01 -2.956281e-01
     vertex -7.171780e-02 -1.462332e-01 -2.913015e-01
     vertex -9.278622e-02 -1.194513e-01 -2.852906e-01
   endloop
 endfacet
 facet normal -3.769718e-01  2.912408e-02 -9.257667e-01
   outer loop
     vertex -9.278622e-02 -1.194513e-01 -2.852906e-01
     vertex -1.127821e-01 -1.463079e-01 -2.779932e-01
     vertex -1.328847e-01 -1.195003e-01 -2.689640e-01
   endloop
 endfacet
 facet normal -5.067706e-01  2.960431e-02 -8.615725e-01
   outer loop
     vertex -1.328847e-01 -1.195003e-01 -2.689640e-01
     vertex -1.518514e-01 -1.463306e-01 -2.587299e-01
     vertex -1.704910e-01 -1.195423e-01 -2.468458e-01
   endloop
 endfacet
 facet normal -6.265444e-01  2.981485e-02 -7.788153e-01
   outer loop
     vertex -1.704910e-01 -1.195423e-01 -2.468458e-01
     vertex -1.878929e-01 -1.463465e-01 -2.338723e-01
     vertex -2.045906e-01 -1.195751e-01 -2.194144e-01
   endloop
 endfacet
 facet normal -7.332100e-01  2.983766e-02 -6.793474e-01
   outer loop
     vertex -2.045906e-01 -1.195751e-01 -2.194144e-01
     vertex -2.200296e-01 -1.463851e-01 -2.039289e-01
     vertex -2.343595e-01 -1.195664e-01 -1.872849e-01
   endloop
 endfacet
 facet normal -8.242167e-01  2.974280e-02 -5.654929e-01
   outer loop
     vertex -2.343595e-01 -1.195664e-01 -1.872849e-01
     vertex -2.474128e-01 -1.463290e-01 -1.696671e-01
     vertex -2.590864e-01 -1.195166e-01 -1.512423e-01
   endloop
 endfacet
 facet normal -8.975553e-01  2.960504e-02 -4.399068e-01
   outer loop
     vertex -2.590864e-01 -1.195166e-01 -1.512423e-01
     vertex -2.693639e-01 -1.462553e-01 -1.320722e-01
     vertex -2.782689e-01 -1.194626e-01 -1.121000e-01
   endloop
 endfacet
 facet normal -9.518778e-01  2.968832e-02 -3.050364e-01
   outer loop
     vertex -2.782689e-01 -1.194626e-01 -1.121000e-01
     vertex -2.856024e-01 -1.462421e-01 -9.182179e-02
     vertex -2.915940e-01 -1.194676e-01 -7.051893e-02
   endloop
 endfacet
 facet normal -9.861283e-01  2.989879e-02 -1.632696e-01
   outer loop
     vertex -2.915940e-01 -1.194676e-01 -7.051893e-02
     vertex -2.959254e-01 -1.463253e-01 -4.927639e-02
     vertex -2.987612e-01 -1.194940e-01 -2.723496e-02
   endloop
 endfacet
 facet normal -9.993943e-01  3.008943e-02 -1.748205e-02
   outer loop
     vertex -2.987612e-01 -1.194940e-01 -2.723496e-02
     vertex -2.999534e-01 -1.463403e-01 -5.288747e-03
     vertex -2.995310e-01 -1.194945e-01  1.676907e-02
   endloop
 endfacet
 facet normal -9.912069e-01  3.007536e-02  1.288582e-01
   outer loop
     vertex -2.995310e-01 -1.194945e-01  1.676907e-02
     vertex -2.974787e-01 -1.463031e-01  3.881299e-02
     vertex -2.938616e-01 -1.194842e-01  6.037699e-02
   endloop
 endfacet
 facet normal -9.617799e-01  2.992297e-02  2.721838e-01
   outer loop
     vertex -2.938616e-01 -1.194842e-01  6.037699e-02
     vertex -2.886237e-01 -1.462810e-01  8.183127e-02
     vertex -2.819184e-01 -1.194649e-01  1.025770e-01
   endloop
 endfacet
 facet normal -9.118266e-01  2.994230e-02  4.094823e-01
   outer loop
     vertex -2.819184e-01 -1.194649e-01  1.025770e-01
     vertex -2.736821e-01 -1.462288e-01  1.228743e-01
     vertex -2.639589e-01 -1.194579e-01  1.425682e-01
   endloop
 endfacet
 facet normal -8.421827e-01  3.025014e-02  5.383430e-01
   outer loop
     vertex -2.639589e-01 -1.194579e-01  1.425682e-01
     vertex -2.529556e-01 -1.462440e-01  1.612869e-01
     vertex -2.402294e-01 -1.195138e-01  1.796937e-01
   endloop
 endfacet
 facet normal -7.537723e-01  3.075495e-02  6.564157e-01
   outer loop
     vertex -2.402294e-01 -1.195138e-01  1.796937e-01
     vertex -2.265020e-01 -1.463644e-01  1.967152e-01
     vertex -2.110274e-01 -1.196015e-01  2.132310e-01
   endloop
 endfacet
 facet normal -6.482246e-01  3.099558e-02  7.608181e-01
   outer loop
     vertex -2.110274e-01 -1.196015e-01  2.132310e-01
     vertex -1.945436e-01 -1.464680e-01  2.283699e-01
     vertex -1.770168e-01 -1.196108e-01  2.422087e-01
   endloop
 endfacet
 facet normal -5.284936e-01  3.064089e-02  8.483842e-01
   outer loop
     vertex -1.770168e-01 -1.196108e-01  2.422087e-01
     vertex -1.581825e-01 -1.463864e-01  2.549084e-01
     vertex -1.393266e-01 -1.195202e-01  2.656842e-01
   endloop
 endfacet
 facet normal -3.983775e-01  2.988507e-02  9.167346e-01
   outer loop
     vertex -1.393266e-01 -1.195202e-01  2.656842e-01
     vertex -1.190086e-01 -1.462528e-01  2.753851e-01
     vertex -9.913233e-02 -1.194250e-01  2.831480e-01
   endloop
 endfacet
 facet normal -2.614257e-01  2.913026e-02  9.647839e-01
   outer loop
     vertex -9.913233e-02 -1.194250e-01  2.831480e-01
     vertex -7.806352e-02 -1.462027e-01  2.896655e-01
     vertex -5.736255e-02 -1.193776e-01  2.944648e-01
   endloop
 endfacet
 facet normal -1.204381e-01  2.866179e-02  9.923070e-01
   outer loop
     vertex -5.736255e-02 -1.193776e-01  2.944648e-01
     vertex -3.593309e-02 -1.461912e-01  2.978402e-01
     vertex -1.473856e-02 -1.193623e-01  2.996377e-01
   endloop
 endfacet
 facet normal  2.230918e-02  2.853353e-02  9.993439e-01
   outer loop
     vertex -1.473856e-02 -1.193623e-01  2.996377e-01
     vertex  6.752663e-03 -1.461910e-01  2.999240e-01
     vertex  2.809409e-02 -1.193654e-01  2.986816e-01
   endloop
 endfacet
 facet normal  1.646839e-01  2.872571e-02  9.859280e-01
   outer loop
     vertex  2.809409e-02 -1.193654e-01  2.986816e-01
     vertex  4.933683e-02 -1.462036e-01  2.959153e-01
     vertex  7.048878e-02 -1.194016e-01  2.916013e-01
   endloop
 endfacet
 facet normal  3.043393e-01  2.907419e-02  9.521199e-01
   outer loop
     vertex  7.048878e-02 -1.194016e-01  2.916013e-01
     vertex  9.118111e-02 -1.462709e-01  2.858076e-01
     vertex  1.116702e-01 -1.195241e-01  2.784417e-01
   endloop
 endfacet
 facet normal  4.922767e-01 -2.915964e-02  8.699502e-01
   outer loop
     vertex  1.662658e-01  1.193378e-01  2.497112e-01
     vertex  1.479025e-01  1.463370e-01  2.610074e-01
     vertex  1.285176e-01  1.195231e-01  2.710779e-01
   endloop
 endfacet
 facet normal  6.119303e-01 -2.859700e-02  7.903945e-01
   outer loop
     vertex  2.002701e-01  1.187889e-01  2.233649e-01
     vertex  1.842668e-01  1.460139e-01  2.367398e-01
     vertex  1.662658e-01  1.193378e-01  2.497112e-01
   endloop
 endfacet
 facet normal  7.747479e-01  2.859786e-02  6.316231e-01
   outer loop
     vertex  2.340665e-01 -1.453256e-01  1.876510e-01
     vertex  2.458336e-01 -1.172710e-01  1.719472e-01
     vertex  2.183940e-01 -1.189261e-01  2.056795e-01
   endloop
 endfacet
 facet normal  9.914698e-01  1.572417e-03 -1.303275e-01
   outer loop
     vertex  2.991290e-01 -1.556310e-01 -2.284336e-02
     vertex  2.948302e-01 -1.479436e-01 -5.545390e-02
     vertex  2.991725e-01 -1.352810e-01 -2.226756e-02
   endloop
 endfacet
 facet normal  9.997078e-01  2.683492e-18  2.417075e-02
   outer loop
     vertex  3.000000e-01  2.000000e-01 -7.347881e-17
     vertex  2.996495e-01  2.000000e-01  1.449821e-02
     vertex  3.000000e-01  1.909364e-01 -7.247255e-17
   endloop
 endfacet
 facet normal  4.383064e-01  2.929453e-02  8.983481e-01
   outer loop
     vertex  1.116702e-01 -1.195241e-01  2.784417e-01
     vertex  1.316518e-01 -1.464204e-01  2.695697e-01
     vertex  1.506894e-01 -1.196551e-01  2.594083e-01
   endloop
 endfacet
 facet normal  5.633454e-01  2.933565e-02  8.257005e-01
   outer loop
     vertex  1.506894e-01 -1.196551e-01  2.594083e-01
     vertex  1.697373e-01 -1.464484e-01  2.473646e-01
     vertex  1.865969e-01 -1.195886e-01  2.349076e-01
   endloop
 endfacet
 facet normal  9.750751e-01 -1.488672e-02  2.213751e-01
   outer loop
     vertex  2.876990e-01 -1.168515e-01  8.502505e-02
     vertex  2.956461e-01 -1.034072e-01  5.092541e-02
     vertex  2.900147e-01 -8.814421e-02  7.675603e-02
   endloop
 endfacet
 facet normal  4.286447e-02  2.834909e-02 -9.986786e-01
   outer loop
     vertex  3.416290e-02 -1.193878e-01 -2.980485e-01
     vertex  1.304284e-02 -1.462089e-01 -2.997163e-01
     vertex -8.499700e-03 -1.193863e-01 -2.998796e-01
   endloop
 endfacet
 facet normal  9.768187e-01  1.965091e-03 -2.140595e-01
   outer loop
     vertex  2.951492e-01 -1.036444e-01 -5.373045e-02
     vertex  2.908410e-01 -1.224869e-01 -7.356308e-02
     vertex  2.904850e-01 -9.731469e-02 -7.495640e-02
   endloop
 endfacet
 facet normal  9.924912e-01  4.635529e-03  1.222282e-01
   outer loop
     vertex  2.990254e-01  9.618333e-02  2.416251e-02
     vertex  2.991545e-01  1.121736e-01  2.250773e-02
     vertex  2.958406e-01  1.025108e-01  4.978313e-02
   endloop
 endfacet
 facet normal  9.946157e-01 -1.352177e-02  1.027460e-01
   outer loop
     vertex  2.994436e-01  8.211838e-02  1.826307e-02
     vertex  2.990254e-01  9.618333e-02  2.416251e-02
     vertex  2.968443e-01  8.191904e-02  4.339906e-02
   endloop
 endfacet
 facet normal  9.926307e-01  1.096903e-02  1.206813e-01
   outer loop
     vertex  2.990254e-01  9.618333e-02  2.416251e-02
     vertex  2.958406e-01  1.025108e-01  4.978313e-02
     vertex  2.968443e-01  8.191904e-02  4.339906e-02
   endloop
 endfacet
 facet normal  9.946320e-01  1.052554e-02  1.029384e-01
   outer loop
     vertex  2.991634e-01  6.824640e-02  2.238851e-02
     vertex  2.994436e-01  8.211838e-02  1.826307e-02
     vertex  2.968443e-01  8.191904e-02  4.339906e-02
   endloop
 endfacet
 facet normal  2.465842e-01  2.867802e-02 -9.686970e-01
   outer loop
     vertex  5.317850e-02  1.312931e-02 -2.952491e-01
     vertex  9.442511e-02  1.304003e-02 -2.847523e-01
     vertex  7.458887e-02 -1.323567e-02 -2.905796e-01
   endloop
 endfacet
 facet normal  9.943204e-01 -6.776282e-03  1.062117e-01
   outer loop
     vertex  2.993592e-01  5.322670e-02  1.959712e-02
     vertex  2.991634e-01  6.824640e-02  2.238851e-02
     vertex  2.969652e-01  6.191463e-02  4.256398e-02
   endloop
 endfacet
 facet normal  9.940658e-01  1.466710e-03  1.087709e-01
   outer loop
     vertex  2.991634e-01  6.824640e-02  2.238851e-02
     vertex  2.968443e-01  8.191904e-02  4.339906e-02
     vertex  2.969652e-01  6.191463e-02  4.256398e-02
   endloop
 endfacet
 facet normal -9.789872e-01  3.027310e-02  2.016619e-01
   outer loop
     vertex -2.886499e-01  1.291876e-02  8.173871e-02
     vertex -2.974634e-01  1.307196e-02  3.893011e-02
     vertex -2.938524e-01 -1.331892e-02  6.042160e-02
   endloop
 endfacet
 facet normal  2.998483e-01 -2.924279e-02  9.535386e-01
   outer loop
     vertex  6.925650e-02 -1.310865e-02  2.918965e-01
     vertex  1.102587e-01 -1.308715e-02  2.790036e-01
     vertex  8.950003e-02  1.323225e-02  2.863385e-01
   endloop
 endfacet
 facet normal  9.955986e-01 -2.876114e-03  9.367574e-02
   outer loop
     vertex  2.994569e-01  3.642516e-02  1.804306e-02
     vertex  2.993592e-01  5.322670e-02  1.959712e-02
     vertex  2.976616e-01  4.489599e-02  3.738425e-02
   endloop
 endfacet
 facet normal  9.949535e-01  1.033874e-02  9.980341e-02
   outer loop
     vertex  2.993592e-01  5.322670e-02  1.959712e-02
     vertex  2.969652e-01  6.191463e-02  4.256398e-02
     vertex  2.976616e-01  4.489599e-02  3.738425e-02
   endloop
 endfacet
 facet normal  6.084354e-01  2.547022e-02  7.931945e-01
   outer loop
     vertex  1.979866e-01  1.244474e-02  2.253914e-01
     vertex  1.661894e-01  1.306961e-02  2.497621e-01
     vertex  1.827714e-01 -1.351718e-02  2.378962e-01
   endloop
 endfacet
 facet normal  9.899270e-01 -5.422717e-03  1.414747e-01
   outer loop
     vertex  2.957725e-01  3.402670e-02  5.018598e-02
     vertex  2.981343e-01  2.739454e-02  3.340589e-02
     vertex  2.976616e-01  4.489599e-02  3.738425e-02
   endloop
 endfacet
 facet normal  9.963846e-01 -1.425013e-03  8.494497e-02
   outer loop
     vertex  2.995137e-01  1.838911e-02  1.707420e-02
     vertex  2.994569e-01  3.642516e-02  1.804306e-02
     vertex  2.981343e-01  2.739454e-02  3.340589e-02
   endloop
 endfacet
 facet normal  9.959575e-01  6.535008e-03  8.958728e-02
   outer loop
     vertex  2.994569e-01  3.642516e-02  1.804306e-02
     vertex  2.976616e-01  4.489599e-02  3.738425e-02
     vertex  2.981343e-01  2.739454e-02  3.340589e-02
   endloop
 endfacet
 facet normal  6.925737e-01  1.240564e-02 -7.212405e-01
   outer loop
     vertex  1.962243e-01  1.196591e-02 -2.269273e-01
     vertex  2.211198e-01  2.796169e-02 -2.027463e-01
     vertex  2.147447e-01 -8.016505e-03 -2.094868e-01
   endloop
 endfacet
 facet normal  9.906412e-01 -1.482305e-03  1.364839e-01
   outer loop
     vertex  2.959699e-01  1.751646e-02  4.900862e-02
     vertex  2.982313e-01  1.143958e-02  3.252860e-02
     vertex  2.981343e-01  2.739454e-02  3.340589e-02
   endloop
 endfacet
 facet normal  9.964346e-01  3.570997e-03  8.429314e-02
   outer loop
     vertex  2.993231e-01 -8.269445e-04  2.014212e-02
     vertex  2.995137e-01  1.838911e-02  1.707420e-02
     vertex  2.982313e-01  1.143958e-02  3.252860e-02
   endloop
 endfacet
 facet normal  9.965186e-01  1.474612e-03  8.335741e-02
   outer loop
     vertex  2.995137e-01  1.838911e-02  1.707420e-02
     vertex  2.981343e-01  2.739454e-02  3.340589e-02
     vertex  2.982313e-01  1.143958e-02  3.252860e-02
   endloop
 endfacet
 facet normal -9.994082e-01 -3.032260e-02 -1.624229e-02
   outer loop
     vertex -2.988064e-01 -1.313657e-02 -2.673482e-02
     vertex -2.995164e-01 -1.317639e-02  1.702746e-02
     vertex -2.999626e-01  1.318850e-02 -4.734307e-03
   endloop
 endfacet
 facet normal  9.938349e-01 -2.139297e-02  1.087862e-01
   outer loop
     vertex  2.993231e-01 -8.269445e-04  2.014212e-02
     vertex  2.982313e-01  1.143958e-02  3.252860e-02
     vertex  2.966723e-01  1.941729e-04  4.455964e-02
   endloop
 endfacet
 facet normal  9.955894e-01 -1.937780e-03  9.379744e-02
   outer loop
     vertex  2.994015e-01 -1.869486e-02  1.894028e-02
     vertex  2.993231e-01 -8.269445e-04  2.014212e-02
     vertex  2.977081e-01 -1.397607e-02  3.701172e-02
   endloop
 endfacet
 facet normal  9.941084e-01  1.553094e-02  1.072718e-01
   outer loop
     vertex  2.993231e-01 -8.269445e-04  2.014212e-02
     vertex  2.966723e-01  1.941729e-04  4.455964e-02
     vertex  2.977081e-01 -1.397607e-02  3.701172e-02
   endloop
 endfacet
 facet normal  4.457889e-01 -2.728150e-02 -8.947223e-01
   outer loop
     vertex  1.520378e-01 -1.331838e-02 -2.586204e-01
     vertex  1.148914e-01 -1.332652e-02 -2.771281e-01
     vertex  1.333785e-01  1.299253e-02 -2.687195e-01
   endloop
 endfacet
 facet normal  9.954694e-01 -6.141706e-03  9.488392e-02
   outer loop
     vertex  2.994015e-01 -1.869486e-02  1.894028e-02
     vertex  2.977081e-01 -1.397607e-02  3.701172e-02
     vertex  2.972938e-01 -3.180852e-02  4.020450e-02
   endloop
 endfacet
 facet normal  9.952563e-01 -2.251084e-03  9.726214e-02
   outer loop
     vertex  2.994650e-01 -3.521931e-02  1.790771e-02
     vertex  2.994015e-01 -1.869486e-02  1.894028e-02
     vertex  2.972938e-01 -3.180852e-02  4.020450e-02
   endloop
 endfacet
 facet normal  1.605534e-01 -2.924454e-02  9.865938e-01
   outer loop
     vertex  2.686010e-02 -1.313200e-02  2.987951e-01
     vertex  6.925650e-02 -1.310865e-02  2.918965e-01
     vertex  4.764103e-02  1.317240e-02  2.961931e-01
   endloop
 endfacet
 facet normal  9.953864e-01  9.526293e-03  9.547320e-02
   outer loop
     vertex  2.990664e-01 -5.110788e-02  2.364930e-02
     vertex  2.994650e-01 -3.521931e-02  1.790771e-02
     vertex  2.972938e-01 -3.180852e-02  4.020450e-02
   endloop
 endfacet
 facet normal  7.622906e-01 -1.384034e-02 -6.470869e-01
   outer loop
     vertex  2.211198e-01  2.796169e-02 -2.027463e-01
     vertex  2.410351e-01 -3.540352e-03 -1.786115e-01
     vertex  2.147447e-01 -8.016505e-03 -2.094868e-01
   endloop
 endfacet
 facet normal  1.790495e-01 -2.877271e-02 -9.834192e-01
   outer loop
     vertex  7.458887e-02 -1.323567e-02 -2.905796e-01
     vertex  3.265677e-02 -1.312770e-02 -2.982173e-01
     vertex  5.317850e-02  1.312931e-02 -2.952491e-01
   endloop
 endfacet
 facet normal  9.915474e-01 -1.902223e-02  1.283428e-01
   outer loop
     vertex  2.990664e-01 -5.110788e-02  2.364930e-02
     vertex  2.972938e-01 -3.180852e-02  4.020450e-02
     vertex  2.954510e-01 -4.797562e-02  5.204508e-02
   endloop
 endfacet
 facet normal -9.526055e-01 -3.016418e-02 -3.027091e-01
   outer loop
     vertex -2.785381e-01 -1.340098e-02 -1.114295e-01
     vertex -2.917521e-01 -1.323783e-02 -6.986227e-02
     vertex -2.859662e-01  1.298072e-02 -9.068265e-02
   endloop
 endfacet
 facet normal  1.816371e-02 -2.913566e-02  9.994104e-01
   outer loop
     vertex -1.598922e-02 -1.314213e-02  2.995736e-01
     vertex  2.686010e-02 -1.313200e-02  2.987951e-01
     vertex  4.955455e-03  1.313735e-02  2.999591e-01
   endloop
 endfacet
 facet normal  9.941619e-01 -2.376793e-03  1.078728e-01
   outer loop
     vertex  2.991633e-01 -6.772010e-02  2.239034e-02
     vertex  2.990664e-01 -5.110788e-02  2.364930e-02
     vertex  2.970459e-01 -6.352068e-02  4.199682e-02
   endloop
 endfacet
 facet normal  9.920556e-01  2.168196e-02  1.239175e-01
   outer loop
     vertex  2.990664e-01 -5.110788e-02  2.364930e-02
     vertex  2.954510e-01 -4.797562e-02  5.204508e-02
     vertex  2.970459e-01 -6.352068e-02  4.199682e-02
   endloop
 endfacet
 facet normal  9.946629e-01 -9.871210e-03  1.027052e-01
   outer loop
     vertex  2.994370e-01 -8.196083e-02  1.837099e-02
     vertex  2.991633e-01 -6.772010e-02  2.239034e-02
     vertex  2.968551e-01 -8.248684e-02  4.332464e-02
   endloop
 endfacet
 facet normal  9.941601e-01 -2.445896e-03  1.078874e-01
   outer loop
     vertex  2.991633e-01 -6.772010e-02  2.239034e-02
     vertex  2.970459e-01 -6.352068e-02  4.199682e-02
     vertex  2.968551e-01 -8.248684e-02  4.332464e-02
   endloop
 endfacet
 facet normal  9.945864e-01  1.242857e-02  1.031673e-01
   outer loop
     vertex  2.990345e-01 -9.688750e-02  2.404960e-02
     vertex  2.994370e-01 -8.196083e-02  1.837099e-02
     vertex  2.968551e-01 -8.248684e-02  4.332464e-02
   endloop
 endfacet
 facet normal -9.118614e-01 -3.052048e-02  4.093621e-01
   outer loop
     vertex -2.819361e-01 -1.343281e-02  1.025283e-01
     vertex -2.639672e-01 -1.345190e-02  1.425528e-01
     vertex -2.736816e-01  1.285859e-02  1.228754e-01
   endloop
 endfacet
 facet normal -1.768204e-01  2.906092e-02 -9.838140e-01
   outer loop
     vertex -7.398886e-02  1.311076e-02 -2.907330e-01
     vertex -3.185406e-02  1.316986e-02 -2.983041e-01
     vertex -5.249000e-02 -1.313848e-02 -2.953723e-01
   endloop
 endfacet
 facet normal  9.923085e-01 -6.036024e-03  1.236421e-01
   outer loop
     vertex  2.992054e-01 -1.144536e-01  2.182010e-02
     vertex  2.990345e-01 -9.688750e-02  2.404960e-02
     vertex  2.956461e-01 -1.034072e-01  5.092541e-02
   endloop
 endfacet
 facet normal  3.791485e-01 -2.949030e-02 -9.248658e-01
   outer loop
     vertex  9.335606e-02  1.193370e-01 -2.851046e-01
     vertex  1.133544e-01  1.461193e-01 -2.777603e-01
     vertex  1.336892e-01  1.191805e-01 -2.685651e-01
   endloop
 endfacet
 facet normal  1.018530e-01 -2.822374e-02 -9.943990e-01
   outer loop
     vertex  9.296411e-03  1.193554e-01 -2.998559e-01
     vertex  3.031670e-02  1.461796e-01 -2.984642e-01
     vertex  5.168687e-02  1.193516e-01 -2.955139e-01
   endloop
 endfacet
 facet normal  5.101400e-01 -3.047966e-02 -8.595512e-01
   outer loop
     vertex  1.336892e-01  1.191805e-01 -2.685651e-01
     vertex  1.528949e-01  1.459160e-01 -2.581146e-01
     vertex  1.719259e-01  1.185249e-01 -2.458485e-01
   endloop
 endfacet
 facet normal  2.422508e-01 -2.867637e-02 -9.697898e-01
   outer loop
     vertex  5.168687e-02  1.193516e-01 -2.955139e-01
     vertex  7.228073e-02  1.461596e-01 -2.911623e-01
     vertex  9.335606e-02  1.193370e-01 -2.851046e-01
   endloop
 endfacet
 facet normal  9.928352e-01 -1.587144e-02 -1.184332e-01
   outer loop
     vertex  2.972535e-01  1.289950e-01 -4.050110e-02
     vertex  2.992217e-01  1.110414e-01 -2.159588e-02
     vertex  2.958691e-01  1.103876e-01 -4.961321e-02
   endloop
 endfacet
 facet normal  9.790921e-01  7.475010e-03  2.032802e-01
   outer loop
     vertex  2.958406e-01  1.025108e-01  4.978313e-02
     vertex  2.963998e-01  1.229632e-01  4.633775e-02
     vertex  2.904805e-01  1.195309e-01  7.497395e-02
   endloop
 endfacet
 facet normal  9.828433e-01  1.682074e-02 -1.836741e-01
   outer loop
     vertex  2.972535e-01  1.289950e-01 -4.050110e-02
     vertex  2.958691e-01  1.103876e-01 -4.961321e-02
     vertex  2.917680e-01  1.296352e-01 -6.979575e-02
   endloop
 endfacet
 facet normal  9.770208e-01 -7.577170e-03  2.130094e-01
   outer loop
     vertex  2.958406e-01  1.025108e-01  4.978313e-02
     vertex  2.904805e-01  1.195309e-01  7.497395e-02
     vertex  2.892350e-01  9.021175e-02  7.964359e-02
   endloop
 endfacet
 facet normal -5.473188e-02  2.898143e-02  9.980804e-01
   outer loop
     vertex  4.955455e-03  1.313735e-02  2.999591e-01
     vertex -3.773279e-02  1.315687e-02  2.976176e-01
     vertex -1.598922e-02 -1.314213e-02  2.995736e-01
   endloop
 endfacet
 facet normal  9.924494e-01 -1.304728e-02  1.219591e-01
   outer loop
     vertex  2.990345e-01 -9.688750e-02  2.404960e-02
     vertex  2.968551e-01 -8.248684e-02  4.332464e-02
     vertex  2.956461e-01 -1.034072e-01  5.092541e-02
   endloop
 endfacet
 facet normal -3.991726e-02 -2.811023e-02 -9.988075e-01
   outer loop
     vertex -3.319408e-02  1.193602e-01 -2.981579e-01
     vertex -1.208636e-02  1.461844e-01 -2.997564e-01
     vertex  9.296411e-03  1.193554e-01 -2.998559e-01
   endloop
 endfacet
 facet normal -7.539020e-01 -3.110154e-02  6.562503e-01
   outer loop
     vertex -2.402146e-01 -1.340212e-02  1.797135e-01
     vertex -2.111228e-01 -1.335464e-02  2.131365e-01
     vertex -2.263458e-01  1.294841e-02  1.968948e-01
   endloop
 endfacet
 facet normal  8.592473e-01  2.990266e-02  5.106857e-01
   outer loop
     vertex  2.458336e-01 -1.172710e-01  1.719472e-01
     vertex  2.595591e-01 -1.441878e-01  1.504296e-01
     vertex  2.689404e-01 -1.149375e-01  1.329325e-01
   endloop
 endfacet
 facet normal  6.761347e-01  2.879045e-02  7.362153e-01
   outer loop
     vertex  2.041477e-01 -1.461177e-01  2.198266e-01
     vertex  2.183940e-01 -1.189261e-01  2.056795e-01
     vertex  1.865969e-01 -1.195886e-01  2.349076e-01
   endloop
 endfacet
 facet normal  9.763196e-01 -1.802594e-02 -2.155808e-01
   outer loop
     vertex  2.917680e-01  1.296352e-01 -6.979575e-02
     vertex  2.958691e-01  1.103876e-01 -4.961321e-02
     vertex  2.889913e-01  1.075425e-01 -8.052357e-02
   endloop
 endfacet
 facet normal -1.810177e-01 -2.833721e-02 -9.830715e-01
   outer loop
     vertex -7.517911e-02  1.193748e-01 -2.904274e-01
     vertex -5.428164e-02  1.461885e-01 -2.950483e-01
     vertex -3.319408e-02  1.193602e-01 -2.981579e-01
   endloop
 endfacet
 facet normal -5.727339e-01  3.003278e-02 -8.191910e-01
   outer loop
     vertex -1.892705e-01  1.286361e-02 -2.327588e-01
     vertex -1.535888e-01  1.295168e-02 -2.577023e-01
     vertex -1.715039e-01 -1.339813e-02 -2.461431e-01
   endloop
 endfacet
 facet normal  1.842585e-01 -2.849246e-02 -9.824648e-01
   outer loop
     vertex  7.617082e-02 -1.194252e-01 -2.901689e-01
     vertex  3.416290e-02 -1.193878e-01 -2.980485e-01
     vertex  5.508011e-02 -9.267233e-02 -2.949003e-01
   endloop
 endfacet
 facet normal  9.907444e-01 -6.139285e-03 -1.356017e-01
   outer loop
     vertex  2.958302e-01 -7.956849e-02 -4.984442e-02
     vertex  2.986621e-01 -9.840940e-02 -2.830108e-02
     vertex  2.951492e-01 -1.036444e-01 -5.373045e-02
   endloop
 endfacet
 facet normal  8.772268e-01  1.508932e-02 -4.798389e-01
   outer loop
     vertex  2.610870e-01 -5.460238e-03 -1.477620e-01
     vertex  2.539694e-01  2.914778e-02 -1.596858e-01
     vertex  2.699093e-01  1.613717e-02 -1.309540e-01
   endloop
 endfacet
 facet normal  9.827496e-01  6.678001e-03 -1.848206e-01
   outer loop
     vertex  2.927494e-01 -6.105999e-02 -6.555770e-02
     vertex  2.967982e-01 -5.232152e-02 -4.371292e-02
     vertex  2.958302e-01 -7.956849e-02 -4.984442e-02
   endloop
 endfacet
 facet normal  9.928628e-01 -8.502558e-03 -1.189583e-01
   outer loop
     vertex  2.990174e-01 -6.533172e-02 -2.426112e-02
     vertex  2.958302e-01 -7.956849e-02 -4.984442e-02
     vertex  2.967982e-01 -5.232152e-02 -4.371292e-02
   endloop
 endfacet
 facet normal -3.517550e-02  2.888692e-02 -9.989636e-01
   outer loop
     vertex -3.185406e-02  1.316986e-02 -2.983041e-01
     vertex  1.080378e-02  1.319538e-02 -2.998054e-01
     vertex -9.981688e-03 -1.310047e-02 -2.998339e-01
   endloop
 endfacet
 facet normal  9.840382e-01  3.636841e-03 -1.779205e-01
   outer loop
     vertex  2.930243e-01 -3.921391e-02 -6.431754e-02
     vertex  2.971537e-01 -2.690246e-02 -4.122745e-02
     vertex  2.967982e-01 -5.232152e-02 -4.371292e-02
   endloop
 endfacet
 facet normal -4.011012e-01 -3.016670e-02  9.155369e-01
   outer loop
     vertex -1.400612e-01 -1.335777e-02  2.652977e-01
     vertex -1.001099e-01 -1.325778e-02  2.828038e-01
     vertex -1.206784e-01  1.298800e-02  2.746575e-01
   endloop
 endfacet
 facet normal -6.294672e-01 -3.013541e-02 -7.764424e-01
   outer loop
     vertex -1.715039e-01 -1.339813e-02 -2.461431e-01
     vertex -2.053803e-01 -1.349709e-02 -2.186754e-01
     vertex -1.892705e-01  1.286361e-02 -2.327588e-01
   endloop
 endfacet
 facet normal  9.922967e-01  1.496426e-02 -1.229771e-01
   outer loop
     vertex  2.955363e-01 -4.555096e-03 -5.155893e-02
     vertex  2.991788e-01 -4.677403e-03 -2.218251e-02
     vertex  2.971537e-01 -2.690246e-02 -4.122745e-02
   endloop
 endfacet
 facet normal  9.667424e-01 -6.561648e-03  2.556680e-01
   outer loop
     vertex  2.929460e-01  6.917913e-02  6.467315e-02
     vertex  2.861604e-01  5.891593e-02  9.006785e-02
     vertex  2.935426e-01  4.937336e-02  6.190898e-02
   endloop
 endfacet
 facet normal  9.852463e-01  1.490241e-02 -1.704926e-01
   outer loop
     vertex  2.930979e-01  1.453170e-02 -6.398146e-02
     vertex  2.973357e-01  9.939400e-03 -3.989308e-02
     vertex  2.955363e-01 -4.555096e-03 -5.155893e-02
   endloop
 endfacet
 facet normal  9.846701e-01 -5.766505e-03 -1.743316e-01
   outer loop
     vertex  2.969701e-01  2.720837e-02 -4.252958e-02
     vertex  2.973357e-01  9.939400e-03 -3.989308e-02
     vertex  2.930979e-01  1.453170e-02 -6.398146e-02
   endloop
 endfacet
 facet normal -7.834260e-01  3.001269e-02 -6.207600e-01
   outer loop
     vertex -2.480312e-01  1.277809e-02 -1.687618e-01
     vertex -2.209935e-01  1.279053e-02 -2.028839e-01
     vertex -2.349250e-01 -1.354560e-02 -1.865750e-01
   endloop
 endfacet
 facet normal  9.838370e-01 -1.768427e-03 -1.790575e-01
   outer loop
     vertex  2.930026e-01  3.605557e-02 -6.441629e-02
     vertex  2.968479e-01  4.474714e-02 -4.337395e-02
     vertex  2.969701e-01  2.720837e-02 -4.252958e-02
   endloop
 endfacet
 facet normal  9.943527e-01  1.816729e-03 -1.061102e-01
   outer loop
     vertex  2.992860e-01  3.549456e-02 -2.068535e-02
     vertex  2.969701e-01  2.720837e-02 -4.252958e-02
     vertex  2.968479e-01  4.474714e-02 -4.337395e-02
   endloop
 endfacet
 facet normal  9.845791e-01  5.682184e-03 -1.748479e-01
   outer loop
     vertex  2.932507e-01  5.560636e-02 -6.327760e-02
     vertex  2.972492e-01  6.264356e-02 -4.053278e-02
     vertex  2.968479e-01  4.474714e-02 -4.337395e-02
   endloop
 endfacet
 facet normal  9.941597e-01 -5.177845e-03 -1.077942e-01
   outer loop
     vertex  2.991767e-01  5.128862e-02 -2.221098e-02
     vertex  2.968479e-01  4.474714e-02 -4.337395e-02
     vertex  2.972492e-01  6.264356e-02 -4.053278e-02
   endloop
 endfacet
 facet normal  9.884084e-01  2.418841e-02 -1.498790e-01
   outer loop
     vertex  2.941589e-01  7.504325e-02 -5.891115e-02
     vertex  2.985983e-01  7.918455e-02 -2.896643e-02
     vertex  2.972492e-01  6.264356e-02 -4.053278e-02
   endloop
 endfacet
 facet normal  9.893388e-01 -1.000686e-02 -1.452878e-01
   outer loop
     vertex  2.948856e-01  9.240612e-02 -5.515847e-02
     vertex  2.985983e-01  7.918455e-02 -2.896643e-02
     vertex  2.941589e-01  7.504325e-02 -5.891115e-02
   endloop
 endfacet
 facet normal  4.542248e-01 -2.896756e-02 -8.904160e-01
   outer loop
     vertex  1.551534e-01 -1.194149e-01 -2.567634e-01
     vertex  1.167745e-01 -1.194638e-01 -2.763398e-01
     vertex  1.359774e-01 -9.272572e-02 -2.674138e-01
   endloop
 endfacet
 facet normal -9.979022e-01  3.032218e-02  5.719941e-02
   outer loop
     vertex -2.974634e-01  1.307196e-02  3.893011e-02
     vertex -2.999626e-01  1.318850e-02 -4.734307e-03
     vertex -2.995164e-01 -1.317639e-02  1.702746e-02
   endloop
 endfacet
 facet normal -6.490080e-01 -3.114472e-02  7.601438e-01
   outer loop
     vertex -2.111228e-01 -1.335464e-02  2.131365e-01
     vertex -1.773976e-01 -1.337923e-02  2.419299e-01
     vertex -1.949076e-01  1.296306e-02  2.280592e-01
   endloop
 endfacet
 facet normal  9.913233e-01 -1.390980e-02 -1.307083e-01
   outer loop
     vertex  2.958691e-01  1.103876e-01 -4.961321e-02
     vertex  2.990657e-01  9.430491e-02 -2.365778e-02
     vertex  2.948856e-01  9.240612e-02 -5.515847e-02
   endloop
 endfacet
 facet normal  4.381463e-01 -2.937739e-02  8.984235e-01
   outer loop
     vertex  1.116702e-01 -1.195241e-01  2.784417e-01
     vertex  1.506894e-01 -1.196551e-01  2.594083e-01
     vertex  1.311504e-01 -9.284245e-02  2.698140e-01
   endloop
 endfacet
 facet normal  8.095745e-01  2.698104e-02  5.863968e-01
   outer loop
     vertex  2.546622e-01  1.162187e-01  1.585785e-01
     vertex  2.296768e-01  1.178339e-01  1.929989e-01
     vertex  2.409983e-01  8.973942e-02  1.786612e-01
   endloop
 endfacet
 facet normal  9.910941e-01 -2.458623e-02  1.308742e-01
   outer loop
     vertex  2.959168e-01 -1.247405e-01  4.932803e-02
     vertex  2.938986e-01 -1.482423e-01  6.019650e-02
     vertex  2.990958e-01 -1.352752e-01  2.327495e-02
   endloop
 endfacet
 facet normal  7.791790e-01 -2.469297e-02 -6.263148e-01
   outer loop
     vertex  2.460444e-01 -1.194425e-01 -1.716454e-01
     vertex  2.206171e-01 -1.190775e-01 -2.032931e-01
     vertex  2.324316e-01 -9.175679e-02 -1.896723e-01
   endloop
 endfacet
 facet normal  7.761219e-01 -2.867363e-02  6.299307e-01
   outer loop
     vertex  2.183940e-01 -1.189261e-01  2.056795e-01
     vertex  2.458336e-01 -1.172710e-01  1.719472e-01
     vertex  2.305420e-01 -9.141485e-02  1.919646e-01
   endloop
 endfacet
 facet normal  3.222431e-01 -2.871909e-02 -9.462212e-01
   outer loop
     vertex  1.167745e-01 -1.194638e-01 -2.763398e-01
     vertex  7.617082e-02 -1.194252e-01 -2.901689e-01
     vertex  9.648982e-02 -9.273059e-02 -2.840594e-01
   endloop
 endfacet
 facet normal -3.191488e-01  2.877193e-02 -9.472678e-01
   outer loop
     vertex -1.159003e-01  1.193818e-01 -2.767077e-01
     vertex -7.517911e-02  1.193748e-01 -2.904274e-01
     vertex -9.565102e-02  9.261646e-02 -2.843429e-01
   endloop
 endfacet
 facet normal  9.789786e-01  1.725909e-02  2.032315e-01
   outer loop
     vertex  2.956461e-01 -1.034072e-01  5.092541e-02
     vertex  2.968551e-01 -8.248684e-02  4.332464e-02
     vertex  2.900147e-01 -8.814421e-02  7.675603e-02
   endloop
 endfacet
 facet normal  4.286242e-02 -2.842795e-02 -9.986765e-01
   outer loop
     vertex  3.416290e-02 -1.193878e-01 -2.980485e-01
     vertex -8.499700e-03 -1.193863e-01 -2.998796e-01
     vertex  1.262891e-02 -9.264097e-02 -2.997341e-01
   endloop
 endfacet
 facet normal  9.915556e-01  1.549155e-03  1.296728e-01
   outer loop
     vertex  2.992016e-01  1.520826e-01  2.187218e-02
     vertex  2.947971e-01  1.455491e-01  5.562966e-02
     vertex  2.991581e-01  1.307820e-01  2.245922e-02
   endloop
 endfacet
 facet normal  3.793427e-01  2.968876e-02 -9.247798e-01
   outer loop
     vertex  9.335606e-02  1.193370e-01 -2.851046e-01
     vertex  1.336892e-01  1.191805e-01 -2.685651e-01
     vertex  1.138453e-01  9.256524e-02 -2.775594e-01
   endloop
 endfacet
 facet normal  8.364738e-01  3.121759e-02 -5.471170e-01
   outer loop
     vertex  2.378874e-01  1.172716e-01 -1.827829e-01
     vertex  2.632205e-01  1.194582e-01 -1.439270e-01
     vertex  2.524231e-01  8.994139e-02 -1.621190e-01
   endloop
 endfacet
 facet normal  9.844242e-01 -1.236258e-02  1.753745e-01
   outer loop
     vertex  2.970459e-01 -6.352068e-02  4.199682e-02
     vertex  2.954510e-01 -4.797562e-02  5.204508e-02
     vertex  2.930083e-01 -6.735674e-02  6.439031e-02
   endloop
 endfacet
 facet normal  9.840520e-01  2.554749e-03  1.778628e-01
   outer loop
     vertex  2.968551e-01 -8.248684e-02  4.332464e-02
     vertex  2.970459e-01 -6.352068e-02  4.199682e-02
     vertex  2.930083e-01 -6.735674e-02  6.439031e-02
   endloop
 endfacet
 facet normal -3.991077e-02  2.820897e-02 -9.988050e-01
   outer loop
     vertex -3.319408e-02  1.193602e-01 -2.981579e-01
     vertex  9.296411e-03  1.193554e-01 -2.998559e-01
     vertex -1.176809e-02  9.262722e-02 -2.997691e-01
   endloop
 endfacet
 facet normal  8.362168e-01  2.032518e-02  5.480222e-01
   outer loop
     vertex  2.610425e-01  3.106780e-02  1.478405e-01
     vertex  2.391599e-01  3.419631e-02  1.811148e-01
     vertex  2.488199e-01  1.247613e-03  1.675968e-01
   endloop
 endfacet
 facet normal  6.862019e-01 -2.660786e-02 -7.269243e-01
   outer loop
     vertex  2.206171e-01 -1.190775e-01 -2.032931e-01
     vertex  1.902163e-01 -1.191952e-01 -2.319865e-01
     vertex  2.050798e-01 -9.183338e-02 -2.189573e-01
   endloop
 endfacet
 facet normal  8.608137e-01 -2.820427e-02  5.081380e-01
   outer loop
     vertex  2.458336e-01 -1.172710e-01  1.719472e-01
     vertex  2.689404e-01 -1.149375e-01  1.329325e-01
     vertex  2.549740e-01 -8.819454e-02  1.580768e-01
   endloop
 endfacet
 facet normal  9.993180e-01 -5.345763e-03  3.653631e-02
   outer loop
     vertex  2.993466e-01 -1.766261e-01  1.978897e-02
     vertex  2.990927e-01 -2.000000e-01  2.331457e-02
     vertex  3.000000e-01 -1.897351e-01 -3.020952e-17
   endloop
 endfacet
 facet normal  5.634169e-01 -2.951136e-02  8.256455e-01
   outer loop
     vertex  1.506894e-01 -1.196551e-01  2.594083e-01
     vertex  1.865969e-01 -1.195886e-01  2.349076e-01
     vertex  1.683627e-01 -9.296368e-02  2.483022e-01
   endloop
 endfacet
 facet normal  4.924914e-01  2.935605e-02  8.698221e-01
   outer loop
     vertex  1.662658e-01  1.193378e-01  2.497112e-01
     vertex  1.285176e-01  1.195231e-01  2.710779e-01
     vertex  1.477702e-01  9.270242e-02  2.610823e-01
   endloop
 endfacet
 facet normal  3.041818e-01 -2.911664e-02  9.521689e-01
   outer loop
     vertex  7.048878e-02 -1.194016e-01  2.916013e-01
     vertex  1.116702e-01 -1.195241e-01  2.784417e-01
     vertex  9.115518e-02 -9.269353e-02  2.858159e-01
   endloop
 endfacet
 facet normal  1.646358e-01 -2.879854e-02  9.859339e-01
   outer loop
     vertex  2.809409e-02 -1.193654e-01  2.986816e-01
     vertex  7.048878e-02 -1.194016e-01  2.916013e-01
     vertex  4.927023e-02 -9.263202e-02  2.959264e-01
   endloop
 endfacet
 facet normal  2.230496e-02 -2.862086e-02  9.993415e-01
   outer loop
     vertex -1.473856e-02 -1.193623e-01  2.996377e-01
     vertex  2.809409e-02 -1.193654e-01  2.986816e-01
     vertex  6.531821e-03 -9.261998e-02  2.999289e-01
   endloop
 endfacet
 facet normal -1.204174e-01 -2.875120e-02  9.923069e-01
   outer loop
     vertex -5.736255e-02 -1.193776e-01  2.944648e-01
     vertex -1.473856e-02 -1.193623e-01  2.996377e-01
     vertex -3.632268e-02 -9.263148e-02  2.977930e-01
   endloop
 endfacet
 facet normal -2.613634e-01 -2.922002e-02  9.647981e-01
   outer loop
     vertex -9.913233e-02 -1.194250e-01  2.831480e-01
     vertex -5.736255e-02 -1.193776e-01  2.944648e-01
     vertex -7.865611e-02 -9.267544e-02  2.895051e-01
   endloop
 endfacet
 facet normal -3.982571e-01 -2.997644e-02  9.167839e-01
   outer loop
     vertex -1.393266e-01 -1.195202e-01  2.656842e-01
     vertex -9.913233e-02 -1.194250e-01  2.831480e-01
     vertex -1.197652e-01 -9.275708e-02  2.750569e-01
   endloop
 endfacet
 facet normal -5.283853e-01 -3.076124e-02  8.484473e-01
   outer loop
     vertex -1.770168e-01 -1.196108e-01  2.422087e-01
     vertex -1.393266e-01 -1.195202e-01  2.656842e-01
     vertex -1.587271e-01 -9.283644e-02  2.545696e-01
   endloop
 endfacet
 facet normal -6.482315e-01 -3.113767e-02  7.608064e-01
   outer loop
     vertex -2.110274e-01 -1.196015e-01  2.132310e-01
     vertex -1.770168e-01 -1.196108e-01  2.422087e-01
     vertex -1.945770e-01 -9.286701e-02  2.283414e-01
   endloop
 endfacet
 facet normal -7.538497e-01 -3.085834e-02  6.563218e-01
   outer loop
     vertex -2.402294e-01 -1.195138e-01  1.796937e-01
     vertex -2.110274e-01 -1.196015e-01  2.132310e-01
     vertex -2.262084e-01 -9.283245e-02  1.970527e-01
   endloop
 endfacet
 facet normal -8.422220e-01 -3.032946e-02  5.382771e-01
   outer loop
     vertex -2.639589e-01 -1.194579e-01  1.425682e-01
     vertex -2.402294e-01 -1.195138e-01  1.796937e-01
     vertex -2.527398e-01 -9.279159e-02  1.616248e-01
   endloop
 endfacet
 facet normal -9.118204e-01 -3.002770e-02  4.094899e-01
   outer loop
     vertex -2.819184e-01 -1.194649e-01  1.025770e-01
     vertex -2.639589e-01 -1.194579e-01  1.425682e-01
     vertex -2.736707e-01 -9.277023e-02  1.228997e-01
   endloop
 endfacet
 facet normal -9.617695e-01 -3.003353e-02  2.722083e-01
   outer loop
     vertex -2.938616e-01 -1.194842e-01  6.037699e-02
     vertex -2.819184e-01 -1.194649e-01  1.025770e-01
     vertex -2.886728e-01 -9.276578e-02  8.165798e-02
   endloop
 endfacet
 facet normal -9.912025e-01 -3.016207e-02  1.288718e-01
   outer loop
     vertex -2.995310e-01 -1.194945e-01  1.676907e-02
     vertex -2.938616e-01 -1.194842e-01  6.037699e-02
     vertex -2.974978e-01 -9.275163e-02  3.866620e-02
   endloop
 endfacet
 facet normal -9.993915e-01 -3.018215e-02 -1.748259e-02
   outer loop
     vertex -2.987612e-01 -1.194940e-01 -2.723496e-02
     vertex -2.995310e-01 -1.194945e-01  1.676907e-02
     vertex -2.999551e-01 -9.273087e-02 -5.190956e-03
   endloop
 endfacet
 facet normal -9.861193e-01 -3.000314e-02 -1.633048e-01
   outer loop
     vertex -2.915940e-01 -1.194676e-01 -7.051893e-02
     vertex -2.987612e-01 -1.194940e-01 -2.723496e-02
     vertex -2.959908e-01 -9.272650e-02 -4.888172e-02
   endloop
 endfacet
 facet normal -9.518739e-01 -2.975549e-02 -3.050422e-01
   outer loop
     vertex -2.782689e-01 -1.194626e-01 -1.121000e-01
     vertex -2.915940e-01 -1.194676e-01 -7.051893e-02
     vertex -2.857351e-01 -9.274537e-02 -9.140812e-02
   endloop
 endfacet
 facet normal -8.975853e-01 -2.968923e-02 -4.398398e-01
   outer loop
     vertex -2.590864e-01 -1.195166e-01 -1.512423e-01
     vertex -2.782689e-01 -1.194626e-01 -1.121000e-01
     vertex -2.694460e-01 -9.280050e-02 -1.319047e-01
   endloop
 endfacet
 facet normal -8.242524e-01 -2.985233e-02 -5.654351e-01
   outer loop
     vertex -2.343595e-01 -1.195664e-01 -1.872849e-01
     vertex -2.590864e-01 -1.195166e-01 -1.512423e-01
     vertex -2.474430e-01 -9.285261e-02 -1.696231e-01
   endloop
 endfacet
 facet normal -7.332154e-01 -2.996342e-02 -6.793360e-01
   outer loop
     vertex -2.045906e-01 -1.195751e-01 -2.194144e-01
     vertex -2.343595e-01 -1.195664e-01 -1.872849e-01
     vertex -2.201540e-01 -9.286996e-02 -2.037945e-01
   endloop
 endfacet
 facet normal -6.265078e-01 -2.990386e-02 -7.788413e-01
   outer loop
     vertex -1.704910e-01 -1.195423e-01 -2.468458e-01
     vertex -2.045906e-01 -1.195751e-01 -2.194144e-01
     vertex -1.881873e-01 -9.285071e-02 -2.336355e-01
   endloop
 endfacet
 facet normal -5.067200e-01 -2.969807e-02 -8.615990e-01
   outer loop
     vertex -1.328847e-01 -1.195003e-01 -2.689640e-01
     vertex -1.704910e-01 -1.195423e-01 -2.468458e-01
     vertex -1.522701e-01 -9.279482e-02 -2.584837e-01
   endloop
 endfacet
 facet normal -3.769095e-01 -2.923092e-02 -9.257887e-01
   outer loop
     vertex -9.278622e-02 -1.194513e-01 -2.852906e-01
     vertex -1.328847e-01 -1.195003e-01 -2.689640e-01
     vertex -1.133523e-01 -9.273699e-02 -2.777611e-01
   endloop
 endfacet
 facet normal -9.942033e-02 -2.848231e-02 -9.946378e-01
   outer loop
     vertex -8.499700e-03 -1.193863e-01 -2.998796e-01
     vertex -5.102943e-02 -1.193972e-01 -2.956281e-01
     vertex -3.010338e-02 -9.264781e-02 -2.984858e-01
   endloop
 endfacet
 facet normal -1.809983e-01  2.841357e-02 -9.830729e-01
   outer loop
     vertex -7.517911e-02  1.193748e-01 -2.904274e-01
     vertex -3.319408e-02  1.193602e-01 -2.981579e-01
     vertex -5.416256e-02  9.262009e-02 -2.950702e-01
   endloop
 endfacet
 facet normal  5.769793e-01 -2.857688e-02 -8.162587e-01
   outer loop
     vertex  1.902163e-01 -1.191952e-01 -2.319865e-01
     vertex  1.551534e-01 -1.194149e-01 -2.567634e-01
     vertex  1.725541e-01 -9.243758e-02 -2.454080e-01
   endloop
 endfacet
 facet normal  9.303330e-01 -3.006035e-02  3.654817e-01
   outer loop
     vertex  2.689404e-01 -1.149375e-01  1.329325e-01
     vertex  2.876990e-01 -1.168515e-01  8.502505e-02
     vertex  2.758419e-01 -8.355542e-02  1.179459e-01
   endloop
 endfacet
 facet normal  8.856400e-01  2.662879e-02  4.636084e-01
   outer loop
     vertex  2.549740e-01 -8.819454e-02  1.580768e-01
     vertex  2.689404e-01 -1.149375e-01  1.329325e-01
     vertex  2.758419e-01 -8.355542e-02  1.179459e-01
   endloop
 endfacet
 facet normal  9.460325e-01  1.691015e-02  3.236304e-01
   outer loop
     vertex  2.876990e-01 -1.168515e-01  8.502505e-02
     vertex  2.900147e-01 -8.814421e-02  7.675603e-02
     vertex  2.758419e-01 -8.355542e-02  1.179459e-01
   endloop
 endfacet
 facet normal  9.549704e-01 -4.195284e-04 -2.967008e-01
   outer loop
     vertex  2.908410e-01 -1.224869e-01 -7.356308e-02
     vertex  2.812695e-01 -1.416467e-01 -1.043430e-01
     vertex  2.813665e-01 -1.060467e-01 -1.040813e-01
   endloop
 endfacet
 facet normal  9.545724e-01 -2.993737e-03 -2.979640e-01
   outer loop
     vertex  2.904850e-01 -9.731469e-02 -7.495640e-02
     vertex  2.908410e-01 -1.224869e-01 -7.356308e-02
     vertex  2.813665e-01 -1.060467e-01 -1.040813e-01
   endloop
 endfacet
 facet normal  9.147129e-01  4.797790e-04 -4.041040e-01
   outer loop
     vertex  2.812695e-01 -1.416467e-01 -1.043430e-01
     vertex  2.664630e-01 -1.188257e-01 -1.378313e-01
     vertex  2.813665e-01 -1.060467e-01 -1.040813e-01
   endloop
 endfacet
 facet normal  6.767821e-01 -2.913191e-02  7.356067e-01
   outer loop
     vertex  1.865969e-01 -1.195886e-01  2.349076e-01
     vertex  2.183940e-01 -1.189261e-01  2.056795e-01
     vertex  2.016107e-01 -9.279275e-02  2.221556e-01
   endloop
 endfacet
 facet normal  9.471450e-01  1.083150e-02  3.206230e-01
   outer loop
     vertex  2.904805e-01  1.195309e-01  7.497395e-02
     vertex  2.767645e-01  1.114648e-01  1.157644e-01
     vertex  2.892350e-01  9.021175e-02  7.964359e-02
   endloop
 endfacet
 facet normal  9.554706e-01  2.277360e-02 -2.942063e-01
   outer loop
     vertex  2.917680e-01  1.296352e-01 -6.979575e-02
     vertex  2.889913e-01  1.075425e-01 -8.052357e-02
     vertex  2.810693e-01  1.252410e-01 -1.048810e-01
   endloop
 endfacet
 facet normal  9.079477e-01  2.300384e-02 -4.184517e-01
   outer loop
     vertex  2.632205e-01  1.194582e-01 -1.439270e-01
     vertex  2.810693e-01  1.252410e-01 -1.048810e-01
     vertex  2.763668e-01  9.565888e-02 -1.167108e-01
   endloop
 endfacet
 facet normal  9.461236e-01 -2.119081e-02 -3.231116e-01
   outer loop
     vertex  2.810693e-01  1.252410e-01 -1.048810e-01
     vertex  2.889913e-01  1.075425e-01 -8.052357e-02
     vertex  2.763668e-01  9.565888e-02 -1.167108e-01
   endloop
 endfacet
 facet normal  8.895322e-01  2.984547e-02  4.558967e-01
   outer loop
     vertex  2.767645e-01  1.114648e-01  1.157644e-01
     vertex  2.546622e-01  1.162187e-01  1.585785e-01
     vertex  2.620280e-01  8.750035e-02  1.460867e-01
   endloop
 endfacet
 facet normal  6.125055e-01  2.882880e-02  7.899404e-01
   outer loop
     vertex  2.002701e-01  1.187889e-01  2.233649e-01
     vertex  1.662658e-01  1.193378e-01  2.497112e-01
     vertex  1.833775e-01  9.231371e-02  2.374293e-01
   endloop
 endfacet
 facet normal  7.185235e-01  2.752511e-02  6.949578e-01
   outer loop
     vertex  2.296768e-01  1.178339e-01  1.929989e-01
     vertex  2.002701e-01  1.187889e-01  2.233649e-01
     vertex  2.147857e-01  9.132790e-02  2.094448e-01
   endloop
 endfacet
 facet normal  3.617772e-01  2.933274e-02  9.318030e-01
   outer loop
     vertex  1.285176e-01  1.195231e-01  2.710779e-01
     vertex  8.809102e-02  1.194786e-01  2.867751e-01
     vertex  1.087692e-01  9.276454e-02  2.795877e-01
   endloop
 endfacet
 facet normal  2.242158e-01  2.885028e-02  9.741124e-01
   outer loop
     vertex  8.809102e-02  1.194786e-01  2.867751e-01
     vertex  4.617711e-02  1.194048e-01  2.964248e-01
     vertex  6.757665e-02  9.270644e-02  2.922899e-01
   endloop
 endfacet
 facet normal  8.312727e-02  2.845754e-02  9.961325e-01
   outer loop
     vertex  4.617711e-02  1.194048e-01  2.964248e-01
     vertex  3.610478e-03  1.193604e-01  2.999783e-01
     vertex  2.522402e-02  9.264953e-02  2.989377e-01
   endloop
 endfacet
 facet normal -5.892686e-02  2.825759e-02  9.978623e-01
   outer loop
     vertex  3.610478e-03  1.193604e-01  2.999783e-01
     vertex -3.888121e-02  1.193342e-01  2.974697e-01
     vertex -1.748943e-02  9.261050e-02  2.994898e-01
   endloop
 endfacet
 facet normal -1.996968e-01  2.836879e-02  9.794470e-01
   outer loop
     vertex -3.888121e-02  1.193342e-01  2.974697e-01
     vertex -8.067703e-02  1.193219e-01  2.889485e-01
     vertex -5.980405e-02  9.258207e-02  2.939787e-01
   endloop
 endfacet
 facet normal -3.371241e-01  2.882617e-02  9.410188e-01
   outer loop
     vertex -8.067703e-02  1.193219e-01  2.889485e-01
     vertex -1.211612e-01  1.193222e-01  2.744448e-01
     vertex -1.011248e-01  9.256799e-02  2.824425e-01
   endloop
 endfacet
 facet normal -4.689482e-01  2.952525e-02  8.827320e-01
   outer loop
     vertex -1.211612e-01  1.193222e-01  2.744448e-01
     vertex -1.596048e-01  1.193675e-01  2.540203e-01
     vertex -1.407660e-01  9.257764e-02  2.649244e-01
   endloop
 endfacet
 facet normal -5.924791e-01  3.024799e-02  8.050177e-01
   outer loop
     vertex -1.596048e-01  1.193675e-01  2.540203e-01
     vertex -1.951062e-01  1.194339e-01  2.278893e-01
     vertex -1.778366e-01  9.260943e-02  2.416074e-01
   endloop
 endfacet
 facet normal -7.043805e-01  3.057334e-02  7.091639e-01
   outer loop
     vertex -1.951062e-01  1.194339e-01  2.278893e-01
     vertex -2.265586e-01  1.194153e-01  1.966499e-01
     vertex -2.113737e-01  9.261869e-02  2.128876e-01
   endloop
 endfacet
 facet normal -8.010422e-01  3.031517e-02  5.978398e-01
   outer loop
     vertex -2.265586e-01  1.194153e-01  1.966499e-01
     vertex -2.529584e-01  1.193065e-01  1.612826e-01
     vertex -2.403471e-01  9.256633e-02  1.795363e-01
   endloop
 endfacet
 facet normal -8.797546e-01  2.976682e-02  4.744953e-01
   outer loop
     vertex -2.529584e-01  1.193065e-01  1.612826e-01
     vertex -2.737147e-01  1.192561e-01  1.228017e-01
     vertex -2.639979e-01  9.250008e-02  1.424959e-01
   endloop
 endfacet
 facet normal -9.392506e-01  2.950318e-02  3.419619e-01
   outer loop
     vertex -2.737147e-01  1.192561e-01  1.228017e-01
     vertex -2.886023e-01  1.193014e-01  8.190674e-02
     vertex -2.819006e-01  9.250601e-02  1.026258e-01
   endloop
 endfacet
 facet normal -9.788511e-01  2.955413e-02  2.024281e-01
   outer loop
     vertex -2.886023e-01  1.193014e-01  8.190674e-02
     vertex -2.974207e-01  1.193709e-01  3.925500e-02
     vertex -2.938003e-01  9.256914e-02  6.067441e-02
   endloop
 endfacet
 facet normal -9.978531e-01  2.972609e-02  5.835749e-02
   outer loop
     vertex -2.974207e-01  1.193709e-01  3.925500e-02
     vertex -2.999686e-01  1.194292e-01 -4.341655e-03
     vertex -2.994937e-01  9.264447e-02  1.742237e-02
   endloop
 endfacet
 facet normal -9.957441e-01  2.977102e-02 -8.722081e-02
   outer loop
     vertex -2.999686e-01  1.194292e-01 -4.341655e-03
     vertex -2.961555e-01  1.194269e-01 -4.787403e-02
     vertex -2.988503e-01  9.267826e-02 -2.623869e-02
   endloop
 endfacet
 facet normal -9.725588e-01  2.955254e-02 -2.307728e-01
   outer loop
     vertex -2.961555e-01  1.194269e-01 -4.787403e-02
     vertex -2.861026e-01  1.193428e-01 -9.025149e-02
     vertex -2.918904e-01  9.261634e-02 -6.928194e-02
   endloop
 endfacet
 facet normal -9.290277e-01  2.926725e-02 -3.688510e-01
   outer loop
     vertex -2.861026e-01  1.193428e-01 -9.025149e-02
     vertex -2.701080e-01  1.192586e-01 -1.305437e-01
     vertex -2.788149e-01  9.252260e-02 -1.107351e-01
   endloop
 endfacet
 facet normal -8.662476e-01  2.917125e-02 -4.987627e-01
   outer loop
     vertex -2.701080e-01  1.192586e-01 -1.305437e-01
     vertex -2.485071e-01  1.192562e-01 -1.680602e-01
     vertex -2.599294e-01  9.246600e-02 -1.497889e-01
   endloop
 endfacet
 facet normal -7.853336e-01  2.932470e-02 -6.183779e-01
   outer loop
     vertex -2.485071e-01  1.192562e-01 -1.680602e-01
     vertex -2.216472e-01  1.193077e-01 -2.021695e-01
     vertex -2.355930e-01  9.247809e-02 -1.857308e-01
   endloop
 endfacet
 facet normal -6.877068e-01  2.947738e-02 -7.253899e-01
   outer loop
     vertex -2.216472e-01  1.193077e-01 -2.021695e-01
     vertex -1.900563e-01  1.193488e-01 -2.321176e-01
     vertex -2.062712e-01  9.252217e-02 -2.178352e-01
   endloop
 endfacet
 facet normal -5.755417e-01  2.942778e-02 -8.172428e-01
   outer loop
     vertex -1.900563e-01  1.193488e-01 -2.321176e-01
     vertex -1.545026e-01  1.193707e-01 -2.571555e-01
     vertex -1.726093e-01  9.256334e-02 -2.453692e-01
   endloop
 endfacet
 facet normal -4.516625e-01  2.916245e-02 -8.917122e-01
   outer loop
     vertex -1.545026e-01  1.193707e-01 -2.571555e-01
     vertex -1.159003e-01  1.193818e-01 -2.767077e-01
     vertex -1.354335e-01  9.260104e-02 -2.676897e-01
   endloop
 endfacet
 facet normal  5.109113e-01  3.091308e-02 -8.590775e-01
   outer loop
     vertex  1.336892e-01  1.191805e-01 -2.685651e-01
     vertex  1.719259e-01  1.185249e-01 -2.458485e-01
     vertex  1.529573e-01  9.217674e-02 -2.580776e-01
   endloop
 endfacet
 facet normal  1.018578e-01  2.832021e-02 -9.943958e-01
   outer loop
     vertex  9.296411e-03  1.193554e-01 -2.998559e-01
     vertex  5.168687e-02  1.193516e-01 -2.955139e-01
     vertex  3.079368e-02  9.261807e-02 -2.984154e-01
   endloop
 endfacet
 facet normal  2.422690e-01  2.878660e-02 -9.697820e-01
   outer loop
     vertex  5.168687e-02  1.193516e-01 -2.955139e-01
     vertex  9.335606e-02  1.193370e-01 -2.851046e-01
     vertex  7.292384e-02  9.262345e-02 -2.910019e-01
   endloop
 endfacet
 facet normal -2.401759e-01 -2.885220e-02 -9.703005e-01
   outer loop
     vertex -5.102943e-02 -1.193972e-01 -2.956281e-01
     vertex -9.278622e-02 -1.194513e-01 -2.852906e-01
     vertex -7.233923e-02 -9.268122e-02 -2.911478e-01
   endloop
 endfacet
 facet normal  6.337916e-01  3.154961e-02 -7.728602e-01
   outer loop
     vertex  1.719259e-01  1.185249e-01 -2.458485e-01
     vertex  2.071014e-01  1.174564e-01 -2.170461e-01
     vertex  1.898532e-01  9.067820e-02 -2.322838e-01
   endloop
 endfacet
 facet normal  7.435681e-01  3.103125e-02 -6.679398e-01
   outer loop
     vertex  2.071014e-01  1.174564e-01 -2.170461e-01
     vertex  2.378874e-01  1.172716e-01 -1.827829e-01
     vertex  2.234560e-01  8.885546e-02 -2.001685e-01
   endloop
 endfacet
 facet normal  9.650754e-01  1.654345e-02  2.614494e-01
   outer loop
     vertex  2.900147e-01 -8.814421e-02  7.675603e-02
     vertex  2.930083e-01 -6.735674e-02  6.439031e-02
     vertex  2.849988e-01 -6.297991e-02  9.367874e-02
   endloop
 endfacet
 facet normal  9.771824e-01  1.192220e-02  2.120670e-01
   outer loop
     vertex  2.930083e-01 -6.735674e-02  6.439031e-02
     vertex  2.954510e-01 -4.797562e-02  5.204508e-02
     vertex  2.904896e-01 -4.854058e-02  7.493865e-02
   endloop
 endfacet
 facet normal  9.635975e-01 -2.045287e-02  2.665739e-01
   outer loop
     vertex  2.930083e-01 -6.735674e-02  6.439031e-02
     vertex  2.904896e-01 -4.854058e-02  7.493865e-02
     vertex  2.849988e-01 -6.297991e-02  9.367874e-02
   endloop
 endfacet
 facet normal  9.770925e-01  6.692749e-03 -2.127098e-01
   outer loop
     vertex  2.958302e-01 -7.956849e-02 -4.984442e-02
     vertex  2.951492e-01 -1.036444e-01 -5.373045e-02
     vertex  2.904850e-01 -9.731469e-02 -7.495640e-02
   endloop
 endfacet
 facet normal -8.633708e-01  2.979368e-02 -5.036896e-01
   outer loop
     vertex -2.474430e-01 -9.285261e-02 -1.696231e-01
     vertex -2.590864e-01 -1.195166e-01 -1.512423e-01
     vertex -2.694460e-01 -9.280050e-02 -1.319047e-01
   endloop
 endfacet
 facet normal -9.273350e-01  2.976972e-02 -3.730464e-01
   outer loop
     vertex -2.694460e-01 -9.280050e-02 -1.319047e-01
     vertex -2.782689e-01 -1.194626e-01 -1.121000e-01
     vertex -2.857351e-01 -9.274537e-02 -9.140812e-02
   endloop
 endfacet
 facet normal -9.716942e-01  2.985274e-02 -2.343484e-01
   outer loop
     vertex -2.857351e-01 -9.274537e-02 -9.140812e-02
     vertex -2.915940e-01 -1.194676e-01 -7.051893e-02
     vertex -2.959908e-01 -9.272650e-02 -4.888172e-02
   endloop
 endfacet
 facet normal -9.954613e-01  2.998661e-02 -9.031938e-02
   outer loop
     vertex -2.959908e-01 -9.272650e-02 -4.888172e-02
     vertex -2.987612e-01 -1.194940e-01 -2.723496e-02
     vertex -2.999551e-01 -9.273087e-02 -5.190956e-03
   endloop
 endfacet
 facet normal -9.979815e-01  3.007747e-02  5.593108e-02
   outer loop
     vertex -2.999551e-01 -9.273087e-02 -5.190956e-03
     vertex -2.995310e-01 -1.194945e-01  1.676907e-02
     vertex -2.974978e-01 -9.275163e-02  3.866620e-02
   endloop
 endfacet
 facet normal -9.791305e-01  3.005673e-02  2.009976e-01
   outer loop
     vertex -2.974978e-01 -9.275163e-02  3.866620e-02
     vertex -2.938616e-01 -1.194842e-01  6.037699e-02
     vertex -2.886728e-01 -9.276578e-02  8.165798e-02
   endloop
 endfacet
 facet normal -9.393299e-01  3.008534e-02  3.416932e-01
   outer loop
     vertex -2.886728e-01 -9.276578e-02  8.165798e-02
     vertex -2.819184e-01 -1.194649e-01  1.025770e-01
     vertex -2.736707e-01 -9.277023e-02  1.228997e-01
   endloop
 endfacet
 facet normal -8.793110e-01  3.029181e-02  4.752836e-01
   outer loop
     vertex -2.736707e-01 -9.277023e-02  1.228997e-01
     vertex -2.639589e-01 -1.194579e-01  1.425682e-01
     vertex -2.527398e-01 -9.279159e-02  1.616248e-01
   endloop
 endfacet
 facet normal -8.000363e-01  3.059538e-02  5.991710e-01
   outer loop
     vertex -2.527398e-01 -9.279159e-02  1.616248e-01
     vertex -2.402294e-01 -1.195138e-01  1.796937e-01
     vertex -2.262084e-01 -9.283245e-02  1.970527e-01
   endloop
 endfacet
 facet normal -7.028932e-01  3.085904e-02  7.106257e-01
   outer loop
     vertex -2.262084e-01 -9.283245e-02  1.970527e-01
     vertex -2.110274e-01 -1.196015e-01  2.132310e-01
     vertex -1.945770e-01 -9.286701e-02  2.283414e-01
   endloop
 endfacet
 facet normal -5.901984e-01  3.074996e-02  8.066723e-01
   outer loop
     vertex -1.945770e-01 -9.286701e-02  2.283414e-01
     vertex -1.770168e-01 -1.196108e-01  2.422087e-01
     vertex -1.587271e-01 -9.283644e-02  2.545696e-01
   endloop
 endfacet
 facet normal -4.652436e-01  3.023245e-02  8.846663e-01
   outer loop
     vertex -1.587271e-01 -9.283644e-02  2.545696e-01
     vertex -1.393266e-01 -1.195202e-01  2.656842e-01
     vertex -1.197652e-01 -9.275708e-02  2.750569e-01
   endloop
 endfacet
 facet normal -3.314845e-01  2.963786e-02  9.429950e-01
   outer loop
     vertex -1.197652e-01 -9.275708e-02  2.750569e-01
     vertex -9.913233e-02 -1.194250e-01  2.831480e-01
     vertex -7.865611e-02 -9.267544e-02  2.895051e-01
   endloop
 endfacet
 facet normal -1.920766e-01  2.903267e-02  9.809504e-01
   outer loop
     vertex -7.865611e-02 -9.267544e-02  2.895051e-01
     vertex -5.736255e-02 -1.193776e-01  2.944648e-01
     vertex -3.632268e-02 -9.263148e-02  2.977930e-01
   endloop
 endfacet
 facet normal -4.976604e-02  2.871404e-02  9.983481e-01
   outer loop
     vertex -3.632268e-02 -9.263148e-02  2.977930e-01
     vertex -1.473856e-02 -1.193623e-01  2.996377e-01
     vertex  6.531821e-03 -9.261998e-02  2.999289e-01
   endloop
 endfacet
 facet normal  9.321187e-02  2.873625e-02  9.952315e-01
   outer loop
     vertex  6.531821e-03 -9.261998e-02  2.999289e-01
     vertex  2.809409e-02 -1.193654e-01  2.986816e-01
     vertex  4.927023e-02 -9.263202e-02  2.959264e-01
   endloop
 endfacet
 facet normal -1.043153e-01 -2.895997e-02 -9.941225e-01
   outer loop
     vertex -9.981688e-03 -1.310047e-02 -2.998339e-01
     vertex -5.249000e-02 -1.313848e-02 -2.953723e-01
     vertex -3.185406e-02  1.316986e-02 -2.983041e-01
   endloop
 endfacet
 facet normal -2.919102e-02  2.849641e-02 -9.991676e-01
   outer loop
     vertex  1.262891e-02 -9.264097e-02 -2.997341e-01
     vertex -8.499700e-03 -1.193863e-01 -2.998796e-01
     vertex -3.010338e-02 -9.264781e-02 -2.984858e-01
   endloop
 endfacet
 facet normal  3.882750e-01  2.863931e-02 -9.210984e-01
   outer loop
     vertex  1.359774e-01 -9.272572e-02 -2.674138e-01
     vertex  1.167745e-01 -1.194638e-01 -2.763398e-01
     vertex  9.648982e-02 -9.273059e-02 -2.840594e-01
   endloop
 endfacet
 facet normal  1.550380e-01 -2.867009e-02  9.874924e-01
   outer loop
     vertex  6.757665e-02  9.270644e-02  2.922899e-01
     vertex  4.617711e-02  1.194048e-01  2.964248e-01
     vertex  2.522402e-02  9.264953e-02  2.989377e-01
   endloop
 endfacet
 facet normal  4.454218e-01 -2.970033e-02 -8.948281e-01
   outer loop
     vertex  1.138453e-01  9.256524e-02 -2.775594e-01
     vertex  1.336892e-01  1.191805e-01 -2.685651e-01
     vertex  1.529573e-01  9.217674e-02 -2.580776e-01
   endloop
 endfacet
 facet normal -5.687175e-01  2.976805e-02 -8.219941e-01
   outer loop
     vertex -1.522701e-01 -9.279482e-02 -2.584837e-01
     vertex -1.704910e-01 -1.195423e-01 -2.468458e-01
     vertex -1.881873e-01 -9.285071e-02 -2.336355e-01
   endloop
 endfacet
 facet normal  1.294455e-02 -2.846354e-02  9.995110e-01
   outer loop
     vertex  2.522402e-02  9.264953e-02  2.989377e-01
     vertex  3.610478e-03  1.193604e-01  2.999783e-01
     vertex -1.748943e-02  9.261050e-02  2.994898e-01
   endloop
 endfacet
 facet normal -2.502237e-01 -2.862130e-02 -9.677649e-01
   outer loop
     vertex -9.565102e-02  9.261646e-02 -2.843429e-01
     vertex -7.517911e-02  1.193748e-01 -2.904274e-01
     vertex -5.416256e-02  9.262009e-02 -2.950702e-01
   endloop
 endfacet
 facet normal  7.605103e-01 -2.466671e-02  6.488572e-01
   outer loop
     vertex  2.409983e-01  8.973942e-02  1.786612e-01
     vertex  2.296768e-01  1.178339e-01  1.929989e-01
     vertex  2.147857e-01  9.132790e-02  2.094448e-01
   endloop
 endfacet
 facet normal  5.003373e-01  2.877736e-02  8.653522e-01
   outer loop
     vertex  1.311504e-01 -9.284245e-02  2.698140e-01
     vertex  1.506894e-01 -1.196551e-01  2.594083e-01
     vertex  1.683627e-01 -9.296368e-02  2.483022e-01
   endloop
 endfacet
 facet normal  3.714053e-01  2.892034e-02  9.280203e-01
   outer loop
     vertex  1.116702e-01 -1.195241e-01  2.784417e-01
     vertex  1.311504e-01 -9.284245e-02  2.698140e-01
     vertex  9.115518e-02 -9.269353e-02  2.858159e-01
   endloop
 endfacet
 facet normal  9.757586e-01  1.398518e-02 -2.184025e-01
   outer loop
     vertex  2.958691e-01  1.103876e-01 -4.961321e-02
     vertex  2.948856e-01  9.240612e-02 -5.515847e-02
     vertex  2.889913e-01  1.075425e-01 -8.052357e-02
   endloop
 endfacet
 facet normal  5.151554e-01  2.829331e-02 -8.566297e-01
   outer loop
     vertex  1.551534e-01 -1.194149e-01 -2.567634e-01
     vertex  1.359774e-01 -9.272572e-02 -2.674138e-01
     vertex  1.725541e-01 -9.243758e-02 -2.454080e-01
   endloop
 endfacet
 facet normal  9.724251e-01  9.661846e-03 -2.330153e-01
   outer loop
     vertex  2.948856e-01  9.240612e-02 -5.515847e-02
     vertex  2.941589e-01  7.504325e-02 -5.891115e-02
     vertex  2.882143e-01  8.608124e-02 -8.326173e-02
   endloop
 endfacet
 facet normal  9.852689e-01 -7.662323e-03 -1.708404e-01
   outer loop
     vertex  2.972492e-01  6.264356e-02 -4.053278e-02
     vertex  2.932507e-01  5.560636e-02 -6.327760e-02
     vertex  2.941589e-01  7.504325e-02 -5.891115e-02
   endloop
 endfacet
 facet normal  9.719528e-01  7.386680e-03 -2.350599e-01
   outer loop
     vertex  2.889938e-01  6.721678e-02 -8.051462e-02
     vertex  2.941589e-01  7.504325e-02 -5.891115e-02
     vertex  2.932507e-01  5.560636e-02 -6.327760e-02
   endloop
 endfacet
 facet normal  9.838576e-01 -2.059240e-03 -1.789412e-01
   outer loop
     vertex  2.968479e-01  4.474714e-02 -4.337395e-02
     vertex  2.930026e-01  3.605557e-02 -6.441629e-02
     vertex  2.932507e-01  5.560636e-02 -6.327760e-02
   endloop
 endfacet
 facet normal  9.673905e-01  2.479192e-03 -2.532775e-01
   outer loop
     vertex  2.867571e-01  4.845273e-02 -8.814968e-02
     vertex  2.932507e-01  5.560636e-02 -6.327760e-02
     vertex  2.930026e-01  3.605557e-02 -6.441629e-02
   endloop
 endfacet
 facet normal  9.840177e-01  7.575938e-04 -1.780692e-01
   outer loop
     vertex  2.969701e-01  2.720837e-02 -4.252958e-02
     vertex  2.930979e-01  1.453170e-02 -6.398146e-02
     vertex  2.930026e-01  3.605557e-02 -6.441629e-02
   endloop
 endfacet
 facet normal  6.086653e-01  1.980745e-02 -7.931798e-01
   outer loop
     vertex  1.681775e-01  1.284730e-02 -2.484277e-01
     vertex  1.962243e-01  1.196591e-02 -2.269273e-01
     vertex  1.850888e-01 -1.307335e-02 -2.360977e-01
   endloop
 endfacet
 facet normal  9.670448e-01 -1.327524e-02 -2.542598e-01
   outer loop
     vertex  2.864259e-01  1.189686e-02 -8.922007e-02
     vertex  2.883029e-01  2.862522e-02 -8.295441e-02
     vertex  2.930979e-01  1.453170e-02 -6.398146e-02
   endloop
 endfacet
 facet normal  9.770275e-01 -1.360422e-02 -2.126788e-01
   outer loop
     vertex  2.955363e-01 -4.555096e-03 -5.155893e-02
     vertex  2.902067e-01 -4.799903e-03 -7.602688e-02
     vertex  2.930979e-01  1.453170e-02 -6.398146e-02
   endloop
 endfacet
 facet normal  3.785358e-02 -2.883878e-02 -9.988671e-01
   outer loop
     vertex  3.265677e-02 -1.312770e-02 -2.982173e-01
     vertex -9.981688e-03 -1.310047e-02 -2.998339e-01
     vertex  1.080378e-02  1.319538e-02 -2.998054e-01
   endloop
 endfacet
 facet normal  9.835840e-01 -1.205107e-02 -1.800483e-01
   outer loop
     vertex  2.955363e-01 -4.555096e-03 -5.155893e-02
     vertex  2.971537e-01 -2.690246e-02 -4.122745e-02
     vertex  2.929775e-01 -1.959483e-02 -6.453061e-02
   endloop
 endfacet
 facet normal -7.036754e-01  3.105964e-02  7.098424e-01
   outer loop
     vertex -1.949076e-01  1.296306e-02  2.280592e-01
     vertex -2.263458e-01  1.294841e-02  1.968948e-01
     vertex -2.111228e-01 -1.335464e-02  2.131365e-01
   endloop
 endfacet
 facet normal  9.681141e-01 -4.088132e-04 -2.505094e-01
   outer loop
     vertex  2.874818e-01 -2.716473e-02 -8.575656e-02
     vertex  2.929775e-01 -1.959483e-02 -6.453061e-02
     vertex  2.930243e-01 -3.921391e-02 -6.431754e-02
   endloop
 endfacet
 facet normal  5.630758e-01 -2.555315e-02 -8.260101e-01
   outer loop
     vertex  1.520378e-01 -1.331838e-02 -2.586204e-01
     vertex  1.681775e-01  1.284730e-02 -2.484277e-01
     vertex  1.850888e-01 -1.307335e-02 -2.360977e-01
   endloop
 endfacet
 facet normal  5.036434e-01  2.572148e-02 -8.635286e-01
   outer loop
     vertex  1.333785e-01  1.299253e-02 -2.687195e-01
     vertex  1.681775e-01  1.284730e-02 -2.484277e-01
     vertex  1.520378e-01 -1.331838e-02 -2.586204e-01
   endloop
 endfacet
 facet normal  9.684835e-01  1.949542e-03 -2.490702e-01
   outer loop
     vertex  2.878789e-01 -5.059711e-02 -8.441414e-02
     vertex  2.930243e-01 -3.921391e-02 -6.431754e-02
     vertex  2.927494e-01 -6.105999e-02 -6.555770e-02
   endloop
 endfacet
 facet normal  9.731431e-01 -3.159796e-02 -2.280219e-01
   outer loop
     vertex  2.927494e-01 -6.105999e-02 -6.555770e-02
     vertex  2.958302e-01 -7.956849e-02 -4.984442e-02
     vertex  2.875067e-01 -7.736148e-02 -8.567337e-02
   endloop
 endfacet
 facet normal -8.649759e-01  2.998152e-02 -5.009169e-01
   outer loop
     vertex -2.698332e-01  1.283757e-02 -1.311107e-01
     vertex -2.480312e-01  1.277809e-02 -1.687618e-01
     vertex -2.594719e-01 -1.351770e-02 -1.505800e-01
   endloop
 endfacet
 facet normal  9.439562e-01 -3.272003e-02  3.284450e-01
   outer loop
     vertex  2.758419e-01 -8.355542e-02  1.179459e-01
     vertex  2.900147e-01 -8.814421e-02  7.675603e-02
     vertex  2.849988e-01 -6.297991e-02  9.367874e-02
   endloop
 endfacet
 facet normal -6.853105e-01  3.007059e-02 -7.276299e-01
   outer loop
     vertex -2.209935e-01  1.279053e-02 -2.028839e-01
     vertex -1.892705e-01  1.286361e-02 -2.327588e-01
     vertex -2.053803e-01 -1.349709e-02 -2.186754e-01
   endloop
 endfacet
 facet normal  8.392870e-01 -2.105166e-02  5.432809e-01
   outer loop
     vertex  2.546622e-01  1.162187e-01  1.585785e-01
     vertex  2.409983e-01  8.973942e-02  1.786612e-01
     vertex  2.620280e-01  8.750035e-02  1.460867e-01
   endloop
 endfacet
 facet normal  2.531960e-01  2.859090e-02 -9.669924e-01
   outer loop
     vertex  9.648982e-02 -9.273059e-02 -2.840594e-01
     vertex  7.617082e-02 -1.194252e-01 -2.901689e-01
     vertex  5.508011e-02 -9.267233e-02 -2.949003e-01
   endloop
 endfacet
 facet normal  8.097746e-01  2.508088e-02  5.862048e-01
   outer loop
     vertex  2.305420e-01 -9.141485e-02  1.919646e-01
     vertex  2.458336e-01 -1.172710e-01  1.719472e-01
     vertex  2.549740e-01 -8.819454e-02  1.580768e-01
   endloop
 endfacet
 facet normal  9.796056e-01  3.160657e-02  1.984288e-01
   outer loop
     vertex  2.929460e-01  6.917913e-02  6.467315e-02
     vertex  2.968443e-01  8.191904e-02  4.339906e-02
     vertex  2.892350e-01  9.021175e-02  7.964359e-02
   endloop
 endfacet
 facet normal  9.670864e-01 -1.032614e-02  2.542385e-01
   outer loop
     vertex  2.929460e-01  6.917913e-02  6.467315e-02
     vertex  2.892350e-01  9.021175e-02  7.964359e-02
     vertex  2.861604e-01  5.891593e-02  9.006785e-02
   endloop
 endfacet
 facet normal  7.956694e-01 -3.407623e-02 -6.047718e-01
   outer loop
     vertex  2.234560e-01  8.885546e-02 -2.001685e-01
     vertex  2.378874e-01  1.172716e-01 -1.827829e-01
     vertex  2.524231e-01  8.994139e-02 -1.621190e-01
   endloop
 endfacet
 facet normal  6.896356e-01 -3.255076e-02 -7.234246e-01
   outer loop
     vertex  1.898532e-01  9.067820e-02 -2.322838e-01
     vertex  2.071014e-01  1.174564e-01 -2.170461e-01
     vertex  2.234560e-01  8.885546e-02 -2.001685e-01
   endloop
 endfacet
 facet normal -3.101941e-01  2.901895e-02 -9.502302e-01
   outer loop
     vertex -7.233923e-02 -9.268122e-02 -2.911478e-01
     vertex -9.278622e-02 -1.194513e-01 -2.852906e-01
     vertex -1.133523e-01 -9.273699e-02 -2.777611e-01
   endloop
 endfacet
 facet normal  3.119194e-01 -2.892683e-02 -9.496681e-01
   outer loop
     vertex  7.292384e-02  9.262345e-02 -2.910019e-01
     vertex  9.335606e-02  1.193370e-01 -2.851046e-01
     vertex  1.138453e-01  9.256524e-02 -2.775594e-01
   endloop
 endfacet
 facet normal  1.732365e-01 -2.854243e-02 -9.844666e-01
   outer loop
     vertex  3.079368e-02  9.261807e-02 -2.984154e-01
     vertex  5.168687e-02  1.193516e-01 -2.955139e-01
     vertex  7.292384e-02  9.262345e-02 -2.910019e-01
   endloop
 endfacet
 facet normal  5.718358e-01 -3.118969e-02 -8.197750e-01
   outer loop
     vertex  1.529573e-01  9.217674e-02 -2.580776e-01
     vertex  1.719259e-01  1.185249e-01 -2.458485e-01
     vertex  1.898532e-01  9.067820e-02 -2.322838e-01
   endloop
 endfacet
 facet normal -3.859680e-01 -2.897171e-02 -9.220571e-01
   outer loop
     vertex -1.354335e-01  9.260104e-02 -2.676897e-01
     vertex -1.159003e-01  1.193818e-01 -2.767077e-01
     vertex -9.565102e-02  9.261646e-02 -2.843429e-01
   endloop
 endfacet
 facet normal -5.145082e-01 -2.927032e-02 -8.569857e-01
   outer loop
     vertex -1.726093e-01  9.256334e-02 -2.453692e-01
     vertex -1.545026e-01  1.193707e-01 -2.571555e-01
     vertex -1.354335e-01  9.260104e-02 -2.676897e-01
   endloop
 endfacet
 facet normal -6.328370e-01 -2.942148e-02 -7.737258e-01
   outer loop
     vertex -2.062712e-01  9.252217e-02 -2.178352e-01
     vertex -1.900563e-01  1.193488e-01 -2.321176e-01
     vertex -1.726093e-01  9.256334e-02 -2.453692e-01
   endloop
 endfacet
 facet normal -7.380423e-01 -2.940658e-02 -6.741134e-01
   outer loop
     vertex -2.355930e-01  9.247809e-02 -1.857308e-01
     vertex -2.216472e-01  1.193077e-01 -2.021695e-01
     vertex -2.062712e-01  9.252217e-02 -2.178352e-01
   endloop
 endfacet
 facet normal -8.276794e-01 -2.933349e-02 -5.604340e-01
   outer loop
     vertex -2.599294e-01  9.246600e-02 -1.497889e-01
     vertex -2.485071e-01  1.192562e-01 -1.680602e-01
     vertex -2.355930e-01  9.247809e-02 -1.857308e-01
   endloop
 endfacet
 facet normal -8.998928e-01 -2.932250e-02 -4.351244e-01
   outer loop
     vertex -2.788149e-01  9.252260e-02 -1.107351e-01
     vertex -2.701080e-01  1.192586e-01 -1.305437e-01
     vertex -2.599294e-01  9.246600e-02 -1.497889e-01
   endloop
 endfacet
 facet normal -9.532874e-01 -2.942904e-02 -3.006279e-01
   outer loop
     vertex -2.918904e-01  9.261634e-02 -6.928194e-02
     vertex -2.861026e-01  1.193428e-01 -9.025149e-02
     vertex -2.788149e-01  9.252260e-02 -1.107351e-01
   endloop
 endfacet
 facet normal -9.867520e-01 -2.960662e-02 -1.595116e-01
   outer loop
     vertex -2.988503e-01  9.267826e-02 -2.623869e-02
     vertex -2.961555e-01  1.194269e-01 -4.787403e-02
     vertex -2.918904e-01  9.261634e-02 -6.928194e-02
   endloop
 endfacet
 facet normal  7.305699e-01  2.429147e-02 -6.824057e-01
   outer loop
     vertex  2.206171e-01 -1.190775e-01 -2.032931e-01
     vertex  2.050798e-01 -9.183338e-02 -2.189573e-01
     vertex  2.324316e-01 -9.175679e-02 -1.896723e-01
   endloop
 endfacet
 facet normal  8.125694e-01  2.024554e-02 -5.825128e-01
   outer loop
     vertex  2.460444e-01 -1.194425e-01 -1.716454e-01
     vertex  2.324316e-01 -9.175679e-02 -1.896723e-01
     vertex  2.540202e-01 -9.312344e-02 -1.596050e-01
   endloop
 endfacet
 facet normal  7.211444e-01  2.668018e-02  6.922709e-01
   outer loop
     vertex  2.183940e-01 -1.189261e-01  2.056795e-01
     vertex  2.305420e-01 -9.141485e-02  1.919646e-01
     vertex  2.016107e-01 -9.279275e-02  2.221556e-01
   endloop
 endfacet
 facet normal -9.994499e-01 -2.970543e-02 -1.474942e-02
   outer loop
     vertex -2.994937e-01  9.264447e-02  1.742237e-02
     vertex -2.999686e-01  1.194292e-01 -4.341655e-03
     vertex -2.988503e-01  9.267826e-02 -2.623869e-02
   endloop
 endfacet
 facet normal -9.616350e-01 -2.962934e-02  2.727275e-01
   outer loop
     vertex -2.819006e-01  9.250601e-02  1.026258e-01
     vertex -2.886023e-01  1.193014e-01  8.190674e-02
     vertex -2.938003e-01  9.256914e-02  6.067441e-02
   endloop
 endfacet
 facet normal  6.178332e-01  2.779262e-02  7.858179e-01
   outer loop
     vertex  1.865969e-01 -1.195886e-01  2.349076e-01
     vertex  2.016107e-01 -9.279275e-02  2.221556e-01
     vertex  1.683627e-01 -9.296368e-02  2.483022e-01
   endloop
 endfacet
 facet normal -7.545460e-01 -3.034491e-02  6.555452e-01
   outer loop
     vertex -2.113737e-01  9.261869e-02  2.128876e-01
     vertex -2.265586e-01  1.194153e-01  1.966499e-01
     vertex -2.403471e-01  9.256633e-02  1.795363e-01
   endloop
 endfacet
 facet normal  1.131105e-01  2.847587e-02 -9.931743e-01
   outer loop
     vertex  3.416290e-02 -1.193878e-01 -2.980485e-01
     vertex  1.262891e-02 -9.264097e-02 -2.997341e-01
     vertex  5.508011e-02 -9.267233e-02 -2.949003e-01
   endloop
 endfacet
 facet normal  9.592441e-01  1.965555e-03  2.825718e-01
   outer loop
     vertex  2.849988e-01 -6.297991e-02  9.367874e-02
     vertex  2.904896e-01 -4.854058e-02  7.493865e-02
     vertex  2.844472e-01 -3.268681e-02  9.534033e-02
   endloop
 endfacet
 facet normal  8.859080e-01 -3.920139e-02 -4.622015e-01
   outer loop
     vertex  2.524231e-01  8.994139e-02 -1.621190e-01
     vertex  2.632205e-01  1.194582e-01 -1.439270e-01
     vertex  2.763668e-01  9.565888e-02 -1.167108e-01
   endloop
 endfacet
 facet normal -1.101141e-01 -2.837645e-02 -9.935138e-01
   outer loop
     vertex -3.319408e-02  1.193602e-01 -2.981579e-01
     vertex -1.176809e-02  9.262722e-02 -2.997691e-01
     vertex -5.416256e-02  9.262009e-02 -2.950702e-01
   endloop
 endfacet
 facet normal  9.837852e-01 -1.541460e-03  1.793441e-01
   outer loop
     vertex  2.969652e-01  6.191463e-02  4.256398e-02
     vertex  2.968443e-01  8.191904e-02  4.339906e-02
     vertex  2.929460e-01  6.917913e-02  6.467315e-02
   endloop
 endfacet
 facet normal  4.323400e-01 -2.862116e-02  9.012563e-01
   outer loop
     vertex  1.102587e-01 -1.308715e-02  2.790036e-01
     vertex  1.486363e-01 -1.319325e-02  2.605902e-01
     vertex  1.294665e-01  1.325387e-02  2.706260e-01
   endloop
 endfacet
 facet normal  9.858128e-01 -1.064254e-02  1.675110e-01
   outer loop
     vertex  2.976616e-01  4.489599e-02  3.738425e-02
     vertex  2.969652e-01  6.191463e-02  4.256398e-02
     vertex  2.935426e-01  4.937336e-02  6.190898e-02
   endloop
 endfacet
 facet normal  9.841459e-01  4.900888e-03  1.772929e-01
   outer loop
     vertex  2.969652e-01  6.191463e-02  4.256398e-02
     vertex  2.929460e-01  6.917913e-02  6.467315e-02
     vertex  2.935426e-01  4.937336e-02  6.190898e-02
   endloop
 endfacet
 facet normal  9.865757e-01  1.949560e-02  1.621370e-01
   outer loop
     vertex  2.957725e-01  3.402670e-02  5.018598e-02
     vertex  2.976616e-01  4.489599e-02  3.738425e-02
     vertex  2.935426e-01  4.937336e-02  6.190898e-02
   endloop
 endfacet
 facet normal  8.927256e-01 -1.416948e-02 -4.503779e-01
   outer loop
     vertex  2.699093e-01  1.613717e-02 -1.309540e-01
     vertex  2.740818e-01 -6.216559e-03 -1.219802e-01
     vertex  2.610870e-01 -5.460238e-03 -1.477620e-01
   endloop
 endfacet
 facet normal  9.812781e-01 -2.003313e-03  1.925856e-01
   outer loop
     vertex  2.926941e-01  2.755702e-02  6.580409e-02
     vertex  2.959699e-01  1.751646e-02  4.900862e-02
     vertex  2.957725e-01  3.402670e-02  5.018598e-02
   endloop
 endfacet
 facet normal  9.814227e-01 -3.925668e-03  1.918178e-01
   outer loop
     vertex  2.957725e-01  3.402670e-02  5.018598e-02
     vertex  2.935426e-01  4.937336e-02  6.190898e-02
     vertex  2.926941e-01  2.755702e-02  6.580409e-02
   endloop
 endfacet
 facet normal  9.903440e-01  1.953555e-03  1.386180e-01
   outer loop
     vertex  2.981343e-01  2.739454e-02  3.340589e-02
     vertex  2.957725e-01  3.402670e-02  5.018598e-02
     vertex  2.959699e-01  1.751646e-02  4.900862e-02
   endloop
 endfacet
 facet normal  5.532706e-01 -2.651370e-02  8.325795e-01
   outer loop
     vertex  1.486363e-01 -1.319325e-02  2.605902e-01
     vertex  1.827714e-01 -1.351718e-02  2.378962e-01
     vertex  1.661894e-01  1.306961e-02  2.497621e-01
   endloop
 endfacet
 facet normal  9.832501e-01 -6.906709e-03  1.821303e-01
   outer loop
     vertex  2.933368e-01  8.381091e-03  6.287714e-02
     vertex  2.966723e-01  1.941729e-04  4.455964e-02
     vertex  2.959699e-01  1.751646e-02  4.900862e-02
   endloop
 endfacet
 facet normal  9.819496e-01  4.047661e-03  1.890992e-01
   outer loop
     vertex  2.959699e-01  1.751646e-02  4.900862e-02
     vertex  2.926941e-01  2.755702e-02  6.580409e-02
     vertex  2.933368e-01  8.381091e-03  6.287714e-02
   endloop
 endfacet
 facet normal  9.909856e-01  5.808946e-03  1.338426e-01
   outer loop
     vertex  2.982313e-01  1.143958e-02  3.252860e-02
     vertex  2.959699e-01  1.751646e-02  4.900862e-02
     vertex  2.966723e-01  1.941729e-04  4.455964e-02
   endloop
 endfacet
 facet normal  8.782426e-02  2.911458e-02  9.957104e-01
   outer loop
     vertex  4.764103e-02  1.317240e-02  2.961931e-01
     vertex  4.955455e-03  1.313735e-02  2.999591e-01
     vertex  2.686010e-02 -1.313200e-02  2.987951e-01
   endloop
 endfacet
 facet normal  9.869851e-01 -1.321856e-02  1.602676e-01
   outer loop
     vertex  2.977081e-01 -1.397607e-02  3.701172e-02
     vertex  2.966723e-01  1.941729e-04  4.455964e-02
     vertex  2.942013e-01 -1.287063e-02  5.869906e-02
   endloop
 endfacet
 facet normal  9.842209e-01  5.267662e-03  1.768658e-01
   outer loop
     vertex  2.966723e-01  1.941729e-04  4.455964e-02
     vertex  2.933368e-01  8.381091e-03  6.287714e-02
     vertex  2.942013e-01 -1.287063e-02  5.869906e-02
   endloop
 endfacet
 facet normal  9.872072e-01  5.591562e-03  1.593448e-01
   outer loop
     vertex  2.972938e-01 -3.180852e-02  4.020450e-02
     vertex  2.977081e-01 -1.397607e-02  3.701172e-02
     vertex  2.942013e-01 -1.287063e-02  5.869906e-02
   endloop
 endfacet
 facet normal  8.855640e-01  1.918108e-02 -4.641212e-01
   outer loop
     vertex  2.723339e-01 -5.301922e-02 -1.258342e-01
     vertex  2.627208e-01 -6.900519e-02 -1.448370e-01
     vertex  2.557716e-01 -3.722191e-02 -1.567829e-01
   endloop
 endfacet
 facet normal -5.302924e-01  3.068634e-02  8.472593e-01
   outer loop
     vertex -1.589741e-01 -3.973161e-02  2.544155e-01
     vertex -1.400612e-01 -1.335777e-02  2.652977e-01
     vertex -1.773976e-01 -1.337923e-02  2.419299e-01
   endloop
 endfacet
 facet normal  9.840355e-01 -1.267619e-02  1.775201e-01
   outer loop
     vertex  2.972938e-01 -3.180852e-02  4.020450e-02
     vertex  2.942013e-01 -1.287063e-02  5.869906e-02
     vertex  2.926430e-01 -3.116537e-02  6.603088e-02
   endloop
 endfacet
 facet normal  8.019883e-01  4.625219e-03  5.973218e-01
   outer loop
     vertex  2.465670e-01 -3.392052e-02  1.708938e-01
     vertex  2.488199e-01  1.247613e-03  1.675968e-01
     vertex  2.328987e-01 -1.492352e-02  1.890983e-01
   endloop
 endfacet
 facet normal  9.840974e-01  1.730509e-02  1.767846e-01
   outer loop
     vertex  2.972938e-01 -3.180852e-02  4.020450e-02
     vertex  2.926430e-01 -3.116537e-02  6.603088e-02
     vertex  2.954510e-01 -4.797562e-02  5.204508e-02
   endloop
 endfacet
 facet normal  3.177069e-02 -2.828411e-02 -9.990949e-01
   outer loop
     vertex -1.176809e-02  9.262722e-02 -2.997691e-01
     vertex  9.296411e-03  1.193554e-01 -2.998559e-01
     vertex  3.079368e-02  9.261807e-02 -2.984154e-01
   endloop
 endfacet
 facet normal  2.345900e-01  2.895546e-02  9.716631e-01
   outer loop
     vertex  4.927023e-02 -9.263202e-02  2.959264e-01
     vertex  7.048878e-02 -1.194016e-01  2.916013e-01
     vertex  9.115518e-02 -9.269353e-02  2.858159e-01
   endloop
 endfacet
 facet normal  6.304004e-01  2.697879e-02 -7.758012e-01
   outer loop
     vertex  2.050798e-01 -9.183338e-02 -2.189573e-01
     vertex  1.902163e-01 -1.191952e-01 -2.319865e-01
     vertex  1.725541e-01 -9.243758e-02 -2.454080e-01
   endloop
 endfacet
 facet normal -6.501533e-01 -3.031509e-02  7.591980e-01
   outer loop
     vertex -1.778366e-01  9.260943e-02  2.416074e-01
     vertex -1.951062e-01  1.194339e-01  2.278893e-01
     vertex -2.113737e-01  9.261869e-02  2.128876e-01
   endloop
 endfacet
 facet normal  8.559938e-01 -2.312776e-02 -5.164685e-01
   outer loop
     vertex  2.460444e-01 -1.194425e-01 -1.716454e-01
     vertex  2.540202e-01 -9.312344e-02 -1.596050e-01
     vertex  2.664630e-01 -1.188257e-01 -1.378313e-01
   endloop
 endfacet
 facet normal -5.322051e-01 -2.987236e-02  8.460883e-01
   outer loop
     vertex -1.407660e-01  9.257764e-02  2.649244e-01
     vertex -1.596048e-01  1.193675e-01  2.540203e-01
     vertex -1.778366e-01  9.260943e-02  2.416074e-01
   endloop
 endfacet
 facet normal -4.040398e-01 -2.928263e-02  9.142726e-01
   outer loop
     vertex -1.011248e-01  9.256799e-02  2.824425e-01
     vertex -1.211612e-01  1.193222e-01  2.744448e-01
     vertex -1.407660e-01  9.257764e-02  2.649244e-01
   endloop
 endfacet
 facet normal -2.687832e-01 -2.869629e-02  9.627731e-01
   outer loop
     vertex -5.980405e-02  9.258207e-02  2.939787e-01
     vertex -8.067703e-02  1.193219e-01  2.889485e-01
     vertex -1.011248e-01  9.256799e-02  2.824425e-01
   endloop
 endfacet
 facet normal -1.290787e-01 -2.839893e-02  9.912276e-01
   outer loop
     vertex -1.748943e-02  9.261050e-02  2.994898e-01
     vertex -3.888121e-02  1.193342e-01  2.974697e-01
     vertex -5.980405e-02  9.258207e-02  2.939787e-01
   endloop
 endfacet
 facet normal -9.910181e-01 -2.965385e-02  1.303986e-01
   outer loop
     vertex -2.938003e-01  9.256914e-02  6.067441e-02
     vertex -2.974207e-01  1.193709e-01  3.925500e-02
     vertex -2.994937e-01  9.264447e-02  1.742237e-02
   endloop
 endfacet
 facet normal  4.284584e-01 -2.900895e-02  9.030957e-01
   outer loop
     vertex  1.477702e-01  9.270242e-02  2.610823e-01
     vertex  1.285176e-01  1.195231e-01  2.710779e-01
     vertex  1.087692e-01  9.276454e-02  2.795877e-01
   endloop
 endfacet
 facet normal  9.772988e-01 -1.270028e-02  2.114846e-01
   outer loop
     vertex  2.904896e-01 -4.854058e-02  7.493865e-02
     vertex  2.954510e-01 -4.797562e-02  5.204508e-02
     vertex  2.926430e-01 -3.116537e-02  6.603088e-02
   endloop
 endfacet
 facet normal -4.437114e-01  2.941690e-02 -8.956868e-01
   outer loop
     vertex -1.133523e-01 -9.273699e-02 -2.777611e-01
     vertex -1.328847e-01 -1.195003e-01 -2.689640e-01
     vertex -1.522701e-01 -9.279482e-02 -2.584837e-01
   endloop
 endfacet
 facet normal -6.820893e-01  2.985119e-02 -7.306594e-01
   outer loop
     vertex -1.881873e-01 -9.285071e-02 -2.336355e-01
     vertex -2.045906e-01 -1.195751e-01 -2.194144e-01
     vertex -2.201540e-01 -9.286996e-02 -2.037945e-01
   endloop
 endfacet
 facet normal  9.417814e-01  1.398439e-02 -3.359348e-01
   outer loop
     vertex  2.769382e-01 -7.848293e-02 -1.153482e-01
     vertex  2.875067e-01 -7.736148e-02 -8.567337e-02
     vertex  2.813665e-01 -1.060467e-01 -1.040813e-01
   endloop
 endfacet
 facet normal  5.528808e-01 -2.839367e-02  8.327765e-01
   outer loop
     vertex  1.662658e-01  1.193378e-01  2.497112e-01
     vertex  1.477702e-01  9.270242e-02  2.610823e-01
     vertex  1.833775e-01  9.231371e-02  2.374293e-01
   endloop
 endfacet
 facet normal -7.810506e-01  2.986367e-02 -6.237532e-01
   outer loop
     vertex -2.343595e-01 -1.195664e-01 -1.872849e-01
     vertex -2.474430e-01 -9.285261e-02 -1.696231e-01
     vertex -2.201540e-01 -9.286996e-02 -2.037945e-01
   endloop
 endfacet
 facet normal  7.421055e-01  1.578611e-02  6.700971e-01
   outer loop
     vertex  2.116247e-01 -1.406135e-02  2.126382e-01
     vertex  2.249997e-01 -3.977679e-02  1.984316e-01
     vertex  2.328987e-01 -1.492352e-02  1.890983e-01
   endloop
 endfacet
 facet normal  2.945848e-01 -2.896919e-02  9.551862e-01
   outer loop
     vertex  1.087692e-01  9.276454e-02  2.795877e-01
     vertex  8.809102e-02  1.194786e-01  2.867751e-01
     vertex  6.757665e-02  9.270644e-02  2.922899e-01
   endloop
 endfacet
 facet normal  6.645170e-01 -2.728830e-02  7.467747e-01
   outer loop
     vertex  2.147857e-01  9.132790e-02  2.094448e-01
     vertex  2.002701e-01  1.187889e-01  2.233649e-01
     vertex  1.833775e-01  9.231371e-02  2.374293e-01
   endloop
 endfacet
 facet normal  9.456082e-01  1.977949e-03  3.253017e-01
   outer loop
     vertex  2.892350e-01  9.021175e-02  7.964359e-02
     vertex  2.767645e-01  1.114648e-01  1.157644e-01
     vertex  2.771791e-01  7.710066e-02  1.147681e-01
   endloop
 endfacet
 facet normal  9.436906e-01  1.733252e-02  3.303750e-01
   outer loop
     vertex  2.861604e-01  5.891593e-02  9.006785e-02
     vertex  2.892350e-01  9.021175e-02  7.964359e-02
     vertex  2.771791e-01  7.710066e-02  1.147681e-01
   endloop
 endfacet
 facet normal  8.999598e-01 -1.781062e-03  4.359693e-01
   outer loop
     vertex  2.767645e-01  1.114648e-01  1.157644e-01
     vertex  2.620280e-01  8.750035e-02  1.460867e-01
     vertex  2.771791e-01  7.710066e-02  1.147681e-01
   endloop
 endfacet
 facet normal -9.118515e-01 -2.977533e-02  4.094390e-01
   outer loop
     vertex -2.639979e-01  9.250008e-02  1.424959e-01
     vertex -2.737147e-01  1.192561e-01  1.228017e-01
     vertex -2.819006e-01  9.250601e-02  1.026258e-01
   endloop
 endfacet
 facet normal -8.424331e-01 -3.008118e-02  5.379605e-01
   outer loop
     vertex -2.529584e-01  1.193065e-01  1.612826e-01
     vertex -2.639979e-01  9.250008e-02  1.424959e-01
     vertex -2.403471e-01  9.256633e-02  1.795363e-01
   endloop
 endfacet
 facet normal -1.711268e-01  2.866127e-02 -9.848320e-01
   outer loop
     vertex -3.010338e-02 -9.264781e-02 -2.984858e-01
     vertex -5.102943e-02 -1.193972e-01 -2.956281e-01
     vertex -7.233923e-02 -9.268122e-02 -2.911478e-01
   endloop
 endfacet
 facet normal  9.740977e-01  2.467142e-02 -2.247776e-01
   outer loop
     vertex  2.875067e-01 -7.736148e-02 -8.567337e-02
     vertex  2.958302e-01 -7.956849e-02 -4.984442e-02
     vertex  2.904850e-01 -9.731469e-02 -7.495640e-02
   endloop
 endfacet
 facet normal  7.892155e-01 -2.033593e-02  6.137795e-01
   outer loop
     vertex  2.249997e-01 -3.977679e-02  1.984316e-01
     vertex  2.465670e-01 -3.392052e-02  1.708938e-01
     vertex  2.328987e-01 -1.492352e-02  1.890983e-01
   endloop
 endfacet
 facet normal  9.679997e-01 -1.656143e-03 -2.509459e-01
   outer loop
     vertex  2.878789e-01 -5.059711e-02 -8.441414e-02
     vertex  2.927494e-01 -6.105999e-02 -6.555770e-02
     vertex  2.875067e-01 -7.736148e-02 -8.567337e-02
   endloop
 endfacet
 facet normal  9.834000e-01 -2.077519e-03 -1.814388e-01
   outer loop
     vertex  2.967982e-01 -5.232152e-02 -4.371292e-02
     vertex  2.927494e-01 -6.105999e-02 -6.555770e-02
     vertex  2.930243e-01 -3.921391e-02 -6.431754e-02
   endloop
 endfacet
 facet normal  8.787186e-02 -2.902530e-02  9.957088e-01
   outer loop
     vertex  4.764103e-02  1.317240e-02  2.961931e-01
     vertex  2.589010e-02  3.952377e-02  2.988807e-01
     vertex  4.955455e-03  1.313735e-02  2.999591e-01
   endloop
 endfacet
 facet normal  9.843421e-01  4.362026e-04 -1.762683e-01
   outer loop
     vertex  2.971537e-01 -2.690246e-02 -4.122745e-02
     vertex  2.930243e-01 -3.921391e-02 -6.431754e-02
     vertex  2.929775e-01 -1.959483e-02 -6.453061e-02
   endloop
 endfacet
 facet normal  9.769040e-01  1.747406e-02 -2.129629e-01
   outer loop
     vertex  2.902067e-01 -4.799903e-03 -7.602688e-02
     vertex  2.955363e-01 -4.555096e-03 -5.155893e-02
     vertex  2.929775e-01 -1.959483e-02 -6.453061e-02
   endloop
 endfacet
 facet normal  9.662644e-01  1.566861e-02 -2.570751e-01
   outer loop
     vertex  2.864259e-01  1.189686e-02 -8.922007e-02
     vertex  2.930979e-01  1.453170e-02 -6.398146e-02
     vertex  2.902067e-01 -4.799903e-03 -7.602688e-02
   endloop
 endfacet
 facet normal -8.634031e-01 -2.993300e-02 -5.036259e-01
   outer loop
     vertex -2.474430e-01 -9.285261e-02 -1.696231e-01
     vertex -2.694460e-01 -9.280050e-02 -1.319047e-01
     vertex -2.592211e-01 -6.626207e-02 -1.510114e-01
   endloop
 endfacet
 facet normal  8.983789e-01 -1.532113e-02  4.389540e-01
   outer loop
     vertex  2.754929e-01  4.519375e-02  1.187589e-01
     vertex  2.659574e-01  6.037436e-02  1.388044e-01
     vertex  2.610425e-01  3.106780e-02  1.478405e-01
   endloop
 endfacet
 facet normal -9.284002e-01 -2.992479e-02 -3.703749e-01
   outer loop
     vertex -2.859662e-01  1.298072e-02 -9.068265e-02
     vertex -2.787102e-01  3.931189e-02 -1.109984e-01
     vertex -2.698332e-01  1.283757e-02 -1.311107e-01
   endloop
 endfacet
 facet normal -2.918180e-02 -2.860528e-02 -9.991647e-01
   outer loop
     vertex  1.262891e-02 -9.264097e-02 -2.997341e-01
     vertex -3.010338e-02 -9.264781e-02 -2.984858e-01
     vertex -9.081077e-03 -6.600644e-02 -2.998625e-01
   endloop
 endfacet
 facet normal  9.693987e-01 -6.691593e-04 -2.454906e-01
   outer loop
     vertex  2.883029e-01  2.862522e-02 -8.295441e-02
     vertex  2.930026e-01  3.605557e-02 -6.441629e-02
     vertex  2.930979e-01  1.453170e-02 -6.398146e-02
   endloop
 endfacet
 facet normal  9.683130e-01  1.010832e-02 -2.495351e-01
   outer loop
     vertex  2.867571e-01  4.845273e-02 -8.814968e-02
     vertex  2.930026e-01  3.605557e-02 -6.441629e-02
     vertex  2.883029e-01  2.862522e-02 -8.295441e-02
   endloop
 endfacet
 facet normal -2.649870e-01  2.944788e-02  9.638022e-01
   outer loop
     vertex -1.001099e-01 -1.325778e-02  2.828038e-01
     vertex -7.915434e-02 -3.957076e-02  2.893693e-01
     vertex -5.849802e-02 -1.315307e-02  2.942414e-01
   endloop
 endfacet
 facet normal  9.684624e-01 -1.422286e-02 -2.487535e-01
   outer loop
     vertex  2.889938e-01  6.721678e-02 -8.051462e-02
     vertex  2.932507e-01  5.560636e-02 -6.327760e-02
     vertex  2.867571e-01  4.845273e-02 -8.814968e-02
   endloop
 endfacet
 facet normal  3.165242e-01  2.852830e-02 -9.481554e-01
   outer loop
     vertex  9.559960e-02 -3.964596e-02 -2.843602e-01
     vertex  7.458887e-02 -1.323567e-02 -2.905796e-01
     vertex  1.148914e-01 -1.332652e-02 -2.771281e-01
   endloop
 endfacet
 facet normal  9.720763e-01  6.003676e-03 -2.345884e-01
   outer loop
     vertex  2.882143e-01  8.608124e-02 -8.326173e-02
     vertex  2.941589e-01  7.504325e-02 -5.891115e-02
     vertex  2.889938e-01  6.721678e-02 -8.051462e-02
   endloop
 endfacet
 facet normal -4.676839e-01 -3.020825e-02  8.833795e-01
   outer loop
     vertex -1.405355e-01  3.936909e-02  2.650467e-01
     vertex -1.593292e-01  1.294455e-02  2.541933e-01
     vertex -1.206784e-01  1.298800e-02  2.746575e-01
   endloop
 endfacet
 facet normal -9.956158e-01 -3.021734e-02 -8.852145e-02
   outer loop
     vertex -2.988331e-01  3.954209e-02 -2.643396e-02
     vertex -2.960901e-01  1.315156e-02 -4.827683e-02
     vertex -2.999626e-01  1.318850e-02 -4.734307e-03
   endloop
 endfacet
 facet normal  9.347131e-01  3.171628e-03  3.553889e-01
   outer loop
     vertex  2.758419e-01 -8.355542e-02  1.179459e-01
     vertex  2.849988e-01 -6.297991e-02  9.367874e-02
     vertex  2.748193e-01 -4.701443e-02  1.203094e-01
   endloop
 endfacet
 facet normal  7.948368e-01  3.144495e-02 -6.060080e-01
   outer loop
     vertex  2.234560e-01  8.885546e-02 -2.001685e-01
     vertex  2.524231e-01  8.994139e-02 -1.621190e-01
     vertex  2.388676e-01  5.907328e-02 -1.815000e-01
   endloop
 endfacet
 facet normal  8.116966e-01 -2.026655e-02 -5.837275e-01
   outer loop
     vertex  2.540202e-01 -9.312344e-02 -1.596050e-01
     vertex  2.324316e-01 -9.175679e-02 -1.896723e-01
     vertex  2.435628e-01 -6.424636e-02 -1.751489e-01
   endloop
 endfacet
 facet normal  7.223630e-01 -2.729147e-02  6.909754e-01
   outer loop
     vertex  2.016107e-01 -9.279275e-02  2.221556e-01
     vertex  2.305420e-01 -9.141485e-02  1.919646e-01
     vertex  2.144230e-01 -6.608893e-02  2.098160e-01
   endloop
 endfacet
 facet normal  1.549621e-01  2.877959e-02  9.875011e-01
   outer loop
     vertex  6.757665e-02  9.270644e-02  2.922899e-01
     vertex  2.522402e-02  9.264953e-02  2.989377e-01
     vertex  4.681692e-02  6.605124e-02  2.963244e-01
   endloop
 endfacet
 facet normal -5.145502e-01  2.938869e-02 -8.569565e-01
   outer loop
     vertex -1.726093e-01  9.256334e-02 -2.453692e-01
     vertex -1.354335e-01  9.260104e-02 -2.676897e-01
     vertex -1.542166e-01  6.590475e-02 -2.573271e-01
   endloop
 endfacet
 facet normal  8.120347e-01 -2.503269e-02  5.830720e-01
   outer loop
     vertex  2.305420e-01 -9.141485e-02  1.919646e-01
     vertex  2.549740e-01 -8.819454e-02  1.580768e-01
     vertex  2.399971e-01 -6.329405e-02  1.800038e-01
   endloop
 endfacet
 facet normal  8.818759e-01  3.873108e-02 -4.698880e-01
   outer loop
     vertex  2.524231e-01  8.994139e-02 -1.621190e-01
     vertex  2.763668e-01  9.565888e-02 -1.167108e-01
     vertex  2.660496e-01  6.467638e-02 -1.386277e-01
   endloop
 endfacet
 facet normal  1.732288e-01  2.866118e-02 -9.844645e-01
   outer loop
     vertex  3.079368e-02  9.261807e-02 -2.984154e-01
     vertex  7.292384e-02  9.262345e-02 -2.910019e-01
     vertex  5.226479e-02  6.599971e-02 -2.954122e-01
   endloop
 endfacet
 facet normal -9.994458e-01  2.986546e-02 -1.470326e-02
   outer loop
     vertex -2.994937e-01  9.264447e-02  1.742237e-02
     vertex -2.988503e-01  9.267826e-02 -2.623869e-02
     vertex -2.999662e-01  6.603711e-02 -4.503074e-03
   endloop
 endfacet
 facet normal  6.914765e-01  3.179277e-02 -7.216990e-01
   outer loop
     vertex  1.898532e-01  9.067820e-02 -2.322838e-01
     vertex  2.234560e-01  8.885546e-02 -2.001685e-01
     vertex  2.064466e-01  6.153707e-02 -2.176690e-01
   endloop
 endfacet
 facet normal  9.732432e-01 -5.927938e-03 -2.297009e-01
   outer loop
     vertex  2.948856e-01  9.240612e-02 -5.515847e-02
     vertex  2.882143e-01  8.608124e-02 -8.326173e-02
     vertex  2.889913e-01  1.075425e-01 -8.052357e-02
   endloop
 endfacet
 facet normal  7.059058e-01 -2.326716e-02  7.079235e-01
   outer loop
     vertex  2.131470e-01  3.793941e-02  2.111122e-01
     vertex  1.979866e-01  1.244474e-02  2.253914e-01
     vertex  2.251988e-01  1.088968e-02  1.982057e-01
   endloop
 endfacet
 facet normal  3.178275e-02  2.840414e-02 -9.990911e-01
   outer loop
     vertex -1.176809e-02  9.262722e-02 -2.997691e-01
     vertex  3.079368e-02  9.261807e-02 -2.984154e-01
     vertex  9.840923e-03  6.600494e-02 -2.998386e-01
   endloop
 endfacet
 facet normal  2.464682e-01 -2.860722e-02 -9.687286e-01
   outer loop
     vertex  5.317850e-02  1.312931e-02 -2.952491e-01
     vertex  7.351786e-02  3.947860e-02 -2.908524e-01
     vertex  9.442511e-02  1.304003e-02 -2.847523e-01
   endloop
 endfacet
 facet normal  8.504364e-01 -5.159905e-03  5.260526e-01
   outer loop
     vertex  2.626328e-01 -2.624387e-02  1.449966e-01
     vertex  2.488199e-01  1.247613e-03  1.675968e-01
     vertex  2.465670e-01 -3.392052e-02  1.708938e-01
   endloop
 endfacet
 facet normal  9.165001e-01 -1.290188e-02 -3.998264e-01
   outer loop
     vertex  2.813665e-01 -1.060467e-01 -1.040813e-01
     vertex  2.664630e-01 -1.188257e-01 -1.378313e-01
     vertex  2.690510e-01 -9.373691e-02 -1.327085e-01
   endloop
 endfacet
 facet normal  9.158157e-01 -1.688279e-02 -4.012438e-01
   outer loop
     vertex  2.769382e-01 -7.848293e-02 -1.153482e-01
     vertex  2.813665e-01 -1.060467e-01 -1.040813e-01
     vertex  2.690510e-01 -9.373691e-02 -1.327085e-01
   endloop
 endfacet
 facet normal  8.729900e-01  9.517960e-03 -4.876453e-01
   outer loop
     vertex  2.664630e-01 -1.188257e-01 -1.378313e-01
     vertex  2.540202e-01 -9.312344e-02 -1.596050e-01
     vertex  2.690510e-01 -9.373691e-02 -1.327085e-01
   endloop
 endfacet
 facet normal  2.945089e-01  2.910111e-02  9.552056e-01
   outer loop
     vertex  1.087692e-01  9.276454e-02  2.795877e-01
     vertex  6.757665e-02  9.270644e-02  2.922899e-01
     vertex  8.866636e-02  6.611205e-02  2.865978e-01
   endloop
 endfacet
 facet normal -7.545897e-01  3.050212e-02  6.554876e-01
   outer loop
     vertex -2.113737e-01  9.261869e-02  2.128876e-01
     vertex -2.403471e-01  9.256633e-02  1.795363e-01
     vertex -2.264379e-01  6.590728e-02  1.967889e-01
   endloop
 endfacet
 facet normal -4.436392e-01 -2.955518e-02 -8.957180e-01
   outer loop
     vertex -1.133523e-01 -9.273699e-02 -2.777611e-01
     vertex -1.522701e-01 -9.279482e-02 -2.584837e-01
     vertex -1.334159e-01 -6.615590e-02 -2.687009e-01
   endloop
 endfacet
 facet normal  5.154802e-01 -2.857041e-02 -8.564250e-01
   outer loop
     vertex  1.725541e-01 -9.243758e-02 -2.454080e-01
     vertex  1.359774e-01 -9.272572e-02 -2.674138e-01
     vertex  1.539962e-01 -6.602538e-02 -2.574591e-01
   endloop
 endfacet
 facet normal  5.533086e-01  2.867045e-02  8.324828e-01
   outer loop
     vertex  1.833775e-01  9.231371e-02  2.374293e-01
     vertex  1.477702e-01  9.270242e-02  2.610823e-01
     vertex  1.658865e-01  6.593065e-02  2.499633e-01
   endloop
 endfacet
 facet normal  6.310027e-01 -2.714024e-02 -7.753057e-01
   outer loop
     vertex  2.050798e-01 -9.183338e-02 -2.189573e-01
     vertex  1.725541e-01 -9.243758e-02 -2.454080e-01
     vertex  1.883775e-01 -6.522915e-02 -2.334821e-01
   endloop
 endfacet
 facet normal  9.319547e-02 -2.885084e-02  9.952297e-01
   outer loop
     vertex  6.531821e-03 -9.261998e-02  2.999289e-01
     vertex  4.927023e-02 -9.263202e-02  2.959264e-01
     vertex  2.769057e-02 -6.599662e-02  2.987193e-01
   endloop
 endfacet
 facet normal -4.975048e-02 -2.882540e-02  9.983456e-01
   outer loop
     vertex -3.632268e-02 -9.263148e-02  2.977930e-01
     vertex  6.531821e-03 -9.261998e-02  2.999289e-01
     vertex -1.518606e-02 -6.599407e-02  2.996154e-01
   endloop
 endfacet
 facet normal -1.920177e-01 -2.914643e-02  9.809585e-01
   outer loop
     vertex -7.865611e-02 -9.267544e-02  2.895051e-01
     vertex -3.632268e-02 -9.263148e-02  2.977930e-01
     vertex -5.785163e-02 -6.603179e-02  2.943691e-01
   endloop
 endfacet
 facet normal -3.313783e-01 -2.975338e-02  9.430287e-01
   outer loop
     vertex -1.197652e-01 -9.275708e-02  2.750569e-01
     vertex -7.865611e-02 -9.267544e-02  2.895051e-01
     vertex -9.965266e-02 -6.610575e-02  2.829653e-01
   endloop
 endfacet
 facet normal -4.651450e-01 -3.036776e-02  8.847135e-01
   outer loop
     vertex -1.587271e-01 -9.283644e-02  2.545696e-01
     vertex -1.197652e-01 -9.275708e-02  2.750569e-01
     vertex -1.397284e-01 -6.618679e-02  2.654731e-01
   endloop
 endfacet
 facet normal -5.901612e-01 -3.091424e-02  8.066933e-01
   outer loop
     vertex -1.945770e-01 -9.286701e-02  2.283414e-01
     vertex -1.587271e-01 -9.283644e-02  2.545696e-01
     vertex -1.771950e-01 -6.623398e-02  2.420784e-01
   endloop
 endfacet
 facet normal -7.029240e-01 -3.101422e-02  7.105885e-01
   outer loop
     vertex -2.262084e-01 -9.283245e-02  1.970527e-01
     vertex -1.945770e-01 -9.286701e-02  2.283414e-01
     vertex -2.110008e-01 -6.623158e-02  2.132573e-01
   endloop
 endfacet
 facet normal -8.000671e-01 -3.072083e-02  5.991234e-01
   outer loop
     vertex -2.527398e-01 -9.279159e-02  1.616248e-01
     vertex -2.262084e-01 -9.283245e-02  1.970527e-01
     vertex -2.401383e-01 -6.621772e-02  1.798154e-01
   endloop
 endfacet
 facet normal -8.793219e-01 -3.040897e-02  4.752560e-01
   outer loop
     vertex -2.736707e-01 -9.277023e-02  1.228997e-01
     vertex -2.527398e-01 -9.279159e-02  1.616248e-01
     vertex -2.639275e-01 -6.620629e-02  1.426263e-01
   endloop
 endfacet
 facet normal -9.393282e-01 -3.021970e-02  3.416860e-01
   outer loop
     vertex -2.886728e-01 -9.276578e-02  8.165798e-02
     vertex -2.736707e-01 -9.277023e-02  1.228997e-01
     vertex -2.819343e-01 -6.618990e-02  1.025331e-01
   endloop
 endfacet
 facet normal -9.791305e-01 -3.018908e-02  2.009778e-01
   outer loop
     vertex -2.974978e-01 -9.275163e-02  3.866620e-02
     vertex -2.886728e-01 -9.276578e-02  8.165798e-02
     vertex -2.938708e-01 -6.615033e-02  6.033212e-02
   endloop
 endfacet
 facet normal -9.979793e-01 -3.020274e-02  5.590242e-02
   outer loop
     vertex -2.999551e-01 -9.273087e-02 -5.190956e-03
     vertex -2.974978e-01 -9.275163e-02  3.866620e-02
     vertex -2.995269e-01 -6.609931e-02  1.684230e-02
   endloop
 endfacet
 facet normal -9.954570e-01 -3.011367e-02 -9.032500e-02
   outer loop
     vertex -2.959908e-01 -9.272650e-02 -4.888172e-02
     vertex -2.999551e-01 -9.273087e-02 -5.190956e-03
     vertex -2.987824e-01 -6.607611e-02 -2.700168e-02
   endloop
 endfacet
 facet normal -9.716970e-01 -2.996634e-02 -2.343225e-01
   outer loop
     vertex -2.857351e-01 -9.274537e-02 -9.140812e-02
     vertex -2.959908e-01 -9.272650e-02 -4.888172e-02
     vertex -2.916699e-01 -6.610467e-02 -7.020428e-02
   endloop
 endfacet
 facet normal -9.273600e-01 -2.988206e-02 -3.729753e-01
   outer loop
     vertex -2.694460e-01 -9.280050e-02 -1.319047e-01
     vertex -2.857351e-01 -9.274537e-02 -9.140812e-02
     vertex -2.783863e-01 -6.618362e-02 -1.118081e-01
   endloop
 endfacet
 facet normal  1.289240e-02  2.857471e-02  9.995085e-01
   outer loop
     vertex  2.522402e-02  9.264953e-02  2.989377e-01
     vertex -1.748943e-02  9.261050e-02  2.994898e-01
     vertex  4.144128e-03  6.600371e-02  2.999714e-01
   endloop
 endfacet
 facet normal -6.820670e-01 -2.999960e-02 -7.306741e-01
   outer loop
     vertex -1.881873e-01 -9.285071e-02 -2.336355e-01
     vertex -2.201540e-01 -9.286996e-02 -2.037945e-01
     vertex -2.048846e-01 -6.627921e-02 -2.191399e-01
   endloop
 endfacet
 facet normal  3.119926e-01  2.907470e-02 -9.496396e-01
   outer loop
     vertex  7.292384e-02  9.262345e-02 -2.910019e-01
     vertex  1.138453e-01  9.256524e-02 -2.775594e-01
     vertex  9.374706e-02  6.598433e-02 -2.849763e-01
   endloop
 endfacet
 facet normal  3.882792e-01 -2.880142e-02 -9.210916e-01
   outer loop
     vertex  1.359774e-01 -9.272572e-02 -2.674138e-01
     vertex  9.648982e-02 -9.273059e-02 -2.840594e-01
     vertex  1.160359e-01 -6.615579e-02 -2.766508e-01
   endloop
 endfacet
 facet normal  7.617683e-01  2.488290e-02  6.473716e-01
   outer loop
     vertex  2.409983e-01  8.973942e-02  1.786612e-01
     vertex  2.147857e-01  9.132790e-02  2.094448e-01
     vertex  2.274552e-01  6.333979e-02  1.956122e-01
   endloop
 endfacet
 facet normal -6.501405e-01  3.047485e-02  7.592026e-01
   outer loop
     vertex -1.778366e-01  9.260943e-02  2.416074e-01
     vertex -2.113737e-01  9.261869e-02  2.128876e-01
     vertex -1.950778e-01  6.593516e-02  2.279137e-01
   endloop
 endfacet
 facet normal  8.880093e-01 -2.084216e-02  4.593528e-01
   outer loop
     vertex  2.549740e-01 -8.819454e-02  1.580768e-01
     vertex  2.758419e-01 -8.355542e-02  1.179459e-01
     vertex  2.604389e-01 -5.757936e-02  1.489012e-01
   endloop
 endfacet
 facet normal  8.341803e-01  1.630877e-02  5.512506e-01
   outer loop
     vertex  2.399971e-01 -6.329405e-02  1.800038e-01
     vertex  2.549740e-01 -8.819454e-02  1.580768e-01
     vertex  2.604389e-01 -5.757936e-02  1.489012e-01
   endloop
 endfacet
 facet normal  8.939497e-01 -3.969040e-03  4.481497e-01
   outer loop
     vertex  2.758419e-01 -8.355542e-02  1.179459e-01
     vertex  2.748193e-01 -4.701443e-02  1.203094e-01
     vertex  2.604389e-01 -5.757936e-02  1.489012e-01
   endloop
 endfacet
 facet normal -7.810619e-01 -3.001337e-02 -6.237319e-01
   outer loop
     vertex -2.201540e-01 -9.286996e-02 -2.037945e-01
     vertex -2.474430e-01 -9.285261e-02 -1.696231e-01
     vertex -2.345453e-01 -6.629110e-02 -1.870522e-01
   endloop
 endfacet
 facet normal  9.433217e-01  8.179058e-03 -3.317790e-01
   outer loop
     vertex  2.889913e-01  1.075425e-01 -8.052357e-02
     vertex  2.882143e-01  8.608124e-02 -8.326173e-02
     vertex  2.763668e-01  9.565888e-02 -1.167108e-01
   endloop
 endfacet
 facet normal -5.321667e-01  2.997634e-02  8.461088e-01
   outer loop
     vertex -1.407660e-01  9.257764e-02  2.649244e-01
     vertex -1.778366e-01  9.260943e-02  2.416074e-01
     vertex -1.596238e-01  6.591197e-02  2.540084e-01
   endloop
 endfacet
 facet normal  2.531197e-01 -2.870150e-02 -9.670091e-01
   outer loop
     vertex  9.648982e-02 -9.273059e-02 -2.840594e-01
     vertex  5.508011e-02 -9.267233e-02 -2.949003e-01
     vertex  7.562438e-02 -6.608599e-02 -2.903118e-01
   endloop
 endfacet
 facet normal  9.335482e-01 -2.663787e-03  3.584420e-01
   outer loop
     vertex  2.849988e-01 -6.297991e-02  9.367874e-02
     vertex  2.844472e-01 -3.268681e-02  9.534033e-02
     vertex  2.748193e-01 -4.701443e-02  1.203094e-01
   endloop
 endfacet
 facet normal  5.001948e-01 -2.889649e-02  8.654306e-01
   outer loop
     vertex  1.311504e-01 -9.284245e-02  2.698140e-01
     vertex  1.683627e-01 -9.296368e-02  2.483022e-01
     vertex  1.495317e-01 -6.626680e-02  2.600774e-01
   endloop
 endfacet
 facet normal  9.802125e-01 -2.430174e-02  1.964509e-01
   outer loop
     vertex  2.930083e-01 -6.735674e-02  6.439031e-02
     vertex  2.900147e-01 -8.814421e-02  7.675603e-02
     vertex  2.968551e-01 -8.248684e-02  4.332464e-02
   endloop
 endfacet
 facet normal  9.630877e-01 -2.535694e-02  2.679910e-01
   outer loop
     vertex  2.888526e-01 -1.671728e-02  8.101956e-02
     vertex  2.844472e-01 -3.268681e-02  9.534033e-02
     vertex  2.926430e-01 -3.116537e-02  6.603088e-02
   endloop
 endfacet
 facet normal  9.626200e-01  1.920711e-02  2.701736e-01
   outer loop
     vertex  2.904896e-01 -4.854058e-02  7.493865e-02
     vertex  2.926430e-01 -3.116537e-02  6.603088e-02
     vertex  2.844472e-01 -3.268681e-02  9.534033e-02
   endloop
 endfacet
 facet normal  9.719615e-01  1.133464e-02  2.348668e-01
   outer loop
     vertex  2.926430e-01 -3.116537e-02  6.603088e-02
     vertex  2.942013e-01 -1.287063e-02  5.869906e-02
     vertex  2.888526e-01 -1.671728e-02  8.101956e-02
   endloop
 endfacet
 facet normal  6.654716e-01  2.768497e-02  7.459096e-01
   outer loop
     vertex  2.147857e-01  9.132790e-02  2.094448e-01
     vertex  1.833775e-01  9.231371e-02  2.374293e-01
     vertex  1.991385e-01  6.519905e-02  2.243743e-01
   endloop
 endfacet
 facet normal  4.458928e-01  3.002828e-02 -8.945825e-01
   outer loop
     vertex  1.138453e-01  9.256524e-02 -2.775594e-01
     vertex  1.529573e-01  9.217674e-02 -2.580776e-01
     vertex  1.334498e-01  6.586441e-02 -2.686841e-01
   endloop
 endfacet
 facet normal -2.502275e-01  2.874352e-02 -9.677603e-01
   outer loop
     vertex -9.565102e-02  9.261646e-02 -2.843429e-01
     vertex -5.416256e-02  9.262009e-02 -2.950702e-01
     vertex -7.482351e-02  6.597994e-02 -2.905193e-01
   endloop
 endfacet
 facet normal -9.910008e-01  2.978593e-02  1.304998e-01
   outer loop
     vertex -2.938003e-01  9.256914e-02  6.067441e-02
     vertex -2.994937e-01  9.264447e-02  1.742237e-02
     vertex -2.974425e-01  6.596103e-02  3.908914e-02
   endloop
 endfacet
 facet normal -1.291158e-01  2.852660e-02  9.912191e-01
   outer loop
     vertex -1.748943e-02  9.261050e-02  2.994898e-01
     vertex -5.980405e-02  9.258207e-02  2.939787e-01
     vertex -3.849179e-02  6.598087e-02  2.975204e-01
   endloop
 endfacet
 facet normal -2.688005e-01  2.881907e-02  9.627646e-01
   outer loop
     vertex -5.980405e-02  9.258207e-02  2.939787e-01
     vertex -1.011248e-01  9.256799e-02  2.824425e-01
     vertex -8.048028e-02  6.594449e-02  2.890033e-01
   endloop
 endfacet
 facet normal -4.040266e-01  2.938489e-02  9.142751e-01
   outer loop
     vertex -1.011248e-01  9.256799e-02  2.824425e-01
     vertex -1.407660e-01  9.257764e-02  2.649244e-01
     vertex -1.211188e-01  6.591722e-02  2.744635e-01
   endloop
 endfacet
 facet normal  1.130685e-01 -2.857611e-02 -9.931762e-01
   outer loop
     vertex  5.508011e-02 -9.267233e-02 -2.949003e-01
     vertex  1.262891e-02 -9.264097e-02 -2.997341e-01
     vertex  3.360910e-02 -6.602288e-02 -2.981114e-01
   endloop
 endfacet
 facet normal -8.424793e-01  3.018840e-02  5.378822e-01
   outer loop
     vertex -2.403471e-01  9.256633e-02  1.795363e-01
     vertex -2.639979e-01  9.250008e-02  1.424959e-01
     vertex -2.528290e-01  6.585274e-02  1.614852e-01
   endloop
 endfacet
 facet normal  6.180059e-01 -2.806320e-02  7.856724e-01
   outer loop
     vertex  1.683627e-01 -9.296368e-02  2.483022e-01
     vertex  2.016107e-01 -9.279275e-02  2.221556e-01
     vertex  1.843619e-01 -6.641092e-02  2.366657e-01
   endloop
 endfacet
 facet normal  4.285316e-01  2.920348e-02  9.030547e-01
   outer loop
     vertex  1.477702e-01  9.270242e-02  2.610823e-01
     vertex  1.087692e-01  9.276454e-02  2.795877e-01
     vertex  1.287759e-01  6.612387e-02  2.709553e-01
   endloop
 endfacet
 facet normal -9.616085e-01  2.973596e-02  2.728094e-01
   outer loop
     vertex -2.819006e-01  9.250601e-02  1.026258e-01
     vertex -2.938003e-01  9.256914e-02  6.067441e-02
     vertex -2.886261e-01  6.586979e-02  8.182275e-02
   endloop
 endfacet
 facet normal  7.306381e-01 -2.399357e-02 -6.823432e-01
   outer loop
     vertex  2.324316e-01 -9.175679e-02 -1.896723e-01
     vertex  2.050798e-01 -9.183338e-02 -2.189573e-01
     vertex  2.185989e-01 -6.395103e-02 -2.054617e-01
   endloop
 endfacet
 facet normal -9.867338e-01  2.976814e-02 -1.595941e-01
   outer loop
     vertex -2.988503e-01  9.267826e-02 -2.623869e-02
     vertex -2.918904e-01  9.261634e-02 -6.928194e-02
     vertex -2.961383e-01  6.601355e-02 -4.798049e-02
   endloop
 endfacet
 facet normal -9.532456e-01  2.955236e-02 -3.007481e-01
   outer loop
     vertex -2.918904e-01  9.261634e-02 -6.928194e-02
     vertex -2.788149e-01  9.252260e-02 -1.107351e-01
     vertex -2.860701e-01  6.590838e-02 -9.035425e-02
   endloop
 endfacet
 facet normal -8.998571e-01  2.941122e-02 -4.351922e-01
   outer loop
     vertex -2.788149e-01  9.252260e-02 -1.107351e-01
     vertex -2.599294e-01  9.246600e-02 -1.497889e-01
     vertex -2.700195e-01  6.581151e-02 -1.307267e-01
   endloop
 endfacet
 facet normal -8.276862e-01  2.943067e-02 -5.604189e-01
   outer loop
     vertex -2.599294e-01  9.246600e-02 -1.497889e-01
     vertex -2.355930e-01  9.247809e-02 -1.857308e-01
     vertex -2.483166e-01  6.577643e-02 -1.683415e-01
   endloop
 endfacet
 facet normal -7.380799e-01  2.952900e-02 -6.740668e-01
   outer loop
     vertex -2.355930e-01  9.247809e-02 -1.857308e-01
     vertex -2.062712e-01  9.252217e-02 -2.178352e-01
     vertex -2.213782e-01  6.580389e-02 -2.024641e-01
   endloop
 endfacet
 facet normal -6.328780e-01  2.954117e-02 -7.736878e-01
   outer loop
     vertex -2.062712e-01  9.252217e-02 -2.178352e-01
     vertex -1.726093e-01  9.256334e-02 -2.453692e-01
     vertex -1.897771e-01  6.584667e-02 -2.323460e-01
   endloop
 endfacet
 facet normal -5.686525e-01 -2.989872e-02 -8.220343e-01
   outer loop
     vertex -1.522701e-01 -9.279482e-02 -2.584837e-01
     vertex -1.881873e-01 -9.285071e-02 -2.336355e-01
     vertex -1.708826e-01 -6.622047e-02 -2.465748e-01
   endloop
 endfacet
 facet normal  8.406161e-01  2.183391e-02  5.411911e-01
   outer loop
     vertex  2.620280e-01  8.750035e-02  1.460867e-01
     vertex  2.409983e-01  8.973942e-02  1.786612e-01
     vertex  2.501868e-01  6.097882e-02  1.655492e-01
   endloop
 endfacet
 facet normal  2.345089e-01 -2.904149e-02  9.716801e-01
   outer loop
     vertex  4.927023e-02 -9.263202e-02  2.959264e-01
     vertex  9.115518e-02 -9.269353e-02  2.858159e-01
     vertex  7.012252e-02 -6.600692e-02  2.916896e-01
   endloop
 endfacet
 facet normal -9.118459e-01  2.985936e-02  4.094453e-01
   outer loop
     vertex -2.639979e-01  9.250008e-02  1.424959e-01
     vertex -2.819006e-01  9.250601e-02  1.026258e-01
     vertex -2.736797e-01  6.582492e-02  1.228797e-01
   endloop
 endfacet
 facet normal  5.735453e-01  3.202535e-02 -8.185476e-01
   outer loop
     vertex  1.529573e-01  9.217674e-02 -2.580776e-01
     vertex  1.898532e-01  9.067820e-02 -2.322838e-01
     vertex  1.708818e-01  6.515562e-02 -2.465753e-01
   endloop
 endfacet
 facet normal -3.859858e-01  2.909712e-02 -9.220457e-01
   outer loop
     vertex -1.354335e-01  9.260104e-02 -2.676897e-01
     vertex -9.565102e-02  9.261646e-02 -2.843429e-01
     vertex -1.156007e-01  6.595497e-02 -2.768329e-01
   endloop
 endfacet
 facet normal -3.101215e-01 -2.914293e-02 -9.502501e-01
   outer loop
     vertex -7.233923e-02 -9.268122e-02 -2.911478e-01
     vertex -1.133523e-01 -9.273699e-02 -2.777611e-01
     vertex -9.333057e-02 -6.607871e-02 -2.851130e-01
   endloop
 endfacet
 facet normal -1.101231e-01  2.850053e-02 -9.935092e-01
   outer loop
     vertex -5.416256e-02  9.262009e-02 -2.950702e-01
     vertex -1.176809e-02  9.262722e-02 -2.997691e-01
     vertex -3.274762e-02  6.600770e-02 -2.982073e-01
   endloop
 endfacet
 facet normal  3.712186e-01 -2.899925e-02  9.280926e-01
   outer loop
     vertex  9.115518e-02 -9.269353e-02  2.858159e-01
     vertex  1.311504e-01 -9.284245e-02  2.698140e-01
     vertex  1.111364e-01 -6.608707e-02  2.786552e-01
   endloop
 endfacet
 facet normal -1.710822e-01 -2.876362e-02 -9.848368e-01
   outer loop
     vertex -3.010338e-02 -9.264781e-02 -2.984858e-01
     vertex -7.233923e-02 -9.268122e-02 -2.911478e-01
     vertex -5.163518e-02 -6.602555e-02 -2.955229e-01
   endloop
 endfacet
 facet normal  9.152476e-01 -2.013067e-02 -4.023886e-01
   outer loop
     vertex  2.763668e-01  9.565888e-02 -1.167108e-01
     vertex  2.813450e-01  7.070615e-02 -1.041393e-01
     vertex  2.660496e-01  6.467638e-02 -1.386277e-01
   endloop
 endfacet
 facet normal -3.999035e-01  2.995973e-02  9.160675e-01
   outer loop
     vertex -1.397284e-01 -6.618679e-02  2.654731e-01
     vertex -1.197652e-01 -9.275708e-02  2.750569e-01
     vertex -9.965266e-02 -6.610575e-02  2.829653e-01
   endloop
 endfacet
 facet normal -2.631288e-01  2.941907e-02  9.643121e-01
   outer loop
     vertex -9.965266e-02 -6.610575e-02  2.829653e-01
     vertex -7.865611e-02 -9.267544e-02  2.895051e-01
     vertex -5.785163e-02 -6.603179e-02  2.943691e-01
   endloop
 endfacet
 facet normal -1.220172e-01  2.894468e-02  9.921058e-01
   outer loop
     vertex -5.785163e-02 -6.603179e-02  2.943691e-01
     vertex -3.632268e-02 -9.263148e-02  2.977930e-01
     vertex -1.518606e-02 -6.599407e-02  2.996154e-01
   endloop
 endfacet
 facet normal  2.088735e-02  2.880357e-02  9.993668e-01
   outer loop
     vertex -1.518606e-02 -6.599407e-02  2.996154e-01
     vertex  6.531821e-03 -9.261998e-02  2.999289e-01
     vertex  2.769057e-02 -6.599662e-02  2.987193e-01
   endloop
 endfacet
 facet normal  1.633806e-01  2.896557e-02  9.861378e-01
   outer loop
     vertex  2.769057e-02 -6.599662e-02  2.987193e-01
     vertex  4.927023e-02 -9.263202e-02  2.959264e-01
     vertex  7.012252e-02 -6.600692e-02  2.916896e-01
   endloop
 endfacet
 facet normal  9.546105e-01  3.742995e-03  2.978335e-01
   outer loop
     vertex  2.844472e-01 -3.268681e-02  9.534033e-02
     vertex  2.888526e-01 -1.671728e-02  8.101956e-02
     vertex  2.830498e-01 -3.032509e-04  9.941222e-02
   endloop
 endfacet
 facet normal  7.430243e-01 -3.446168e-02 -6.683766e-01
   outer loop
     vertex  2.064466e-01  6.153707e-02 -2.176690e-01
     vertex  2.234560e-01  8.885546e-02 -2.001685e-01
     vertex  2.388676e-01  5.907328e-02 -1.815000e-01
   endloop
 endfacet
 facet normal -9.957053e-01 -2.980597e-02 -8.764996e-02
   outer loop
     vertex -2.999662e-01  6.603711e-02 -4.503074e-03
     vertex -2.988503e-01  9.267826e-02 -2.623869e-02
     vertex -2.961383e-01  6.601355e-02 -4.798049e-02
   endloop
 endfacet
 facet normal -8.979668e-01  2.987774e-02 -4.390478e-01
   outer loop
     vertex -2.592211e-01 -6.626207e-02 -1.510114e-01
     vertex -2.694460e-01 -9.280050e-02 -1.319047e-01
     vertex -2.783863e-01 -6.618362e-02 -1.118081e-01
   endloop
 endfacet
 facet normal -9.525387e-01  3.011193e-02 -3.029245e-01
   outer loop
     vertex -2.858362e-01 -3.966517e-02 -9.109144e-02
     vertex -2.917521e-01 -1.323783e-02 -6.986227e-02
     vertex -2.785381e-01 -1.340098e-02 -1.114295e-01
   endloop
 endfacet
 facet normal  2.438638e-01 -2.864673e-02 -9.693863e-01
   outer loop
     vertex  5.226479e-02  6.599971e-02 -2.954122e-01
     vertex  7.292384e-02  9.262345e-02 -2.910019e-01
     vertex  9.374706e-02  6.598433e-02 -2.849763e-01
   endloop
 endfacet
 facet normal -1.014230e-01  2.864379e-02 -9.944309e-01
   outer loop
     vertex -9.081077e-03 -6.600644e-02 -2.998625e-01
     vertex -3.010338e-02 -9.264781e-02 -2.984858e-01
     vertex -5.163518e-02 -6.602555e-02 -2.955229e-01
   endloop
 endfacet
 facet normal  9.489918e-01  1.153445e-02 -3.150896e-01
   outer loop
     vertex  2.864259e-01  1.189686e-02 -8.922007e-02
     vertex  2.805071e-01  3.021917e-02 -1.063756e-01
     vertex  2.883029e-01  2.862522e-02 -8.295441e-02
   endloop
 endfacet
 facet normal -8.247521e-01  2.993612e-02 -5.647015e-01
   outer loop
     vertex -2.345453e-01 -6.629110e-02 -1.870522e-01
     vertex -2.474430e-01 -9.285261e-02 -1.696231e-01
     vertex -2.592211e-01 -6.626207e-02 -1.510114e-01
   endloop
 endfacet
 facet normal -4.506456e-01 -2.926269e-02 -8.922232e-01
   outer loop
     vertex -1.542166e-01  6.590475e-02 -2.573271e-01
     vertex -1.354335e-01  9.260104e-02 -2.676897e-01
     vertex -1.156007e-01  6.595497e-02 -2.768329e-01
   endloop
 endfacet
 facet normal  8.514891e-02 -2.872633e-02  9.959540e-01
   outer loop
     vertex  4.681692e-02  6.605124e-02  2.963244e-01
     vertex  2.522402e-02  9.264953e-02  2.989377e-01
     vertex  4.144128e-03  6.600371e-02  2.999714e-01
   endloop
 endfacet
 facet normal  7.577532e-01  2.259991e-02  6.521498e-01
   outer loop
     vertex  2.144230e-01 -6.608893e-02  2.098160e-01
     vertex  2.305420e-01 -9.141485e-02  1.919646e-01
     vertex  2.399971e-01 -6.329405e-02  1.800038e-01
   endloop
 endfacet
 facet normal  7.718284e-01  2.314890e-02 -6.354093e-01
   outer loop
     vertex  2.435628e-01 -6.424636e-02 -1.751489e-01
     vertex  2.324316e-01 -9.175679e-02 -1.896723e-01
     vertex  2.185989e-01 -6.395103e-02 -2.054617e-01
   endloop
 endfacet
 facet normal  9.684578e-01  2.134922e-03 -2.491686e-01
   outer loop
     vertex  2.930243e-01 -3.921391e-02 -6.431754e-02
     vertex  2.878789e-01 -5.059711e-02 -8.441414e-02
     vertex  2.874818e-01 -2.716473e-02 -8.575656e-02
   endloop
 endfacet
 facet normal  9.511190e-01 -5.665244e-03 -3.087728e-01
   outer loop
     vertex  2.882143e-01  8.608124e-02 -8.326173e-02
     vertex  2.889938e-01  6.721678e-02 -8.051462e-02
     vertex  2.813450e-01  7.070615e-02 -1.041393e-01
   endloop
 endfacet
 facet normal  4.457806e-01  2.717864e-02 -8.947296e-01
   outer loop
     vertex  1.520378e-01 -1.331838e-02 -2.586204e-01
     vertex  1.346776e-01 -3.968856e-02 -2.680708e-01
     vertex  1.148914e-01 -1.332652e-02 -2.771281e-01
   endloop
 endfacet
 facet normal  9.518055e-01  1.125777e-02 -3.064955e-01
   outer loop
     vertex  2.889938e-01  6.721678e-02 -8.051462e-02
     vertex  2.867571e-01  4.845273e-02 -8.814968e-02
     vertex  2.813450e-01  7.070615e-02 -1.041393e-01
   endloop
 endfacet
 facet normal  2.998211e-01  2.916365e-02  9.535496e-01
   outer loop
     vertex  9.049305e-02 -3.949857e-02  2.860262e-01
     vertex  1.102587e-01 -1.308715e-02  2.790036e-01
     vertex  6.925650e-02 -1.310865e-02  2.918965e-01
   endloop
 endfacet
 facet normal  9.485997e-01 -8.936221e-03 -3.163523e-01
   outer loop
     vertex  2.883029e-01  2.862522e-02 -8.295441e-02
     vertex  2.805071e-01  3.021917e-02 -1.063756e-01
     vertex  2.867571e-01  4.845273e-02 -8.814968e-02
   endloop
 endfacet
 facet normal  4.097832e-02  2.858473e-02 -9.987511e-01
   outer loop
     vertex  1.262891e-02 -9.264097e-02 -2.997341e-01
     vertex -9.081077e-03 -6.600644e-02 -2.998625e-01
     vertex  3.360910e-02 -6.602288e-02 -2.981114e-01
   endloop
 endfacet
 facet normal -9.864242e-01  3.018569e-02 -1.614194e-01
   outer loop
     vertex -2.917521e-01 -1.323783e-02 -6.986227e-02
     vertex -2.960379e-01 -3.957001e-02 -4.859581e-02
     vertex -2.988064e-01 -1.313657e-02 -2.673482e-02
   endloop
 endfacet
 facet normal  9.572202e-01 -1.170294e-02 -2.891236e-01
   outer loop
     vertex  2.864259e-01  1.189686e-02 -8.922007e-02
     vertex  2.902067e-01 -4.799903e-03 -7.602688e-02
     vertex  2.836061e-01 -6.426130e-03 -9.781406e-02
   endloop
 endfacet
 facet normal  9.689314e-01 -1.054871e-02 -2.471047e-01
   outer loop
     vertex  2.929775e-01 -1.959483e-02 -6.453061e-02
     vertex  2.874818e-01 -2.716473e-02 -8.575656e-02
     vertex  2.902067e-01 -4.799903e-03 -7.602688e-02
   endloop
 endfacet
 facet normal  9.567929e-01  9.853923e-03 -2.906032e-01
   outer loop
     vertex  2.836061e-01 -6.426130e-03 -9.781406e-02
     vertex  2.902067e-01 -4.799903e-03 -7.602688e-02
     vertex  2.874818e-01 -2.716473e-02 -8.575656e-02
   endloop
 endfacet
 facet normal  8.461813e-01 -3.785264e-02 -5.315490e-01
   outer loop
     vertex  2.388676e-01  5.907328e-02 -1.815000e-01
     vertex  2.524231e-01  8.994139e-02 -1.621190e-01
     vertex  2.660496e-01  6.467638e-02 -1.386277e-01
   endloop
 endfacet
 facet normal -9.790326e-01 -3.018588e-02  2.014549e-01
   outer loop
     vertex -2.886499e-01  1.291876e-02  8.173871e-02
     vertex -2.938237e-01  3.938582e-02  6.056114e-02
     vertex -2.974634e-01  1.307196e-02  3.893011e-02
   endloop
 endfacet
 facet normal  4.354806e-01  2.843704e-02  8.997488e-01
   outer loop
     vertex  1.311504e-01 -9.284245e-02  2.698140e-01
     vertex  1.495317e-01 -6.626680e-02  2.600774e-01
     vertex  1.111364e-01 -6.608707e-02  2.786552e-01
   endloop
 endfacet
 facet normal  9.480023e-01 -2.169629e-03 -3.182562e-01
   outer loop
     vertex  2.806903e-01 -4.118329e-02 -1.058913e-01
     vertex  2.874818e-01 -2.716473e-02 -8.575656e-02
     vertex  2.878789e-01 -5.059711e-02 -8.441414e-02
   endloop
 endfacet
 facet normal  9.495991e-01  1.541115e-03 -3.134632e-01
   outer loop
     vertex  2.878789e-01 -5.059711e-02 -8.441414e-02
     vertex  2.875067e-01 -7.736148e-02 -8.567337e-02
     vertex  2.817323e-01 -6.126297e-02 -1.030868e-01
   endloop
 endfacet
 facet normal -2.421651e-01  2.891546e-02 -9.698041e-01
   outer loop
     vertex -5.163518e-02 -6.602555e-02 -2.955229e-01
     vertex -7.233923e-02 -9.268122e-02 -2.911478e-01
     vertex -9.333057e-02 -6.607871e-02 -2.851130e-01
   endloop
 endfacet
 facet normal -8.419949e-01  3.057918e-02  5.386182e-01
   outer loop
     vertex -2.639275e-01 -6.620629e-02  1.426263e-01
     vertex -2.527398e-01 -9.279159e-02  1.616248e-01
     vertex -2.401383e-01 -6.621772e-02  1.798154e-01
   endloop
 endfacet
 facet normal  9.686277e-01  1.790682e-02  2.478703e-01
   outer loop
     vertex  2.889102e-01  3.826688e-02  8.081381e-02
     vertex  2.935426e-01  4.937336e-02  6.190898e-02
     vertex  2.861604e-01  5.891593e-02  9.006785e-02
   endloop
 endfacet
 facet normal  9.727602e-01 -8.369222e-03  2.316625e-01
   outer loop
     vertex  2.888526e-01 -1.671728e-02  8.101956e-02
     vertex  2.942013e-01 -1.287063e-02  5.869906e-02
     vertex  2.899860e-01 -1.466986e-06  7.686422e-02
   endloop
 endfacet
 facet normal  5.628235e-01  2.522295e-02 -8.261922e-01
   outer loop
     vertex  1.704992e-01 -3.939384e-02 -2.468401e-01
     vertex  1.520378e-01 -1.331838e-02 -2.586204e-01
     vertex  1.850888e-01 -1.307335e-02 -2.360977e-01
   endloop
 endfacet
 facet normal  9.415244e-01 -1.294250e-02 -3.366961e-01
   outer loop
     vertex  2.813450e-01  7.070615e-02 -1.041393e-01
     vertex  2.867571e-01  4.845273e-02 -8.814968e-02
     vertex  2.778881e-01  5.079706e-02 -1.130406e-01
   endloop
 endfacet
 facet normal  9.489626e-01  5.203634e-03 -3.153458e-01
   outer loop
     vertex  2.806903e-01 -4.118329e-02 -1.058913e-01
     vertex  2.878789e-01 -5.059711e-02 -8.441414e-02
     vertex  2.817323e-01 -6.126297e-02 -1.030868e-01
   endloop
 endfacet
 facet normal  9.557346e-01  8.309559e-03  2.941129e-01
   outer loop
     vertex  2.888526e-01 -1.671728e-02  8.101956e-02
     vertex  2.899860e-01 -1.466986e-06  7.686422e-02
     vertex  2.830498e-01 -3.032509e-04  9.941222e-02
   endloop
 endfacet
 facet normal  9.234824e-01 -5.651214e-03 -3.835991e-01
   outer loop
     vertex  2.806903e-01 -4.118329e-02 -1.058913e-01
     vertex  2.817323e-01 -6.126297e-02 -1.030868e-01
     vertex  2.723339e-01 -5.301922e-02 -1.258342e-01
   endloop
 endfacet
 facet normal  9.537623e-01 -7.643473e-03  3.004648e-01
   outer loop
     vertex  2.889102e-01  3.826688e-02  8.081381e-02
     vertex  2.861604e-01  5.891593e-02  9.006785e-02
     vertex  2.824395e-01  2.959586e-02  1.011331e-01
   endloop
 endfacet
 facet normal -3.826087e-02 -2.845009e-02 -9.988627e-01
   outer loop
     vertex -3.274762e-02  6.600770e-02 -2.982073e-01
     vertex -1.176809e-02  9.262722e-02 -2.997691e-01
     vertex  9.840923e-03  6.600494e-02 -2.998386e-01
   endloop
 endfacet
 facet normal -3.787843e-01  2.938487e-02 -9.250184e-01
   outer loop
     vertex -9.333057e-02 -6.607871e-02 -2.851130e-01
     vertex -1.133523e-01 -9.273699e-02 -2.777611e-01
     vertex -1.334159e-01 -6.615590e-02 -2.687009e-01
   endloop
 endfacet
 facet normal -3.180431e-01 -2.894931e-02 -9.476342e-01
   outer loop
     vertex -1.156007e-01  6.595497e-02 -2.768329e-01
     vertex -9.565102e-02  9.261646e-02 -2.843429e-01
     vertex -7.482351e-02  6.597994e-02 -2.905193e-01
   endloop
 endfacet
 facet normal  6.284431e-01 -3.193414e-02 -7.771997e-01
   outer loop
     vertex  1.708818e-01  6.515562e-02 -2.465753e-01
     vertex  1.898532e-01  9.067820e-02 -2.322838e-01
     vertex  2.064466e-01  6.153707e-02 -2.176690e-01
   endloop
 endfacet
 facet normal -9.392626e-01 -2.986452e-02  3.418976e-01
   outer loop
     vertex -2.736797e-01  6.582492e-02  1.228797e-01
     vertex -2.819006e-01  9.250601e-02  1.026258e-01
     vertex -2.886261e-01  6.586979e-02  8.182275e-02
   endloop
 endfacet
 facet normal  3.028025e-01  2.897985e-02  9.526126e-01
   outer loop
     vertex  7.012252e-02 -6.600692e-02  2.916896e-01
     vertex  9.115518e-02 -9.269353e-02  2.858159e-01
     vertex  1.111364e-01 -6.608707e-02  2.786552e-01
   endloop
 endfacet
 facet normal  7.966833e-01 -2.085339e-02  6.040371e-01
   outer loop
     vertex  2.501868e-01  6.097882e-02  1.655492e-01
     vertex  2.409983e-01  8.973942e-02  1.786612e-01
     vertex  2.274552e-01  6.333979e-02  1.956122e-01
   endloop
 endfacet
 facet normal -6.276958e-01  2.992100e-02 -7.778835e-01
   outer loop
     vertex -1.708826e-01 -6.622047e-02 -2.465748e-01
     vertex -1.881873e-01 -9.285071e-02 -2.336355e-01
     vertex -2.048846e-01 -6.627921e-02 -2.191399e-01
   endloop
 endfacet
 facet normal -5.745500e-01 -2.950963e-02 -8.179374e-01
   outer loop
     vertex -1.897771e-01  6.584667e-02 -2.323460e-01
     vertex -1.726093e-01  9.256334e-02 -2.453692e-01
     vertex -1.542166e-01  6.590475e-02 -2.573271e-01
   endloop
 endfacet
 facet normal -6.867452e-01 -2.954516e-02 -7.262975e-01
   outer loop
     vertex -2.213782e-01  6.580389e-02 -2.024641e-01
     vertex -2.062712e-01  9.252217e-02 -2.178352e-01
     vertex -1.897771e-01  6.584667e-02 -2.323460e-01
   endloop
 endfacet
 facet normal -7.845339e-01 -2.953141e-02 -6.193823e-01
   outer loop
     vertex -2.483166e-01  6.577643e-02 -1.683415e-01
     vertex -2.355930e-01  9.247809e-02 -1.857308e-01
     vertex -2.213782e-01  6.580389e-02 -2.024641e-01
   endloop
 endfacet
 facet normal -8.658006e-01 -2.948539e-02 -4.995197e-01
   outer loop
     vertex -2.700195e-01  6.581151e-02 -1.307267e-01
     vertex -2.599294e-01  9.246600e-02 -1.497889e-01
     vertex -2.483166e-01  6.577643e-02 -1.683415e-01
   endloop
 endfacet
 facet normal -9.288746e-01 -2.952301e-02 -3.692159e-01
   outer loop
     vertex -2.860701e-01  6.590838e-02 -9.035425e-02
     vertex -2.788149e-01  9.252260e-02 -1.107351e-01
     vertex -2.700195e-01  6.581151e-02 -1.307267e-01
   endloop
 endfacet
 facet normal  6.657858e-01  2.515040e-02  7.457189e-01
   outer loop
     vertex  2.016107e-01 -9.279275e-02  2.221556e-01
     vertex  2.144230e-01 -6.608893e-02  2.098160e-01
     vertex  1.843619e-01 -6.641092e-02  2.366657e-01
   endloop
 endfacet
 facet normal  2.263319e-01 -2.890577e-02  9.736212e-01
   outer loop
     vertex  6.757665e-02  9.270644e-02  2.922899e-01
     vertex  4.681692e-02  6.605124e-02  2.963244e-01
     vertex  8.866636e-02  6.611205e-02  2.865978e-01
   endloop
 endfacet
 facet normal -9.725019e-01 -2.967764e-02 -2.309962e-01
   outer loop
     vertex -2.961383e-01  6.601355e-02 -4.798049e-02
     vertex -2.918904e-01  9.261634e-02 -6.928194e-02
     vertex -2.860701e-01  6.590838e-02 -9.035425e-02
   endloop
 endfacet
 facet normal  6.790859e-01  2.581368e-02 -7.336047e-01
   outer loop
     vertex  2.185989e-01 -6.395103e-02 -2.054617e-01
     vertex  2.050798e-01 -9.183338e-02 -2.189573e-01
     vertex  1.883775e-01 -6.522915e-02 -2.334821e-01
   endloop
 endfacet
 facet normal -9.789522e-01 -2.978858e-02  2.019041e-01
   outer loop
     vertex -2.886261e-01  6.586979e-02  8.182275e-02
     vertex -2.938003e-01  9.256914e-02  6.067441e-02
     vertex -2.974425e-01  6.596103e-02  3.908914e-02
   endloop
 endfacet
 facet normal  3.631949e-01 -2.900344e-02  9.312616e-01
   outer loop
     vertex  1.287759e-01  6.612387e-02  2.709553e-01
     vertex  1.087692e-01  9.276454e-02  2.795877e-01
     vertex  8.866636e-02  6.611205e-02  2.865978e-01
   endloop
 endfacet
 facet normal  6.092599e-01 -2.741974e-02  7.924964e-01
   outer loop
     vertex  1.991385e-01  6.519905e-02  2.243743e-01
     vertex  1.833775e-01  9.231371e-02  2.374293e-01
     vertex  1.658865e-01  6.593065e-02  2.499633e-01
   endloop
 endfacet
 facet normal  1.037265e-01 -2.849946e-02 -9.941975e-01
   outer loop
     vertex  3.079368e-02  9.261807e-02 -2.984154e-01
     vertex  5.226479e-02  6.599971e-02 -2.954122e-01
     vertex  9.840923e-03  6.600494e-02 -2.998386e-01
   endloop
 endfacet
 facet normal -8.794622e-01 -3.011259e-02  4.750152e-01
   outer loop
     vertex -2.528290e-01  6.585274e-02  1.614852e-01
     vertex -2.639979e-01  9.250008e-02  1.424959e-01
     vertex -2.736797e-01  6.582492e-02  1.228797e-01
   endloop
 endfacet
 facet normal -9.978868e-01 -2.984087e-02  5.771905e-02
   outer loop
     vertex -2.994937e-01  9.264447e-02  1.742237e-02
     vertex -2.999662e-01  6.603711e-02 -4.503074e-03
     vertex -2.974425e-01  6.596103e-02  3.908914e-02
   endloop
 endfacet
 facet normal  5.713842e-01  2.722321e-02 -8.202311e-01
   outer loop
     vertex  1.883775e-01 -6.522915e-02 -2.334821e-01
     vertex  1.725541e-01 -9.243758e-02 -2.454080e-01
     vertex  1.539962e-01 -6.602538e-02 -2.574591e-01
   endloop
 endfacet
 facet normal  4.920378e-01 -2.841875e-02  8.701099e-01
   outer loop
     vertex  1.658865e-01  6.593065e-02  2.499633e-01
     vertex  1.477702e-01  9.270242e-02  2.610823e-01
     vertex  1.287759e-01  6.612387e-02  2.709553e-01
   endloop
 endfacet
 facet normal  9.705335e-01  5.262632e-03  2.409089e-01
   outer loop
     vertex  2.926941e-01  2.755702e-02  6.580409e-02
     vertex  2.935426e-01  4.937336e-02  6.190898e-02
     vertex  2.889102e-01  3.826688e-02  8.081381e-02
   endloop
 endfacet
 facet normal -8.986134e-01  3.003709e-02 -4.377119e-01
   outer loop
     vertex -2.594719e-01 -1.351770e-02 -1.505800e-01
     vertex -2.696083e-01 -3.978415e-02 -1.315726e-01
     vertex -2.785381e-01 -1.340098e-02 -1.114295e-01
   endloop
 endfacet
 facet normal  9.697368e-01 -4.757787e-03  2.441064e-01
   outer loop
     vertex  2.933368e-01  8.381091e-03  6.287714e-02
     vertex  2.926941e-01  2.755702e-02  6.580409e-02
     vertex  2.885171e-01  1.774707e-02  8.220642e-02
   endloop
 endfacet
 facet normal  9.693399e-01 -1.896811e-03  2.457164e-01
   outer loop
     vertex  2.926941e-01  2.755702e-02  6.580409e-02
     vertex  2.889102e-01  3.826688e-02  8.081381e-02
     vertex  2.885171e-01  1.774707e-02  8.220642e-02
   endloop
 endfacet
 facet normal  6.587436e-01  2.326215e-02  7.520078e-01
   outer loop
     vertex  1.827714e-01 -1.351718e-02  2.378962e-01
     vertex  1.985644e-01 -4.004856e-02  2.248826e-01
     vertex  2.116247e-01 -1.406135e-02  2.126382e-01
   endloop
 endfacet
 facet normal  9.732223e-01 -5.586247e-03  2.297982e-01
   outer loop
     vertex  2.942013e-01 -1.287063e-02  5.869906e-02
     vertex  2.933368e-01  8.381091e-03  6.287714e-02
     vertex  2.899860e-01 -1.466986e-06  7.686422e-02
   endloop
 endfacet
 facet normal  7.115767e-01 -2.491888e-02  7.021664e-01
   outer loop
     vertex  2.147857e-01  9.132790e-02  2.094448e-01
     vertex  1.991385e-01  6.519905e-02  2.243743e-01
     vertex  2.274552e-01  6.333979e-02  1.956122e-01
   endloop
 endfacet
 facet normal -5.735299e-02 -2.856898e-02  9.979451e-01
   outer loop
     vertex  4.144128e-03  6.600371e-02  2.999714e-01
     vertex -1.748943e-02  9.261050e-02  2.994898e-01
     vertex -3.849179e-02  6.598087e-02  2.975204e-01
   endloop
 endfacet
 facet normal -5.083172e-01  2.966859e-02 -8.606587e-01
   outer loop
     vertex -1.334159e-01 -6.615590e-02 -2.687009e-01
     vertex -1.522701e-01 -9.279482e-02 -2.584837e-01
     vertex -1.708826e-01 -6.622047e-02 -2.465748e-01
   endloop
 endfacet
 facet normal  4.509307e-01  2.829563e-02 -8.921103e-01
   outer loop
     vertex  1.539962e-01 -6.602538e-02 -2.574591e-01
     vertex  1.359774e-01 -9.272572e-02 -2.674138e-01
     vertex  1.160359e-01 -6.615579e-02 -2.766508e-01
   endloop
 endfacet
 facet normal -4.689341e-01 -2.973396e-02  8.827325e-01
   outer loop
     vertex -1.211188e-01  6.591722e-02  2.744635e-01
     vertex -1.407660e-01  9.257764e-02  2.649244e-01
     vertex -1.596238e-01  6.591197e-02  2.540084e-01
   endloop
 endfacet
 facet normal -3.367106e-01 -2.916511e-02  9.411564e-01
   outer loop
     vertex -8.048028e-02  6.594449e-02  2.890033e-01
     vertex -1.011248e-01  9.256799e-02  2.824425e-01
     vertex -1.211188e-01  6.591722e-02  2.744635e-01
   endloop
 endfacet
 facet normal -1.986881e-01 -2.875465e-02  9.796409e-01
   outer loop
     vertex -3.849179e-02  6.598087e-02  2.975204e-01
     vertex -5.980405e-02  9.258207e-02  2.939787e-01
     vertex -8.048028e-02  6.594449e-02  2.890033e-01
   endloop
 endfacet
 facet normal  1.824862e-01  2.860372e-02 -9.827923e-01
   outer loop
     vertex  7.562438e-02 -6.608599e-02 -2.903118e-01
     vertex  5.508011e-02 -9.267233e-02 -2.949003e-01
     vertex  3.360910e-02 -6.602288e-02 -2.981114e-01
   endloop
 endfacet
 facet normal -8.005507e-01 -3.036070e-02  5.984955e-01
   outer loop
     vertex -2.264379e-01  6.590728e-02  1.967889e-01
     vertex -2.403471e-01  9.256633e-02  1.795363e-01
     vertex -2.528290e-01  6.585274e-02  1.614852e-01
   endloop
 endfacet
 facet normal -5.925078e-01 -3.028509e-02  8.049953e-01
   outer loop
     vertex -1.596238e-01  6.591197e-02  2.540084e-01
     vertex -1.778366e-01  9.260943e-02  2.416074e-01
     vertex -1.950778e-01  6.593516e-02  2.279137e-01
   endloop
 endfacet
 facet normal -7.040974e-01 -3.049512e-02  7.094483e-01
   outer loop
     vertex -1.950778e-01  6.593516e-02  2.279137e-01
     vertex -2.113737e-01  9.261869e-02  2.128876e-01
     vertex -2.264379e-01  6.590728e-02  1.967889e-01
   endloop
 endfacet
 facet normal  3.201583e-01  2.850711e-02 -9.469351e-01
   outer loop
     vertex  1.160359e-01 -6.615579e-02 -2.766508e-01
     vertex  9.648982e-02 -9.273059e-02 -2.840594e-01
     vertex  7.562438e-02 -6.608599e-02 -2.903118e-01
   endloop
 endfacet
 facet normal  3.794015e-01 -2.883007e-02 -9.247829e-01
   outer loop
     vertex  9.374706e-02  6.598433e-02 -2.849763e-01
     vertex  1.138453e-01  9.256524e-02 -2.775594e-01
     vertex  1.334498e-01  6.586441e-02 -2.686841e-01
   endloop
 endfacet
 facet normal -7.340093e-01  2.994921e-02 -6.784787e-01
   outer loop
     vertex -2.048846e-01 -6.627921e-02 -2.191399e-01
     vertex -2.201540e-01 -9.286996e-02 -2.037945e-01
     vertex -2.345453e-01 -6.629110e-02 -1.870522e-01
   endloop
 endfacet
 facet normal -9.521783e-01  2.990033e-02 -3.040763e-01
   outer loop
     vertex -2.783863e-01 -6.618362e-02 -1.118081e-01
     vertex -2.857351e-01 -9.274537e-02 -9.140812e-02
     vertex -2.916699e-01 -6.610467e-02 -7.020428e-02
   endloop
 endfacet
 facet normal -9.862702e-01  3.001347e-02 -1.623892e-01
   outer loop
     vertex -2.916699e-01 -6.610467e-02 -7.020428e-02
     vertex -2.959908e-01 -9.272650e-02 -4.888172e-02
     vertex -2.987824e-01 -6.607611e-02 -2.700168e-02
   endloop
 endfacet
 facet normal -5.294232e-01  3.055641e-02  8.478074e-01
   outer loop
     vertex -1.587271e-01 -9.283644e-02  2.545696e-01
     vertex -1.397284e-01 -6.618679e-02  2.654731e-01
     vertex -1.771950e-01 -6.623398e-02  2.420784e-01
   endloop
 endfacet
 facet normal -6.484625e-01  3.090056e-02  7.606191e-01
   outer loop
     vertex -1.945770e-01 -9.286701e-02  2.283414e-01
     vertex -1.771950e-01 -6.623398e-02  2.420784e-01
     vertex -2.110008e-01 -6.623158e-02  2.132573e-01
   endloop
 endfacet
 facet normal -7.535966e-01  3.083545e-02  6.566135e-01
   outer loop
     vertex -2.262084e-01 -9.283245e-02  1.970527e-01
     vertex -2.110008e-01 -6.623158e-02  2.132573e-01
     vertex -2.401383e-01 -6.621772e-02  1.798154e-01
   endloop
 endfacet
 facet normal -9.117965e-01  3.031723e-02  4.095217e-01
   outer loop
     vertex -2.736707e-01 -9.277023e-02  1.228997e-01
     vertex -2.639275e-01 -6.620629e-02  1.426263e-01
     vertex -2.819343e-01 -6.618990e-02  1.025331e-01
   endloop
 endfacet
 facet normal -9.618040e-01  3.015998e-02  2.720724e-01
   outer loop
     vertex -2.886728e-01 -9.276578e-02  8.165798e-02
     vertex -2.819343e-01 -6.618990e-02  1.025331e-01
     vertex -2.938708e-01 -6.615033e-02  6.033212e-02
   endloop
 endfacet
 facet normal -9.911941e-01  3.012397e-02  1.289452e-01
   outer loop
     vertex -2.974978e-01 -9.275163e-02  3.866620e-02
     vertex -2.938708e-01 -6.615033e-02  6.033212e-02
     vertex -2.995269e-01 -6.609931e-02  1.684230e-02
   endloop
 endfacet
 facet normal -9.994032e-01  3.009700e-02 -1.695409e-02
   outer loop
     vertex -2.999551e-01 -9.273087e-02 -5.190956e-03
     vertex -2.995269e-01 -6.609931e-02  1.684230e-02
     vertex -2.987824e-01 -6.607611e-02 -2.700168e-02
   endloop
 endfacet
 facet normal -9.994109e-01  3.026262e-02 -1.618720e-02
   outer loop
     vertex -2.988064e-01 -1.313657e-02 -2.673482e-02
     vertex -2.999585e-01 -3.955386e-02 -4.990099e-03
     vertex -2.995164e-01 -1.317639e-02  1.702746e-02
   endloop
 endfacet
 facet normal  9.020166e-01  1.483666e-02  4.314462e-01
   outer loop
     vertex  2.771791e-01  7.710066e-02  1.147681e-01
     vertex  2.620280e-01  8.750035e-02  1.460867e-01
     vertex  2.659574e-01  6.037436e-02  1.388044e-01
   endloop
 endfacet
 facet normal  8.612208e-01 -1.165099e-02  5.080974e-01
   outer loop
     vertex  2.620280e-01  8.750035e-02  1.460867e-01
     vertex  2.501868e-01  6.097882e-02  1.655492e-01
     vertex  2.659574e-01  6.037436e-02  1.388044e-01
   endloop
 endfacet
 facet normal  9.330168e-01  1.170070e-04  3.598328e-01
   outer loop
     vertex  2.748193e-01 -4.701443e-02  1.203094e-01
     vertex  2.844472e-01 -3.268681e-02  9.534033e-02
     vertex  2.747862e-01 -1.555555e-02  1.203849e-01
   endloop
 endfacet
 facet normal  5.577232e-01  2.749825e-02  8.295714e-01
   outer loop
     vertex  1.495317e-01 -6.626680e-02  2.600774e-01
     vertex  1.683627e-01 -9.296368e-02  2.483022e-01
     vertex  1.843619e-01 -6.641092e-02  2.366657e-01
   endloop
 endfacet
 facet normal  9.382762e-01 -6.332814e-03  3.458291e-01
   outer loop
     vertex  2.861604e-01  5.891593e-02  9.006785e-02
     vertex  2.771791e-01  7.710066e-02  1.147681e-01
     vertex  2.754929e-01  4.519375e-02  1.187589e-01
   endloop
 endfacet
 facet normal  9.347873e-01  1.529992e-02  3.548783e-01
   outer loop
     vertex  2.824395e-01  2.959586e-02  1.011331e-01
     vertex  2.861604e-01  5.891593e-02  9.006785e-02
     vertex  2.754929e-01  4.519375e-02  1.187589e-01
   endloop
 endfacet
 facet normal  9.046292e-01  5.493382e-03  4.261642e-01
   outer loop
     vertex  2.771791e-01  7.710066e-02  1.147681e-01
     vertex  2.659574e-01  6.037436e-02  1.388044e-01
     vertex  2.754929e-01  4.519375e-02  1.187589e-01
   endloop
 endfacet
 facet normal -1.796504e-01 -2.864991e-02 -9.833132e-01
   outer loop
     vertex -7.482351e-02  6.597994e-02 -2.905193e-01
     vertex -5.416256e-02  9.262009e-02 -2.950702e-01
     vertex -3.274762e-02  6.600770e-02 -2.982073e-01
   endloop
 endfacet
 facet normal  5.079195e-01 -2.953534e-02 -8.608980e-01
   outer loop
     vertex  1.334498e-01  6.586441e-02 -2.686841e-01
     vertex  1.529573e-01  9.217674e-02 -2.580776e-01
     vertex  1.708818e-01  6.515562e-02 -2.465753e-01
   endloop
 endfacet
 facet normal  9.712433e-01  8.769349e-03  2.379275e-01
   outer loop
     vertex  2.899860e-01 -1.466986e-06  7.686422e-02
     vertex  2.933368e-01  8.381091e-03  6.287714e-02
     vertex  2.885171e-01  1.774707e-02  8.220642e-02
   endloop
 endfacet
 facet normal  9.317170e-01 -5.457007e-03  3.631442e-01
   outer loop
     vertex  2.747862e-01 -1.555555e-02  1.203849e-01
     vertex  2.844472e-01 -3.268681e-02  9.534033e-02
     vertex  2.830498e-01 -3.032509e-04  9.941222e-02
   endloop
 endfacet
 facet normal  9.555255e-01 -1.554816e-02 -2.944984e-01
   outer loop
     vertex  2.904850e-01 -9.731469e-02 -7.495640e-02
     vertex  2.813665e-01 -1.060467e-01 -1.040813e-01
     vertex  2.875067e-01 -7.736148e-02 -8.567337e-02
   endloop
 endfacet
 facet normal  9.210065e-01  6.040299e-03 -3.895004e-01
   outer loop
     vertex  2.806903e-01 -4.118329e-02 -1.058913e-01
     vertex  2.723339e-01 -5.301922e-02 -1.258342e-01
     vertex  2.707255e-01 -2.857283e-02 -1.292582e-01
   endloop
 endfacet
 facet normal  7.453105e-01  2.968455e-02 -6.660564e-01
   outer loop
     vertex  2.064466e-01  6.153707e-02 -2.176690e-01
     vertex  2.388676e-01  5.907328e-02 -1.815000e-01
     vertex  2.211198e-01  2.796169e-02 -2.027463e-01
   endloop
 endfacet
 facet normal  9.429330e-01  1.098191e-02 -3.328015e-01
   outer loop
     vertex  2.791765e-01  1.006711e-02 -1.098202e-01
     vertex  2.864259e-01  1.189686e-02 -8.922007e-02
     vertex  2.836061e-01 -6.426130e-03 -9.781406e-02
   endloop
 endfacet
 facet normal  2.438829e-01  2.877186e-02 -9.693778e-01
   outer loop
     vertex  5.226479e-02  6.599971e-02 -2.954122e-01
     vertex  9.374706e-02  6.598433e-02 -2.849763e-01
     vertex  7.351786e-02  3.947860e-02 -2.908524e-01
   endloop
 endfacet
 facet normal  9.420554e-01 -2.402364e-02 -3.345960e-01
   outer loop
     vertex  2.817323e-01 -6.126297e-02 -1.030868e-01
     vertex  2.875067e-01 -7.736148e-02 -8.567337e-02
     vertex  2.769382e-01 -7.848293e-02 -1.153482e-01
   endloop
 endfacet
 facet normal  1.068188e-01 -2.872083e-02 -9.938636e-01
   outer loop
     vertex  3.154783e-02  3.952050e-02 -2.983366e-01
     vertex  5.317850e-02  1.312931e-02 -2.952491e-01
     vertex  1.080378e-02  1.319538e-02 -2.998054e-01
   endloop
 endfacet
 facet normal -8.247705e-01 -3.010372e-02 -5.646657e-01
   outer loop
     vertex -2.345453e-01 -6.629110e-02 -1.870522e-01
     vertex -2.592211e-01 -6.626207e-02 -1.510114e-01
     vertex -2.476833e-01 -3.985053e-02 -1.692719e-01
   endloop
 endfacet
 facet normal -3.997996e-01 -3.011232e-02  9.161078e-01
   outer loop
     vertex -1.397284e-01 -6.618679e-02  2.654731e-01
     vertex -9.965266e-02 -6.610575e-02  2.829653e-01
     vertex -1.201581e-01 -3.966775e-02  2.748855e-01
   endloop
 endfacet
 facet normal  9.452889e-01 -1.286469e-02 -3.259808e-01
   outer loop
     vertex  2.836061e-01 -6.426130e-03 -9.781406e-02
     vertex  2.874818e-01 -2.716473e-02 -8.575656e-02
     vertex  2.798657e-01 -2.185092e-02 -1.080517e-01
   endloop
 endfacet
 facet normal  1.815001e-02  2.904403e-02  9.994133e-01
   outer loop
     vertex -1.598922e-02 -1.314213e-02  2.995736e-01
     vertex  5.901591e-03 -3.949672e-02  2.999419e-01
     vertex  2.686010e-02 -1.313200e-02  2.987951e-01
   endloop
 endfacet
 facet normal -8.257914e-01  3.007175e-02 -5.631733e-01
   outer loop
     vertex -2.349250e-01 -1.354560e-02 -1.865750e-01
     vertex -2.476833e-01 -3.985053e-02 -1.692719e-01
     vertex -2.594719e-01 -1.351770e-02 -1.505800e-01
   endloop
 endfacet
 facet normal -1.796864e-01  2.878770e-02 -9.833026e-01
   outer loop
     vertex -7.482351e-02  6.597994e-02 -2.905193e-01
     vertex -3.274762e-02  6.600770e-02 -2.982073e-01
     vertex -5.351810e-02  3.950157e-02 -2.951878e-01
   endloop
 endfacet
 facet normal  6.078093e-01 -2.530974e-02  7.936796e-01
   outer loop
     vertex  1.979866e-01  1.244474e-02  2.253914e-01
     vertex  1.827690e-01  3.918753e-02  2.378980e-01
     vertex  1.661894e-01  1.306961e-02  2.497621e-01
   endloop
 endfacet
 facet normal  9.524622e-01  1.906886e-03  3.046508e-01
   outer loop
     vertex  2.830498e-01 -3.032509e-04  9.941222e-02
     vertex  2.885171e-01  1.774707e-02  8.220642e-02
     vertex  2.824395e-01  2.959586e-02  1.011331e-01
   endloop
 endfacet
 facet normal  9.422696e-01  1.153035e-02 -3.346567e-01
   outer loop
     vertex  2.778881e-01  5.079706e-02 -1.130406e-01
     vertex  2.867571e-01  4.845273e-02 -8.814968e-02
     vertex  2.805071e-01  3.021917e-02 -1.063756e-01
   endloop
 endfacet
 facet normal -9.722534e-01 -3.003599e-02 -2.319937e-01
   outer loop
     vertex -2.960901e-01  1.315156e-02 -4.827683e-02
     vertex -2.918383e-01  3.945585e-02 -6.950122e-02
     vertex -2.859662e-01  1.298072e-02 -9.068265e-02
   endloop
 endfacet
 facet normal  4.095617e-02 -2.869904e-02 -9.987487e-01
   outer loop
     vertex  3.360910e-02 -6.602288e-02 -2.981114e-01
     vertex -9.081077e-03 -6.600644e-02 -2.998625e-01
     vertex  1.187351e-02 -3.949833e-02 -2.997649e-01
   endloop
 endfacet
 facet normal  9.434372e-01 -5.628589e-03 -3.315036e-01
   outer loop
     vertex  2.805071e-01  3.021917e-02 -1.063756e-01
     vertex  2.864259e-01  1.189686e-02 -8.922007e-02
     vertex  2.791765e-01  1.006711e-02 -1.098202e-01
   endloop
 endfacet
 facet normal -4.507045e-01  2.940576e-02 -8.921887e-01
   outer loop
     vertex -1.542166e-01  6.590475e-02 -2.573271e-01
     vertex -1.156007e-01  6.595497e-02 -2.768329e-01
     vertex -1.349334e-01  3.939424e-02 -2.679421e-01
   endloop
 endfacet
 facet normal  9.194412e-01 -1.006012e-02 -3.930989e-01
   outer loop
     vertex  2.707255e-01 -2.857283e-02 -1.292582e-01
     vertex  2.740818e-01 -6.216559e-03 -1.219802e-01
     vertex  2.798657e-01 -2.185092e-02 -1.080517e-01
   endloop
 endfacet
 facet normal  9.302592e-01  1.765838e-02 -3.664778e-01
   outer loop
     vertex  2.836061e-01 -6.426130e-03 -9.781406e-02
     vertex  2.798657e-01 -2.185092e-02 -1.080517e-01
     vertex  2.740818e-01 -6.216559e-03 -1.219802e-01
   endloop
 endfacet
 facet normal  8.421704e-01  3.265997e-02 -5.382215e-01
   outer loop
     vertex  2.388676e-01  5.907328e-02 -1.815000e-01
     vertex  2.660496e-01  6.467638e-02 -1.386277e-01
     vertex  2.539694e-01  2.914778e-02 -1.596858e-01
   endloop
 endfacet
 facet normal  9.466171e-01  4.353662e-03 -3.223307e-01
   outer loop
     vertex  2.798657e-01 -2.185092e-02 -1.080517e-01
     vertex  2.874818e-01 -2.716473e-02 -8.575656e-02
     vertex  2.806903e-01 -4.118329e-02 -1.058913e-01
   endloop
 endfacet
 facet normal  4.352635e-01 -2.852326e-02  8.998512e-01
   outer loop
     vertex  1.111364e-01 -6.608707e-02  2.786552e-01
     vertex  1.495317e-01 -6.626680e-02  2.600774e-01
     vertex  1.303059e-01 -3.958493e-02  2.702228e-01
   endloop
 endfacet
 facet normal -2.420946e-01 -2.905009e-02 -9.698177e-01
   outer loop
     vertex -5.163518e-02 -6.602555e-02 -2.955229e-01
     vertex -9.333057e-02 -6.607871e-02 -2.851130e-01
     vertex -7.300025e-02 -3.954657e-02 -2.909828e-01
   endloop
 endfacet
 facet normal -9.956968e-01  2.999619e-02 -8.768163e-02
   outer loop
     vertex -2.999662e-01  6.603711e-02 -4.503074e-03
     vertex -2.961383e-01  6.601355e-02 -4.798049e-02
     vertex -2.988331e-01  3.954209e-02 -2.643396e-02
   endloop
 endfacet
 facet normal -3.825700e-02  2.860203e-02 -9.988585e-01
   outer loop
     vertex -3.274762e-02  6.600770e-02 -2.982073e-01
     vertex  9.840923e-03  6.600494e-02 -2.998386e-01
     vertex -1.105797e-02  3.953269e-02 -2.997961e-01
   endloop
 endfacet
 facet normal  8.465778e-01  2.027424e-02 -5.318787e-01
   outer loop
     vertex  2.540202e-01 -9.312344e-02 -1.596050e-01
     vertex  2.435628e-01 -6.424636e-02 -1.751489e-01
     vertex  2.627208e-01 -6.900519e-02 -1.448370e-01
   endloop
 endfacet
 facet normal -6.867847e-01  2.968477e-02 -7.262545e-01
   outer loop
     vertex -2.213782e-01  6.580389e-02 -2.024641e-01
     vertex -1.897771e-01  6.584667e-02 -2.323460e-01
     vertex -2.059260e-01  3.925566e-02 -2.181616e-01
   endloop
 endfacet
 facet normal  2.262511e-01  2.904010e-02  9.736360e-01
   outer loop
     vertex  8.866636e-02  6.611205e-02  2.865978e-01
     vertex  4.681692e-02  6.605124e-02  2.963244e-01
     vertex  6.828174e-02  3.958128e-02  2.921260e-01
   endloop
 endfacet
 facet normal  7.716323e-01 -2.201330e-02 -6.356878e-01
   outer loop
     vertex  2.435628e-01 -6.424636e-02 -1.751489e-01
     vertex  2.185989e-01 -6.395103e-02 -2.054617e-01
     vertex  2.308129e-01 -3.498622e-02 -1.916387e-01
   endloop
 endfacet
 facet normal -9.392382e-01  2.998213e-02  3.419541e-01
   outer loop
     vertex -2.736797e-01  6.582492e-02  1.228797e-01
     vertex -2.886261e-01  6.586979e-02  8.182275e-02
     vertex -2.819144e-01  3.929348e-02  1.025879e-01
   endloop
 endfacet
 facet normal  9.444396e-01  2.324041e-02 -3.278624e-01
   outer loop
     vertex  2.813450e-01  7.070615e-02 -1.041393e-01
     vertex  2.763668e-01  9.565888e-02 -1.167108e-01
     vertex  2.882143e-01  8.608124e-02 -8.326173e-02
   endloop
 endfacet
 facet normal -3.786855e-01 -2.953476e-02 -9.250541e-01
   outer loop
     vertex -9.333057e-02 -6.607871e-02 -2.851130e-01
     vertex -1.334159e-01 -6.615590e-02 -2.687009e-01
     vertex -1.139788e-01 -3.963247e-02 -2.775047e-01
   endloop
 endfacet
 facet normal -8.794772e-01  3.023400e-02  4.749798e-01
   outer loop
     vertex -2.528290e-01  6.585274e-02  1.614852e-01
     vertex -2.736797e-01  6.582492e-02  1.228797e-01
     vertex -2.639631e-01  3.928435e-02  1.425604e-01
   endloop
 endfacet
 facet normal  7.131985e-01  2.570860e-02  7.004905e-01
   outer loop
     vertex  2.274552e-01  6.333979e-02  1.956122e-01
     vertex  1.991385e-01  6.519905e-02  2.243743e-01
     vertex  2.131470e-01  3.793941e-02  2.111122e-01
   endloop
 endfacet
 facet normal  9.031908e-01  2.092538e-02 -4.287289e-01
   outer loop
     vertex  2.769382e-01 -7.848293e-02 -1.153482e-01
     vertex  2.690510e-01 -9.373691e-02 -1.327085e-01
     vertex  2.627208e-01 -6.900519e-02 -1.448370e-01
   endloop
 endfacet
 facet normal  8.726704e-01 -1.597676e-02 -4.880482e-01
   outer loop
     vertex  2.690510e-01 -9.373691e-02 -1.327085e-01
     vertex  2.540202e-01 -9.312344e-02 -1.596050e-01
     vertex  2.627208e-01 -6.900519e-02 -1.448370e-01
   endloop
 endfacet
 facet normal -5.738333e-02  2.870727e-02  9.979394e-01
   outer loop
     vertex  4.144128e-03  6.600371e-02  2.999714e-01
     vertex -3.849179e-02  6.598087e-02  2.975204e-01
     vertex -1.685555e-02  3.950578e-02  2.995261e-01
   endloop
 endfacet
 facet normal  3.200684e-01 -2.864867e-02 -9.469612e-01
   outer loop
     vertex  1.160359e-01 -6.615579e-02 -2.766508e-01
     vertex  7.562438e-02 -6.608599e-02 -2.903118e-01
     vertex  9.559960e-02 -3.964596e-02 -2.843602e-01
   endloop
 endfacet
 facet normal -3.180737e-01  2.909284e-02 -9.476195e-01
   outer loop
     vertex -1.156007e-01  6.595497e-02 -2.768329e-01
     vertex -7.482351e-02  6.597994e-02 -2.905193e-01
     vertex -9.508445e-02  3.945664e-02 -2.845329e-01
   endloop
 endfacet
 facet normal  4.922597e-01  2.864884e-02  8.699768e-01
   outer loop
     vertex  1.658865e-01  6.593065e-02  2.499633e-01
     vertex  1.287759e-01  6.612387e-02  2.709553e-01
     vertex  1.479168e-01  3.956820e-02  2.609993e-01
   endloop
 endfacet
 facet normal -9.724639e-01  2.984477e-02 -2.311349e-01
   outer loop
     vertex -2.961383e-01  6.601355e-02 -4.798049e-02
     vertex -2.860701e-01  6.590838e-02 -9.035425e-02
     vertex -2.918383e-01  3.945585e-02 -6.950122e-02
   endloop
 endfacet
 facet normal  1.037330e-01  2.863973e-02 -9.941928e-01
   outer loop
     vertex  9.840923e-03  6.600494e-02 -2.998386e-01
     vertex  5.226479e-02  6.599971e-02 -2.954122e-01
     vertex  3.154783e-02  3.952050e-02 -2.983366e-01
   endloop
 endfacet
 facet normal -9.789229e-01  2.992788e-02  2.020256e-01
   outer loop
     vertex -2.886261e-01  6.586979e-02  8.182275e-02
     vertex -2.974425e-01  6.596103e-02  3.908914e-02
     vertex -2.938237e-01  3.938582e-02  6.056114e-02
   endloop
 endfacet
 facet normal  1.633662e-01 -2.909665e-02  9.861363e-01
   outer loop
     vertex  2.769057e-02 -6.599662e-02  2.987193e-01
     vertex  7.012252e-02 -6.600692e-02  2.916896e-01
     vertex  4.863687e-02 -3.949745e-02  2.960312e-01
   endloop
 endfacet
 facet normal -9.522073e-01 -3.003831e-02 -3.039719e-01
   outer loop
     vertex -2.783863e-01 -6.618362e-02 -1.118081e-01
     vertex -2.916699e-01 -6.610467e-02 -7.020428e-02
     vertex -2.858362e-01 -3.966517e-02 -9.109144e-02
   endloop
 endfacet
 facet normal  2.088383e-02 -2.893634e-02  9.993631e-01
   outer loop
     vertex -1.518606e-02 -6.599407e-02  2.996154e-01
     vertex  2.769057e-02 -6.599662e-02  2.987193e-01
     vertex  5.901591e-03 -3.949672e-02  2.999419e-01
   endloop
 endfacet
 facet normal -1.219662e-01 -2.907685e-02  9.921083e-01
   outer loop
     vertex -5.785163e-02 -6.603179e-02  2.943691e-01
     vertex -1.518606e-02 -6.599407e-02  2.996154e-01
     vertex -3.693665e-02 -3.951670e-02  2.977175e-01
   endloop
 endfacet
 facet normal -2.630308e-01 -2.954337e-02  9.643350e-01
   outer loop
     vertex -9.965266e-02 -6.610575e-02  2.829653e-01
     vertex -5.785163e-02 -6.603179e-02  2.943691e-01
     vertex -7.915434e-02 -3.957076e-02  2.893693e-01
   endloop
 endfacet
 facet normal -5.293649e-01 -3.072815e-02  8.478376e-01
   outer loop
     vertex -1.771950e-01 -6.623398e-02  2.420784e-01
     vertex -1.397284e-01 -6.618679e-02  2.654731e-01
     vertex -1.589741e-01 -3.973161e-02  2.544155e-01
   endloop
 endfacet
 facet normal -9.862727e-01 -3.014452e-02 -1.623498e-01
   outer loop
     vertex -2.916699e-01 -6.610467e-02 -7.020428e-02
     vertex -2.987824e-01 -6.607611e-02 -2.700168e-02
     vertex -2.960379e-01 -3.957001e-02 -4.859581e-02
   endloop
 endfacet
 facet normal  7.598985e-01 -2.440396e-02  6.495835e-01
   outer loop
     vertex  2.144230e-01 -6.608893e-02  2.098160e-01
     vertex  2.399971e-01 -6.329405e-02  1.800038e-01
     vertex  2.249997e-01 -3.977679e-02  1.984316e-01
   endloop
 endfacet
 facet normal -5.746122e-01  2.965458e-02 -8.178884e-01
   outer loop
     vertex -1.897771e-01  6.584667e-02 -2.323460e-01
     vertex -1.542166e-01  6.590475e-02 -2.573271e-01
     vertex -1.721925e-01  3.932221e-02 -2.456618e-01
   endloop
 endfacet
 facet normal -1.013971e-01 -2.876467e-02 -9.944301e-01
   outer loop
     vertex -9.081077e-03 -6.600644e-02 -2.998625e-01
     vertex -5.163518e-02 -6.602555e-02 -2.955229e-01
     vertex -3.081343e-02 -3.949811e-02 -2.984134e-01
   endloop
 endfacet
 facet normal -4.689386e-01  2.986204e-02  8.827258e-01
   outer loop
     vertex -1.211188e-01  6.591722e-02  2.744635e-01
     vertex -1.596238e-01  6.591197e-02  2.540084e-01
     vertex -1.405355e-01  3.936909e-02  2.650467e-01
   endloop
 endfacet
 facet normal -6.276301e-01 -3.007930e-02 -7.779304e-01
   outer loop
     vertex -1.708826e-01 -6.622047e-02 -2.465748e-01
     vertex -2.048846e-01 -6.627921e-02 -2.191399e-01
     vertex -1.886245e-01 -3.979095e-02 -2.332827e-01
   endloop
 endfacet
 facet normal -9.993989e-01 -3.022079e-02 -1.698594e-02
   outer loop
     vertex -2.987824e-01 -6.607611e-02 -2.700168e-02
     vertex -2.995269e-01 -6.609931e-02  1.684230e-02
     vertex -2.999585e-01 -3.955386e-02 -4.990099e-03
   endloop
 endfacet
 facet normal -7.041210e-01  3.067234e-02  7.094172e-01
   outer loop
     vertex -1.950778e-01  6.593516e-02  2.279137e-01
     vertex -2.264379e-01  6.590728e-02  1.967889e-01
     vertex -2.112700e-01  3.937838e-02  2.129906e-01
   endloop
 endfacet
 facet normal -9.911988e-01 -3.026753e-02  1.288750e-01
   outer loop
     vertex -2.995269e-01 -6.609931e-02  1.684230e-02
     vertex -2.938708e-01 -6.615033e-02  6.033212e-02
     vertex -2.974868e-01 -3.962462e-02  3.875063e-02
   endloop
 endfacet
 facet normal -9.618143e-01 -3.031772e-02  2.720186e-01
   outer loop
     vertex -2.938708e-01 -6.615033e-02  6.033212e-02
     vertex -2.819343e-01 -6.618990e-02  1.025331e-01
     vertex -2.886726e-01 -3.971296e-02  8.165855e-02
   endloop
 endfacet
 facet normal -3.367441e-01  2.929922e-02  9.411403e-01
   outer loop
     vertex -8.048028e-02  6.594449e-02  2.890033e-01
     vertex -1.211188e-01  6.591722e-02  2.744635e-01
     vertex -1.007904e-01  3.942035e-02  2.825620e-01
   endloop
 endfacet
 facet normal  3.795491e-01  2.899986e-02 -9.247170e-01
   outer loop
     vertex  9.374706e-02  6.598433e-02 -2.849763e-01
     vertex  1.334498e-01  6.586441e-02 -2.686841e-01
     vertex  1.139550e-01  3.943970e-02 -2.775144e-01
   endloop
 endfacet
 facet normal  5.575636e-01 -2.765402e-02  8.296735e-01
   outer loop
     vertex  1.495317e-01 -6.626680e-02  2.600774e-01
     vertex  1.843619e-01 -6.641092e-02  2.366657e-01
     vertex  1.666796e-01 -3.981675e-02  2.494352e-01
   endloop
 endfacet
 facet normal  5.722325e-01 -2.778688e-02 -8.196206e-01
   outer loop
     vertex  1.883775e-01 -6.522915e-02 -2.334821e-01
     vertex  1.539962e-01 -6.602538e-02 -2.574591e-01
     vertex  1.704992e-01 -3.939384e-02 -2.468401e-01
   endloop
 endfacet
 facet normal -9.118014e-01 -3.047468e-02  4.094991e-01
   outer loop
     vertex -2.819343e-01 -6.618990e-02  1.025331e-01
     vertex -2.639275e-01 -6.620629e-02  1.426263e-01
     vertex -2.736821e-01 -3.976343e-02  1.228743e-01
   endloop
 endfacet
 facet normal  8.439911e-01 -1.695801e-02 -5.360891e-01
   outer loop
     vertex  2.627208e-01 -6.900519e-02 -1.448370e-01
     vertex  2.435628e-01 -6.424636e-02 -1.751489e-01
     vertex  2.557716e-01 -3.722191e-02 -1.567829e-01
   endloop
 endfacet
 facet normal  8.135763e-01  2.718349e-02 -5.808224e-01
   outer loop
     vertex  2.435628e-01 -6.424636e-02 -1.751489e-01
     vertex  2.308129e-01 -3.498622e-02 -1.916387e-01
     vertex  2.557716e-01 -3.722191e-02 -1.567829e-01
   endloop
 endfacet
 facet normal -7.339946e-01 -3.011356e-02 -6.784874e-01
   outer loop
     vertex -2.048846e-01 -6.627921e-02 -2.191399e-01
     vertex -2.345453e-01 -6.629110e-02 -1.870522e-01
     vertex -2.204943e-01 -3.984758e-02 -2.034263e-01
   endloop
 endfacet
 facet normal  6.324243e-01  3.361431e-02 -7.738925e-01
   outer loop
     vertex  1.708818e-01  6.515562e-02 -2.465753e-01
     vertex  2.064466e-01  6.153707e-02 -2.176690e-01
     vertex  1.863551e-01  3.824426e-02 -2.350995e-01
   endloop
 endfacet
 facet normal  3.631782e-01  2.917478e-02  9.312628e-01
   outer loop
     vertex  1.287759e-01  6.612387e-02  2.709553e-01
     vertex  8.866636e-02  6.611205e-02  2.865978e-01
     vertex  1.093296e-01  3.963153e-02  2.793690e-01
   endloop
 endfacet
 facet normal -5.082390e-01 -2.981512e-02 -8.606998e-01
   outer loop
     vertex -1.334159e-01 -6.615590e-02 -2.687009e-01
     vertex -1.708826e-01 -6.622047e-02 -2.465748e-01
     vertex -1.528377e-01 -3.971270e-02 -2.581485e-01
   endloop
 endfacet
 facet normal  1.824023e-01 -2.872359e-02 -9.828043e-01
   outer loop
     vertex  7.562438e-02 -6.608599e-02 -2.903118e-01
     vertex  3.360910e-02 -6.602288e-02 -2.981114e-01
     vertex  5.429911e-02 -3.955371e-02 -2.950451e-01
   endloop
 endfacet
 facet normal -1.987353e-01  2.889923e-02  9.796270e-01
   outer loop
     vertex -3.849179e-02  6.598087e-02  2.975204e-01
     vertex -8.048028e-02  6.594449e-02  2.890033e-01
     vertex -5.929219e-02  3.948227e-02  2.940824e-01
   endloop
 endfacet
 facet normal -8.005920e-01  3.051562e-02  5.984323e-01
   outer loop
     vertex -2.264379e-01  6.590728e-02  1.967889e-01
     vertex -2.528290e-01  6.585274e-02  1.614852e-01
     vertex -2.402695e-01  3.932860e-02  1.796401e-01
   endloop
 endfacet
 facet normal  6.100164e-01  2.782459e-02  7.919001e-01
   outer loop
     vertex  1.991385e-01  6.519905e-02  2.243743e-01
     vertex  1.658865e-01  6.593065e-02  2.499633e-01
     vertex  1.827690e-01  3.918753e-02  2.378980e-01
   endloop
 endfacet
 facet normal -5.924792e-01  3.043881e-02  8.050105e-01
   outer loop
     vertex -1.596238e-01  6.591197e-02  2.540084e-01
     vertex -1.950778e-01  6.593516e-02  2.279137e-01
     vertex -1.777099e-01  3.937373e-02  2.417006e-01
   endloop
 endfacet
 facet normal -7.536060e-01 -3.097867e-02  6.565961e-01
   outer loop
     vertex -2.401383e-01 -6.621772e-02  1.798154e-01
     vertex -2.110008e-01 -6.623158e-02  2.132573e-01
     vertex -2.262401e-01 -3.974023e-02  1.970163e-01
   endloop
 endfacet
 facet normal  3.026986e-01 -2.908343e-02  9.526425e-01
   outer loop
     vertex  7.012252e-02 -6.600692e-02  2.916896e-01
     vertex  1.111364e-01 -6.608707e-02  2.786552e-01
     vertex  9.049305e-02 -3.949857e-02  2.860262e-01
   endloop
 endfacet
 facet normal -8.980099e-01 -3.003369e-02 -4.389490e-01
   outer loop
     vertex -2.592211e-01 -6.626207e-02 -1.510114e-01
     vertex -2.783863e-01 -6.618362e-02 -1.118081e-01
     vertex -2.696083e-01 -3.978415e-02 -1.315726e-01
   endloop
 endfacet
 facet normal  6.802604e-01 -2.588192e-02 -7.325134e-01
   outer loop
     vertex  2.185989e-01 -6.395103e-02 -2.054617e-01
     vertex  1.883775e-01 -6.522915e-02 -2.334821e-01
     vertex  2.027159e-01 -3.746376e-02 -2.211476e-01
   endloop
 endfacet
 facet normal  6.660799e-01 -2.565586e-02  7.454390e-01
   outer loop
     vertex  1.843619e-01 -6.641092e-02  2.366657e-01
     vertex  2.144230e-01 -6.608893e-02  2.098160e-01
     vertex  1.985644e-01 -4.004856e-02  2.248826e-01
   endloop
 endfacet
 facet normal -9.288224e-01  2.964917e-02 -3.693371e-01
   outer loop
     vertex -2.860701e-01  6.590838e-02 -9.035425e-02
     vertex -2.700195e-01  6.581151e-02 -1.307267e-01
     vertex -2.787102e-01  3.931189e-02 -1.109984e-01
   endloop
 endfacet
 facet normal -8.657738e-01  2.959920e-02 -4.995594e-01
   outer loop
     vertex -2.700195e-01  6.581151e-02 -1.307267e-01
     vertex -2.483166e-01  6.577643e-02 -1.683415e-01
     vertex -2.597469e-01  3.922549e-02 -1.501051e-01
   endloop
 endfacet
 facet normal -7.845542e-01  2.965747e-02 -6.193506e-01
   outer loop
     vertex -2.483166e-01  6.577643e-02 -1.683415e-01
     vertex -2.213782e-01  6.580389e-02 -2.024641e-01
     vertex -2.353187e-01  3.921662e-02 -1.860783e-01
   endloop
 endfacet
 facet normal  4.510831e-01 -2.853911e-02 -8.920255e-01
   outer loop
     vertex  1.539962e-01 -6.602538e-02 -2.574591e-01
     vertex  1.160359e-01 -6.615579e-02 -2.766508e-01
     vertex  1.346776e-01 -3.968856e-02 -2.680708e-01
   endloop
 endfacet
 facet normal -6.484617e-01 -3.107043e-02  7.606130e-01
   outer loop
     vertex -2.110008e-01 -6.623158e-02  2.132573e-01
     vertex -1.771950e-01 -6.623398e-02  2.420784e-01
     vertex -1.947019e-01 -3.974448e-02  2.282349e-01
   endloop
 endfacet
 facet normal -9.978755e-01  3.001533e-02  5.782287e-02
   outer loop
     vertex -2.974425e-01  6.596103e-02  3.908914e-02
     vertex -2.999662e-01  6.603711e-02 -4.503074e-03
     vertex -2.995035e-01  3.950871e-02  1.725279e-02
   endloop
 endfacet
 facet normal  8.508492e-02  2.885352e-02  9.959558e-01
   outer loop
     vertex  4.681692e-02  6.605124e-02  2.963244e-01
     vertex  4.144128e-03  6.600371e-02  2.999714e-01
     vertex  2.589010e-02  3.952377e-02  2.988807e-01
   endloop
 endfacet
 facet normal -8.419996e-01 -3.072782e-02  5.386024e-01
   outer loop
     vertex -2.639275e-01 -6.620629e-02  1.426263e-01
     vertex -2.401383e-01 -6.621772e-02  1.798154e-01
     vertex -2.527497e-01 -3.976119e-02  1.616094e-01
   endloop
 endfacet
 facet normal  5.087483e-01  2.998320e-02 -8.603930e-01
   outer loop
     vertex  1.334498e-01  6.586441e-02 -2.686841e-01
     vertex  1.708818e-01  6.515562e-02 -2.465753e-01
     vertex  1.517708e-01  3.928571e-02 -2.587772e-01
   endloop
 endfacet
 facet normal  7.982657e-01  2.116925e-02  6.019334e-01
   outer loop
     vertex  2.501868e-01  6.097882e-02  1.655492e-01
     vertex  2.274552e-01  6.333979e-02  1.956122e-01
     vertex  2.391599e-01  3.419631e-02  1.811148e-01
   endloop
 endfacet
 facet normal  9.122733e-01  2.439841e-02 -4.088547e-01
   outer loop
     vertex  2.813450e-01  7.070615e-02 -1.041393e-01
     vertex  2.778881e-01  5.079706e-02 -1.130406e-01
     vertex  2.660496e-01  6.467638e-02 -1.386277e-01
   endloop
 endfacet
 facet normal  8.930598e-01  1.234898e-02 -4.497684e-01
   outer loop
     vertex  2.740818e-01 -6.216559e-03 -1.219802e-01
     vertex  2.707255e-01 -2.857283e-02 -1.292582e-01
     vertex  2.610870e-01 -5.460238e-03 -1.477620e-01
   endloop
 endfacet
 facet normal  8.762320e-01 -1.240446e-02 -4.817297e-01
   outer loop
     vertex  2.660496e-01  6.467638e-02 -1.386277e-01
     vertex  2.699983e-01  3.847364e-02 -1.307705e-01
     vertex  2.539694e-01  2.914778e-02 -1.596858e-01
   endloop
 endfacet
 facet normal  8.802804e-01 -1.260909e-02 -4.742862e-01
   outer loop
     vertex  2.610870e-01 -5.460238e-03 -1.477620e-01
     vertex  2.707255e-01 -2.857283e-02 -1.292582e-01
     vertex  2.557716e-01 -3.722191e-02 -1.567829e-01
   endloop
 endfacet
 facet normal  7.538061e-01 -2.391136e-02  6.566618e-01
   outer loop
     vertex  2.391599e-01  3.419631e-02  1.811148e-01
     vertex  2.274552e-01  6.333979e-02  1.956122e-01
     vertex  2.131470e-01  3.793941e-02  2.111122e-01
   endloop
 endfacet
 facet normal  6.758391e-01 -3.192169e-02 -7.363576e-01
   outer loop
     vertex  2.064466e-01  6.153707e-02 -2.176690e-01
     vertex  2.211198e-01  2.796169e-02 -2.027463e-01
     vertex  1.863551e-01  3.824426e-02 -2.350995e-01
   endloop
 endfacet
 facet normal  9.301644e-01 -1.715428e-02 -3.667423e-01
   outer loop
     vertex  2.791765e-01  1.006711e-02 -1.098202e-01
     vertex  2.836061e-01 -6.426130e-03 -9.781406e-02
     vertex  2.740818e-01 -6.216559e-03 -1.219802e-01
   endloop
 endfacet
 facet normal  1.573285e-01 -2.898892e-02  9.871208e-01
   outer loop
     vertex  6.828174e-02  3.958128e-02  2.921260e-01
     vertex  4.681692e-02  6.605124e-02  2.963244e-01
     vertex  2.589010e-02  3.952377e-02  2.988807e-01
   endloop
 endfacet
 facet normal  9.777215e-01 -1.720128e-02  2.092004e-01
   outer loop
     vertex  2.958406e-01  1.025108e-01  4.978313e-02
     vertex  2.892350e-01  9.021175e-02  7.964359e-02
     vertex  2.968443e-01  8.191904e-02  4.339906e-02
   endloop
 endfacet
 facet normal  3.130926e-01 -2.850128e-02 -9.492948e-01
   outer loop
     vertex  7.351786e-02  3.947860e-02 -2.908524e-01
     vertex  9.374706e-02  6.598433e-02 -2.849763e-01
     vertex  1.139550e-01  3.943970e-02 -2.775144e-01
   endloop
 endfacet
 facet normal  9.256381e-01  1.161736e-02 -3.782315e-01
   outer loop
     vertex  2.817323e-01 -6.126297e-02 -1.030868e-01
     vertex  2.769382e-01 -7.848293e-02 -1.153482e-01
     vertex  2.723339e-01 -5.301922e-02 -1.258342e-01
   endloop
 endfacet
 facet normal -3.329783e-01  2.976946e-02  9.424645e-01
   outer loop
     vertex -1.201581e-01 -3.966775e-02  2.748855e-01
     vertex -9.965266e-02 -6.610575e-02  2.829653e-01
     vertex -7.915434e-02 -3.957076e-02  2.893693e-01
   endloop
 endfacet
 facet normal -8.640275e-01  2.999075e-02 -5.025506e-01
   outer loop
     vertex -2.476833e-01 -3.985053e-02 -1.692719e-01
     vertex -2.592211e-01 -6.626207e-02 -1.510114e-01
     vertex -2.696083e-01 -3.978415e-02 -1.315726e-01
   endloop
 endfacet
 facet normal -4.662942e-01  3.031581e-02  8.841101e-01
   outer loop
     vertex -1.397284e-01 -6.618679e-02  2.654731e-01
     vertex -1.201581e-01 -3.966775e-02  2.748855e-01
     vertex -1.589741e-01 -3.973161e-02  2.544155e-01
   endloop
 endfacet
 facet normal -1.078352e-01 -2.870626e-02 -9.937543e-01
   outer loop
     vertex -5.351810e-02  3.950157e-02 -2.951878e-01
     vertex -3.274762e-02  6.600770e-02 -2.982073e-01
     vertex -1.105797e-02  3.953269e-02 -2.997961e-01
   endloop
 endfacet
 facet normal  9.291315e-01 -2.315765e-03  3.697422e-01
   outer loop
     vertex  2.830498e-01 -3.032509e-04  9.941222e-02
     vertex  2.824395e-01  2.959586e-02  1.011331e-01
     vertex  2.743447e-01  1.570284e-02  1.213877e-01
   endloop
 endfacet
 facet normal  9.300478e-01  1.348841e-03  3.674360e-01
   outer loop
     vertex  2.747862e-01 -1.555555e-02  1.203849e-01
     vertex  2.830498e-01 -3.032509e-04  9.941222e-02
     vertex  2.743447e-01  1.570284e-02  1.213877e-01
   endloop
 endfacet
 facet normal  9.293545e-01 -3.274012e-03  3.691740e-01
   outer loop
     vertex  2.824395e-01  2.959586e-02  1.011331e-01
     vertex  2.754929e-01  4.519375e-02  1.187589e-01
     vertex  2.743447e-01  1.570284e-02  1.213877e-01
   endloop
 endfacet
 facet normal -4.457156e-01  2.966774e-02 -8.946829e-01
   outer loop
     vertex -1.139788e-01 -3.963247e-02 -2.775047e-01
     vertex -1.334159e-01 -6.615590e-02 -2.687009e-01
     vertex -1.528377e-01 -3.971270e-02 -2.581485e-01
   endloop
 endfacet
 facet normal  9.167778e-01 -1.261847e-02 -3.991983e-01
   outer loop
     vertex  2.778881e-01  5.079706e-02 -1.130406e-01
     vertex  2.805071e-01  3.021917e-02 -1.063756e-01
     vertex  2.699983e-01  3.847364e-02 -1.307705e-01
   endloop
 endfacet
 facet normal -3.163363e-02  2.868425e-02 -9.990878e-01
   outer loop
     vertex  1.187351e-02 -3.949833e-02 -2.997649e-01
     vertex -9.081077e-03 -6.600644e-02 -2.998625e-01
     vertex -3.081343e-02 -3.949811e-02 -2.984134e-01
   endloop
 endfacet
 facet normal  1.105594e-01  2.866740e-02 -9.934560e-01
   outer loop
     vertex  3.360910e-02 -6.602288e-02 -2.981114e-01
     vertex  1.187351e-02 -3.949833e-02 -2.997649e-01
     vertex  5.429911e-02 -3.955371e-02 -2.950451e-01
   endloop
 endfacet
 facet normal  9.166147e-01  7.798453e-03 -3.996958e-01
   outer loop
     vertex  2.805071e-01  3.021917e-02 -1.063756e-01
     vertex  2.791765e-01  1.006711e-02 -1.098202e-01
     vertex  2.699093e-01  1.613717e-02 -1.309540e-01
   endloop
 endfacet
 facet normal  9.169243e-01  1.100928e-02 -3.989094e-01
   outer loop
     vertex  2.791765e-01  1.006711e-02 -1.098202e-01
     vertex  2.740818e-01 -6.216559e-03 -1.219802e-01
     vertex  2.699093e-01  1.613717e-02 -1.309540e-01
   endloop
 endfacet
 facet normal -3.841551e-01 -2.928140e-02 -9.228041e-01
   outer loop
     vertex -1.349334e-01  3.939424e-02 -2.679421e-01
     vertex -1.156007e-01  6.595497e-02 -2.768329e-01
     vertex -9.508445e-02  3.945664e-02 -2.845329e-01
   endloop
 endfacet
 facet normal  1.754538e-01 -2.859127e-02 -9.840724e-01
   outer loop
     vertex  5.226479e-02  6.599971e-02 -2.954122e-01
     vertex  7.351786e-02  3.947860e-02 -2.908524e-01
     vertex  3.154783e-02  3.952050e-02 -2.983366e-01
   endloop
 endfacet
 facet normal  7.949540e-01 -4.009619e-02 -6.053433e-01
   outer loop
     vertex  2.388676e-01  5.907328e-02 -1.815000e-01
     vertex  2.539694e-01  2.914778e-02 -1.596858e-01
     vertex  2.211198e-01  2.796169e-02 -2.027463e-01
   endloop
 endfacet
 facet normal -2.481732e-01 -2.896735e-02 -9.682825e-01
   outer loop
     vertex -7.482351e-02  6.597994e-02 -2.905193e-01
     vertex -5.351810e-02  3.950157e-02 -2.951878e-01
     vertex -9.508445e-02  3.945664e-02 -2.845329e-01
   endloop
 endfacet
 facet normal  4.936823e-01 -2.816647e-02  8.691861e-01
   outer loop
     vertex  1.661894e-01  1.306961e-02  2.497621e-01
     vertex  1.479168e-01  3.956820e-02  2.609993e-01
     vertex  1.294665e-01  1.325387e-02  2.706260e-01
   endloop
 endfacet
 facet normal  9.188844e-01 -4.894094e-03 -3.944964e-01
   outer loop
     vertex  2.798657e-01 -2.185092e-02 -1.080517e-01
     vertex  2.806903e-01 -4.118329e-02 -1.058913e-01
     vertex  2.707255e-01 -2.857283e-02 -1.292582e-01
   endloop
 endfacet
 facet normal  4.961313e-01  2.751815e-02  8.678113e-01
   outer loop
     vertex  1.303059e-01 -3.958493e-02  2.702228e-01
     vertex  1.495317e-01 -6.626680e-02  2.600774e-01
     vertex  1.666796e-01 -3.981675e-02  2.494352e-01
   endloop
 endfacet
 facet normal -1.734253e-01  2.886151e-02 -9.844240e-01
   outer loop
     vertex -5.163518e-02 -6.602555e-02 -2.955229e-01
     vertex -7.300025e-02 -3.954657e-02 -2.909828e-01
     vertex -3.081343e-02 -3.949811e-02 -2.984134e-01
   endloop
 endfacet
 facet normal  8.614511e-01  1.206752e-02  5.076971e-01
   outer loop
     vertex  2.659574e-01  6.037436e-02  1.388044e-01
     vertex  2.501868e-01  6.097882e-02  1.655492e-01
     vertex  2.610425e-01  3.106780e-02  1.478405e-01
   endloop
 endfacet
 facet normal  8.342764e-01 -2.334485e-02  5.508520e-01
   outer loop
     vertex  2.501868e-01  6.097882e-02  1.655492e-01
     vertex  2.391599e-01  3.419631e-02  1.811148e-01
     vertex  2.610425e-01  3.106780e-02  1.478405e-01
   endloop
 endfacet
 facet normal -9.994311e-01 -3.002778e-02 -1.535870e-02
   outer loop
     vertex -2.999662e-01  6.603711e-02 -4.503074e-03
     vertex -2.988331e-01  3.954209e-02 -2.643396e-02
     vertex -2.995035e-01  3.950871e-02  1.725279e-02
   endloop
 endfacet
 facet normal  8.995615e-01 -1.306620e-03  4.367922e-01
   outer loop
     vertex  2.747862e-01 -1.555555e-02  1.203849e-01
     vertex  2.743447e-01  1.570284e-02  1.213877e-01
     vertex  2.648126e-01  1.447326e-03  1.409762e-01
   endloop
 endfacet
 facet normal -1.271683e-01 -2.881374e-02  9.914626e-01
   outer loop
     vertex -1.685555e-02  3.950578e-02  2.995261e-01
     vertex -3.849179e-02  6.598087e-02  2.975204e-01
     vertex -5.929219e-02  3.948227e-02  2.940824e-01
   endloop
 endfacet
 facet normal -7.370057e-01 -2.971397e-02 -6.752331e-01
   outer loop
     vertex -2.213782e-01  6.580389e-02 -2.024641e-01
     vertex -2.059260e-01  3.925566e-02 -2.181616e-01
     vertex -2.353187e-01  3.921662e-02 -1.860783e-01
   endloop
 endfacet
 facet normal -5.917295e-01 -3.076064e-02  8.055495e-01
   outer loop
     vertex -1.593292e-01  1.294455e-02  2.541933e-01
     vertex -1.777099e-01  3.937373e-02  2.417006e-01
     vertex -1.949076e-01  1.296306e-02  2.280592e-01
   endloop
 endfacet
 facet normal  1.791931e-01  2.870896e-02 -9.833949e-01
   outer loop
     vertex  7.458887e-02 -1.323567e-02 -2.905796e-01
     vertex  5.429911e-02 -3.955371e-02 -2.950451e-01
     vertex  3.265677e-02 -1.312770e-02 -2.982173e-01
   endloop
 endfacet
 facet normal  5.641445e-01 -2.753117e-02 -8.252170e-01
   outer loop
     vertex  1.517708e-01  3.928571e-02 -2.587772e-01
     vertex  1.708818e-01  6.515562e-02 -2.465753e-01
     vertex  1.863551e-01  3.824426e-02 -2.350995e-01
   endloop
 endfacet
 facet normal -8.001227e-01  3.082664e-02  5.990437e-01
   outer loop
     vertex -2.527497e-01 -3.976119e-02  1.616094e-01
     vertex -2.401383e-01 -6.621772e-02  1.798154e-01
     vertex -2.262401e-01 -3.974023e-02  1.970163e-01
   endloop
 endfacet
 facet normal  1.510181e-02 -2.876316e-02  9.994722e-01
   outer loop
     vertex  2.589010e-02  3.952377e-02  2.988807e-01
     vertex  4.144128e-03  6.600371e-02  2.999714e-01
     vertex -1.685555e-02  3.950578e-02  2.995261e-01
   endloop
 endfacet
 facet normal  8.977741e-01 -6.730146e-03  4.404048e-01
   outer loop
     vertex  2.747862e-01 -1.555555e-02  1.203849e-01
     vertex  2.648126e-01  1.447326e-03  1.409762e-01
     vertex  2.626328e-01 -2.624387e-02  1.449966e-01
   endloop
 endfacet
 facet normal -5.907983e-01  3.087805e-02  8.062282e-01
   outer loop
     vertex -1.947019e-01 -3.974448e-02  2.282349e-01
     vertex -1.771950e-01 -6.623398e-02  2.420784e-01
     vertex -1.589741e-01 -3.973161e-02  2.544155e-01
   endloop
 endfacet
 facet normal  3.846277e-01  2.819241e-02 -9.226412e-01
   outer loop
     vertex  1.346776e-01 -3.968856e-02 -2.680708e-01
     vertex  1.160359e-01 -6.615579e-02 -2.766508e-01
     vertex  9.559960e-02 -3.964596e-02 -2.843602e-01
   endloop
 endfacet
 facet normal  9.183594e-01 -4.061922e-04 -3.957473e-01
   outer loop
     vertex  2.699983e-01  3.847364e-02 -1.307705e-01
     vertex  2.805071e-01  3.021917e-02 -1.063756e-01
     vertex  2.699093e-01  1.613717e-02 -1.309540e-01
   endloop
 endfacet
 facet normal -8.269234e-01 -2.969030e-02 -5.615302e-01
   outer loop
     vertex -2.597469e-01  3.922549e-02 -1.501051e-01
     vertex -2.483166e-01  6.577643e-02 -1.683415e-01
     vertex -2.353187e-01  3.921662e-02 -1.860783e-01
   endloop
 endfacet
 facet normal -8.994216e-01 -2.967650e-02 -4.360735e-01
   outer loop
     vertex -2.787102e-01  3.931189e-02 -1.109984e-01
     vertex -2.700195e-01  6.581151e-02 -1.307267e-01
     vertex -2.597469e-01  3.922549e-02 -1.501051e-01
   endloop
 endfacet
 facet normal  7.070390e-01  2.161871e-02  7.068440e-01
   outer loop
     vertex  1.985644e-01 -4.004856e-02  2.248826e-01
     vertex  2.144230e-01 -6.608893e-02  2.098160e-01
     vertex  2.249997e-01 -3.977679e-02  1.984316e-01
   endloop
 endfacet
 facet normal  6.223254e-01  2.616325e-02 -7.823213e-01
   outer loop
     vertex  2.027159e-01 -3.746376e-02 -2.211476e-01
     vertex  1.883775e-01 -6.522915e-02 -2.334821e-01
     vertex  1.704992e-01 -3.939384e-02 -2.468401e-01
   endloop
 endfacet
 facet normal -9.277487e-01  2.997756e-02 -3.719997e-01
   outer loop
     vertex -2.696083e-01 -3.978415e-02 -1.315726e-01
     vertex -2.783863e-01 -6.618362e-02 -1.118081e-01
     vertex -2.858362e-01 -3.966517e-02 -9.109144e-02
   endloop
 endfacet
 facet normal  3.688405e-01  2.881090e-02  9.290461e-01
   outer loop
     vertex  9.049305e-02 -3.949857e-02  2.860262e-01
     vertex  1.111364e-01 -6.608707e-02  2.786552e-01
     vertex  1.303059e-01 -3.958493e-02  2.702228e-01
   endloop
 endfacet
 facet normal -7.031566e-01  3.100306e-02  7.103588e-01
   outer loop
     vertex -2.262401e-01 -3.974023e-02  1.970163e-01
     vertex -2.110008e-01 -6.623158e-02  2.132573e-01
     vertex -1.947019e-01 -3.974448e-02  2.282349e-01
   endloop
 endfacet
 facet normal -6.497608e-01 -3.062743e-02  7.595215e-01
   outer loop
     vertex -1.777099e-01  3.937373e-02  2.417006e-01
     vertex -1.950778e-01  6.593516e-02  2.279137e-01
     vertex -2.112700e-01  3.937838e-02  2.129906e-01
   endloop
 endfacet
 facet normal  5.520697e-01 -2.745469e-02  8.333459e-01
   outer loop
     vertex  1.827690e-01  3.918753e-02  2.378980e-01
     vertex  1.658865e-01  6.593065e-02  2.499633e-01
     vertex  1.479168e-01  3.956820e-02  2.609993e-01
   endloop
 endfacet
 facet normal -8.422505e-01 -3.041848e-02  5.382274e-01
   outer loop
     vertex -2.402695e-01  3.932860e-02  1.796401e-01
     vertex -2.528290e-01  6.585274e-02  1.614852e-01
     vertex -2.639631e-01  3.928435e-02  1.425604e-01
   endloop
 endfacet
 facet normal  2.966886e-01 -2.906043e-02  9.545320e-01
   outer loop
     vertex  8.866636e-02  6.611205e-02  2.865978e-01
     vertex  6.828174e-02  3.958128e-02  2.921260e-01
     vertex  1.093296e-01  3.963153e-02  2.793690e-01
   endloop
 endfacet
 facet normal -2.673399e-01 -2.919259e-02  9.631600e-01
   outer loop
     vertex -5.929219e-02  3.948227e-02  2.940824e-01
     vertex -8.048028e-02  6.594449e-02  2.890033e-01
     vertex -1.007904e-01  3.942035e-02  2.825620e-01
   endloop
 endfacet
 facet normal -6.833976e-01  3.005124e-02 -7.294276e-01
   outer loop
     vertex -2.048846e-01 -6.627921e-02 -2.191399e-01
     vertex -2.204943e-01 -3.984758e-02 -2.034263e-01
     vertex -1.886245e-01 -3.979095e-02 -2.332827e-01
   endloop
 endfacet
 facet normal -9.118190e-01 -3.017491e-02  4.094821e-01
   outer loop
     vertex -2.736797e-01  6.582492e-02  1.228797e-01
     vertex -2.819144e-01  3.929348e-02  1.025879e-01
     vertex -2.639631e-01  3.928435e-02  1.425604e-01
   endloop
 endfacet
 facet normal -5.703994e-01  2.991087e-02 -8.208227e-01
   outer loop
     vertex -1.528377e-01 -3.971270e-02 -2.581485e-01
     vertex -1.708826e-01 -6.622047e-02 -2.465748e-01
     vertex -1.886245e-01 -3.979095e-02 -2.332827e-01
   endloop
 endfacet
 facet normal  6.605601e-01 -2.559262e-02  7.503369e-01
   outer loop
     vertex  2.131470e-01  3.793941e-02  2.111122e-01
     vertex  1.991385e-01  6.519905e-02  2.243743e-01
     vertex  1.827690e-01  3.918753e-02  2.378980e-01
   endloop
 endfacet
 facet normal -8.793478e-01  3.057232e-02  4.751977e-01
   outer loop
     vertex -2.736821e-01 -3.976343e-02  1.228743e-01
     vertex -2.639275e-01 -6.620629e-02  1.426263e-01
     vertex -2.527497e-01 -3.976119e-02  1.616094e-01
   endloop
 endfacet
 facet normal -1.244180e-01  2.901657e-02  9.918055e-01
   outer loop
     vertex -5.849802e-02 -1.315307e-02  2.942414e-01
     vertex -3.693665e-02 -3.951670e-02  2.977175e-01
     vertex -1.598922e-02 -1.314213e-02  2.995736e-01
   endloop
 endfacet
 facet normal  3.421411e-02 -2.861155e-02 -9.990049e-01
   outer loop
     vertex -1.105797e-02  3.953269e-02 -2.997961e-01
     vertex  9.840923e-03  6.600494e-02 -2.998386e-01
     vertex  3.154783e-02  3.952050e-02 -2.983366e-01
   endloop
 endfacet
 facet normal  5.095031e-01  2.720133e-02 -8.600387e-01
   outer loop
     vertex  1.704992e-01 -3.939384e-02 -2.468401e-01
     vertex  1.539962e-01 -6.602538e-02 -2.574591e-01
     vertex  1.346776e-01 -3.968856e-02 -2.680708e-01
   endloop
 endfacet
 facet normal -7.354783e-01  3.014167e-02 -6.768775e-01
   outer loop
     vertex -2.053803e-01 -1.349709e-02 -2.186754e-01
     vertex -2.204943e-01 -3.984758e-02 -2.034263e-01
     vertex -2.349250e-01 -1.354560e-02 -1.865750e-01
   endloop
 endfacet
 facet normal  6.100337e-01  2.533654e-02  7.919703e-01
   outer loop
     vertex  1.666796e-01 -3.981675e-02  2.494352e-01
     vertex  1.843619e-01 -6.641092e-02  2.366657e-01
     vertex  1.985644e-01 -4.004856e-02  2.248826e-01
   endloop
 endfacet
 facet normal  4.437100e-01 -2.802059e-02 -8.957322e-01
   outer loop
     vertex  1.139550e-01  3.943970e-02 -2.775144e-01
     vertex  1.334498e-01  6.586441e-02 -2.686841e-01
     vertex  1.517708e-01  3.928571e-02 -2.587772e-01
   endloop
 endfacet
 facet normal -4.030585e-01 -2.966035e-02  9.146935e-01
   outer loop
     vertex -1.007904e-01  3.942035e-02  2.825620e-01
     vertex -1.211188e-01  6.591722e-02  2.744635e-01
     vertex -1.405355e-01  3.936909e-02  2.650467e-01
   endloop
 endfacet
 facet normal -7.820175e-01  3.005239e-02 -6.225315e-01
   outer loop
     vertex -2.345453e-01 -6.629110e-02 -1.870522e-01
     vertex -2.476833e-01 -3.985053e-02 -1.692719e-01
     vertex -2.204943e-01 -3.984758e-02 -2.034263e-01
   endloop
 endfacet
 facet normal -9.393277e-01  3.032475e-02  3.416780e-01
   outer loop
     vertex -2.886726e-01 -3.971296e-02  8.165855e-02
     vertex -2.819343e-01 -6.618990e-02  1.025331e-01
     vertex -2.736821e-01 -3.976343e-02  1.228743e-01
   endloop
 endfacet
 facet normal -9.790867e-01  3.021691e-02  2.011867e-01
   outer loop
     vertex -2.974868e-01 -3.962462e-02  3.875063e-02
     vertex -2.938708e-01 -6.615033e-02  6.033212e-02
     vertex -2.886726e-01 -3.971296e-02  8.165855e-02
   endloop
 endfacet
 facet normal  2.504223e-01  2.863960e-02 -9.677130e-01
   outer loop
     vertex  9.559960e-02 -3.964596e-02 -2.843602e-01
     vertex  7.562438e-02 -6.608599e-02 -2.903118e-01
     vertex  5.429911e-02 -3.955371e-02 -2.950451e-01
   endloop
 endfacet
 facet normal -7.542379e-01 -3.067565e-02  6.558843e-01
   outer loop
     vertex -2.112700e-01  3.937838e-02  2.129906e-01
     vertex -2.264379e-01  6.590728e-02  1.967889e-01
     vertex -2.402695e-01  3.932860e-02  1.796401e-01
   endloop
 endfacet
 facet normal -9.979493e-01  3.019311e-02  5.644111e-02
   outer loop
     vertex -2.999585e-01 -3.955386e-02 -4.990099e-03
     vertex -2.995269e-01 -6.609931e-02  1.684230e-02
     vertex -2.974868e-01 -3.962462e-02  3.875063e-02
   endloop
 endfacet
 facet normal -5.315933e-01 -3.027832e-02  8.464584e-01
   outer loop
     vertex -1.405355e-01  3.936909e-02  2.650467e-01
     vertex -1.596238e-01  6.591197e-02  2.540084e-01
     vertex -1.777099e-01  3.937373e-02  2.417006e-01
   endloop
 endfacet
 facet normal  8.943662e-01 -6.882512e-03  4.472826e-01
   outer loop
     vertex  2.604389e-01 -5.757936e-02  1.489012e-01
     vertex  2.748193e-01 -4.701443e-02  1.203094e-01
     vertex  2.626328e-01 -2.624387e-02  1.449966e-01
   endloop
 endfacet
 facet normal -5.129546e-01 -2.960098e-02 -8.579052e-01
   outer loop
     vertex -1.721925e-01  3.932221e-02 -2.456618e-01
     vertex -1.542166e-01  6.590475e-02 -2.573271e-01
     vertex -1.349334e-01  3.939424e-02 -2.679421e-01
   endloop
 endfacet
 facet normal  8.966578e-01 -1.200510e-04  4.427242e-01
   outer loop
     vertex  2.626328e-01 -2.624387e-02  1.449966e-01
     vertex  2.748193e-01 -4.701443e-02  1.203094e-01
     vertex  2.747862e-01 -1.555555e-02  1.203849e-01
   endloop
 endfacet
 facet normal -9.955287e-01  3.014806e-02 -8.951893e-02
   outer loop
     vertex -2.960379e-01 -3.957001e-02 -4.859581e-02
     vertex -2.987824e-01 -6.607611e-02 -2.700168e-02
     vertex -2.999585e-01 -3.955386e-02 -4.990099e-03
   endloop
 endfacet
 facet normal -9.866326e-01 -2.994184e-02 -1.601861e-01
   outer loop
     vertex -2.961383e-01  6.601355e-02 -4.798049e-02
     vertex -2.918383e-01  3.945585e-02 -6.950122e-02
     vertex -2.988331e-01  3.954209e-02 -2.643396e-02
   endloop
 endfacet
 facet normal -1.939381e-01  2.914998e-02  9.805806e-01
   outer loop
     vertex -7.915434e-02 -3.957076e-02  2.893693e-01
     vertex -5.785163e-02 -6.603179e-02  2.943691e-01
     vertex -3.693665e-02 -3.951670e-02  2.977175e-01
   endloop
 endfacet
 facet normal -9.617010e-01 -2.999338e-02  2.724549e-01
   outer loop
     vertex -2.886261e-01  6.586979e-02  8.182275e-02
     vertex -2.938237e-01  3.938582e-02  6.056114e-02
     vertex -2.819144e-01  3.929348e-02  1.025879e-01
   endloop
 endfacet
 facet normal  9.109305e-02  2.897358e-02  9.954208e-01
   outer loop
     vertex  2.769057e-02 -6.599662e-02  2.987193e-01
     vertex  4.863687e-02 -3.949745e-02  2.960312e-01
     vertex  5.901591e-03 -3.949672e-02  2.999419e-01
   endloop
 endfacet
 facet normal -5.184952e-02  2.896166e-02  9.982349e-01
   outer loop
     vertex -3.693665e-02 -3.951670e-02  2.977175e-01
     vertex -1.518606e-02 -6.599407e-02  2.996154e-01
     vertex  5.901591e-03 -3.949672e-02  2.999419e-01
   endloop
 endfacet
 facet normal -9.719181e-01  3.007012e-02 -2.333902e-01
   outer loop
     vertex -2.858362e-01 -3.966517e-02 -9.109144e-02
     vertex -2.916699e-01 -6.610467e-02 -7.020428e-02
     vertex -2.960379e-01 -3.957001e-02 -4.859581e-02
   endloop
 endfacet
 facet normal  2.323841e-01  2.912601e-02  9.721879e-01
   outer loop
     vertex  4.863687e-02 -3.949745e-02  2.960312e-01
     vertex  7.012252e-02 -6.600692e-02  2.916896e-01
     vertex  9.049305e-02 -3.949857e-02  2.860262e-01
   endloop
 endfacet
 facet normal -9.910739e-01 -3.000810e-02  1.298926e-01
   outer loop
     vertex -2.938237e-01  3.938582e-02  6.056114e-02
     vertex -2.974425e-01  6.596103e-02  3.908914e-02
     vertex -2.995035e-01  3.950871e-02  1.725279e-02
   endloop
 endfacet
 facet normal -9.530326e-01 -2.978340e-02 -3.013996e-01
   outer loop
     vertex -2.918383e-01  3.945585e-02 -6.950122e-02
     vertex -2.860701e-01  6.590838e-02 -9.035425e-02
     vertex -2.787102e-01  3.931189e-02 -1.109984e-01
   endloop
 endfacet
 facet normal  4.296201e-01 -2.871392e-02  9.025531e-01
   outer loop
     vertex  1.479168e-01  3.956820e-02  2.609993e-01
     vertex  1.287759e-01  6.612387e-02  2.709553e-01
     vertex  1.093296e-01  3.963153e-02  2.793690e-01
   endloop
 endfacet
 facet normal -6.315474e-01 -2.973907e-02 -7.747667e-01
   outer loop
     vertex -1.897771e-01  6.584667e-02 -2.323460e-01
     vertex -1.721925e-01  3.932221e-02 -2.456618e-01
     vertex -2.059260e-01  3.925566e-02 -2.181616e-01
   endloop
 endfacet
 facet normal  8.370212e-01 -1.760089e-02  5.468873e-01
   outer loop
     vertex  2.399971e-01 -6.329405e-02  1.800038e-01
     vertex  2.604389e-01 -5.757936e-02  1.489012e-01
     vertex  2.465670e-01 -3.392052e-02  1.708938e-01
   endloop
 endfacet
 facet normal  7.855079e-01  1.617452e-02  6.186402e-01
   outer loop
     vertex  2.249997e-01 -3.977679e-02  1.984316e-01
     vertex  2.399971e-01 -6.329405e-02  1.800038e-01
     vertex  2.465670e-01 -3.392052e-02  1.708938e-01
   endloop
 endfacet
 facet normal  8.488914e-01  6.424990e-03  5.285283e-01
   outer loop
     vertex  2.604389e-01 -5.757936e-02  1.489012e-01
     vertex  2.626328e-01 -2.624387e-02  1.449966e-01
     vertex  2.465670e-01 -3.392052e-02  1.708938e-01
   endloop
 endfacet
 facet normal -3.123617e-01  2.928459e-02 -9.495118e-01
   outer loop
     vertex -9.333057e-02 -6.607871e-02 -2.851130e-01
     vertex -1.139788e-01 -3.963247e-02 -2.775047e-01
     vertex -7.300025e-02 -3.954657e-02 -2.909828e-01
   endloop
 endfacet
 facet normal  7.229661e-01  2.463999e-02 -6.904440e-01
   outer loop
     vertex  2.308129e-01 -3.498622e-02 -1.916387e-01
     vertex  2.185989e-01 -6.395103e-02 -2.054617e-01
     vertex  2.027159e-01 -3.746376e-02 -2.211476e-01
   endloop
 endfacet
 facet normal -2.449423e-01  2.915457e-02 -9.690992e-01
   outer loop
     vertex -5.249000e-02 -1.313848e-02 -2.953723e-01
     vertex -7.300025e-02 -3.954657e-02 -2.909828e-01
     vertex -9.412854e-02 -1.322027e-02 -2.848505e-01
   endloop
 endfacet
 facet normal  7.568311e-01  2.557601e-02  6.531099e-01
   outer loop
     vertex  2.391599e-01  3.419631e-02  1.811148e-01
     vertex  2.131470e-01  3.793941e-02  2.111122e-01
     vertex  2.251988e-01  1.088968e-02  1.982057e-01
   endloop
 endfacet
 facet normal  1.572511e-01  2.911670e-02  9.871293e-01
   outer loop
     vertex  6.828174e-02  3.958128e-02  2.921260e-01
     vertex  2.589010e-02  3.952377e-02  2.988807e-01
     vertex  4.764103e-02  1.317240e-02  2.961931e-01
   endloop
 endfacet
 facet normal  8.387676e-01  1.422453e-02 -5.443038e-01
   outer loop
     vertex  2.610870e-01 -5.460238e-03 -1.477620e-01
     vertex  2.557716e-01 -3.722191e-02 -1.567829e-01
     vertex  2.410351e-01 -3.540352e-03 -1.786115e-01
   endloop
 endfacet
 facet normal  8.121631e-01 -2.249197e-02 -5.829967e-01
   outer loop
     vertex  2.557716e-01 -3.722191e-02 -1.567829e-01
     vertex  2.308129e-01 -3.498622e-02 -1.916387e-01
     vertex  2.410351e-01 -3.540352e-03 -1.786115e-01
   endloop
 endfacet
 facet normal  8.745395e-01  5.013347e-04 -4.849539e-01
   outer loop
     vertex  2.699983e-01  3.847364e-02 -1.307705e-01
     vertex  2.699093e-01  1.613717e-02 -1.309540e-01
     vertex  2.539694e-01  2.914778e-02 -1.596858e-01
   endloop
 endfacet
 facet normal -9.617461e-01  3.032218e-02  2.722592e-01
   outer loop
     vertex -2.938524e-01 -1.331892e-02  6.042160e-02
     vertex -2.886726e-01 -3.971296e-02  8.165855e-02
     vertex -2.819361e-01 -1.343281e-02  1.025283e-01
   endloop
 endfacet
 facet normal -3.163382e-02 -2.879995e-02 -9.990845e-01
   outer loop
     vertex  1.187351e-02 -3.949833e-02 -2.997649e-01
     vertex -3.081343e-02 -3.949811e-02 -2.984134e-01
     vertex -9.981688e-03 -1.310047e-02 -2.998339e-01
   endloop
 endfacet
 facet normal  4.958652e-01 -2.760975e-02  8.679605e-01
   outer loop
     vertex  1.303059e-01 -3.958493e-02  2.702228e-01
     vertex  1.666796e-01 -3.981675e-02  2.494352e-01
     vertex  1.486363e-01 -1.319325e-02  2.605902e-01
   endloop
 endfacet
 facet normal -1.271992e-01  2.897157e-02  9.914540e-01
   outer loop
     vertex -1.685555e-02  3.950578e-02  2.995261e-01
     vertex -5.929219e-02  3.948227e-02  2.940824e-01
     vertex -3.773279e-02  1.315687e-02  2.976176e-01
   endloop
 endfacet
 facet normal  6.097979e-01 -2.556017e-02  7.921447e-01
   outer loop
     vertex  1.666796e-01 -3.981675e-02  2.494352e-01
     vertex  1.985644e-01 -4.004856e-02  2.248826e-01
     vertex  1.827714e-01 -1.351718e-02  2.378962e-01
   endloop
 endfacet
 facet normal -3.328513e-01 -2.991315e-02  9.425047e-01
   outer loop
     vertex -1.201581e-01 -3.966775e-02  2.748855e-01
     vertex -7.915434e-02 -3.957076e-02  2.893693e-01
     vertex -1.001099e-01 -1.325778e-02  2.828038e-01
   endloop
 endfacet
 facet normal  9.101574e-01  1.300002e-02 -4.140587e-01
   outer loop
     vertex  2.699983e-01  3.847364e-02 -1.307705e-01
     vertex  2.660496e-01  6.467638e-02 -1.386277e-01
     vertex  2.778881e-01  5.079706e-02 -1.130406e-01
   endloop
 endfacet
 facet normal -5.907808e-01 -3.103955e-02  8.062348e-01
   outer loop
     vertex -1.947019e-01 -3.974448e-02  2.282349e-01
     vertex -1.589741e-01 -3.973161e-02  2.544155e-01
     vertex -1.773976e-01 -1.337923e-02  2.419299e-01
   endloop
 endfacet
 facet normal -8.269135e-01  2.981513e-02 -5.615382e-01
   outer loop
     vertex -2.597469e-01  3.922549e-02 -1.501051e-01
     vertex -2.353187e-01  3.921662e-02 -1.860783e-01
     vertex -2.480312e-01  1.277809e-02 -1.687618e-01
   endloop
 endfacet
 facet normal  5.652760e-01  2.806411e-02 -8.244243e-01
   outer loop
     vertex  1.517708e-01  3.928571e-02 -2.587772e-01
     vertex  1.863551e-01  3.824426e-02 -2.350995e-01
     vertex  1.681775e-01  1.284730e-02 -2.484277e-01
   endloop
 endfacet
 facet normal  3.804334e-01 -2.800052e-02 -9.243843e-01
   outer loop
     vertex  9.442511e-02  1.304003e-02 -2.847523e-01
     vertex  1.139550e-01  3.943970e-02 -2.775144e-01
     vertex  1.333785e-01  1.299253e-02 -2.687195e-01
   endloop
 endfacet
 facet normal -2.674199e-01  2.934229e-02  9.631332e-01
   outer loop
     vertex -5.929219e-02  3.948227e-02  2.940824e-01
     vertex -1.007904e-01  3.942035e-02  2.825620e-01
     vertex -7.980708e-02  1.310234e-02  2.891900e-01
   endloop
 endfacet
 facet normal -3.842319e-01  2.941929e-02 -9.227678e-01
   outer loop
     vertex -1.349334e-01  3.939424e-02 -2.679421e-01
     vertex -9.508445e-02  3.945664e-02 -2.845329e-01
     vertex -1.148401e-01  1.302945e-02 -2.771493e-01
   endloop
 endfacet
 facet normal  8.378999e-01 -1.565576e-02 -5.455994e-01
   outer loop
     vertex  2.539694e-01  2.914778e-02 -1.596858e-01
     vertex  2.610870e-01 -5.460238e-03 -1.477620e-01
     vertex  2.410351e-01 -3.540352e-03 -1.786115e-01
   endloop
 endfacet
 facet normal -5.703088e-01 -3.003998e-02 -8.208809e-01
   outer loop
     vertex -1.528377e-01 -3.971270e-02 -2.581485e-01
     vertex -1.886245e-01 -3.979095e-02 -2.332827e-01
     vertex -1.715039e-01 -1.339813e-02 -2.461431e-01
   endloop
 endfacet
 facet normal  2.966223e-01  2.919943e-02  9.545484e-01
   outer loop
     vertex  1.093296e-01  3.963153e-02  2.793690e-01
     vertex  6.828174e-02  3.958128e-02  2.921260e-01
     vertex  8.950003e-02  1.323225e-02  2.863385e-01
   endloop
 endfacet
 facet normal  6.859026e-01  3.151141e-02 -7.270108e-01
   outer loop
     vertex  1.863551e-01  3.824426e-02 -2.350995e-01
     vertex  2.211198e-01  2.796169e-02 -2.027463e-01
     vertex  1.962243e-01  1.196591e-02 -2.269273e-01
   endloop
 endfacet
 facet normal  3.423036e-02  2.876504e-02 -9.989999e-01
   outer loop
     vertex -1.105797e-02  3.953269e-02 -2.997961e-01
     vertex  3.154783e-02  3.952050e-02 -2.983366e-01
     vertex  1.080378e-02  1.319538e-02 -2.998054e-01
   endloop
 endfacet
 facet normal  9.525517e-01  2.405288e-03  3.043675e-01
   outer loop
     vertex  2.889102e-01  3.826688e-02  8.081381e-02
     vertex  2.824395e-01  2.959586e-02  1.011331e-01
     vertex  2.885171e-01  1.774707e-02  8.220642e-02
   endloop
 endfacet
 facet normal -9.118105e-01  3.029542e-02  4.094921e-01
   outer loop
     vertex -2.639631e-01  3.928435e-02  1.425604e-01
     vertex -2.819144e-01  3.929348e-02  1.025879e-01
     vertex -2.736816e-01  1.285859e-02  1.228754e-01
   endloop
 endfacet
 facet normal -5.130369e-01  2.975063e-02 -8.578508e-01
   outer loop
     vertex -1.721925e-01  3.932221e-02 -2.456618e-01
     vertex -1.349334e-01  3.939424e-02 -2.679421e-01
     vertex -1.535888e-01  1.295168e-02 -2.577023e-01
   endloop
 endfacet
 facet normal  1.755085e-01  2.872551e-02 -9.840587e-01
   outer loop
     vertex  3.154783e-02  3.952050e-02 -2.983366e-01
     vertex  7.351786e-02  3.947860e-02 -2.908524e-01
     vertex  5.317850e-02  1.312931e-02 -2.952491e-01
   endloop
 endfacet
 facet normal -8.422800e-01  3.055526e-02  5.381735e-01
   outer loop
     vertex -2.402695e-01  3.932860e-02  1.796401e-01
     vertex -2.639631e-01  3.928435e-02  1.425604e-01
     vertex -2.528020e-01  1.287890e-02  1.615276e-01
   endloop
 endfacet
 facet normal -1.078765e-01  2.885423e-02 -9.937455e-01
   outer loop
     vertex -5.351810e-02  3.950157e-02 -2.951878e-01
     vertex -1.105797e-02  3.953269e-02 -2.997961e-01
     vertex -3.185406e-02  1.316986e-02 -2.983041e-01
   endloop
 endfacet
 facet normal  5.098321e-01 -2.749366e-02 -8.598345e-01
   outer loop
     vertex  1.704992e-01 -3.939384e-02 -2.468401e-01
     vertex  1.346776e-01 -3.968856e-02 -2.680708e-01
     vertex  1.520378e-01 -1.331838e-02 -2.586204e-01
   endloop
 endfacet
 facet normal  3.687313e-01 -2.891157e-02  9.290863e-01
   outer loop
     vertex  9.049305e-02 -3.949857e-02  2.860262e-01
     vertex  1.303059e-01 -3.958493e-02  2.702228e-01
     vertex  1.102587e-01 -1.308715e-02  2.790036e-01
   endloop
 endfacet
 facet normal -9.719451e-01 -3.019249e-02 -2.332618e-01
   outer loop
     vertex -2.858362e-01 -3.966517e-02 -9.109144e-02
     vertex -2.960379e-01 -3.957001e-02 -4.859581e-02
     vertex -2.917521e-01 -1.323783e-02 -6.986227e-02
   endloop
 endfacet
 facet normal -9.616627e-01  3.011710e-02  2.725762e-01
   outer loop
     vertex -2.819144e-01  3.929348e-02  1.025879e-01
     vertex -2.938237e-01  3.938582e-02  6.056114e-02
     vertex -2.886499e-01  1.291876e-02  8.173871e-02
   endloop
 endfacet
 facet normal -8.640692e-01 -3.015429e-02 -5.024690e-01
   outer loop
     vertex -2.476833e-01 -3.985053e-02 -1.692719e-01
     vertex -2.696083e-01 -3.978415e-02 -1.315726e-01
     vertex -2.594719e-01 -1.351770e-02 -1.505800e-01
   endloop
 endfacet
 facet normal  3.845734e-01 -2.835676e-02 -9.226588e-01
   outer loop
     vertex  1.346776e-01 -3.968856e-02 -2.680708e-01
     vertex  9.559960e-02 -3.964596e-02 -2.843602e-01
     vertex  1.148914e-01 -1.332652e-02 -2.771281e-01
   endloop
 endfacet
 facet normal -5.182231e-02 -2.909330e-02  9.982325e-01
   outer loop
     vertex -3.693665e-02 -3.951670e-02  2.977175e-01
     vertex  5.901591e-03 -3.949672e-02  2.999419e-01
     vertex -1.598922e-02 -1.314213e-02  2.995736e-01
   endloop
 endfacet
 facet normal  7.940199e-01  3.711629e-02 -6.067575e-01
   outer loop
     vertex  2.211198e-01  2.796169e-02 -2.027463e-01
     vertex  2.539694e-01  2.914778e-02 -1.596858e-01
     vertex  2.410351e-01 -3.540352e-03 -1.786115e-01
   endloop
 endfacet
 facet normal  2.323817e-01 -2.925150e-02  9.721847e-01
   outer loop
     vertex  4.863687e-02 -3.949745e-02  2.960312e-01
     vertex  9.049305e-02 -3.949857e-02  2.860262e-01
     vertex  6.925650e-02 -1.310865e-02  2.918965e-01
   endloop
 endfacet
 facet normal  6.242659e-01 -2.738925e-02 -7.807316e-01
   outer loop
     vertex  2.027159e-01 -3.746376e-02 -2.211476e-01
     vertex  1.704992e-01 -3.939384e-02 -2.468401e-01
     vertex  1.850888e-01 -1.307335e-02 -2.360977e-01
   endloop
 endfacet
 facet normal -9.955277e-01 -3.024941e-02 -8.949647e-02
   outer loop
     vertex -2.960379e-01 -3.957001e-02 -4.859581e-02
     vertex -2.999585e-01 -3.955386e-02 -4.990099e-03
     vertex -2.988064e-01 -1.313657e-02 -2.673482e-02
   endloop
 endfacet
 facet normal  8.798024e-01 -8.682329e-03 -4.752603e-01
   outer loop
     vertex  2.707255e-01 -2.857283e-02 -1.292582e-01
     vertex  2.723339e-01 -5.301922e-02 -1.258342e-01
     vertex  2.557716e-01 -3.722191e-02 -1.567829e-01
   endloop
 endfacet
 facet normal  1.104850e-01 -2.876988e-02 -9.934613e-01
   outer loop
     vertex  5.429911e-02 -3.955371e-02 -2.950451e-01
     vertex  1.187351e-02 -3.949833e-02 -2.997649e-01
     vertex  3.265677e-02 -1.312770e-02 -2.982173e-01
   endloop
 endfacet
 facet normal -7.820113e-01 -3.020756e-02 -6.225318e-01
   outer loop
     vertex -2.204943e-01 -3.984758e-02 -2.034263e-01
     vertex -2.476833e-01 -3.985053e-02 -1.692719e-01
     vertex -2.349250e-01 -1.354560e-02 -1.865750e-01
   endloop
 endfacet
 facet normal  6.617465e-01  2.615053e-02  7.492714e-01
   outer loop
     vertex  2.131470e-01  3.793941e-02  2.111122e-01
     vertex  1.827690e-01  3.918753e-02  2.378980e-01
     vertex  1.979866e-01  1.244474e-02  2.253914e-01
   endloop
 endfacet
 facet normal -9.866080e-01  3.013050e-02 -1.603024e-01
   outer loop
     vertex -2.988331e-01  3.954209e-02 -2.643396e-02
     vertex -2.918383e-01  3.945585e-02 -6.950122e-02
     vertex -2.960901e-01  1.315156e-02 -4.827683e-02
   endloop
 endfacet
 facet normal  5.524845e-01  2.770025e-02  8.330628e-01
   outer loop
     vertex  1.827690e-01  3.918753e-02  2.378980e-01
     vertex  1.479168e-01  3.956820e-02  2.609993e-01
     vertex  1.661894e-01  1.306961e-02  2.497621e-01
   endloop
 endfacet
 facet normal -5.315858e-01  3.040468e-02  8.464586e-01
   outer loop
     vertex -1.405355e-01  3.936909e-02  2.650467e-01
     vertex -1.777099e-01  3.937373e-02  2.417006e-01
     vertex -1.593292e-01  1.294455e-02  2.541933e-01
   endloop
 endfacet
 facet normal  9.109169e-02 -2.911446e-02  9.954168e-01
   outer loop
     vertex  5.901591e-03 -3.949672e-02  2.999419e-01
     vertex  4.863687e-02 -3.949745e-02  2.960312e-01
     vertex  2.686010e-02 -1.313200e-02  2.987951e-01
   endloop
 endfacet
 facet normal  2.503012e-01 -2.876760e-02 -9.677405e-01
   outer loop
     vertex  9.559960e-02 -3.964596e-02 -2.843602e-01
     vertex  5.429911e-02 -3.955371e-02 -2.950451e-01
     vertex  7.458887e-02 -1.323567e-02 -2.905796e-01
   endloop
 endfacet
 facet normal -1.938655e-01 -2.925927e-02  9.805917e-01
   outer loop
     vertex -7.915434e-02 -3.957076e-02  2.893693e-01
     vertex -3.693665e-02 -3.951670e-02  2.977175e-01
     vertex -5.849802e-02 -1.315307e-02  2.942414e-01
   endloop
 endfacet
 facet normal -6.833374e-01 -3.020482e-02 -7.294777e-01
   outer loop
     vertex -1.886245e-01 -3.979095e-02 -2.332827e-01
     vertex -2.204943e-01 -3.984758e-02 -2.034263e-01
     vertex -2.053803e-01 -1.349709e-02 -2.186754e-01
   endloop
 endfacet
 facet normal  3.131412e-01  2.860516e-02 -9.492757e-01
   outer loop
     vertex  7.351786e-02  3.947860e-02 -2.908524e-01
     vertex  1.139550e-01  3.943970e-02 -2.775144e-01
     vertex  9.442511e-02  1.304003e-02 -2.847523e-01
   endloop
 endfacet
 facet normal -1.733602e-01 -2.898933e-02 -9.844317e-01
   outer loop
     vertex -3.081343e-02 -3.949811e-02 -2.984134e-01
     vertex -7.300025e-02 -3.954657e-02 -2.909828e-01
     vertex -5.249000e-02 -1.313848e-02 -2.953723e-01
   endloop
 endfacet
 facet normal -9.278054e-01 -3.013106e-02 -3.718458e-01
   outer loop
     vertex -2.696083e-01 -3.978415e-02 -1.315726e-01
     vertex -2.858362e-01 -3.966517e-02 -9.109144e-02
     vertex -2.785381e-01 -1.340098e-02 -1.114295e-01
   endloop
 endfacet
 facet normal -9.791068e-01 -3.036757e-02  2.010661e-01
   outer loop
     vertex -2.974868e-01 -3.962462e-02  3.875063e-02
     vertex -2.886726e-01 -3.971296e-02  8.165855e-02
     vertex -2.938524e-01 -1.331892e-02  6.042160e-02
   endloop
 endfacet
 facet normal -9.393468e-01 -3.049329e-02  3.416104e-01
   outer loop
     vertex -2.886726e-01 -3.971296e-02  8.165855e-02
     vertex -2.736821e-01 -3.976343e-02  1.228743e-01
     vertex -2.819361e-01 -1.343281e-02  1.025283e-01
   endloop
 endfacet
 facet normal -8.001018e-01 -3.096424e-02  5.990646e-01
   outer loop
     vertex -2.527497e-01 -3.976119e-02  1.616094e-01
     vertex -2.262401e-01 -3.974023e-02  1.970163e-01
     vertex -2.402146e-01 -1.340212e-02  1.797135e-01
   endloop
 endfacet
 facet normal -6.316154e-01  2.988410e-02 -7.747057e-01
   outer loop
     vertex -2.059260e-01  3.925566e-02 -2.181616e-01
     vertex -1.721925e-01  3.932221e-02 -2.456618e-01
     vertex -1.892705e-01  1.286361e-02 -2.327588e-01
   endloop
 endfacet
 facet normal -7.542793e-01  3.084847e-02  6.558285e-01
   outer loop
     vertex -2.112700e-01  3.937838e-02  2.129906e-01
     vertex -2.402695e-01  3.932860e-02  1.796401e-01
     vertex -2.263458e-01  1.294841e-02  1.968948e-01
   endloop
 endfacet
 facet normal -7.370388e-01  2.984902e-02 -6.751910e-01
   outer loop
     vertex -2.353187e-01  3.921662e-02 -1.860783e-01
     vertex -2.059260e-01  3.925566e-02 -2.181616e-01
     vertex -2.209935e-01  1.279053e-02 -2.028839e-01
   endloop
 endfacet
 facet normal -9.979515e-01 -3.030390e-02  5.634337e-02
   outer loop
     vertex -2.999585e-01 -3.955386e-02 -4.990099e-03
     vertex -2.974868e-01 -3.962462e-02  3.875063e-02
     vertex -2.995164e-01 -1.317639e-02  1.702746e-02
   endloop
 endfacet
 facet normal -8.793421e-01 -3.072694e-02  4.751982e-01
   outer loop
     vertex -2.736821e-01 -3.976343e-02  1.228743e-01
     vertex -2.527497e-01 -3.976119e-02  1.616094e-01
     vertex -2.639672e-01 -1.345190e-02  1.425528e-01
   endloop
 endfacet
 facet normal -3.122495e-01 -2.941796e-02 -9.495446e-01
   outer loop
     vertex -7.300025e-02 -3.954657e-02 -2.909828e-01
     vertex -1.139788e-01 -3.963247e-02 -2.775047e-01
     vertex -9.412854e-02 -1.322027e-02 -2.848505e-01
   endloop
 endfacet
 facet normal  1.507750e-02  2.888248e-02  9.994691e-01
   outer loop
     vertex  2.589010e-02  3.952377e-02  2.988807e-01
     vertex -1.685555e-02  3.950578e-02  2.995261e-01
     vertex  4.955455e-03  1.313735e-02  2.999591e-01
   endloop
 endfacet
 facet normal -9.910472e-01  3.016546e-02  1.300599e-01
   outer loop
     vertex -2.938237e-01  3.938582e-02  6.056114e-02
     vertex -2.995035e-01  3.950871e-02  1.725279e-02
     vertex -2.974634e-01  1.307196e-02  3.893011e-02
   endloop
 endfacet
 facet normal -4.456152e-01 -2.981534e-02 -8.947279e-01
   outer loop
     vertex -1.139788e-01 -3.963247e-02 -2.775047e-01
     vertex -1.528377e-01 -3.971270e-02 -2.581485e-01
     vertex -1.340879e-01 -1.331982e-02 -2.683662e-01
   endloop
 endfacet
 facet normal -4.662135e-01 -3.048541e-02  8.841468e-01
   outer loop
     vertex -1.589741e-01 -3.973161e-02  2.544155e-01
     vertex -1.201581e-01 -3.966775e-02  2.748855e-01
     vertex -1.400612e-01 -1.335777e-02  2.652977e-01
   endloop
 endfacet
 facet normal -7.031582e-01 -3.112182e-02  7.103520e-01
   outer loop
     vertex -2.262401e-01 -3.974023e-02  1.970163e-01
     vertex -1.947019e-01 -3.974448e-02  2.282349e-01
     vertex -2.111228e-01 -1.335464e-02  2.131365e-01
   endloop
 endfacet
 facet normal  4.438919e-01  2.816466e-02 -8.956376e-01
   outer loop
     vertex  1.139550e-01  3.943970e-02 -2.775144e-01
     vertex  1.517708e-01  3.928571e-02 -2.587772e-01
     vertex  1.333785e-01  1.299253e-02 -2.687195e-01
   endloop
 endfacet
 facet normal  4.296950e-01  2.889011e-02  9.025118e-01
   outer loop
     vertex  1.479168e-01  3.956820e-02  2.609993e-01
     vertex  1.093296e-01  3.963153e-02  2.793690e-01
     vertex  1.294665e-01  1.325387e-02  2.706260e-01
   endloop
 endfacet
 facet normal  7.072518e-01 -2.250974e-02  7.066033e-01
   outer loop
     vertex  1.985644e-01 -4.004856e-02  2.248826e-01
     vertex  2.249997e-01 -3.977679e-02  1.984316e-01
     vertex  2.116247e-01 -1.406135e-02  2.126382e-01
   endloop
 endfacet
 facet normal -8.993667e-01  2.980055e-02 -4.361783e-01
   outer loop
     vertex -2.787102e-01  3.931189e-02 -1.109984e-01
     vertex -2.597469e-01  3.922549e-02 -1.501051e-01
     vertex -2.698332e-01  1.283757e-02 -1.311107e-01
   endloop
 endfacet
 facet normal -6.497525e-01  3.079572e-02  7.595218e-01
   outer loop
     vertex -1.777099e-01  3.937373e-02  2.417006e-01
     vertex -2.112700e-01  3.937838e-02  2.129906e-01
     vertex -1.949076e-01  1.296306e-02  2.280592e-01
   endloop
 endfacet
 facet normal  7.250065e-01 -2.358004e-02 -6.883383e-01
   outer loop
     vertex  2.308129e-01 -3.498622e-02 -1.916387e-01
     vertex  2.027159e-01 -3.746376e-02 -2.211476e-01
     vertex  2.147447e-01 -8.016505e-03 -2.094868e-01
   endloop
 endfacet
 facet normal  7.595803e-01  2.237101e-02 -6.500287e-01
   outer loop
     vertex  2.410351e-01 -3.540352e-03 -1.786115e-01
     vertex  2.308129e-01 -3.498622e-02 -1.916387e-01
     vertex  2.147447e-01 -8.016505e-03 -2.094868e-01
   endloop
 endfacet
 facet normal  6.654438e-01  2.361338e-02 -7.460743e-01
   outer loop
     vertex  2.027159e-01 -3.746376e-02 -2.211476e-01
     vertex  1.850888e-01 -1.307335e-02 -2.360977e-01
     vertex  2.147447e-01 -8.016505e-03 -2.094868e-01
   endloop
 endfacet
 facet normal -9.529692e-01  2.991904e-02 -3.015867e-01
   outer loop
     vertex -2.918383e-01  3.945585e-02 -6.950122e-02
     vertex -2.787102e-01  3.931189e-02 -1.109984e-01
     vertex -2.859662e-01  1.298072e-02 -9.068265e-02
   endloop
 endfacet
 facet normal  9.557922e-01 -9.355055e-03  2.938942e-01
   outer loop
     vertex  2.899860e-01 -1.466986e-06  7.686422e-02
     vertex  2.885171e-01  1.774707e-02  8.220642e-02
     vertex  2.830498e-01 -3.032509e-04  9.941222e-02
   endloop
 endfacet
 facet normal -2.482311e-01  2.910294e-02 -9.682636e-01
   outer loop
     vertex -9.508445e-02  3.945664e-02 -2.845329e-01
     vertex -5.351810e-02  3.950157e-02 -2.951878e-01
     vertex -7.398886e-02  1.311076e-02 -2.907330e-01
   endloop
 endfacet
 facet normal -4.031212e-01  2.978463e-02  9.146618e-01
   outer loop
     vertex -1.007904e-01  3.942035e-02  2.825620e-01
     vertex -1.405355e-01  3.936909e-02  2.650467e-01
     vertex -1.206784e-01  1.298800e-02  2.746575e-01
   endloop
 endfacet
 facet normal -9.994258e-01  3.022642e-02 -1.531259e-02
   outer loop
     vertex -2.995035e-01  3.950871e-02  1.725279e-02
     vertex -2.988331e-01  3.954209e-02 -2.643396e-02
     vertex -2.999626e-01  1.318850e-02 -4.734307e-03
   endloop
 endfacet
 facet normal  2.290995e-01 -2.922022e-02  9.729643e-01
   outer loop
     vertex  6.828174e-02  3.958128e-02  2.921260e-01
     vertex  4.764103e-02  1.317240e-02  2.961931e-01
     vertex  8.950003e-02  1.323225e-02  2.863385e-01
   endloop
 endfacet
 facet normal -6.489829e-01  3.108914e-02  7.601675e-01
   outer loop
     vertex -1.947019e-01 -3.974448e-02  2.282349e-01
     vertex -1.773976e-01 -1.337923e-02  2.419299e-01
     vertex -2.111228e-01 -1.335464e-02  2.131365e-01
   endloop
 endfacet
 facet normal  3.789039e-02  2.876081e-02 -9.988679e-01
   outer loop
     vertex  1.187351e-02 -3.949833e-02 -2.997649e-01
     vertex -9.981688e-03 -1.310047e-02 -2.998339e-01
     vertex  3.265677e-02 -1.312770e-02 -2.982173e-01
   endloop
 endfacet
 facet normal -5.104817e-01  2.995639e-02 -8.593666e-01
   outer loop
     vertex -1.528377e-01 -3.971270e-02 -2.581485e-01
     vertex -1.715039e-01 -1.339813e-02 -2.461431e-01
     vertex -1.340879e-01 -1.331982e-02 -2.683662e-01
   endloop
 endfacet
 facet normal -1.043667e-01  2.886449e-02 -9.941199e-01
   outer loop
     vertex -9.981688e-03 -1.310047e-02 -2.998339e-01
     vertex -3.081343e-02 -3.949811e-02 -2.984134e-01
     vertex -5.249000e-02 -1.313848e-02 -2.953723e-01
   endloop
 endfacet
 facet normal -3.347970e-01 -2.974491e-02  9.418207e-01
   outer loop
     vertex -7.980708e-02  1.310234e-02  2.891900e-01
     vertex -1.007904e-01  3.942035e-02  2.825620e-01
     vertex -1.206784e-01  1.298800e-02  2.746575e-01
   endloop
 endfacet
 facet normal -1.962831e-01 -2.912802e-02  9.801145e-01
   outer loop
     vertex -3.773279e-02  1.315687e-02  2.976176e-01
     vertex -5.929219e-02  3.948227e-02  2.940824e-01
     vertex -7.980708e-02  1.310234e-02  2.891900e-01
   endloop
 endfacet
 facet normal  8.945548e-01  5.011772e-03  4.469302e-01
   outer loop
     vertex  2.743447e-01  1.570284e-02  1.213877e-01
     vertex  2.754929e-01  4.519375e-02  1.187589e-01
     vertex  2.610425e-01  3.106780e-02  1.478405e-01
   endloop
 endfacet
 facet normal  5.536200e-01  2.645292e-02  8.323491e-01
   outer loop
     vertex  1.486363e-01 -1.319325e-02  2.605902e-01
     vertex  1.666796e-01 -3.981675e-02  2.494352e-01
     vertex  1.827714e-01 -1.351718e-02  2.378962e-01
   endloop
 endfacet
 facet normal  4.324693e-01  2.855248e-02  9.011964e-01
   outer loop
     vertex  1.303059e-01 -3.958493e-02  2.702228e-01
     vertex  1.486363e-01 -1.319325e-02  2.605902e-01
     vertex  1.102587e-01 -1.308715e-02  2.790036e-01
   endloop
 endfacet
 facet normal -5.475839e-02 -2.890602e-02  9.980811e-01
   outer loop
     vertex -1.685555e-02  3.950578e-02  2.995261e-01
     vertex -3.773279e-02  1.315687e-02  2.976176e-01
     vertex  4.955455e-03  1.313735e-02  2.999591e-01
   endloop
 endfacet
 facet normal  7.882562e-01 -2.120781e-02  6.149817e-01
   outer loop
     vertex  2.251988e-01  1.088968e-02  1.982057e-01
     vertex  2.488199e-01  1.247613e-03  1.675968e-01
     vertex  2.391599e-01  3.419631e-02  1.811148e-01
   endloop
 endfacet
 facet normal -3.153404e-01 -2.927737e-02 -9.485269e-01
   outer loop
     vertex -9.508445e-02  3.945664e-02 -2.845329e-01
     vertex -7.398886e-02  1.311076e-02 -2.907330e-01
     vertex -1.148401e-01  1.302945e-02 -2.771493e-01
   endloop
 endfacet
 facet normal  8.959238e-01  1.112404e-02  4.440684e-01
   outer loop
     vertex  2.648126e-01  1.447326e-03  1.409762e-01
     vertex  2.743447e-01  1.570284e-02  1.213877e-01
     vertex  2.610425e-01  3.106780e-02  1.478405e-01
   endloop
 endfacet
 facet normal -4.012286e-01  3.009448e-02  9.154834e-01
   outer loop
     vertex -1.201581e-01 -3.966775e-02  2.748855e-01
     vertex -1.001099e-01 -1.325778e-02  2.828038e-01
     vertex -1.400612e-01 -1.335777e-02  2.652977e-01
   endloop
 endfacet
 facet normal  6.079211e-01 -1.854017e-02 -7.937810e-01
   outer loop
     vertex  1.681775e-01  1.284730e-02 -2.484277e-01
     vertex  1.863551e-01  3.824426e-02 -2.350995e-01
     vertex  1.962243e-01  1.196591e-02 -2.269273e-01
   endloop
 endfacet
 facet normal -7.834180e-01 -2.989785e-02 -6.207756e-01
   outer loop
     vertex -2.480312e-01  1.277809e-02 -1.687618e-01
     vertex -2.353187e-01  3.921662e-02 -1.860783e-01
     vertex -2.209935e-01  1.279053e-02 -2.028839e-01
   endloop
 endfacet
 facet normal -8.794190e-01 -3.046878e-02  4.750724e-01
   outer loop
     vertex -2.639631e-01  3.928435e-02  1.425604e-01
     vertex -2.736816e-01  1.285859e-02  1.228754e-01
     vertex -2.528020e-01  1.287890e-02  1.615276e-01
   endloop
 endfacet
 facet normal  8.571561e-01  7.298366e-03  5.150050e-01
   outer loop
     vertex  2.626328e-01 -2.624387e-02  1.449966e-01
     vertex  2.648126e-01  1.447326e-03  1.409762e-01
     vertex  2.488199e-01  1.247613e-03  1.675968e-01
   endloop
 endfacet
 facet normal -8.650196e-01 -2.987787e-02 -5.008476e-01
   outer loop
     vertex -2.597469e-01  3.922549e-02 -1.501051e-01
     vertex -2.480312e-01  1.277809e-02 -1.687618e-01
     vertex -2.698332e-01  1.283757e-02 -1.311107e-01
   endloop
 endfacet
 facet normal  5.034847e-01 -2.562640e-02 -8.636240e-01
   outer loop
     vertex  1.517708e-01  3.928571e-02 -2.587772e-01
     vertex  1.681775e-01  1.284730e-02 -2.484277e-01
     vertex  1.333785e-01  1.299253e-02 -2.687195e-01
   endloop
 endfacet
 facet normal -7.036637e-01 -3.092801e-02  7.098597e-01
   outer loop
     vertex -1.949076e-01  1.296306e-02  2.280592e-01
     vertex -2.112700e-01  3.937838e-02  2.129906e-01
     vertex -2.263458e-01  1.294841e-02  1.968948e-01
   endloop
 endfacet
 facet normal  3.657409e-01 -2.913037e-02  9.302607e-01
   outer loop
     vertex  1.294665e-01  1.325387e-02  2.706260e-01
     vertex  1.093296e-01  3.963153e-02  2.793690e-01
     vertex  8.950003e-02  1.323225e-02  2.863385e-01
   endloop
 endfacet
 facet normal -9.979139e-01 -3.023977e-02  5.703844e-02
   outer loop
     vertex -2.974634e-01  1.307196e-02  3.893011e-02
     vertex -2.995035e-01  3.950871e-02  1.725279e-02
     vertex -2.999626e-01  1.318850e-02 -4.734307e-03
   endloop
 endfacet
 facet normal -3.812481e-01  2.954282e-02 -9.240006e-01
   outer loop
     vertex -9.412854e-02 -1.322027e-02 -2.848505e-01
     vertex -1.139788e-01 -3.963247e-02 -2.775047e-01
     vertex -1.340879e-01 -1.331982e-02 -2.683662e-01
   endloop
 endfacet
 facet normal -8.422013e-01  3.080275e-02  5.382826e-01
   outer loop
     vertex -2.639672e-01 -1.345190e-02  1.425528e-01
     vertex -2.527497e-01 -3.976119e-02  1.616094e-01
     vertex -2.402146e-01 -1.340212e-02  1.797135e-01
   endloop
 endfacet
 facet normal -9.911216e-01  3.027837e-02  1.294649e-01
   outer loop
     vertex -2.995164e-01 -1.317639e-02  1.702746e-02
     vertex -2.974868e-01 -3.962462e-02  3.875063e-02
     vertex -2.938524e-01 -1.331892e-02  6.042160e-02
   endloop
 endfacet
 facet normal  8.571922e-01 -1.021925e-02  5.148953e-01
   outer loop
     vertex  2.648126e-01  1.447326e-03  1.409762e-01
     vertex  2.610425e-01  3.106780e-02  1.478405e-01
     vertex  2.488199e-01  1.247613e-03  1.675968e-01
   endloop
 endfacet
 facet normal -6.852396e-01 -2.995482e-02 -7.277014e-01
   outer loop
     vertex -2.209935e-01  1.279053e-02 -2.028839e-01
     vertex -2.059260e-01  3.925566e-02 -2.181616e-01
     vertex -1.892705e-01  1.286361e-02 -2.327588e-01
   endloop
 endfacet
 facet normal -4.483090e-01 -2.967637e-02 -8.933859e-01
   outer loop
     vertex -1.349334e-01  3.939424e-02 -2.679421e-01
     vertex -1.148401e-01  1.302945e-02 -2.771493e-01
     vertex -1.535888e-01  1.295168e-02 -2.577023e-01
   endloop
 endfacet
 facet normal  1.605225e-01  2.915664e-02  9.866014e-01
   outer loop
     vertex  4.863687e-02 -3.949745e-02  2.960312e-01
     vertex  6.925650e-02 -1.310865e-02  2.918965e-01
     vertex  2.686010e-02 -1.313200e-02  2.987951e-01
   endloop
 endfacet
 facet normal -6.295741e-01  3.009952e-02 -7.763572e-01
   outer loop
     vertex -1.715039e-01 -1.339813e-02 -2.461431e-01
     vertex -1.886245e-01 -3.979095e-02 -2.332827e-01
     vertex -2.053803e-01 -1.349709e-02 -2.186754e-01
   endloop
 endfacet
 facet normal -8.003433e-01 -3.079789e-02  5.987504e-01
   outer loop
     vertex -2.263458e-01  1.294841e-02  1.968948e-01
     vertex -2.402695e-01  3.932860e-02  1.796401e-01
     vertex -2.528020e-01  1.287890e-02  1.615276e-01
   endloop
 endfacet
 facet normal -5.726365e-01 -2.991384e-02 -8.192634e-01
   outer loop
     vertex -1.892705e-01  1.286361e-02 -2.327588e-01
     vertex -1.721925e-01  3.932221e-02 -2.456618e-01
     vertex -1.535888e-01  1.295168e-02 -2.577023e-01
   endloop
 endfacet
 facet normal -3.514109e-02 -2.881795e-02 -9.989668e-01
   outer loop
     vertex -1.105797e-02  3.953269e-02 -2.997961e-01
     vertex  1.080378e-02  1.319538e-02 -2.998054e-01
     vertex -3.185406e-02  1.316986e-02 -2.983041e-01
   endloop
 endfacet
 facet normal -1.767420e-01 -2.897729e-02 -9.838306e-01
   outer loop
     vertex -7.398886e-02  1.311076e-02 -2.907330e-01
     vertex -5.351810e-02  3.950157e-02 -2.951878e-01
     vertex -3.185406e-02  1.316986e-02 -2.983041e-01
   endloop
 endfacet
 facet normal -7.539467e-01  3.106043e-02  6.562009e-01
   outer loop
     vertex -2.402146e-01 -1.340212e-02  1.797135e-01
     vertex -2.262401e-01 -3.974023e-02  1.970163e-01
     vertex -2.111228e-01 -1.335464e-02  2.131365e-01
   endloop
 endfacet
 facet normal  8.983024e-01 -1.834771e-02 -4.389945e-01
   outer loop
     vertex  2.769382e-01 -7.848293e-02 -1.153482e-01
     vertex  2.627208e-01 -6.900519e-02 -1.448370e-01
     vertex  2.723339e-01 -5.301922e-02 -1.258342e-01
   endloop
 endfacet
 facet normal -9.393074e-01 -3.026526e-02  3.417391e-01
   outer loop
     vertex -2.736816e-01  1.285859e-02  1.228754e-01
     vertex -2.819144e-01  3.929348e-02  1.025879e-01
     vertex -2.886499e-01  1.291876e-02  8.173871e-02
   endloop
 endfacet
 facet normal -9.118512e-01  3.049717e-02  4.093866e-01
   outer loop
     vertex -2.819361e-01 -1.343281e-02  1.025283e-01
     vertex -2.736821e-01 -3.976343e-02  1.228743e-01
     vertex -2.639672e-01 -1.345190e-02  1.425528e-01
   endloop
 endfacet
endsolid cylinder
